ISO-10303-21;
HEADER;
/* Generated by software containing ST-Developer
 * from STEP Tools, Inc. (www.steptools.com) 
 */
/* OPTION: using custom renumber hook */

FILE_DESCRIPTION(
/* description */ ('STEP AP242 Edition 2',
'CAx-IF Rec.Pracs.---Representation and Presentation of Product Manufa
cturing Information (PMI)---4.0---2014-10-13',
'CAx-IF Rec.Pracs.---3D Tessellated Geometry---0.4---2014-09-14','2;1',
'CAx-IF Rec.Pracs.---User Defined Attributes---1.5---2016-08-15'),
/* implementation_level */ '2;1');

FILE_NAME(
/* name */ '6961f43646b9ae42405cfdd3',
/* time_stamp */ '2026-01-10T06:39:51Z',
/* author */ (''),
/* organization */ (''),
/* preprocessor_version */ 'ST-DEVELOPER v20',
/* originating_system */ 'ONSHAPE BY PTC INC, 1.209',
/* authorisation */ '  ');

FILE_SCHEMA (('AP242_MANAGED_MODEL_BASED_3D_ENGINEERING_MIM_LF { 1 0 10303 442 3 1 4 }'));
ENDSEC;

DATA;
#10=SHAPE_REPRESENTATION_RELATIONSHIP('','',#4392,#11);
#11=ADVANCED_BREP_SHAPE_REPRESENTATION('',(#4390),#7578);
#12=B_SPLINE_SURFACE_WITH_KNOTS('',3,3,((#6612,#6613,#6614,#6615),(#6616,
#6617,#6618,#6619),(#6620,#6621,#6622,#6623),(#6624,#6625,#6626,#6627)),
 .RULED_SURF.,.F.,.F.,.F.,(4,4),(4,4),(5.91972241945981,7.7841488702049),
(0.302050140629792,0.348502657126954),.PIECEWISE_BEZIER_KNOTS.);
#13=B_SPLINE_SURFACE_WITH_KNOTS('',3,3,((#6659,#6660,#6661,#6662),(#6663,
#6664,#6665,#6666),(#6667,#6668,#6669,#6670),(#6671,#6672,#6673,#6674)),
 .RULED_SURF.,.F.,.F.,.F.,(4,4),(4,4),(18.2158511297947,20.0802786116923),
(0.302050140629791,0.348502657113935),.PIECEWISE_BEZIER_KNOTS.);
#14=B_SPLINE_SURFACE_WITH_KNOTS('',3,3,((#6883,#6884,#6885,#6886),(#6887,
#6888,#6889,#6890),(#6891,#6892,#6893,#6894),(#6895,#6896,#6897,#6898),
(#6899,#6900,#6901,#6902),(#6903,#6904,#6905,#6906),(#6907,#6908,#6909,
#6910),(#6911,#6912,#6913,#6914),(#6915,#6916,#6917,#6918),(#6919,#6920,
#6921,#6922),(#6923,#6924,#6925,#6926),(#6927,#6928,#6929,#6930),(#6931,
#6932,#6933,#6934),(#6935,#6936,#6937,#6938),(#6939,#6940,#6941,#6942),
(#6943,#6944,#6945,#6946),(#6947,#6948,#6949,#6950),(#6951,#6952,#6953,
#6954)),.RULED_SURF.,.F.,.F.,.F.,(4,2,2,2,2,2,2,2,4),(4,4),(0.,3.,6.,9.,
12.,15.,18.,21.,24.),(0.,1.),.UNSPECIFIED.);
#15=B_SPLINE_SURFACE_WITH_KNOTS('',3,3,((#7013,#7014,#7015,#7016),(#7017,
#7018,#7019,#7020),(#7021,#7022,#7023,#7024),(#7025,#7026,#7027,#7028),
(#7029,#7030,#7031,#7032),(#7033,#7034,#7035,#7036),(#7037,#7038,#7039,
#7040),(#7041,#7042,#7043,#7044),(#7045,#7046,#7047,#7048),(#7049,#7050,
#7051,#7052),(#7053,#7054,#7055,#7056),(#7057,#7058,#7059,#7060),(#7061,
#7062,#7063,#7064),(#7065,#7066,#7067,#7068),(#7069,#7070,#7071,#7072),
(#7073,#7074,#7075,#7076),(#7077,#7078,#7079,#7080),(#7081,#7082,#7083,
#7084)),.RULED_SURF.,.F.,.F.,.F.,(4,2,2,2,2,2,2,2,4),(4,4),(0.,3.,6.,9.,
12.,15.,18.,21.,24.),(0.,1.),.UNSPECIFIED.);
#16=B_SPLINE_SURFACE_WITH_KNOTS('',3,3,((#7090,#7091,#7092,#7093,#7094,
#7095,#7096),(#7097,#7098,#7099,#7100,#7101,#7102,#7103),(#7104,#7105,#7106,
#7107,#7108,#7109,#7110),(#7111,#7112,#7113,#7114,#7115,#7116,#7117),(#7118,
#7119,#7120,#7121,#7122,#7123,#7124),(#7125,#7126,#7127,#7128,#7129,#7130,
#7131),(#7132,#7133,#7134,#7135,#7136,#7137,#7138),(#7139,#7140,#7141,#7142,
#7143,#7144,#7145),(#7146,#7147,#7148,#7149,#7150,#7151,#7152),(#7153,#7154,
#7155,#7156,#7157,#7158,#7159),(#7160,#7161,#7162,#7163,#7164,#7165,#7166),
(#7167,#7168,#7169,#7170,#7171,#7172,#7173),(#7174,#7175,#7176,#7177,#7178,
#7179,#7180),(#7181,#7182,#7183,#7184,#7185,#7186,#7187),(#7188,#7189,#7190,
#7191,#7192,#7193,#7194),(#7195,#7196,#7197,#7198,#7199,#7200,#7201),(#7202,
#7203,#7204,#7205,#7206,#7207,#7208),(#7209,#7210,#7211,#7212,#7213,#7214,
#7215)),.RULED_SURF.,.F.,.F.,.F.,(4,2,2,2,2,2,2,2,4),(4,3,4),(0.,3.25,6.5,
9.75,13.,16.25,19.5,22.75,26.),(-0.00600376780467516,0.,1.),
 .UNSPECIFIED.);
#17=B_SPLINE_SURFACE_WITH_KNOTS('',3,3,((#7283,#7284,#7285,#7286),(#7287,
#7288,#7289,#7290),(#7291,#7292,#7293,#7294),(#7295,#7296,#7297,#7298),
(#7299,#7300,#7301,#7302),(#7303,#7304,#7305,#7306),(#7307,#7308,#7309,
#7310),(#7311,#7312,#7313,#7314),(#7315,#7316,#7317,#7318),(#7319,#7320,
#7321,#7322),(#7323,#7324,#7325,#7326),(#7327,#7328,#7329,#7330),(#7331,
#7332,#7333,#7334),(#7335,#7336,#7337,#7338),(#7339,#7340,#7341,#7342),
(#7343,#7344,#7345,#7346),(#7347,#7348,#7349,#7350),(#7351,#7352,#7353,
#7354)),.RULED_SURF.,.F.,.F.,.F.,(4,2,2,2,2,2,2,2,4),(4,4),(0.,3.25,6.5,
9.75,13.,16.25,19.5,22.75,26.),(0.,1.),.UNSPECIFIED.);
#18=ELLIPSE('',#4416,0.0110308657865101,0.0078);
#19=ELLIPSE('',#4417,0.0110308657865101,0.0078);
#20=ELLIPSE('',#4419,0.0110308657865101,0.0078);
#21=ELLIPSE('',#4421,0.0110308657865101,0.0078);
#22=ELLIPSE('',#4460,0.00592579166409275,0.005);
#23=ELLIPSE('',#4467,0.00592579166409275,0.005);
#24=B_SPLINE_CURVE_WITH_KNOTS('',3,(#5953,#5954,#5955,#5956,#5957,#5958,
#5959,#5960,#5961,#5962,#5963,#5964,#5965,#5966,#5967,#5968),
 .UNSPECIFIED.,.T.,.F.,(1,1,1,1,1,1,1,1,1,1,1,1,1,1,1,1,1,1,1,1),(-0.00385654061256311,
-0.00257102707504208,-0.00128551353752104,0.,0.00128551353752104,0.00257102707504208,
0.00514205415008415,0.00642756768760519,0.00771308122512623,0.0102841083001683,
0.0115696218376893,0.0128551353752104,0.0154261624502525,0.0167116759877735,
0.0179971895252945,0.0192827030628156,0.0205682166003366,0.0218537301378576,
0.0231392436753787,0.0257102707504208),.UNSPECIFIED.);
#25=B_SPLINE_CURVE_WITH_KNOTS('',3,(#5970,#5971,#5972,#5973,#5974,#5975,
#5976,#5977,#5978,#5979,#5980,#5981,#5982,#5983,#5984,#5985),
 .UNSPECIFIED.,.T.,.F.,(1,1,1,1,1,1,1,1,1,1,1,1,1,1,1,1,1,1,1,1),(-0.00385654061256314,
-0.00257102707504209,-0.00128551353752104,0.,0.00128551353752105,0.00257102707504209,
0.00514205415008418,0.00642756768760523,0.00771308122512627,0.0102841083001684,
0.0115696218376894,0.0128551353752105,0.0154261624502525,0.0167116759877736,
0.0179971895252946,0.0192827030628157,0.0205682166003367,0.0218537301378578,
0.0231392436753788,0.0257102707504209),.UNSPECIFIED.);
#26=B_SPLINE_CURVE_WITH_KNOTS('',3,(#5990,#5991,#5992,#5993,#5994,#5995,
#5996,#5997,#5998,#5999,#6000,#6001,#6002,#6003,#6004,#6005),
 .UNSPECIFIED.,.T.,.F.,(1,1,1,1,1,1,1,1,1,1,1,1,1,1,1,1,1,1,1,1),(-0.00385654061256314,
-0.00257102707504209,-0.00128551353752105,0.,0.00128551353752105,0.00257102707504209,
0.00514205415008419,0.00642756768760524,0.00771308122512628,0.0102841083001684,
0.0115696218376894,0.0128551353752105,0.0154261624502526,0.0167116759877736,
0.0179971895252947,0.0192827030628157,0.0205682166003368,0.0218537301378578,
0.0231392436753789,0.0257102707504209),.UNSPECIFIED.);
#27=B_SPLINE_CURVE_WITH_KNOTS('',3,(#6007,#6008,#6009,#6010,#6011,#6012,
#6013,#6014,#6015,#6016,#6017,#6018,#6019,#6020,#6021,#6022),
 .UNSPECIFIED.,.T.,.F.,(1,1,1,1,1,1,1,1,1,1,1,1,1,1,1,1,1,1,1,1),(-0.00385654061256314,
-0.0025710270750421,-0.00128551353752105,0.,0.00128551353752105,0.0025710270750421,
0.0051420541500842,0.00642756768760524,0.00771308122512629,0.0102841083001684,
0.0115696218376894,0.0128551353752105,0.0154261624502526,0.0167116759877736,
0.0179971895252947,0.0192827030628157,0.0205682166003368,0.0218537301378578,
0.0231392436753789,0.025710270750421),.UNSPECIFIED.);
#28=B_SPLINE_CURVE_WITH_KNOTS('',3,(#6628,#6629,#6630,#6631),
 .UNSPECIFIED.,.F.,.F.,(4,4),(0.,0.00169277270390217),.UNSPECIFIED.);
#29=B_SPLINE_CURVE_WITH_KNOTS('',6,(#6634,#6635,#6636,#6637,#6638,#6639,
#6640),.UNSPECIFIED.,.F.,.F.,(7,7),(0.,1.),.UNSPECIFIED.);
#30=B_SPLINE_CURVE_WITH_KNOTS('',3,(#6642,#6643,#6644,#6645),
 .UNSPECIFIED.,.F.,.F.,(4,4),(0.,0.00278785642046103),.UNSPECIFIED.);
#31=B_SPLINE_CURVE_WITH_KNOTS('',3,(#6651,#6652,#6653,#6654),
 .UNSPECIFIED.,.F.,.F.,(4,4),(0.,0.00278731634738342),.UNSPECIFIED.);
#32=B_SPLINE_CURVE_WITH_KNOTS('',3,(#6675,#6676,#6677,#6678),
 .UNSPECIFIED.,.F.,.F.,(4,4),(0.,0.00169277257427972),.UNSPECIFIED.);
#33=B_SPLINE_CURVE_WITH_KNOTS('',6,(#6680,#6681,#6682,#6683,#6684,#6685,
#6686),.UNSPECIFIED.,.F.,.F.,(7,7),(0.,1.),.UNSPECIFIED.);
#34=B_SPLINE_CURVE_WITH_KNOTS('',3,(#6755,#6756,#6757,#6758),
 .UNSPECIFIED.,.F.,.F.,(4,4),(3.12699514402634E-15,0.0130153330500507),
 .UNSPECIFIED.);
#35=B_SPLINE_CURVE_WITH_KNOTS('',3,(#6767,#6768,#6769,#6770,#6771,#6772,
#6773),.UNSPECIFIED.,.F.,.F.,(4,1,1,1,4),(0.,0.25,0.5,0.75,1.),
 .UNSPECIFIED.);
#36=B_SPLINE_CURVE_WITH_KNOTS('',3,(#6775,#6776,#6777,#6778),
 .UNSPECIFIED.,.F.,.F.,(4,4),(0.,0.999992044823221),.UNSPECIFIED.);
#37=B_SPLINE_CURVE_WITH_KNOTS('',3,(#6792,#6793,#6794,#6795),
 .UNSPECIFIED.,.F.,.F.,(4,4),(0.,0.00553513929469441),.UNSPECIFIED.);
#38=B_SPLINE_CURVE_WITH_KNOTS('',3,(#6801,#6802,#6803,#6804,#6805,#6806,
#6807,#6808,#6809,#6810,#6811),.UNSPECIFIED.,.F.,.F.,(4,1,1,1,1,1,1,1,4),
(3.42647307761022E-9,0.00314436405529695,0.00628872468412082,0.00943308531294469,
0.0125774459417686,0.0157218065705924,0.0188661671994163,0.0220105278282402,
0.025154888457064),.UNSPECIFIED.);
#39=B_SPLINE_CURVE_WITH_KNOTS('',3,(#6817,#6818,#6819,#6820),
 .UNSPECIFIED.,.F.,.F.,(4,4),(0.,0.00553513959622714),.UNSPECIFIED.);
#40=B_SPLINE_CURVE_WITH_KNOTS('',3,(#6828,#6829,#6830,#6831,#6832,#6833,
#6834),.UNSPECIFIED.,.F.,.F.,(4,3,4),(-0.000132113703244247,0.,0.0132113703244247),
 .PIECEWISE_BEZIER_KNOTS.);
#41=B_SPLINE_CURVE_WITH_KNOTS('',3,(#6836,#6837,#6838,#6839),
 .UNSPECIFIED.,.F.,.F.,(4,4),(7.95517653771795E-6,1.),.UNSPECIFIED.);
#42=B_SPLINE_CURVE_WITH_KNOTS('',3,(#6841,#6842,#6843,#6844,#6845,#6846,
#6847),.UNSPECIFIED.,.F.,.F.,(4,1,1,1,4),(0.,0.25,0.5,0.75,1.),
 .UNSPECIFIED.);
#43=B_SPLINE_CURVE_WITH_KNOTS('',3,(#6856,#6857,#6858,#6859,#6860,#6861,
#6862,#6863,#6864,#6865,#6866,#6867),.UNSPECIFIED.,.F.,.F.,(4,1,1,1,1,1,
1,1,1,4),(5.15764279429945E-12,0.00226987989681383,0.00453975978847003,
0.00907951957178241,0.0136192793550948,0.0181590391384072,0.0226987989217196,
0.0272385587050319,0.0317783184883443,0.0363180782716567),.UNSPECIFIED.);
#44=B_SPLINE_CURVE_WITH_KNOTS('',3,(#6872,#6873,#6874,#6875),
 .UNSPECIFIED.,.F.,.F.,(4,4),(3.46944695195361E-18,0.0130153330499538),
 .UNSPECIFIED.);
#45=B_SPLINE_CURVE_WITH_KNOTS('',3,(#6996,#6997,#6998,#6999,#7000,#7001,
#7002),.UNSPECIFIED.,.F.,.F.,(4,3,4),(1.22887838717478E-11,0.0132113703244247,
0.0133434840275461),.PIECEWISE_BEZIER_KNOTS.);
#46=CYLINDRICAL_SURFACE('',#4403,0.0025);
#47=CYLINDRICAL_SURFACE('',#4405,0.0035);
#48=CYLINDRICAL_SURFACE('',#4407,0.002);
#49=CYLINDRICAL_SURFACE('',#4410,0.0078);
#50=CYLINDRICAL_SURFACE('',#4415,0.0078);
#51=CYLINDRICAL_SURFACE('',#4428,0.00325);
#52=CYLINDRICAL_SURFACE('',#4476,0.002);
#53=CYLINDRICAL_SURFACE('',#4478,0.0135);
#54=CYLINDRICAL_SURFACE('',#4480,0.002);
#55=CYLINDRICAL_SURFACE('',#4495,0.002);
#56=CYLINDRICAL_SURFACE('',#4497,0.0135);
#57=CYLINDRICAL_SURFACE('',#4499,0.002);
#58=CYLINDRICAL_SURFACE('',#4516,0.00325);
#59=CYLINDRICAL_SURFACE('',#4518,0.00325);
#60=CYLINDRICAL_SURFACE('',#4520,0.00325);
#61=CYLINDRICAL_SURFACE('',#4525,0.00325);
#62=CYLINDRICAL_SURFACE('',#4542,0.00145);
#63=CYLINDRICAL_SURFACE('',#4544,0.00145);
#64=CYLINDRICAL_SURFACE('',#4546,0.00075);
#65=CYLINDRICAL_SURFACE('',#4548,0.00075);
#66=CYLINDRICAL_SURFACE('',#4557,0.006);
#67=CYLINDRICAL_SURFACE('',#4561,0.008);
#68=CYLINDRICAL_SURFACE('',#4563,0.00145);
#69=CYLINDRICAL_SURFACE('',#4565,0.00145);
#70=CYLINDRICAL_SURFACE('',#4571,0.00075);
#71=CYLINDRICAL_SURFACE('',#4573,0.00075);
#72=CYLINDRICAL_SURFACE('',#4576,0.019);
#73=CYLINDRICAL_SURFACE('',#4581,0.008);
#74=CYLINDRICAL_SURFACE('',#4585,0.019);
#75=CYLINDRICAL_SURFACE('',#4588,0.0115);
#76=CYLINDRICAL_SURFACE('',#4593,0.00175);
#77=CYLINDRICAL_SURFACE('',#4598,0.00175);
#78=CYLINDRICAL_SURFACE('',#4664,0.00175);
#79=CYLINDRICAL_SURFACE('',#4671,0.00175);
#80=CYLINDRICAL_SURFACE('',#4672,0.00175);
#81=CYLINDRICAL_SURFACE('',#4695,0.005);
#82=CYLINDRICAL_SURFACE('',#4696,0.005);
#83=CIRCLE('',#4395,0.0025);
#84=CIRCLE('',#4396,0.00175);
#85=CIRCLE('',#4397,0.00175);
#86=CIRCLE('',#4398,0.00325);
#87=CIRCLE('',#4401,0.0078);
#88=CIRCLE('',#4402,0.0035);
#89=CIRCLE('',#4404,0.0025);
#90=CIRCLE('',#4406,0.0035);
#91=CIRCLE('',#4408,0.002);
#92=CIRCLE('',#4409,0.002);
#93=CIRCLE('',#4411,0.0078);
#94=CIRCLE('',#4412,0.0078);
#95=CIRCLE('',#4413,0.0078);
#96=CIRCLE('',#4414,0.0078);
#97=CIRCLE('',#4418,0.0078);
#98=CIRCLE('',#4420,0.0078);
#99=CIRCLE('',#4422,0.0078);
#100=CIRCLE('',#4423,0.0078);
#101=CIRCLE('',#4429,0.00325);
#102=CIRCLE('',#4430,0.00325);
#103=CIRCLE('',#4431,0.00325);
#104=CIRCLE('',#4432,0.00325);
#105=CIRCLE('',#4433,0.00325);
#106=CIRCLE('',#4473,0.0135);
#107=CIRCLE('',#4474,0.002);
#108=CIRCLE('',#4475,0.002);
#109=CIRCLE('',#4477,0.002);
#110=CIRCLE('',#4479,0.0135);
#111=CIRCLE('',#4481,0.002);
#112=CIRCLE('',#4487,0.005);
#113=CIRCLE('',#4492,0.0135);
#114=CIRCLE('',#4493,0.002);
#115=CIRCLE('',#4494,0.002);
#116=CIRCLE('',#4496,0.002);
#117=CIRCLE('',#4498,0.0135);
#118=CIRCLE('',#4500,0.002);
#119=CIRCLE('',#4503,0.005);
#120=CIRCLE('',#4517,0.00325);
#121=CIRCLE('',#4519,0.00325);
#122=CIRCLE('',#4521,0.00325);
#123=CIRCLE('',#4522,0.00325);
#124=CIRCLE('',#4523,0.00325);
#125=CIRCLE('',#4524,0.00325);
#126=CIRCLE('',#4526,0.00325);
#127=CIRCLE('',#4527,0.00325);
#128=CIRCLE('',#4528,0.00325);
#129=CIRCLE('',#4529,0.00325);
#130=CIRCLE('',#4531,0.00145);
#131=CIRCLE('',#4533,0.00145);
#132=CIRCLE('',#4535,0.00075);
#133=CIRCLE('',#4537,0.00075);
#134=CIRCLE('',#4539,0.00145);
#135=CIRCLE('',#4541,0.00145);
#136=CIRCLE('',#4543,0.00145);
#137=CIRCLE('',#4545,0.00145);
#138=CIRCLE('',#4547,0.00075);
#139=CIRCLE('',#4549,0.00075);
#140=CIRCLE('',#4551,0.00075);
#141=CIRCLE('',#4553,0.00075);
#142=CIRCLE('',#4555,0.006);
#143=CIRCLE('',#4556,0.008);
#144=CIRCLE('',#4558,0.006);
#145=CIRCLE('',#4560,0.008);
#146=CIRCLE('',#4562,0.008);
#147=CIRCLE('',#4564,0.00145);
#148=CIRCLE('',#4566,0.00145);
#149=CIRCLE('',#4572,0.00075);
#150=CIRCLE('',#4574,0.00075);
#151=CIRCLE('',#4577,0.0189974286688425);
#152=CIRCLE('',#4578,0.019);
#153=CIRCLE('',#4580,0.00175);
#154=CIRCLE('',#4583,0.00175);
#155=CIRCLE('',#4586,0.018997428669216);
#156=CIRCLE('',#4587,0.019);
#157=CIRCLE('',#4589,0.0115);
#158=CIRCLE('',#4594,0.00175);
#159=CIRCLE('',#4595,0.00175);
#160=CIRCLE('',#4596,0.00175);
#161=CIRCLE('',#4597,0.00175);
#162=CIRCLE('',#4599,0.00175);
#163=CIRCLE('',#4600,0.00175);
#164=CIRCLE('',#4601,0.00175);
#165=CIRCLE('',#4602,0.00175);
#166=CIRCLE('',#4663,0.00175);
#167=CIRCLE('',#4665,0.00175);
#168=CIRCLE('',#4668,0.00175);
#169=CIRCLE('',#4670,0.00175);
#170=ORIENTED_EDGE('',*,*,#1384,.F.);
#171=ORIENTED_EDGE('',*,*,#1385,.F.);
#172=ORIENTED_EDGE('',*,*,#1386,.T.);
#173=ORIENTED_EDGE('',*,*,#1387,.F.);
#174=ORIENTED_EDGE('',*,*,#1388,.T.);
#175=ORIENTED_EDGE('',*,*,#1389,.T.);
#176=ORIENTED_EDGE('',*,*,#1390,.F.);
#177=ORIENTED_EDGE('',*,*,#1391,.T.);
#178=ORIENTED_EDGE('',*,*,#1392,.T.);
#179=ORIENTED_EDGE('',*,*,#1393,.F.);
#180=ORIENTED_EDGE('',*,*,#1394,.F.);
#181=ORIENTED_EDGE('',*,*,#1395,.T.);
#182=ORIENTED_EDGE('',*,*,#1396,.F.);
#183=ORIENTED_EDGE('',*,*,#1397,.T.);
#184=ORIENTED_EDGE('',*,*,#1398,.T.);
#185=ORIENTED_EDGE('',*,*,#1399,.F.);
#186=ORIENTED_EDGE('',*,*,#1400,.F.);
#187=ORIENTED_EDGE('',*,*,#1401,.T.);
#188=ORIENTED_EDGE('',*,*,#1402,.T.);
#189=ORIENTED_EDGE('',*,*,#1403,.T.);
#190=ORIENTED_EDGE('',*,*,#1404,.F.);
#191=ORIENTED_EDGE('',*,*,#1405,.F.);
#192=ORIENTED_EDGE('',*,*,#1406,.T.);
#193=ORIENTED_EDGE('',*,*,#1407,.T.);
#194=ORIENTED_EDGE('',*,*,#1408,.F.);
#195=ORIENTED_EDGE('',*,*,#1409,.F.);
#196=ORIENTED_EDGE('',*,*,#1401,.F.);
#197=ORIENTED_EDGE('',*,*,#1410,.T.);
#198=ORIENTED_EDGE('',*,*,#1411,.F.);
#199=ORIENTED_EDGE('',*,*,#1412,.F.);
#200=ORIENTED_EDGE('',*,*,#1413,.F.);
#201=ORIENTED_EDGE('',*,*,#1414,.T.);
#202=ORIENTED_EDGE('',*,*,#1415,.T.);
#203=ORIENTED_EDGE('',*,*,#1416,.T.);
#204=ORIENTED_EDGE('',*,*,#1417,.T.);
#205=ORIENTED_EDGE('',*,*,#1418,.T.);
#206=ORIENTED_EDGE('',*,*,#1419,.F.);
#207=ORIENTED_EDGE('',*,*,#1420,.T.);
#208=ORIENTED_EDGE('',*,*,#1421,.T.);
#209=ORIENTED_EDGE('',*,*,#1422,.F.);
#210=ORIENTED_EDGE('',*,*,#1423,.F.);
#211=ORIENTED_EDGE('',*,*,#1424,.T.);
#212=ORIENTED_EDGE('',*,*,#1425,.F.);
#213=ORIENTED_EDGE('',*,*,#1426,.F.);
#214=ORIENTED_EDGE('',*,*,#1427,.T.);
#215=ORIENTED_EDGE('',*,*,#1428,.T.);
#216=ORIENTED_EDGE('',*,*,#1429,.F.);
#217=ORIENTED_EDGE('',*,*,#1430,.F.);
#218=ORIENTED_EDGE('',*,*,#1431,.F.);
#219=ORIENTED_EDGE('',*,*,#1432,.T.);
#220=ORIENTED_EDGE('',*,*,#1433,.F.);
#221=ORIENTED_EDGE('',*,*,#1434,.F.);
#222=ORIENTED_EDGE('',*,*,#1435,.F.);
#223=ORIENTED_EDGE('',*,*,#1385,.T.);
#224=ORIENTED_EDGE('',*,*,#1436,.F.);
#225=ORIENTED_EDGE('',*,*,#1437,.F.);
#226=ORIENTED_EDGE('',*,*,#1438,.F.);
#227=ORIENTED_EDGE('',*,*,#1431,.T.);
#228=ORIENTED_EDGE('',*,*,#1439,.F.);
#229=ORIENTED_EDGE('',*,*,#1440,.T.);
#230=ORIENTED_EDGE('',*,*,#1441,.F.);
#231=ORIENTED_EDGE('',*,*,#1442,.T.);
#232=ORIENTED_EDGE('',*,*,#1443,.T.);
#233=ORIENTED_EDGE('',*,*,#1444,.F.);
#234=ORIENTED_EDGE('',*,*,#1445,.F.);
#235=ORIENTED_EDGE('',*,*,#1446,.T.);
#236=ORIENTED_EDGE('',*,*,#1447,.F.);
#237=ORIENTED_EDGE('',*,*,#1448,.F.);
#238=ORIENTED_EDGE('',*,*,#1419,.T.);
#239=ORIENTED_EDGE('',*,*,#1449,.T.);
#240=ORIENTED_EDGE('',*,*,#1450,.F.);
#241=ORIENTED_EDGE('',*,*,#1451,.F.);
#242=ORIENTED_EDGE('',*,*,#1452,.F.);
#243=ORIENTED_EDGE('',*,*,#1453,.T.);
#244=ORIENTED_EDGE('',*,*,#1454,.F.);
#245=ORIENTED_EDGE('',*,*,#1455,.T.);
#246=ORIENTED_EDGE('',*,*,#1456,.F.);
#247=ORIENTED_EDGE('',*,*,#1457,.T.);
#248=ORIENTED_EDGE('',*,*,#1458,.F.);
#249=ORIENTED_EDGE('',*,*,#1459,.F.);
#250=ORIENTED_EDGE('',*,*,#1460,.F.);
#251=ORIENTED_EDGE('',*,*,#1461,.T.);
#252=ORIENTED_EDGE('',*,*,#1462,.T.);
#253=ORIENTED_EDGE('',*,*,#1463,.T.);
#254=ORIENTED_EDGE('',*,*,#1464,.T.);
#255=ORIENTED_EDGE('',*,*,#1415,.F.);
#256=ORIENTED_EDGE('',*,*,#1465,.T.);
#257=ORIENTED_EDGE('',*,*,#1466,.T.);
#258=ORIENTED_EDGE('',*,*,#1467,.T.);
#259=ORIENTED_EDGE('',*,*,#1428,.F.);
#260=ORIENTED_EDGE('',*,*,#1468,.F.);
#261=ORIENTED_EDGE('',*,*,#1469,.T.);
#262=ORIENTED_EDGE('',*,*,#1470,.F.);
#263=ORIENTED_EDGE('',*,*,#1424,.F.);
#264=ORIENTED_EDGE('',*,*,#1471,.T.);
#265=ORIENTED_EDGE('',*,*,#1403,.F.);
#266=ORIENTED_EDGE('',*,*,#1472,.T.);
#267=ORIENTED_EDGE('',*,*,#1473,.F.);
#268=ORIENTED_EDGE('',*,*,#1474,.T.);
#269=ORIENTED_EDGE('',*,*,#1475,.F.);
#270=ORIENTED_EDGE('',*,*,#1476,.T.);
#271=ORIENTED_EDGE('',*,*,#1477,.F.);
#272=ORIENTED_EDGE('',*,*,#1478,.T.);
#273=ORIENTED_EDGE('',*,*,#1473,.T.);
#274=ORIENTED_EDGE('',*,*,#1479,.T.);
#275=ORIENTED_EDGE('',*,*,#1480,.F.);
#276=ORIENTED_EDGE('',*,*,#1481,.T.);
#277=ORIENTED_EDGE('',*,*,#1482,.F.);
#278=ORIENTED_EDGE('',*,*,#1394,.T.);
#279=ORIENTED_EDGE('',*,*,#1483,.F.);
#280=ORIENTED_EDGE('',*,*,#1484,.F.);
#281=ORIENTED_EDGE('',*,*,#1461,.F.);
#282=ORIENTED_EDGE('',*,*,#1485,.T.);
#283=ORIENTED_EDGE('',*,*,#1486,.T.);
#284=ORIENTED_EDGE('',*,*,#1487,.F.);
#285=ORIENTED_EDGE('',*,*,#1488,.F.);
#286=ORIENTED_EDGE('',*,*,#1489,.T.);
#287=ORIENTED_EDGE('',*,*,#1480,.T.);
#288=ORIENTED_EDGE('',*,*,#1393,.T.);
#289=ORIENTED_EDGE('',*,*,#1482,.T.);
#290=ORIENTED_EDGE('',*,*,#1490,.F.);
#291=ORIENTED_EDGE('',*,*,#1488,.T.);
#292=ORIENTED_EDGE('',*,*,#1395,.F.);
#293=ORIENTED_EDGE('',*,*,#1491,.F.);
#294=ORIENTED_EDGE('',*,*,#1492,.F.);
#295=ORIENTED_EDGE('',*,*,#1493,.T.);
#296=ORIENTED_EDGE('',*,*,#1390,.T.);
#297=ORIENTED_EDGE('',*,*,#1494,.T.);
#298=ORIENTED_EDGE('',*,*,#1491,.T.);
#299=ORIENTED_EDGE('',*,*,#1392,.F.);
#300=ORIENTED_EDGE('',*,*,#1495,.T.);
#301=ORIENTED_EDGE('',*,*,#1496,.F.);
#302=ORIENTED_EDGE('',*,*,#1497,.F.);
#303=ORIENTED_EDGE('',*,*,#1498,.T.);
#304=ORIENTED_EDGE('',*,*,#1387,.T.);
#305=ORIENTED_EDGE('',*,*,#1499,.T.);
#306=ORIENTED_EDGE('',*,*,#1496,.T.);
#307=ORIENTED_EDGE('',*,*,#1389,.F.);
#308=ORIENTED_EDGE('',*,*,#1500,.T.);
#309=ORIENTED_EDGE('',*,*,#1501,.T.);
#310=ORIENTED_EDGE('',*,*,#1502,.T.);
#311=ORIENTED_EDGE('',*,*,#1503,.F.);
#312=ORIENTED_EDGE('',*,*,#1504,.T.);
#313=ORIENTED_EDGE('',*,*,#1502,.F.);
#314=ORIENTED_EDGE('',*,*,#1505,.F.);
#315=ORIENTED_EDGE('',*,*,#1506,.T.);
#316=ORIENTED_EDGE('',*,*,#1507,.T.);
#317=ORIENTED_EDGE('',*,*,#1508,.F.);
#318=ORIENTED_EDGE('',*,*,#1509,.F.);
#319=ORIENTED_EDGE('',*,*,#1510,.T.);
#320=ORIENTED_EDGE('',*,*,#1511,.T.);
#321=ORIENTED_EDGE('',*,*,#1512,.T.);
#322=ORIENTED_EDGE('',*,*,#1508,.T.);
#323=ORIENTED_EDGE('',*,*,#1513,.F.);
#324=ORIENTED_EDGE('',*,*,#1514,.T.);
#325=ORIENTED_EDGE('',*,*,#1515,.F.);
#326=ORIENTED_EDGE('',*,*,#1516,.F.);
#327=ORIENTED_EDGE('',*,*,#1517,.T.);
#328=ORIENTED_EDGE('',*,*,#1518,.T.);
#329=ORIENTED_EDGE('',*,*,#1519,.T.);
#330=ORIENTED_EDGE('',*,*,#1515,.T.);
#331=ORIENTED_EDGE('',*,*,#1520,.F.);
#332=ORIENTED_EDGE('',*,*,#1521,.T.);
#333=ORIENTED_EDGE('',*,*,#1522,.T.);
#334=ORIENTED_EDGE('',*,*,#1523,.T.);
#335=ORIENTED_EDGE('',*,*,#1524,.F.);
#336=ORIENTED_EDGE('',*,*,#1525,.T.);
#337=ORIENTED_EDGE('',*,*,#1523,.F.);
#338=ORIENTED_EDGE('',*,*,#1526,.F.);
#339=ORIENTED_EDGE('',*,*,#1527,.T.);
#340=ORIENTED_EDGE('',*,*,#1528,.T.);
#341=ORIENTED_EDGE('',*,*,#1529,.T.);
#342=ORIENTED_EDGE('',*,*,#1530,.T.);
#343=ORIENTED_EDGE('',*,*,#1531,.F.);
#344=ORIENTED_EDGE('',*,*,#1532,.T.);
#345=ORIENTED_EDGE('',*,*,#1530,.F.);
#346=ORIENTED_EDGE('',*,*,#1533,.F.);
#347=ORIENTED_EDGE('',*,*,#1534,.T.);
#348=ORIENTED_EDGE('',*,*,#1535,.T.);
#349=ORIENTED_EDGE('',*,*,#1449,.F.);
#350=ORIENTED_EDGE('',*,*,#1418,.F.);
#351=ORIENTED_EDGE('',*,*,#1536,.T.);
#352=ORIENTED_EDGE('',*,*,#1537,.F.);
#353=ORIENTED_EDGE('',*,*,#1538,.T.);
#354=ORIENTED_EDGE('',*,*,#1539,.T.);
#355=ORIENTED_EDGE('',*,*,#1540,.T.);
#356=ORIENTED_EDGE('',*,*,#1541,.T.);
#357=ORIENTED_EDGE('',*,*,#1542,.T.);
#358=ORIENTED_EDGE('',*,*,#1543,.F.);
#359=ORIENTED_EDGE('',*,*,#1544,.T.);
#360=ORIENTED_EDGE('',*,*,#1545,.T.);
#361=ORIENTED_EDGE('',*,*,#1546,.F.);
#362=ORIENTED_EDGE('',*,*,#1547,.T.);
#363=ORIENTED_EDGE('',*,*,#1548,.T.);
#364=ORIENTED_EDGE('',*,*,#1549,.T.);
#365=ORIENTED_EDGE('',*,*,#1550,.T.);
#366=ORIENTED_EDGE('',*,*,#1551,.T.);
#367=ORIENTED_EDGE('',*,*,#1552,.F.);
#368=ORIENTED_EDGE('',*,*,#1553,.F.);
#369=ORIENTED_EDGE('',*,*,#1554,.F.);
#370=ORIENTED_EDGE('',*,*,#1555,.F.);
#371=ORIENTED_EDGE('',*,*,#1556,.F.);
#372=ORIENTED_EDGE('',*,*,#1557,.T.);
#373=ORIENTED_EDGE('',*,*,#1558,.F.);
#374=ORIENTED_EDGE('',*,*,#1559,.T.);
#375=ORIENTED_EDGE('',*,*,#1560,.F.);
#376=ORIENTED_EDGE('',*,*,#1561,.T.);
#377=ORIENTED_EDGE('',*,*,#1562,.F.);
#378=ORIENTED_EDGE('',*,*,#1558,.T.);
#379=ORIENTED_EDGE('',*,*,#1563,.T.);
#380=ORIENTED_EDGE('',*,*,#1564,.F.);
#381=ORIENTED_EDGE('',*,*,#1555,.T.);
#382=ORIENTED_EDGE('',*,*,#1565,.T.);
#383=ORIENTED_EDGE('',*,*,#1566,.T.);
#384=ORIENTED_EDGE('',*,*,#1567,.T.);
#385=ORIENTED_EDGE('',*,*,#1568,.T.);
#386=ORIENTED_EDGE('',*,*,#1569,.T.);
#387=ORIENTED_EDGE('',*,*,#1570,.T.);
#388=ORIENTED_EDGE('',*,*,#1571,.F.);
#389=ORIENTED_EDGE('',*,*,#1572,.T.);
#390=ORIENTED_EDGE('',*,*,#1573,.T.);
#391=ORIENTED_EDGE('',*,*,#1574,.T.);
#392=ORIENTED_EDGE('',*,*,#1575,.F.);
#393=ORIENTED_EDGE('',*,*,#1576,.T.);
#394=ORIENTED_EDGE('',*,*,#1577,.T.);
#395=ORIENTED_EDGE('',*,*,#1578,.F.);
#396=ORIENTED_EDGE('',*,*,#1579,.F.);
#397=ORIENTED_EDGE('',*,*,#1580,.F.);
#398=ORIENTED_EDGE('',*,*,#1581,.T.);
#399=ORIENTED_EDGE('',*,*,#1582,.F.);
#400=ORIENTED_EDGE('',*,*,#1583,.F.);
#401=ORIENTED_EDGE('',*,*,#1584,.F.);
#402=ORIENTED_EDGE('',*,*,#1585,.F.);
#403=ORIENTED_EDGE('',*,*,#1586,.F.);
#404=ORIENTED_EDGE('',*,*,#1582,.T.);
#405=ORIENTED_EDGE('',*,*,#1587,.T.);
#406=ORIENTED_EDGE('',*,*,#1588,.F.);
#407=ORIENTED_EDGE('',*,*,#1589,.F.);
#408=ORIENTED_EDGE('',*,*,#1590,.F.);
#409=ORIENTED_EDGE('',*,*,#1591,.F.);
#410=ORIENTED_EDGE('',*,*,#1585,.T.);
#411=ORIENTED_EDGE('',*,*,#1592,.T.);
#412=ORIENTED_EDGE('',*,*,#1593,.F.);
#413=ORIENTED_EDGE('',*,*,#1592,.F.);
#414=ORIENTED_EDGE('',*,*,#1584,.T.);
#415=ORIENTED_EDGE('',*,*,#1594,.T.);
#416=ORIENTED_EDGE('',*,*,#1579,.T.);
#417=ORIENTED_EDGE('',*,*,#1595,.T.);
#418=ORIENTED_EDGE('',*,*,#1596,.F.);
#419=ORIENTED_EDGE('',*,*,#1597,.F.);
#420=ORIENTED_EDGE('',*,*,#1598,.T.);
#421=ORIENTED_EDGE('',*,*,#1599,.T.);
#422=ORIENTED_EDGE('',*,*,#1600,.F.);
#423=ORIENTED_EDGE('',*,*,#1601,.T.);
#424=ORIENTED_EDGE('',*,*,#1600,.T.);
#425=ORIENTED_EDGE('',*,*,#1602,.T.);
#426=ORIENTED_EDGE('',*,*,#1603,.T.);
#427=ORIENTED_EDGE('',*,*,#1604,.T.);
#428=ORIENTED_EDGE('',*,*,#1605,.T.);
#429=ORIENTED_EDGE('',*,*,#1606,.T.);
#430=ORIENTED_EDGE('',*,*,#1607,.T.);
#431=ORIENTED_EDGE('',*,*,#1608,.T.);
#432=ORIENTED_EDGE('',*,*,#1609,.F.);
#433=ORIENTED_EDGE('',*,*,#1605,.F.);
#434=ORIENTED_EDGE('',*,*,#1610,.T.);
#435=ORIENTED_EDGE('',*,*,#1611,.T.);
#436=ORIENTED_EDGE('',*,*,#1612,.F.);
#437=ORIENTED_EDGE('',*,*,#1606,.F.);
#438=ORIENTED_EDGE('',*,*,#1609,.T.);
#439=ORIENTED_EDGE('',*,*,#1613,.T.);
#440=ORIENTED_EDGE('',*,*,#1614,.T.);
#441=ORIENTED_EDGE('',*,*,#1615,.F.);
#442=ORIENTED_EDGE('',*,*,#1567,.F.);
#443=ORIENTED_EDGE('',*,*,#1454,.T.);
#444=ORIENTED_EDGE('',*,*,#1616,.F.);
#445=ORIENTED_EDGE('',*,*,#1617,.F.);
#446=ORIENTED_EDGE('',*,*,#1618,.F.);
#447=ORIENTED_EDGE('',*,*,#1619,.T.);
#448=ORIENTED_EDGE('',*,*,#1620,.T.);
#449=ORIENTED_EDGE('',*,*,#1621,.T.);
#450=ORIENTED_EDGE('',*,*,#1622,.F.);
#451=ORIENTED_EDGE('',*,*,#1623,.T.);
#452=ORIENTED_EDGE('',*,*,#1529,.F.);
#453=ORIENTED_EDGE('',*,*,#1624,.T.);
#454=ORIENTED_EDGE('',*,*,#1533,.T.);
#455=ORIENTED_EDGE('',*,*,#1522,.F.);
#456=ORIENTED_EDGE('',*,*,#1625,.T.);
#457=ORIENTED_EDGE('',*,*,#1526,.T.);
#458=ORIENTED_EDGE('',*,*,#1534,.F.);
#459=ORIENTED_EDGE('',*,*,#1624,.F.);
#460=ORIENTED_EDGE('',*,*,#1532,.F.);
#461=ORIENTED_EDGE('',*,*,#1626,.T.);
#462=ORIENTED_EDGE('',*,*,#1627,.T.);
#463=ORIENTED_EDGE('',*,*,#1619,.F.);
#464=ORIENTED_EDGE('',*,*,#1527,.F.);
#465=ORIENTED_EDGE('',*,*,#1625,.F.);
#466=ORIENTED_EDGE('',*,*,#1525,.F.);
#467=ORIENTED_EDGE('',*,*,#1628,.T.);
#468=ORIENTED_EDGE('',*,*,#1629,.T.);
#469=ORIENTED_EDGE('',*,*,#1630,.T.);
#470=ORIENTED_EDGE('',*,*,#1631,.F.);
#471=ORIENTED_EDGE('',*,*,#1632,.F.);
#472=ORIENTED_EDGE('',*,*,#1633,.T.);
#473=ORIENTED_EDGE('',*,*,#1634,.T.);
#474=ORIENTED_EDGE('',*,*,#1635,.F.);
#475=ORIENTED_EDGE('',*,*,#1636,.F.);
#476=ORIENTED_EDGE('',*,*,#1637,.F.);
#477=ORIENTED_EDGE('',*,*,#1591,.T.);
#478=ORIENTED_EDGE('',*,*,#1638,.T.);
#479=ORIENTED_EDGE('',*,*,#1632,.T.);
#480=ORIENTED_EDGE('',*,*,#1639,.F.);
#481=ORIENTED_EDGE('',*,*,#1586,.T.);
#482=ORIENTED_EDGE('',*,*,#1639,.T.);
#483=ORIENTED_EDGE('',*,*,#1631,.T.);
#484=ORIENTED_EDGE('',*,*,#1640,.F.);
#485=ORIENTED_EDGE('',*,*,#1641,.T.);
#486=ORIENTED_EDGE('',*,*,#1642,.T.);
#487=ORIENTED_EDGE('',*,*,#1580,.T.);
#488=ORIENTED_EDGE('',*,*,#1640,.T.);
#489=ORIENTED_EDGE('',*,*,#1630,.F.);
#490=ORIENTED_EDGE('',*,*,#1588,.T.);
#491=ORIENTED_EDGE('',*,*,#1643,.T.);
#492=ORIENTED_EDGE('',*,*,#1641,.F.);
#493=ORIENTED_EDGE('',*,*,#1629,.F.);
#494=ORIENTED_EDGE('',*,*,#1638,.F.);
#495=ORIENTED_EDGE('',*,*,#1590,.T.);
#496=ORIENTED_EDGE('',*,*,#1593,.T.);
#497=ORIENTED_EDGE('',*,*,#1644,.T.);
#498=ORIENTED_EDGE('',*,*,#1645,.T.);
#499=ORIENTED_EDGE('',*,*,#1537,.T.);
#500=ORIENTED_EDGE('',*,*,#1646,.F.);
#501=ORIENTED_EDGE('',*,*,#1622,.T.);
#502=ORIENTED_EDGE('',*,*,#1647,.T.);
#503=ORIENTED_EDGE('',*,*,#1634,.F.);
#504=ORIENTED_EDGE('',*,*,#1648,.T.);
#505=ORIENTED_EDGE('',*,*,#1595,.F.);
#506=ORIENTED_EDGE('',*,*,#1649,.F.);
#507=ORIENTED_EDGE('',*,*,#1650,.F.);
#508=ORIENTED_EDGE('',*,*,#1417,.F.);
#509=ORIENTED_EDGE('',*,*,#1651,.F.);
#510=ORIENTED_EDGE('',*,*,#1623,.F.);
#511=ORIENTED_EDGE('',*,*,#1646,.T.);
#512=ORIENTED_EDGE('',*,*,#1536,.F.);
#513=ORIENTED_EDGE('',*,*,#1652,.F.);
#514=ORIENTED_EDGE('',*,*,#1616,.T.);
#515=ORIENTED_EDGE('',*,*,#1453,.F.);
#516=ORIENTED_EDGE('',*,*,#1653,.T.);
#517=ORIENTED_EDGE('',*,*,#1654,.F.);
#518=ORIENTED_EDGE('',*,*,#1655,.F.);
#519=ORIENTED_EDGE('',*,*,#1656,.F.);
#520=ORIENTED_EDGE('',*,*,#1519,.F.);
#521=ORIENTED_EDGE('',*,*,#1657,.F.);
#522=ORIENTED_EDGE('',*,*,#1516,.T.);
#523=ORIENTED_EDGE('',*,*,#1512,.F.);
#524=ORIENTED_EDGE('',*,*,#1658,.F.);
#525=ORIENTED_EDGE('',*,*,#1509,.T.);
#526=ORIENTED_EDGE('',*,*,#1517,.F.);
#527=ORIENTED_EDGE('',*,*,#1657,.T.);
#528=ORIENTED_EDGE('',*,*,#1521,.F.);
#529=ORIENTED_EDGE('',*,*,#1659,.F.);
#530=ORIENTED_EDGE('',*,*,#1660,.F.);
#531=ORIENTED_EDGE('',*,*,#1652,.T.);
#532=ORIENTED_EDGE('',*,*,#1510,.F.);
#533=ORIENTED_EDGE('',*,*,#1658,.T.);
#534=ORIENTED_EDGE('',*,*,#1514,.F.);
#535=ORIENTED_EDGE('',*,*,#1661,.F.);
#536=ORIENTED_EDGE('',*,*,#1662,.F.);
#537=ORIENTED_EDGE('',*,*,#1617,.T.);
#538=ORIENTED_EDGE('',*,*,#1656,.T.);
#539=ORIENTED_EDGE('',*,*,#1663,.T.);
#540=ORIENTED_EDGE('',*,*,#1664,.F.);
#541=ORIENTED_EDGE('',*,*,#1665,.T.);
#542=ORIENTED_EDGE('',*,*,#1598,.F.);
#543=ORIENTED_EDGE('',*,*,#1666,.F.);
#544=ORIENTED_EDGE('',*,*,#1611,.F.);
#545=ORIENTED_EDGE('',*,*,#1608,.F.);
#546=ORIENTED_EDGE('',*,*,#1667,.T.);
#547=ORIENTED_EDGE('',*,*,#1668,.T.);
#548=ORIENTED_EDGE('',*,*,#1603,.F.);
#549=ORIENTED_EDGE('',*,*,#1669,.T.);
#550=ORIENTED_EDGE('',*,*,#1664,.T.);
#551=ORIENTED_EDGE('',*,*,#1670,.T.);
#552=ORIENTED_EDGE('',*,*,#1671,.F.);
#553=ORIENTED_EDGE('',*,*,#1604,.F.);
#554=ORIENTED_EDGE('',*,*,#1671,.T.);
#555=ORIENTED_EDGE('',*,*,#1672,.F.);
#556=ORIENTED_EDGE('',*,*,#1673,.F.);
#557=ORIENTED_EDGE('',*,*,#1674,.F.);
#558=ORIENTED_EDGE('',*,*,#1675,.T.);
#559=ORIENTED_EDGE('',*,*,#1676,.T.);
#560=ORIENTED_EDGE('',*,*,#1677,.T.);
#561=ORIENTED_EDGE('',*,*,#1615,.T.);
#562=ORIENTED_EDGE('',*,*,#1610,.F.);
#563=ORIENTED_EDGE('',*,*,#1673,.T.);
#564=ORIENTED_EDGE('',*,*,#1678,.F.);
#565=ORIENTED_EDGE('',*,*,#1667,.F.);
#566=ORIENTED_EDGE('',*,*,#1668,.F.);
#567=ORIENTED_EDGE('',*,*,#1678,.T.);
#568=ORIENTED_EDGE('',*,*,#1672,.T.);
#569=ORIENTED_EDGE('',*,*,#1670,.F.);
#570=ORIENTED_EDGE('',*,*,#1679,.F.);
#571=ORIENTED_EDGE('',*,*,#1680,.T.);
#572=ORIENTED_EDGE('',*,*,#1681,.T.);
#573=ORIENTED_EDGE('',*,*,#1682,.T.);
#574=ORIENTED_EDGE('',*,*,#1675,.F.);
#575=ORIENTED_EDGE('',*,*,#1460,.T.);
#576=ORIENTED_EDGE('',*,*,#1683,.T.);
#577=ORIENTED_EDGE('',*,*,#1684,.T.);
#578=ORIENTED_EDGE('',*,*,#1685,.F.);
#579=ORIENTED_EDGE('',*,*,#1458,.T.);
#580=ORIENTED_EDGE('',*,*,#1686,.T.);
#581=ORIENTED_EDGE('',*,*,#1687,.T.);
#582=ORIENTED_EDGE('',*,*,#1688,.F.);
#583=ORIENTED_EDGE('',*,*,#1689,.T.);
#584=ORIENTED_EDGE('',*,*,#1690,.T.);
#585=ORIENTED_EDGE('',*,*,#1425,.T.);
#586=ORIENTED_EDGE('',*,*,#1470,.T.);
#587=ORIENTED_EDGE('',*,*,#1691,.F.);
#588=ORIENTED_EDGE('',*,*,#1692,.T.);
#589=ORIENTED_EDGE('',*,*,#1693,.F.);
#590=ORIENTED_EDGE('',*,*,#1414,.F.);
#591=ORIENTED_EDGE('',*,*,#1694,.F.);
#592=ORIENTED_EDGE('',*,*,#1695,.T.);
#593=ORIENTED_EDGE('',*,*,#1696,.T.);
#594=ORIENTED_EDGE('',*,*,#1465,.F.);
#595=ORIENTED_EDGE('',*,*,#1697,.T.);
#596=ORIENTED_EDGE('',*,*,#1698,.T.);
#597=ORIENTED_EDGE('',*,*,#1699,.T.);
#598=ORIENTED_EDGE('',*,*,#1700,.T.);
#599=ORIENTED_EDGE('',*,*,#1699,.F.);
#600=ORIENTED_EDGE('',*,*,#1701,.T.);
#601=ORIENTED_EDGE('',*,*,#1702,.T.);
#602=ORIENTED_EDGE('',*,*,#1703,.T.);
#603=ORIENTED_EDGE('',*,*,#1704,.F.);
#604=ORIENTED_EDGE('',*,*,#1705,.F.);
#605=ORIENTED_EDGE('',*,*,#1429,.T.);
#606=ORIENTED_EDGE('',*,*,#1467,.F.);
#607=ORIENTED_EDGE('',*,*,#1706,.T.);
#608=ORIENTED_EDGE('',*,*,#1707,.T.);
#609=ORIENTED_EDGE('',*,*,#1451,.T.);
#610=ORIENTED_EDGE('',*,*,#1708,.T.);
#611=ORIENTED_EDGE('',*,*,#1448,.T.);
#612=ORIENTED_EDGE('',*,*,#1709,.F.);
#613=ORIENTED_EDGE('',*,*,#1710,.T.);
#614=ORIENTED_EDGE('',*,*,#1711,.T.);
#615=ORIENTED_EDGE('',*,*,#1712,.T.);
#616=ORIENTED_EDGE('',*,*,#1713,.F.);
#617=ORIENTED_EDGE('',*,*,#1714,.T.);
#618=ORIENTED_EDGE('',*,*,#1715,.T.);
#619=ORIENTED_EDGE('',*,*,#1716,.T.);
#620=ORIENTED_EDGE('',*,*,#1452,.T.);
#621=ORIENTED_EDGE('',*,*,#1717,.F.);
#622=ORIENTED_EDGE('',*,*,#1718,.T.);
#623=ORIENTED_EDGE('',*,*,#1719,.T.);
#624=ORIENTED_EDGE('',*,*,#1720,.T.);
#625=ORIENTED_EDGE('',*,*,#1721,.F.);
#626=ORIENTED_EDGE('',*,*,#1722,.T.);
#627=ORIENTED_EDGE('',*,*,#1723,.T.);
#628=ORIENTED_EDGE('',*,*,#1724,.T.);
#629=ORIENTED_EDGE('',*,*,#1447,.T.);
#630=ORIENTED_EDGE('',*,*,#1725,.T.);
#631=ORIENTED_EDGE('',*,*,#1726,.T.);
#632=ORIENTED_EDGE('',*,*,#1727,.F.);
#633=ORIENTED_EDGE('',*,*,#1728,.F.);
#634=ORIENTED_EDGE('',*,*,#1729,.T.);
#635=ORIENTED_EDGE('',*,*,#1730,.T.);
#636=ORIENTED_EDGE('',*,*,#1725,.F.);
#637=ORIENTED_EDGE('',*,*,#1731,.T.);
#638=ORIENTED_EDGE('',*,*,#1726,.F.);
#639=ORIENTED_EDGE('',*,*,#1732,.T.);
#640=ORIENTED_EDGE('',*,*,#1727,.T.);
#641=ORIENTED_EDGE('',*,*,#1733,.T.);
#642=ORIENTED_EDGE('',*,*,#1728,.T.);
#643=ORIENTED_EDGE('',*,*,#1734,.T.);
#644=ORIENTED_EDGE('',*,*,#1735,.F.);
#645=ORIENTED_EDGE('',*,*,#1736,.F.);
#646=ORIENTED_EDGE('',*,*,#1737,.F.);
#647=ORIENTED_EDGE('',*,*,#1738,.T.);
#648=ORIENTED_EDGE('',*,*,#1739,.F.);
#649=ORIENTED_EDGE('',*,*,#1740,.T.);
#650=ORIENTED_EDGE('',*,*,#1739,.T.);
#651=ORIENTED_EDGE('',*,*,#1741,.F.);
#652=ORIENTED_EDGE('',*,*,#1742,.T.);
#653=ORIENTED_EDGE('',*,*,#1743,.T.);
#654=ORIENTED_EDGE('',*,*,#1744,.T.);
#655=ORIENTED_EDGE('',*,*,#1745,.F.);
#656=ORIENTED_EDGE('',*,*,#1742,.F.);
#657=ORIENTED_EDGE('',*,*,#1746,.T.);
#658=ORIENTED_EDGE('',*,*,#1747,.F.);
#659=ORIENTED_EDGE('',*,*,#1748,.T.);
#660=ORIENTED_EDGE('',*,*,#1746,.F.);
#661=ORIENTED_EDGE('',*,*,#1741,.T.);
#662=ORIENTED_EDGE('',*,*,#1738,.F.);
#663=ORIENTED_EDGE('',*,*,#1749,.F.);
#664=ORIENTED_EDGE('',*,*,#1750,.F.);
#665=ORIENTED_EDGE('',*,*,#1751,.F.);
#666=ORIENTED_EDGE('',*,*,#1752,.F.);
#667=ORIENTED_EDGE('',*,*,#1747,.T.);
#668=ORIENTED_EDGE('',*,*,#1753,.F.);
#669=ORIENTED_EDGE('',*,*,#1754,.T.);
#670=ORIENTED_EDGE('',*,*,#1751,.T.);
#671=ORIENTED_EDGE('',*,*,#1755,.F.);
#672=ORIENTED_EDGE('',*,*,#1729,.F.);
#673=ORIENTED_EDGE('',*,*,#1756,.T.);
#674=ORIENTED_EDGE('',*,*,#1730,.F.);
#675=ORIENTED_EDGE('',*,*,#1757,.T.);
#676=ORIENTED_EDGE('',*,*,#1680,.F.);
#677=ORIENTED_EDGE('',*,*,#1758,.F.);
#678=ORIENTED_EDGE('',*,*,#1759,.F.);
#679=ORIENTED_EDGE('',*,*,#1760,.F.);
#680=ORIENTED_EDGE('',*,*,#1761,.F.);
#681=ORIENTED_EDGE('',*,*,#1762,.F.);
#682=ORIENTED_EDGE('',*,*,#1759,.T.);
#683=ORIENTED_EDGE('',*,*,#1763,.F.);
#684=ORIENTED_EDGE('',*,*,#1764,.F.);
#685=ORIENTED_EDGE('',*,*,#1765,.T.);
#686=ORIENTED_EDGE('',*,*,#1766,.T.);
#687=ORIENTED_EDGE('',*,*,#1767,.T.);
#688=ORIENTED_EDGE('',*,*,#1768,.T.);
#689=ORIENTED_EDGE('',*,*,#1769,.F.);
#690=ORIENTED_EDGE('',*,*,#1770,.F.);
#691=ORIENTED_EDGE('',*,*,#1771,.T.);
#692=ORIENTED_EDGE('',*,*,#1735,.T.);
#693=ORIENTED_EDGE('',*,*,#1772,.T.);
#694=ORIENTED_EDGE('',*,*,#1736,.T.);
#695=ORIENTED_EDGE('',*,*,#1773,.T.);
#696=ORIENTED_EDGE('',*,*,#1774,.T.);
#697=ORIENTED_EDGE('',*,*,#1775,.T.);
#698=ORIENTED_EDGE('',*,*,#1776,.T.);
#699=ORIENTED_EDGE('',*,*,#1777,.T.);
#700=ORIENTED_EDGE('',*,*,#1778,.T.);
#701=ORIENTED_EDGE('',*,*,#1779,.F.);
#702=ORIENTED_EDGE('',*,*,#1780,.T.);
#703=ORIENTED_EDGE('',*,*,#1781,.T.);
#704=ORIENTED_EDGE('',*,*,#1782,.T.);
#705=ORIENTED_EDGE('',*,*,#1783,.T.);
#706=ORIENTED_EDGE('',*,*,#1784,.T.);
#707=ORIENTED_EDGE('',*,*,#1785,.T.);
#708=ORIENTED_EDGE('',*,*,#1786,.F.);
#709=ORIENTED_EDGE('',*,*,#1787,.F.);
#710=ORIENTED_EDGE('',*,*,#1755,.T.);
#711=ORIENTED_EDGE('',*,*,#1750,.T.);
#712=ORIENTED_EDGE('',*,*,#1749,.T.);
#713=ORIENTED_EDGE('',*,*,#1737,.T.);
#714=ORIENTED_EDGE('',*,*,#1740,.F.);
#715=ORIENTED_EDGE('',*,*,#1788,.T.);
#716=ORIENTED_EDGE('',*,*,#1789,.T.);
#717=ORIENTED_EDGE('',*,*,#1790,.F.);
#718=ORIENTED_EDGE('',*,*,#1791,.T.);
#719=ORIENTED_EDGE('',*,*,#1792,.T.);
#720=ORIENTED_EDGE('',*,*,#1788,.F.);
#721=ORIENTED_EDGE('',*,*,#1744,.F.);
#722=ORIENTED_EDGE('',*,*,#1793,.T.);
#723=ORIENTED_EDGE('',*,*,#1769,.T.);
#724=ORIENTED_EDGE('',*,*,#1794,.F.);
#725=ORIENTED_EDGE('',*,*,#1795,.T.);
#726=ORIENTED_EDGE('',*,*,#1791,.F.);
#727=ORIENTED_EDGE('',*,*,#1743,.F.);
#728=ORIENTED_EDGE('',*,*,#1745,.T.);
#729=ORIENTED_EDGE('',*,*,#1748,.F.);
#730=ORIENTED_EDGE('',*,*,#1752,.T.);
#731=ORIENTED_EDGE('',*,*,#1754,.F.);
#732=ORIENTED_EDGE('',*,*,#1796,.F.);
#733=ORIENTED_EDGE('',*,*,#1797,.F.);
#734=ORIENTED_EDGE('',*,*,#1765,.F.);
#735=ORIENTED_EDGE('',*,*,#1798,.F.);
#736=ORIENTED_EDGE('',*,*,#1799,.F.);
#737=ORIENTED_EDGE('',*,*,#1800,.T.);
#738=ORIENTED_EDGE('',*,*,#1794,.T.);
#739=ORIENTED_EDGE('',*,*,#1768,.F.);
#740=ORIENTED_EDGE('',*,*,#1801,.T.);
#741=ORIENTED_EDGE('',*,*,#1802,.T.);
#742=ORIENTED_EDGE('',*,*,#1803,.T.);
#743=ORIENTED_EDGE('',*,*,#1799,.T.);
#744=ORIENTED_EDGE('',*,*,#1804,.T.);
#745=ORIENTED_EDGE('',*,*,#1778,.F.);
#746=ORIENTED_EDGE('',*,*,#1776,.F.);
#747=ORIENTED_EDGE('',*,*,#1805,.T.);
#748=ORIENTED_EDGE('',*,*,#1806,.T.);
#749=ORIENTED_EDGE('',*,*,#1807,.T.);
#750=ORIENTED_EDGE('',*,*,#1806,.F.);
#751=ORIENTED_EDGE('',*,*,#1808,.T.);
#752=ORIENTED_EDGE('',*,*,#1809,.F.);
#753=ORIENTED_EDGE('',*,*,#1783,.F.);
#754=ORIENTED_EDGE('',*,*,#1810,.T.);
#755=ORIENTED_EDGE('',*,*,#1756,.F.);
#756=ORIENTED_EDGE('',*,*,#1757,.F.);
#757=ORIENTED_EDGE('',*,*,#1809,.T.);
#758=ORIENTED_EDGE('',*,*,#1811,.T.);
#759=ORIENTED_EDGE('',*,*,#1596,.T.);
#760=ORIENTED_EDGE('',*,*,#1648,.F.);
#761=ORIENTED_EDGE('',*,*,#1812,.F.);
#762=ORIENTED_EDGE('',*,*,#1813,.F.);
#763=ORIENTED_EDGE('',*,*,#1814,.F.);
#764=ORIENTED_EDGE('',*,*,#1784,.F.);
#765=ORIENTED_EDGE('',*,*,#1802,.F.);
#766=ORIENTED_EDGE('',*,*,#1815,.T.);
#767=ORIENTED_EDGE('',*,*,#1816,.F.);
#768=ORIENTED_EDGE('',*,*,#1817,.F.);
#769=ORIENTED_EDGE('',*,*,#1818,.F.);
#770=ORIENTED_EDGE('',*,*,#1819,.T.);
#771=ORIENTED_EDGE('',*,*,#1820,.T.);
#772=ORIENTED_EDGE('',*,*,#1821,.F.);
#773=ORIENTED_EDGE('',*,*,#1785,.F.);
#774=ORIENTED_EDGE('',*,*,#1822,.F.);
#775=ORIENTED_EDGE('',*,*,#1823,.F.);
#776=ORIENTED_EDGE('',*,*,#1824,.F.);
#777=ORIENTED_EDGE('',*,*,#1825,.F.);
#778=ORIENTED_EDGE('',*,*,#1793,.F.);
#779=ORIENTED_EDGE('',*,*,#1826,.F.);
#780=ORIENTED_EDGE('',*,*,#1827,.F.);
#781=ORIENTED_EDGE('',*,*,#1828,.F.);
#782=ORIENTED_EDGE('',*,*,#1829,.F.);
#783=ORIENTED_EDGE('',*,*,#1830,.F.);
#784=ORIENTED_EDGE('',*,*,#1831,.T.);
#785=ORIENTED_EDGE('',*,*,#1786,.T.);
#786=ORIENTED_EDGE('',*,*,#1832,.F.);
#787=ORIENTED_EDGE('',*,*,#1833,.F.);
#788=ORIENTED_EDGE('',*,*,#1832,.T.);
#789=ORIENTED_EDGE('',*,*,#1790,.T.);
#790=ORIENTED_EDGE('',*,*,#1834,.T.);
#791=ORIENTED_EDGE('',*,*,#1779,.T.);
#792=ORIENTED_EDGE('',*,*,#1814,.T.);
#793=ORIENTED_EDGE('',*,*,#1835,.T.);
#794=ORIENTED_EDGE('',*,*,#1836,.F.);
#795=ORIENTED_EDGE('',*,*,#1434,.T.);
#796=ORIENTED_EDGE('',*,*,#1837,.T.);
#797=ORIENTED_EDGE('',*,*,#1838,.F.);
#798=ORIENTED_EDGE('',*,*,#1770,.T.);
#799=ORIENTED_EDGE('',*,*,#1796,.T.);
#800=ORIENTED_EDGE('',*,*,#1753,.T.);
#801=ORIENTED_EDGE('',*,*,#1787,.T.);
#802=ORIENTED_EDGE('',*,*,#1831,.F.);
#803=ORIENTED_EDGE('',*,*,#1839,.F.);
#804=ORIENTED_EDGE('',*,*,#1840,.F.);
#805=ORIENTED_EDGE('',*,*,#1835,.F.);
#806=ORIENTED_EDGE('',*,*,#1813,.T.);
#807=ORIENTED_EDGE('',*,*,#1781,.F.);
#808=ORIENTED_EDGE('',*,*,#1841,.T.);
#809=ORIENTED_EDGE('',*,*,#1842,.F.);
#810=ORIENTED_EDGE('',*,*,#1843,.F.);
#811=ORIENTED_EDGE('',*,*,#1841,.F.);
#812=ORIENTED_EDGE('',*,*,#1780,.F.);
#813=ORIENTED_EDGE('',*,*,#1834,.F.);
#814=ORIENTED_EDGE('',*,*,#1789,.F.);
#815=ORIENTED_EDGE('',*,*,#1792,.F.);
#816=ORIENTED_EDGE('',*,*,#1795,.F.);
#817=ORIENTED_EDGE('',*,*,#1800,.F.);
#818=ORIENTED_EDGE('',*,*,#1803,.F.);
#819=ORIENTED_EDGE('',*,*,#1817,.T.);
#820=ORIENTED_EDGE('',*,*,#1844,.F.);
#821=ORIENTED_EDGE('',*,*,#1845,.T.);
#822=ORIENTED_EDGE('',*,*,#1846,.T.);
#823=ORIENTED_EDGE('',*,*,#1847,.F.);
#824=ORIENTED_EDGE('',*,*,#1848,.T.);
#825=ORIENTED_EDGE('',*,*,#1849,.T.);
#826=ORIENTED_EDGE('',*,*,#1850,.T.);
#827=ORIENTED_EDGE('',*,*,#1851,.T.);
#828=ORIENTED_EDGE('',*,*,#1852,.F.);
#829=ORIENTED_EDGE('',*,*,#1853,.T.);
#830=ORIENTED_EDGE('',*,*,#1854,.T.);
#831=ORIENTED_EDGE('',*,*,#1556,.T.);
#832=ORIENTED_EDGE('',*,*,#1564,.T.);
#833=ORIENTED_EDGE('',*,*,#1855,.F.);
#834=ORIENTED_EDGE('',*,*,#1637,.T.);
#835=ORIENTED_EDGE('',*,*,#1416,.F.);
#836=ORIENTED_EDGE('',*,*,#1472,.F.);
#837=ORIENTED_EDGE('',*,*,#1402,.F.);
#838=ORIENTED_EDGE('',*,*,#1412,.T.);
#839=ORIENTED_EDGE('',*,*,#1856,.T.);
#840=ORIENTED_EDGE('',*,*,#1663,.F.);
#841=ORIENTED_EDGE('',*,*,#1655,.T.);
#842=ORIENTED_EDGE('',*,*,#1857,.F.);
#843=ORIENTED_EDGE('',*,*,#1676,.F.);
#844=ORIENTED_EDGE('',*,*,#1682,.F.);
#845=ORIENTED_EDGE('',*,*,#1858,.F.);
#846=ORIENTED_EDGE('',*,*,#1761,.T.);
#847=ORIENTED_EDGE('',*,*,#1859,.T.);
#848=ORIENTED_EDGE('',*,*,#1766,.F.);
#849=ORIENTED_EDGE('',*,*,#1797,.T.);
#850=ORIENTED_EDGE('',*,*,#1771,.F.);
#851=ORIENTED_EDGE('',*,*,#1838,.T.);
#852=ORIENTED_EDGE('',*,*,#1830,.T.);
#853=ORIENTED_EDGE('',*,*,#1833,.T.);
#854=ORIENTED_EDGE('',*,*,#1840,.T.);
#855=ORIENTED_EDGE('',*,*,#1860,.T.);
#856=ORIENTED_EDGE('',*,*,#1852,.T.);
#857=ORIENTED_EDGE('',*,*,#1861,.T.);
#858=ORIENTED_EDGE('',*,*,#1635,.T.);
#859=ORIENTED_EDGE('',*,*,#1650,.T.);
#860=ORIENTED_EDGE('',*,*,#1862,.T.);
#861=ORIENTED_EDGE('',*,*,#1620,.F.);
#862=ORIENTED_EDGE('',*,*,#1651,.T.);
#863=ORIENTED_EDGE('',*,*,#1441,.T.);
#864=ORIENTED_EDGE('',*,*,#1863,.T.);
#865=ORIENTED_EDGE('',*,*,#1849,.F.);
#866=ORIENTED_EDGE('',*,*,#1864,.F.);
#867=ORIENTED_EDGE('',*,*,#1422,.T.);
#868=ORIENTED_EDGE('',*,*,#1865,.T.);
#869=ORIENTED_EDGE('',*,*,#1404,.T.);
#870=ORIENTED_EDGE('',*,*,#1471,.F.);
#871=ORIENTED_EDGE('',*,*,#1423,.T.);
#872=ORIENTED_EDGE('',*,*,#1864,.T.);
#873=ORIENTED_EDGE('',*,*,#1848,.F.);
#874=ORIENTED_EDGE('',*,*,#1866,.F.);
#875=ORIENTED_EDGE('',*,*,#1867,.T.);
#876=ORIENTED_EDGE('',*,*,#1819,.F.);
#877=ORIENTED_EDGE('',*,*,#1868,.F.);
#878=ORIENTED_EDGE('',*,*,#1869,.F.);
#879=ORIENTED_EDGE('',*,*,#1844,.T.);
#880=ORIENTED_EDGE('',*,*,#1816,.T.);
#881=ORIENTED_EDGE('',*,*,#1870,.T.);
#882=ORIENTED_EDGE('',*,*,#1842,.T.);
#883=ORIENTED_EDGE('',*,*,#1708,.F.);
#884=ORIENTED_EDGE('',*,*,#1707,.F.);
#885=ORIENTED_EDGE('',*,*,#1442,.F.);
#886=ORIENTED_EDGE('',*,*,#1871,.F.);
#887=ORIENTED_EDGE('',*,*,#1774,.F.);
#888=ORIENTED_EDGE('',*,*,#1804,.F.);
#889=ORIENTED_EDGE('',*,*,#1798,.T.);
#890=ORIENTED_EDGE('',*,*,#1764,.T.);
#891=ORIENTED_EDGE('',*,*,#1872,.T.);
#892=ORIENTED_EDGE('',*,*,#1674,.T.);
#893=ORIENTED_EDGE('',*,*,#1614,.F.);
#894=ORIENTED_EDGE('',*,*,#1732,.F.);
#895=ORIENTED_EDGE('',*,*,#1731,.F.);
#896=ORIENTED_EDGE('',*,*,#1772,.F.);
#897=ORIENTED_EDGE('',*,*,#1773,.F.);
#898=ORIENTED_EDGE('',*,*,#1633,.F.);
#899=ORIENTED_EDGE('',*,*,#1855,.T.);
#900=ORIENTED_EDGE('',*,*,#1565,.F.);
#901=ORIENTED_EDGE('',*,*,#1554,.T.);
#902=ORIENTED_EDGE('',*,*,#1873,.T.);
#903=ORIENTED_EDGE('',*,*,#1559,.F.);
#904=ORIENTED_EDGE('',*,*,#1562,.T.);
#905=ORIENTED_EDGE('',*,*,#1874,.T.);
#906=ORIENTED_EDGE('',*,*,#1853,.F.);
#907=ORIENTED_EDGE('',*,*,#1860,.F.);
#908=ORIENTED_EDGE('',*,*,#1839,.T.);
#909=ORIENTED_EDGE('',*,*,#1812,.T.);
#910=ORIENTED_EDGE('',*,*,#1875,.F.);
#911=ORIENTED_EDGE('',*,*,#1876,.T.);
#912=ORIENTED_EDGE('',*,*,#1877,.F.);
#913=ORIENTED_EDGE('',*,*,#1868,.T.);
#914=ORIENTED_EDGE('',*,*,#1818,.T.);
#915=ORIENTED_EDGE('',*,*,#1878,.F.);
#916=ORIENTED_EDGE('',*,*,#1879,.T.);
#917=ORIENTED_EDGE('',*,*,#1455,.F.);
#918=ORIENTED_EDGE('',*,*,#1618,.T.);
#919=ORIENTED_EDGE('',*,*,#1662,.T.);
#920=ORIENTED_EDGE('',*,*,#1856,.F.);
#921=ORIENTED_EDGE('',*,*,#1411,.T.);
#922=ORIENTED_EDGE('',*,*,#1880,.F.);
#923=ORIENTED_EDGE('',*,*,#1407,.F.);
#924=ORIENTED_EDGE('',*,*,#1881,.T.);
#925=ORIENTED_EDGE('',*,*,#1882,.T.);
#926=ORIENTED_EDGE('',*,*,#1883,.T.);
#927=ORIENTED_EDGE('',*,*,#1815,.F.);
#928=ORIENTED_EDGE('',*,*,#1801,.F.);
#929=ORIENTED_EDGE('',*,*,#1777,.F.);
#930=ORIENTED_EDGE('',*,*,#1807,.F.);
#931=ORIENTED_EDGE('',*,*,#1810,.F.);
#932=ORIENTED_EDGE('',*,*,#1782,.F.);
#933=ORIENTED_EDGE('',*,*,#1843,.T.);
#934=ORIENTED_EDGE('',*,*,#1870,.F.);
#935=ORIENTED_EDGE('',*,*,#1884,.F.);
#936=ORIENTED_EDGE('',*,*,#1885,.T.);
#937=ORIENTED_EDGE('',*,*,#1878,.T.);
#938=ORIENTED_EDGE('',*,*,#1821,.T.);
#939=ORIENTED_EDGE('',*,*,#1758,.T.);
#940=ORIENTED_EDGE('',*,*,#1679,.T.);
#941=ORIENTED_EDGE('',*,*,#1872,.F.);
#942=ORIENTED_EDGE('',*,*,#1767,.F.);
#943=ORIENTED_EDGE('',*,*,#1859,.F.);
#944=ORIENTED_EDGE('',*,*,#1763,.T.);
#945=ORIENTED_EDGE('',*,*,#1733,.F.);
#946=ORIENTED_EDGE('',*,*,#1734,.F.);
#947=ORIENTED_EDGE('',*,*,#1886,.F.);
#948=ORIENTED_EDGE('',*,*,#1887,.T.);
#949=ORIENTED_EDGE('',*,*,#1884,.T.);
#950=ORIENTED_EDGE('',*,*,#1820,.F.);
#951=ORIENTED_EDGE('',*,*,#1867,.F.);
#952=ORIENTED_EDGE('',*,*,#1421,.F.);
#953=ORIENTED_EDGE('',*,*,#1888,.T.);
#954=ORIENTED_EDGE('',*,*,#1845,.F.);
#955=ORIENTED_EDGE('',*,*,#1863,.F.);
#956=ORIENTED_EDGE('',*,*,#1653,.F.);
#957=ORIENTED_EDGE('',*,*,#1456,.T.);
#958=ORIENTED_EDGE('',*,*,#1879,.F.);
#959=ORIENTED_EDGE('',*,*,#1885,.F.);
#960=ORIENTED_EDGE('',*,*,#1887,.F.);
#961=ORIENTED_EDGE('',*,*,#1889,.F.);
#962=ORIENTED_EDGE('',*,*,#1545,.F.);
#963=ORIENTED_EDGE('',*,*,#1890,.T.);
#964=ORIENTED_EDGE('',*,*,#1891,.F.);
#965=ORIENTED_EDGE('',*,*,#1892,.T.);
#966=ORIENTED_EDGE('',*,*,#1893,.T.);
#967=ORIENTED_EDGE('',*,*,#1647,.F.);
#968=ORIENTED_EDGE('',*,*,#1621,.F.);
#969=ORIENTED_EDGE('',*,*,#1862,.F.);
#970=ORIENTED_EDGE('',*,*,#1649,.T.);
#971=ORIENTED_EDGE('',*,*,#1578,.T.);
#972=ORIENTED_EDGE('',*,*,#1577,.F.);
#973=ORIENTED_EDGE('',*,*,#1894,.T.);
#974=ORIENTED_EDGE('',*,*,#1538,.F.);
#975=ORIENTED_EDGE('',*,*,#1895,.F.);
#976=ORIENTED_EDGE('',*,*,#1892,.F.);
#977=ORIENTED_EDGE('',*,*,#1576,.F.);
#978=ORIENTED_EDGE('',*,*,#1896,.T.);
#979=ORIENTED_EDGE('',*,*,#1539,.F.);
#980=ORIENTED_EDGE('',*,*,#1894,.F.);
#981=ORIENTED_EDGE('',*,*,#1574,.F.);
#982=ORIENTED_EDGE('',*,*,#1897,.T.);
#983=ORIENTED_EDGE('',*,*,#1541,.F.);
#984=ORIENTED_EDGE('',*,*,#1898,.F.);
#985=ORIENTED_EDGE('',*,*,#1573,.F.);
#986=ORIENTED_EDGE('',*,*,#1597,.T.);
#987=ORIENTED_EDGE('',*,*,#1899,.T.);
#988=ORIENTED_EDGE('',*,*,#1542,.F.);
#989=ORIENTED_EDGE('',*,*,#1897,.F.);
#990=ORIENTED_EDGE('',*,*,#1569,.F.);
#991=ORIENTED_EDGE('',*,*,#1900,.T.);
#992=ORIENTED_EDGE('',*,*,#1890,.F.);
#993=ORIENTED_EDGE('',*,*,#1551,.F.);
#994=ORIENTED_EDGE('',*,*,#1901,.F.);
#995=ORIENTED_EDGE('',*,*,#1570,.F.);
#996=ORIENTED_EDGE('',*,*,#1901,.T.);
#997=ORIENTED_EDGE('',*,*,#1550,.F.);
#998=ORIENTED_EDGE('',*,*,#1902,.F.);
#999=ORIENTED_EDGE('',*,*,#1572,.F.);
#1000=ORIENTED_EDGE('',*,*,#1903,.T.);
#1001=ORIENTED_EDGE('',*,*,#1548,.F.);
#1002=ORIENTED_EDGE('',*,*,#1904,.F.);
#1003=ORIENTED_EDGE('',*,*,#1566,.F.);
#1004=ORIENTED_EDGE('',*,*,#1904,.T.);
#1005=ORIENTED_EDGE('',*,*,#1547,.F.);
#1006=ORIENTED_EDGE('',*,*,#1905,.F.);
#1007=ORIENTED_EDGE('',*,*,#1613,.F.);
#1008=ORIENTED_EDGE('',*,*,#1594,.F.);
#1009=ORIENTED_EDGE('',*,*,#1583,.T.);
#1010=ORIENTED_EDGE('',*,*,#1589,.T.);
#1011=ORIENTED_EDGE('',*,*,#1644,.F.);
#1012=ORIENTED_EDGE('',*,*,#1896,.F.);
#1013=ORIENTED_EDGE('',*,*,#1575,.T.);
#1014=ORIENTED_EDGE('',*,*,#1898,.T.);
#1015=ORIENTED_EDGE('',*,*,#1540,.F.);
#1016=ORIENTED_EDGE('',*,*,#1607,.F.);
#1017=ORIENTED_EDGE('',*,*,#1612,.T.);
#1018=ORIENTED_EDGE('',*,*,#1666,.T.);
#1019=ORIENTED_EDGE('',*,*,#1601,.F.);
#1020=ORIENTED_EDGE('',*,*,#1903,.F.);
#1021=ORIENTED_EDGE('',*,*,#1571,.T.);
#1022=ORIENTED_EDGE('',*,*,#1902,.T.);
#1023=ORIENTED_EDGE('',*,*,#1549,.F.);
#1024=ORIENTED_EDGE('',*,*,#1560,.T.);
#1025=ORIENTED_EDGE('',*,*,#1873,.F.);
#1026=ORIENTED_EDGE('',*,*,#1553,.T.);
#1027=ORIENTED_EDGE('',*,*,#1906,.T.);
#1028=ORIENTED_EDGE('',*,*,#1907,.F.);
#1029=ORIENTED_EDGE('',*,*,#1846,.F.);
#1030=ORIENTED_EDGE('',*,*,#1888,.F.);
#1031=ORIENTED_EDGE('',*,*,#1420,.F.);
#1032=ORIENTED_EDGE('',*,*,#1450,.T.);
#1033=ORIENTED_EDGE('',*,*,#1645,.F.);
#1034=ORIENTED_EDGE('',*,*,#1893,.F.);
#1035=ORIENTED_EDGE('',*,*,#1895,.T.);
#1036=ORIENTED_EDGE('',*,*,#1544,.F.);
#1037=ORIENTED_EDGE('',*,*,#1563,.F.);
#1038=ORIENTED_EDGE('',*,*,#1557,.F.);
#1039=ORIENTED_EDGE('',*,*,#1908,.T.);
#1040=ORIENTED_EDGE('',*,*,#1850,.F.);
#1041=ORIENTED_EDGE('',*,*,#1874,.F.);
#1042=ORIENTED_EDGE('',*,*,#1891,.T.);
#1043=ORIENTED_EDGE('',*,*,#1900,.F.);
#1044=ORIENTED_EDGE('',*,*,#1568,.F.);
#1045=ORIENTED_EDGE('',*,*,#1677,.F.);
#1046=ORIENTED_EDGE('',*,*,#1857,.T.);
#1047=ORIENTED_EDGE('',*,*,#1654,.T.);
#1048=ORIENTED_EDGE('',*,*,#1905,.T.);
#1049=ORIENTED_EDGE('',*,*,#1546,.T.);
#1050=ORIENTED_EDGE('',*,*,#1889,.T.);
#1051=ORIENTED_EDGE('',*,*,#1886,.T.);
#1052=ORIENTED_EDGE('',*,*,#1866,.T.);
#1053=ORIENTED_EDGE('',*,*,#1847,.T.);
#1054=ORIENTED_EDGE('',*,*,#1907,.T.);
#1055=ORIENTED_EDGE('',*,*,#1543,.T.);
#1056=ORIENTED_EDGE('',*,*,#1899,.F.);
#1057=ORIENTED_EDGE('',*,*,#1811,.F.);
#1058=ORIENTED_EDGE('',*,*,#1808,.F.);
#1059=ORIENTED_EDGE('',*,*,#1805,.F.);
#1060=ORIENTED_EDGE('',*,*,#1775,.F.);
#1061=ORIENTED_EDGE('',*,*,#1871,.T.);
#1062=ORIENTED_EDGE('',*,*,#1909,.F.);
#1063=ORIENTED_EDGE('',*,*,#1910,.F.);
#1064=ORIENTED_EDGE('',*,*,#1825,.T.);
#1065=ORIENTED_EDGE('',*,*,#1911,.T.);
#1066=ORIENTED_EDGE('',*,*,#1912,.T.);
#1067=ORIENTED_EDGE('',*,*,#1913,.T.);
#1068=ORIENTED_EDGE('',*,*,#1724,.F.);
#1069=ORIENTED_EDGE('',*,*,#1914,.F.);
#1070=ORIENTED_EDGE('',*,*,#1915,.F.);
#1071=ORIENTED_EDGE('',*,*,#1824,.T.);
#1072=ORIENTED_EDGE('',*,*,#1916,.T.);
#1073=ORIENTED_EDGE('',*,*,#1720,.F.);
#1074=ORIENTED_EDGE('',*,*,#1917,.T.);
#1075=ORIENTED_EDGE('',*,*,#1918,.T.);
#1076=ORIENTED_EDGE('',*,*,#1919,.F.);
#1077=ORIENTED_EDGE('',*,*,#1822,.T.);
#1078=ORIENTED_EDGE('',*,*,#1920,.F.);
#1079=ORIENTED_EDGE('',*,*,#1921,.F.);
#1080=ORIENTED_EDGE('',*,*,#1922,.F.);
#1081=ORIENTED_EDGE('',*,*,#1823,.T.);
#1082=ORIENTED_EDGE('',*,*,#1718,.F.);
#1083=ORIENTED_EDGE('',*,*,#1923,.T.);
#1084=ORIENTED_EDGE('',*,*,#1924,.T.);
#1085=ORIENTED_EDGE('',*,*,#1722,.F.);
#1086=ORIENTED_EDGE('',*,*,#1915,.T.);
#1087=ORIENTED_EDGE('',*,*,#1925,.T.);
#1088=ORIENTED_EDGE('',*,*,#1918,.F.);
#1089=ORIENTED_EDGE('',*,*,#1926,.T.);
#1090=ORIENTED_EDGE('',*,*,#1909,.T.);
#1091=ORIENTED_EDGE('',*,*,#1919,.T.);
#1092=ORIENTED_EDGE('',*,*,#1927,.T.);
#1093=ORIENTED_EDGE('',*,*,#1912,.F.);
#1094=ORIENTED_EDGE('',*,*,#1928,.T.);
#1095=ORIENTED_EDGE('',*,*,#1921,.T.);
#1096=ORIENTED_EDGE('',*,*,#1920,.T.);
#1097=ORIENTED_EDGE('',*,*,#1910,.T.);
#1098=ORIENTED_EDGE('',*,*,#1926,.F.);
#1099=ORIENTED_EDGE('',*,*,#1917,.F.);
#1100=ORIENTED_EDGE('',*,*,#1719,.F.);
#1101=ORIENTED_EDGE('',*,*,#1923,.F.);
#1102=ORIENTED_EDGE('',*,*,#1717,.T.);
#1103=ORIENTED_EDGE('',*,*,#1913,.F.);
#1104=ORIENTED_EDGE('',*,*,#1927,.F.);
#1105=ORIENTED_EDGE('',*,*,#1922,.T.);
#1106=ORIENTED_EDGE('',*,*,#1928,.F.);
#1107=ORIENTED_EDGE('',*,*,#1911,.F.);
#1108=ORIENTED_EDGE('',*,*,#1723,.F.);
#1109=ORIENTED_EDGE('',*,*,#1924,.F.);
#1110=ORIENTED_EDGE('',*,*,#1721,.T.);
#1111=ORIENTED_EDGE('',*,*,#1916,.F.);
#1112=ORIENTED_EDGE('',*,*,#1925,.F.);
#1113=ORIENTED_EDGE('',*,*,#1914,.T.);
#1114=ORIENTED_EDGE('',*,*,#1929,.F.);
#1115=ORIENTED_EDGE('',*,*,#1930,.F.);
#1116=ORIENTED_EDGE('',*,*,#1829,.T.);
#1117=ORIENTED_EDGE('',*,*,#1931,.T.);
#1118=ORIENTED_EDGE('',*,*,#1932,.T.);
#1119=ORIENTED_EDGE('',*,*,#1933,.T.);
#1120=ORIENTED_EDGE('',*,*,#1716,.F.);
#1121=ORIENTED_EDGE('',*,*,#1934,.F.);
#1122=ORIENTED_EDGE('',*,*,#1935,.F.);
#1123=ORIENTED_EDGE('',*,*,#1828,.T.);
#1124=ORIENTED_EDGE('',*,*,#1936,.T.);
#1125=ORIENTED_EDGE('',*,*,#1712,.F.);
#1126=ORIENTED_EDGE('',*,*,#1937,.T.);
#1127=ORIENTED_EDGE('',*,*,#1938,.T.);
#1128=ORIENTED_EDGE('',*,*,#1939,.F.);
#1129=ORIENTED_EDGE('',*,*,#1826,.T.);
#1130=ORIENTED_EDGE('',*,*,#1940,.F.);
#1131=ORIENTED_EDGE('',*,*,#1941,.F.);
#1132=ORIENTED_EDGE('',*,*,#1942,.F.);
#1133=ORIENTED_EDGE('',*,*,#1827,.T.);
#1134=ORIENTED_EDGE('',*,*,#1710,.F.);
#1135=ORIENTED_EDGE('',*,*,#1943,.T.);
#1136=ORIENTED_EDGE('',*,*,#1944,.T.);
#1137=ORIENTED_EDGE('',*,*,#1714,.F.);
#1138=ORIENTED_EDGE('',*,*,#1935,.T.);
#1139=ORIENTED_EDGE('',*,*,#1945,.T.);
#1140=ORIENTED_EDGE('',*,*,#1938,.F.);
#1141=ORIENTED_EDGE('',*,*,#1946,.T.);
#1142=ORIENTED_EDGE('',*,*,#1929,.T.);
#1143=ORIENTED_EDGE('',*,*,#1939,.T.);
#1144=ORIENTED_EDGE('',*,*,#1947,.T.);
#1145=ORIENTED_EDGE('',*,*,#1932,.F.);
#1146=ORIENTED_EDGE('',*,*,#1948,.T.);
#1147=ORIENTED_EDGE('',*,*,#1941,.T.);
#1148=ORIENTED_EDGE('',*,*,#1940,.T.);
#1149=ORIENTED_EDGE('',*,*,#1930,.T.);
#1150=ORIENTED_EDGE('',*,*,#1946,.F.);
#1151=ORIENTED_EDGE('',*,*,#1937,.F.);
#1152=ORIENTED_EDGE('',*,*,#1711,.F.);
#1153=ORIENTED_EDGE('',*,*,#1943,.F.);
#1154=ORIENTED_EDGE('',*,*,#1709,.T.);
#1155=ORIENTED_EDGE('',*,*,#1933,.F.);
#1156=ORIENTED_EDGE('',*,*,#1947,.F.);
#1157=ORIENTED_EDGE('',*,*,#1942,.T.);
#1158=ORIENTED_EDGE('',*,*,#1948,.F.);
#1159=ORIENTED_EDGE('',*,*,#1931,.F.);
#1160=ORIENTED_EDGE('',*,*,#1715,.F.);
#1161=ORIENTED_EDGE('',*,*,#1944,.F.);
#1162=ORIENTED_EDGE('',*,*,#1713,.T.);
#1163=ORIENTED_EDGE('',*,*,#1936,.F.);
#1164=ORIENTED_EDGE('',*,*,#1945,.F.);
#1165=ORIENTED_EDGE('',*,*,#1934,.T.);
#1166=ORIENTED_EDGE('',*,*,#1528,.F.);
#1167=ORIENTED_EDGE('',*,*,#1628,.F.);
#1168=ORIENTED_EDGE('',*,*,#1524,.T.);
#1169=ORIENTED_EDGE('',*,*,#1627,.F.);
#1170=ORIENTED_EDGE('',*,*,#1636,.T.);
#1171=ORIENTED_EDGE('',*,*,#1861,.F.);
#1172=ORIENTED_EDGE('',*,*,#1851,.F.);
#1173=ORIENTED_EDGE('',*,*,#1908,.F.);
#1174=ORIENTED_EDGE('',*,*,#1561,.F.);
#1175=ORIENTED_EDGE('',*,*,#1906,.F.);
#1176=ORIENTED_EDGE('',*,*,#1552,.T.);
#1177=ORIENTED_EDGE('',*,*,#1854,.F.);
#1178=ORIENTED_EDGE('',*,*,#1535,.F.);
#1179=ORIENTED_EDGE('',*,*,#1626,.F.);
#1180=ORIENTED_EDGE('',*,*,#1531,.T.);
#1181=ORIENTED_EDGE('',*,*,#1511,.F.);
#1182=ORIENTED_EDGE('',*,*,#1661,.T.);
#1183=ORIENTED_EDGE('',*,*,#1513,.T.);
#1184=ORIENTED_EDGE('',*,*,#1660,.T.);
#1185=ORIENTED_EDGE('',*,*,#1681,.F.);
#1186=ORIENTED_EDGE('',*,*,#1760,.T.);
#1187=ORIENTED_EDGE('',*,*,#1762,.T.);
#1188=ORIENTED_EDGE('',*,*,#1858,.T.);
#1189=ORIENTED_EDGE('',*,*,#1518,.F.);
#1190=ORIENTED_EDGE('',*,*,#1659,.T.);
#1191=ORIENTED_EDGE('',*,*,#1520,.T.);
#1192=ORIENTED_EDGE('',*,*,#1501,.F.);
#1193=ORIENTED_EDGE('',*,*,#1949,.T.);
#1194=ORIENTED_EDGE('',*,*,#1505,.T.);
#1195=ORIENTED_EDGE('',*,*,#1481,.F.);
#1196=ORIENTED_EDGE('',*,*,#1489,.F.);
#1197=ORIENTED_EDGE('',*,*,#1490,.T.);
#1198=ORIENTED_EDGE('',*,*,#1506,.F.);
#1199=ORIENTED_EDGE('',*,*,#1949,.F.);
#1200=ORIENTED_EDGE('',*,*,#1504,.F.);
#1201=ORIENTED_EDGE('',*,*,#1950,.T.);
#1202=ORIENTED_EDGE('',*,*,#1507,.F.);
#1203=ORIENTED_EDGE('',*,*,#1950,.F.);
#1204=ORIENTED_EDGE('',*,*,#1503,.T.);
#1205=ORIENTED_EDGE('',*,*,#1684,.F.);
#1206=ORIENTED_EDGE('',*,*,#1951,.F.);
#1207=ORIENTED_EDGE('',*,*,#1687,.F.);
#1208=ORIENTED_EDGE('',*,*,#1952,.T.);
#1209=ORIENTED_EDGE('',*,*,#1692,.F.);
#1210=ORIENTED_EDGE('',*,*,#1485,.F.);
#1211=ORIENTED_EDGE('',*,*,#1464,.F.);
#1212=ORIENTED_EDGE('',*,*,#1953,.T.);
#1213=ORIENTED_EDGE('',*,*,#1479,.F.);
#1214=ORIENTED_EDGE('',*,*,#1476,.F.);
#1215=ORIENTED_EDGE('',*,*,#1954,.T.);
#1216=ORIENTED_EDGE('',*,*,#1499,.F.);
#1217=ORIENTED_EDGE('',*,*,#1955,.T.);
#1218=ORIENTED_EDGE('',*,*,#1497,.T.);
#1219=ORIENTED_EDGE('',*,*,#1706,.F.);
#1220=ORIENTED_EDGE('',*,*,#1466,.F.);
#1221=ORIENTED_EDGE('',*,*,#1696,.F.);
#1222=ORIENTED_EDGE('',*,*,#1956,.F.);
#1223=ORIENTED_EDGE('',*,*,#1700,.F.);
#1224=ORIENTED_EDGE('',*,*,#1703,.F.);
#1225=ORIENTED_EDGE('',*,*,#1957,.F.);
#1226=ORIENTED_EDGE('',*,*,#1494,.F.);
#1227=ORIENTED_EDGE('',*,*,#1958,.T.);
#1228=ORIENTED_EDGE('',*,*,#1492,.T.);
#1229=ORIENTED_EDGE('',*,*,#1493,.F.);
#1230=ORIENTED_EDGE('',*,*,#1958,.F.);
#1231=ORIENTED_EDGE('',*,*,#1495,.F.);
#1232=ORIENTED_EDGE('',*,*,#1391,.F.);
#1233=ORIENTED_EDGE('',*,*,#1498,.F.);
#1234=ORIENTED_EDGE('',*,*,#1955,.F.);
#1235=ORIENTED_EDGE('',*,*,#1500,.F.);
#1236=ORIENTED_EDGE('',*,*,#1388,.F.);
#1237=ORIENTED_EDGE('',*,*,#1483,.T.);
#1238=ORIENTED_EDGE('',*,*,#1959,.F.);
#1239=ORIENTED_EDGE('',*,*,#1426,.T.);
#1240=ORIENTED_EDGE('',*,*,#1690,.F.);
#1241=ORIENTED_EDGE('',*,*,#1960,.T.);
#1242=ORIENTED_EDGE('',*,*,#1486,.F.);
#1243=ORIENTED_EDGE('',*,*,#1691,.T.);
#1244=ORIENTED_EDGE('',*,*,#1469,.F.);
#1245=ORIENTED_EDGE('',*,*,#1468,.T.);
#1246=ORIENTED_EDGE('',*,*,#1427,.F.);
#1247=ORIENTED_EDGE('',*,*,#1959,.T.);
#1248=ORIENTED_EDGE('',*,*,#1487,.T.);
#1249=ORIENTED_EDGE('',*,*,#1960,.F.);
#1250=ORIENTED_EDGE('',*,*,#1694,.T.);
#1251=ORIENTED_EDGE('',*,*,#1413,.T.);
#1252=ORIENTED_EDGE('',*,*,#1705,.T.);
#1253=ORIENTED_EDGE('',*,*,#1961,.T.);
#1254=ORIENTED_EDGE('',*,*,#1701,.F.);
#1255=ORIENTED_EDGE('',*,*,#1698,.F.);
#1256=ORIENTED_EDGE('',*,*,#1962,.T.);
#1257=ORIENTED_EDGE('',*,*,#1961,.F.);
#1258=ORIENTED_EDGE('',*,*,#1704,.T.);
#1259=ORIENTED_EDGE('',*,*,#1957,.T.);
#1260=ORIENTED_EDGE('',*,*,#1702,.F.);
#1261=ORIENTED_EDGE('',*,*,#1956,.T.);
#1262=ORIENTED_EDGE('',*,*,#1695,.F.);
#1263=ORIENTED_EDGE('',*,*,#1962,.F.);
#1264=ORIENTED_EDGE('',*,*,#1697,.F.);
#1265=ORIENTED_EDGE('',*,*,#1477,.T.);
#1266=ORIENTED_EDGE('',*,*,#1953,.F.);
#1267=ORIENTED_EDGE('',*,*,#1463,.F.);
#1268=ORIENTED_EDGE('',*,*,#1963,.T.);
#1269=ORIENTED_EDGE('',*,*,#1475,.T.);
#1270=ORIENTED_EDGE('',*,*,#1964,.T.);
#1271=ORIENTED_EDGE('',*,*,#1693,.T.);
#1272=ORIENTED_EDGE('',*,*,#1954,.F.);
#1273=ORIENTED_EDGE('',*,*,#1964,.F.);
#1274=ORIENTED_EDGE('',*,*,#1474,.F.);
#1275=ORIENTED_EDGE('',*,*,#1478,.F.);
#1276=ORIENTED_EDGE('',*,*,#1963,.F.);
#1277=ORIENTED_EDGE('',*,*,#1462,.F.);
#1278=ORIENTED_EDGE('',*,*,#1484,.T.);
#1279=ORIENTED_EDGE('',*,*,#1689,.F.);
#1280=ORIENTED_EDGE('',*,*,#1457,.F.);
#1281=ORIENTED_EDGE('',*,*,#1685,.T.);
#1282=ORIENTED_EDGE('',*,*,#1952,.F.);
#1283=ORIENTED_EDGE('',*,*,#1686,.F.);
#1284=ORIENTED_EDGE('',*,*,#1459,.T.);
#1285=ORIENTED_EDGE('',*,*,#1688,.T.);
#1286=ORIENTED_EDGE('',*,*,#1951,.T.);
#1287=ORIENTED_EDGE('',*,*,#1683,.F.);
#1288=ORIENTED_EDGE('',*,*,#1965,.T.);
#1289=ORIENTED_EDGE('',*,*,#1966,.F.);
#1290=ORIENTED_EDGE('',*,*,#1399,.T.);
#1291=ORIENTED_EDGE('',*,*,#1967,.T.);
#1292=ORIENTED_EDGE('',*,*,#1968,.F.);
#1293=ORIENTED_EDGE('',*,*,#1445,.T.);
#1294=ORIENTED_EDGE('',*,*,#1968,.T.);
#1295=ORIENTED_EDGE('',*,*,#1969,.F.);
#1296=ORIENTED_EDGE('',*,*,#1970,.F.);
#1297=ORIENTED_EDGE('',*,*,#1446,.F.);
#1298=ORIENTED_EDGE('',*,*,#1969,.T.);
#1299=ORIENTED_EDGE('',*,*,#1967,.F.);
#1300=ORIENTED_EDGE('',*,*,#1398,.F.);
#1301=ORIENTED_EDGE('',*,*,#1971,.T.);
#1302=ORIENTED_EDGE('',*,*,#1439,.T.);
#1303=ORIENTED_EDGE('',*,*,#1972,.T.);
#1304=ORIENTED_EDGE('',*,*,#1973,.T.);
#1305=ORIENTED_EDGE('',*,*,#1965,.F.);
#1306=ORIENTED_EDGE('',*,*,#1444,.T.);
#1307=ORIENTED_EDGE('',*,*,#1971,.F.);
#1308=ORIENTED_EDGE('',*,*,#1397,.F.);
#1309=ORIENTED_EDGE('',*,*,#1974,.F.);
#1310=ORIENTED_EDGE('',*,*,#1972,.F.);
#1311=ORIENTED_EDGE('',*,*,#1443,.F.);
#1312=ORIENTED_EDGE('',*,*,#1970,.T.);
#1313=ORIENTED_EDGE('',*,*,#1437,.T.);
#1314=ORIENTED_EDGE('',*,*,#1975,.T.);
#1315=ORIENTED_EDGE('',*,*,#1976,.F.);
#1316=ORIENTED_EDGE('',*,*,#1440,.F.);
#1317=ORIENTED_EDGE('',*,*,#1974,.T.);
#1318=ORIENTED_EDGE('',*,*,#1396,.T.);
#1319=ORIENTED_EDGE('',*,*,#1966,.T.);
#1320=ORIENTED_EDGE('',*,*,#1973,.F.);
#1321=ORIENTED_EDGE('',*,*,#1438,.T.);
#1322=ORIENTED_EDGE('',*,*,#1976,.T.);
#1323=ORIENTED_EDGE('',*,*,#1977,.T.);
#1324=ORIENTED_EDGE('',*,*,#1432,.F.);
#1325=ORIENTED_EDGE('',*,*,#1977,.F.);
#1326=ORIENTED_EDGE('',*,*,#1975,.F.);
#1327=ORIENTED_EDGE('',*,*,#1436,.T.);
#1328=ORIENTED_EDGE('',*,*,#1430,.T.);
#1329=ORIENTED_EDGE('',*,*,#1836,.T.);
#1330=ORIENTED_EDGE('',*,*,#1978,.T.);
#1331=ORIENTED_EDGE('',*,*,#1386,.F.);
#1332=ORIENTED_EDGE('',*,*,#1435,.T.);
#1333=ORIENTED_EDGE('',*,*,#1978,.F.);
#1334=ORIENTED_EDGE('',*,*,#1837,.F.);
#1335=ORIENTED_EDGE('',*,*,#1433,.T.);
#1336=ORIENTED_EDGE('',*,*,#1384,.T.);
#1337=ORIENTED_EDGE('',*,*,#1581,.F.);
#1338=ORIENTED_EDGE('',*,*,#1642,.F.);
#1339=ORIENTED_EDGE('',*,*,#1643,.F.);
#1340=ORIENTED_EDGE('',*,*,#1587,.F.);
#1341=ORIENTED_EDGE('',*,*,#1602,.F.);
#1342=ORIENTED_EDGE('',*,*,#1599,.F.);
#1343=ORIENTED_EDGE('',*,*,#1665,.F.);
#1344=ORIENTED_EDGE('',*,*,#1669,.F.);
#1345=ORIENTED_EDGE('',*,*,#1979,.F.);
#1346=ORIENTED_EDGE('',*,*,#1980,.T.);
#1347=ORIENTED_EDGE('',*,*,#1875,.T.);
#1348=ORIENTED_EDGE('',*,*,#1410,.F.);
#1349=ORIENTED_EDGE('',*,*,#1400,.T.);
#1350=ORIENTED_EDGE('',*,*,#1981,.T.);
#1351=ORIENTED_EDGE('',*,*,#1982,.T.);
#1352=ORIENTED_EDGE('',*,*,#1979,.T.);
#1353=ORIENTED_EDGE('',*,*,#1409,.T.);
#1354=ORIENTED_EDGE('',*,*,#1983,.T.);
#1355=ORIENTED_EDGE('',*,*,#1984,.T.);
#1356=ORIENTED_EDGE('',*,*,#1985,.F.);
#1357=ORIENTED_EDGE('',*,*,#1986,.F.);
#1358=ORIENTED_EDGE('',*,*,#1405,.T.);
#1359=ORIENTED_EDGE('',*,*,#1865,.F.);
#1360=ORIENTED_EDGE('',*,*,#1880,.T.);
#1361=ORIENTED_EDGE('',*,*,#1987,.T.);
#1362=ORIENTED_EDGE('',*,*,#1983,.F.);
#1363=ORIENTED_EDGE('',*,*,#1408,.T.);
#1364=ORIENTED_EDGE('',*,*,#1881,.F.);
#1365=ORIENTED_EDGE('',*,*,#1406,.F.);
#1366=ORIENTED_EDGE('',*,*,#1986,.T.);
#1367=ORIENTED_EDGE('',*,*,#1988,.T.);
#1368=ORIENTED_EDGE('',*,*,#1877,.T.);
#1369=ORIENTED_EDGE('',*,*,#1989,.T.);
#1370=ORIENTED_EDGE('',*,*,#1981,.F.);
#1371=ORIENTED_EDGE('',*,*,#1869,.T.);
#1372=ORIENTED_EDGE('',*,*,#1985,.T.);
#1373=ORIENTED_EDGE('',*,*,#1990,.T.);
#1374=ORIENTED_EDGE('',*,*,#1882,.F.);
#1375=ORIENTED_EDGE('',*,*,#1988,.F.);
#1376=ORIENTED_EDGE('',*,*,#1984,.F.);
#1377=ORIENTED_EDGE('',*,*,#1987,.F.);
#1378=ORIENTED_EDGE('',*,*,#1883,.F.);
#1379=ORIENTED_EDGE('',*,*,#1990,.F.);
#1380=ORIENTED_EDGE('',*,*,#1982,.F.);
#1381=ORIENTED_EDGE('',*,*,#1989,.F.);
#1382=ORIENTED_EDGE('',*,*,#1876,.F.);
#1383=ORIENTED_EDGE('',*,*,#1980,.F.);
#1384=EDGE_CURVE('',#1991,#1992,#2400,.T.);
#1385=EDGE_CURVE('',#1993,#1991,#83,.T.);
#1386=EDGE_CURVE('',#1993,#1992,#2401,.T.);
#1387=EDGE_CURVE('',#1994,#1995,#2402,.T.);
#1388=EDGE_CURVE('',#1994,#1996,#84,.T.);
#1389=EDGE_CURVE('',#1996,#1995,#2403,.T.);
#1390=EDGE_CURVE('',#1997,#1998,#2404,.T.);
#1391=EDGE_CURVE('',#1997,#1999,#85,.T.);
#1392=EDGE_CURVE('',#1999,#1998,#2405,.T.);
#1393=EDGE_CURVE('',#2000,#2001,#2406,.T.);
#1394=EDGE_CURVE('',#2002,#2000,#86,.T.);
#1395=EDGE_CURVE('',#2002,#2001,#2407,.T.);
#1396=EDGE_CURVE('',#2003,#2004,#2408,.T.);
#1397=EDGE_CURVE('',#2003,#2005,#2409,.T.);
#1398=EDGE_CURVE('',#2005,#2006,#2410,.T.);
#1399=EDGE_CURVE('',#2004,#2006,#2411,.T.);
#1400=EDGE_CURVE('',#2007,#2008,#2412,.T.);
#1401=EDGE_CURVE('',#2007,#2009,#2413,.T.);
#1402=EDGE_CURVE('',#2009,#2010,#2414,.T.);
#1403=EDGE_CURVE('',#2010,#2011,#2415,.T.);
#1404=EDGE_CURVE('',#2012,#2011,#2416,.T.);
#1405=EDGE_CURVE('',#2013,#2012,#2417,.T.);
#1406=EDGE_CURVE('',#2013,#2014,#2418,.T.);
#1407=EDGE_CURVE('',#2014,#2015,#2419,.T.);
#1408=EDGE_CURVE('',#2016,#2015,#2420,.T.);
#1409=EDGE_CURVE('',#2008,#2016,#2421,.T.);
#1410=EDGE_CURVE('',#2007,#2017,#2422,.T.);
#1411=EDGE_CURVE('',#2018,#2017,#2423,.T.);
#1412=EDGE_CURVE('',#2009,#2018,#2424,.T.);
#1413=EDGE_CURVE('',#2019,#2020,#2425,.T.);
#1414=EDGE_CURVE('',#2019,#2021,#2426,.T.);
#1415=EDGE_CURVE('',#2021,#2022,#2427,.T.);
#1416=EDGE_CURVE('',#2022,#2023,#2428,.T.);
#1417=EDGE_CURVE('',#2023,#2024,#2429,.T.);
#1418=EDGE_CURVE('',#2024,#2025,#2430,.T.);
#1419=EDGE_CURVE('',#2026,#2025,#87,.T.);
#1420=EDGE_CURVE('',#2026,#2027,#2431,.T.);
#1421=EDGE_CURVE('',#2027,#2028,#2432,.T.);
#1422=EDGE_CURVE('',#2029,#2028,#2433,.T.);
#1423=EDGE_CURVE('',#2030,#2029,#2434,.T.);
#1424=EDGE_CURVE('',#2030,#2031,#2435,.T.);
#1425=EDGE_CURVE('',#2032,#2031,#2436,.T.);
#1426=EDGE_CURVE('',#2033,#2032,#2437,.T.);
#1427=EDGE_CURVE('',#2033,#2034,#2438,.T.);
#1428=EDGE_CURVE('',#2034,#2035,#2439,.T.);
#1429=EDGE_CURVE('',#2020,#2035,#2440,.T.);
#1430=EDGE_CURVE('',#2036,#2037,#2441,.T.);
#1431=EDGE_CURVE('',#2038,#2036,#88,.T.);
#1432=EDGE_CURVE('',#2038,#2037,#2442,.T.);
#1433=EDGE_CURVE('',#2039,#1991,#2443,.T.);
#1434=EDGE_CURVE('',#2040,#2039,#89,.F.);
#1435=EDGE_CURVE('',#1993,#2040,#2444,.T.);
#1436=EDGE_CURVE('',#2041,#2036,#2445,.T.);
#1437=EDGE_CURVE('',#2042,#2041,#90,.T.);
#1438=EDGE_CURVE('',#2038,#2042,#2446,.T.);
#1439=EDGE_CURVE('',#2043,#2043,#91,.T.);
#1440=EDGE_CURVE('',#2044,#2044,#92,.T.);
#1441=EDGE_CURVE('',#2045,#2045,#93,.T.);
#1442=EDGE_CURVE('',#2046,#2046,#94,.T.);
#1443=EDGE_CURVE('',#2047,#2048,#95,.T.);
#1444=EDGE_CURVE('',#2049,#2048,#2447,.T.);
#1445=EDGE_CURVE('',#2050,#2049,#96,.T.);
#1446=EDGE_CURVE('',#2050,#2047,#2448,.T.);
#1447=EDGE_CURVE('',#2051,#2051,#24,.T.);
#1448=EDGE_CURVE('',#2052,#2052,#25,.T.);
#1449=EDGE_CURVE('',#2025,#2053,#18,.T.);
#1450=EDGE_CURVE('',#2026,#2053,#19,.T.);
#1451=EDGE_CURVE('',#2054,#2054,#26,.T.);
#1452=EDGE_CURVE('',#2055,#2055,#27,.T.);
#1453=EDGE_CURVE('',#2056,#2057,#97,.T.);
#1454=EDGE_CURVE('',#2058,#2057,#20,.T.);
#1455=EDGE_CURVE('',#2058,#2059,#98,.T.);
#1456=EDGE_CURVE('',#2056,#2059,#21,.T.);
#1457=EDGE_CURVE('',#2060,#2061,#2449,.T.);
#1458=EDGE_CURVE('',#2062,#2061,#99,.T.);
#1459=EDGE_CURVE('',#2063,#2062,#2450,.T.);
#1460=EDGE_CURVE('',#2060,#2063,#100,.T.);
#1461=EDGE_CURVE('',#2064,#2065,#2451,.F.);
#1462=EDGE_CURVE('',#2065,#2066,#2452,.T.);
#1463=EDGE_CURVE('',#2066,#2067,#2453,.T.);
#1464=EDGE_CURVE('',#2067,#2064,#2454,.T.);
#1465=EDGE_CURVE('',#2021,#2068,#2455,.T.);
#1466=EDGE_CURVE('',#2068,#2069,#2456,.T.);
#1467=EDGE_CURVE('',#2069,#2035,#2457,.T.);
#1468=EDGE_CURVE('',#2070,#2034,#2458,.T.);
#1469=EDGE_CURVE('',#2070,#2071,#2459,.T.);
#1470=EDGE_CURVE('',#2031,#2071,#2460,.T.);
#1471=EDGE_CURVE('',#2030,#2011,#2461,.T.);
#1472=EDGE_CURVE('',#2010,#2022,#2462,.T.);
#1473=EDGE_CURVE('',#2072,#2073,#2463,.T.);
#1474=EDGE_CURVE('',#2072,#2074,#2464,.T.);
#1475=EDGE_CURVE('',#2075,#2074,#2465,.T.);
#1476=EDGE_CURVE('',#2075,#2073,#2466,.T.);
#1477=EDGE_CURVE('',#2076,#2077,#2467,.T.);
#1478=EDGE_CURVE('',#2076,#2072,#2468,.T.);
#1479=EDGE_CURVE('',#2073,#2077,#2469,.T.);
#1480=EDGE_CURVE('',#2078,#2000,#2470,.T.);
#1481=EDGE_CURVE('',#2078,#2079,#101,.T.);
#1482=EDGE_CURVE('',#2002,#2079,#2471,.T.);
#1483=EDGE_CURVE('',#2080,#2081,#102,.F.);
#1484=EDGE_CURVE('',#2065,#2080,#103,.F.);
#1485=EDGE_CURVE('',#2064,#2082,#104,.F.);
#1486=EDGE_CURVE('',#2082,#2083,#105,.F.);
#1487=EDGE_CURVE('',#2081,#2083,#2472,.T.);
#1488=EDGE_CURVE('',#2084,#2001,#2473,.T.);
#1489=EDGE_CURVE('',#2084,#2078,#2474,.T.);
#1490=EDGE_CURVE('',#2084,#2079,#2475,.T.);
#1491=EDGE_CURVE('',#2085,#1998,#2476,.T.);
#1492=EDGE_CURVE('',#2086,#2085,#2477,.T.);
#1493=EDGE_CURVE('',#2086,#1997,#2478,.T.);
#1494=EDGE_CURVE('',#2087,#2085,#2479,.T.);
#1495=EDGE_CURVE('',#1999,#2087,#2480,.T.);
#1496=EDGE_CURVE('',#2088,#1995,#2481,.T.);
#1497=EDGE_CURVE('',#2089,#2088,#2482,.T.);
#1498=EDGE_CURVE('',#2089,#1994,#2483,.T.);
#1499=EDGE_CURVE('',#2090,#2088,#2484,.T.);
#1500=EDGE_CURVE('',#1996,#2090,#2485,.T.);
#1501=EDGE_CURVE('',#2091,#2092,#2486,.T.);
#1502=EDGE_CURVE('',#2092,#2093,#2487,.T.);
#1503=EDGE_CURVE('',#2094,#2093,#2488,.T.);
#1504=EDGE_CURVE('',#2094,#2091,#2489,.T.);
#1505=EDGE_CURVE('',#2095,#2092,#2490,.T.);
#1506=EDGE_CURVE('',#2095,#2096,#2491,.T.);
#1507=EDGE_CURVE('',#2096,#2093,#2492,.T.);
#1508=EDGE_CURVE('',#2097,#2098,#2493,.T.);
#1509=EDGE_CURVE('',#2099,#2097,#2494,.T.);
#1510=EDGE_CURVE('',#2099,#2100,#2495,.T.);
#1511=EDGE_CURVE('',#2100,#2098,#2496,.T.);
#1512=EDGE_CURVE('',#2101,#2097,#2497,.T.);
#1513=EDGE_CURVE('',#2102,#2098,#2498,.T.);
#1514=EDGE_CURVE('',#2102,#2101,#2499,.T.);
#1515=EDGE_CURVE('',#2103,#2104,#2500,.T.);
#1516=EDGE_CURVE('',#2105,#2103,#2501,.T.);
#1517=EDGE_CURVE('',#2105,#2106,#2502,.T.);
#1518=EDGE_CURVE('',#2106,#2104,#2503,.T.);
#1519=EDGE_CURVE('',#2107,#2103,#2504,.T.);
#1520=EDGE_CURVE('',#2108,#2104,#2505,.T.);
#1521=EDGE_CURVE('',#2108,#2107,#2506,.T.);
#1522=EDGE_CURVE('',#2109,#2110,#2507,.T.);
#1523=EDGE_CURVE('',#2110,#2111,#2508,.T.);
#1524=EDGE_CURVE('',#2112,#2111,#2509,.T.);
#1525=EDGE_CURVE('',#2112,#2109,#2510,.T.);
#1526=EDGE_CURVE('',#2113,#2110,#2511,.T.);
#1527=EDGE_CURVE('',#2113,#2114,#2512,.T.);
#1528=EDGE_CURVE('',#2114,#2111,#2513,.T.);
#1529=EDGE_CURVE('',#2115,#2116,#2514,.T.);
#1530=EDGE_CURVE('',#2116,#2117,#2515,.T.);
#1531=EDGE_CURVE('',#2118,#2117,#2516,.T.);
#1532=EDGE_CURVE('',#2118,#2115,#2517,.T.);
#1533=EDGE_CURVE('',#2119,#2116,#2518,.T.);
#1534=EDGE_CURVE('',#2119,#2120,#2519,.T.);
#1535=EDGE_CURVE('',#2120,#2117,#2520,.T.);
#1536=EDGE_CURVE('',#2024,#2121,#2521,.T.);
#1537=EDGE_CURVE('',#2053,#2121,#2522,.T.);
#1538=EDGE_CURVE('',#2122,#2123,#2523,.T.);
#1539=EDGE_CURVE('',#2123,#2124,#2524,.T.);
#1540=EDGE_CURVE('',#2124,#2125,#2525,.T.);
#1541=EDGE_CURVE('',#2125,#2126,#2526,.T.);
#1542=EDGE_CURVE('',#2126,#2127,#2527,.T.);
#1543=EDGE_CURVE('',#2128,#2127,#2528,.T.);
#1544=EDGE_CURVE('',#2128,#2122,#2529,.T.);
#1545=EDGE_CURVE('',#2129,#2130,#2530,.T.);
#1546=EDGE_CURVE('',#2131,#2130,#2531,.T.);
#1547=EDGE_CURVE('',#2131,#2132,#2532,.T.);
#1548=EDGE_CURVE('',#2132,#2133,#2533,.T.);
#1549=EDGE_CURVE('',#2133,#2134,#2534,.T.);
#1550=EDGE_CURVE('',#2134,#2135,#2535,.T.);
#1551=EDGE_CURVE('',#2135,#2129,#2536,.T.);
#1552=EDGE_CURVE('',#2136,#2137,#2537,.T.);
#1553=EDGE_CURVE('',#2138,#2136,#2538,.T.);
#1554=EDGE_CURVE('',#2139,#2138,#2539,.T.);
#1555=EDGE_CURVE('',#2140,#2139,#2540,.T.);
#1556=EDGE_CURVE('',#2137,#2140,#2541,.T.);
#1557=EDGE_CURVE('',#2141,#2142,#2542,.T.);
#1558=EDGE_CURVE('',#2143,#2142,#2543,.T.);
#1559=EDGE_CURVE('',#2143,#2144,#2544,.T.);
#1560=EDGE_CURVE('',#2145,#2144,#2545,.T.);
#1561=EDGE_CURVE('',#2145,#2141,#2546,.T.);
#1562=EDGE_CURVE('',#2143,#2146,#2547,.T.);
#1563=EDGE_CURVE('',#2142,#2146,#2548,.T.);
#1564=EDGE_CURVE('',#2140,#2147,#2549,.T.);
#1565=EDGE_CURVE('',#2139,#2147,#2550,.T.);
#1566=EDGE_CURVE('',#2148,#2149,#2551,.T.);
#1567=EDGE_CURVE('',#2149,#2150,#2552,.T.);
#1568=EDGE_CURVE('',#2150,#2151,#2553,.T.);
#1569=EDGE_CURVE('',#2151,#2152,#2554,.T.);
#1570=EDGE_CURVE('',#2152,#2153,#2555,.T.);
#1571=EDGE_CURVE('',#2154,#2153,#2556,.T.);
#1572=EDGE_CURVE('',#2154,#2148,#2557,.T.);
#1573=EDGE_CURVE('',#2155,#2156,#2558,.T.);
#1574=EDGE_CURVE('',#2156,#2157,#2559,.T.);
#1575=EDGE_CURVE('',#2158,#2157,#2560,.T.);
#1576=EDGE_CURVE('',#2158,#2159,#2561,.T.);
#1577=EDGE_CURVE('',#2159,#2160,#2562,.T.);
#1578=EDGE_CURVE('',#2161,#2160,#2563,.T.);
#1579=EDGE_CURVE('',#2155,#2161,#2564,.T.);
#1580=EDGE_CURVE('',#2162,#2163,#2565,.T.);
#1581=EDGE_CURVE('',#2162,#2164,#22,.F.);
#1582=EDGE_CURVE('',#2165,#2164,#2566,.T.);
#1583=EDGE_CURVE('',#2166,#2165,#2567,.T.);
#1584=EDGE_CURVE('',#2167,#2166,#2568,.T.);
#1585=EDGE_CURVE('',#2168,#2167,#2569,.T.);
#1586=EDGE_CURVE('',#2163,#2168,#2570,.T.);
#1587=EDGE_CURVE('',#2164,#2169,#2571,.T.);
#1588=EDGE_CURVE('',#2170,#2169,#2572,.T.);
#1589=EDGE_CURVE('',#2165,#2170,#2573,.T.);
#1590=EDGE_CURVE('',#2171,#2172,#2574,.T.);
#1591=EDGE_CURVE('',#2168,#2171,#2575,.T.);
#1592=EDGE_CURVE('',#2167,#2172,#2576,.T.);
#1593=EDGE_CURVE('',#2172,#2173,#2577,.T.);
#1594=EDGE_CURVE('',#2166,#2173,#2578,.T.);
#1595=EDGE_CURVE('',#2161,#2174,#2579,.T.);
#1596=EDGE_CURVE('',#2175,#2174,#2580,.T.);
#1597=EDGE_CURVE('',#2155,#2175,#2581,.T.);
#1598=EDGE_CURVE('',#2176,#2177,#2582,.T.);
#1599=EDGE_CURVE('',#2177,#2178,#2583,.F.);
#1600=EDGE_CURVE('',#2179,#2178,#2584,.T.);
#1601=EDGE_CURVE('',#2179,#2176,#2585,.T.);
#1602=EDGE_CURVE('',#2178,#2180,#23,.F.);
#1603=EDGE_CURVE('',#2180,#2181,#2586,.T.);
#1604=EDGE_CURVE('',#2181,#2182,#2587,.T.);
#1605=EDGE_CURVE('',#2182,#2183,#2588,.T.);
#1606=EDGE_CURVE('',#2183,#2184,#2589,.T.);
#1607=EDGE_CURVE('',#2184,#2179,#2590,.T.);
#1608=EDGE_CURVE('',#2185,#2186,#2591,.T.);
#1609=EDGE_CURVE('',#2183,#2186,#2592,.T.);
#1610=EDGE_CURVE('',#2182,#2185,#2593,.T.);
#1611=EDGE_CURVE('',#2186,#2187,#2594,.T.);
#1612=EDGE_CURVE('',#2184,#2187,#2595,.T.);
#1613=EDGE_CURVE('',#2149,#2188,#2596,.T.);
#1614=EDGE_CURVE('',#2188,#2189,#2597,.T.);
#1615=EDGE_CURVE('',#2150,#2189,#2598,.T.);
#1616=EDGE_CURVE('',#2190,#2057,#2599,.T.);
#1617=EDGE_CURVE('',#2191,#2190,#2600,.T.);
#1618=EDGE_CURVE('',#2058,#2191,#2601,.T.);
#1619=EDGE_CURVE('',#2192,#2192,#106,.T.);
#1620=EDGE_CURVE('',#2193,#2194,#2602,.T.);
#1621=EDGE_CURVE('',#2194,#2195,#2603,.T.);
#1622=EDGE_CURVE('',#2196,#2195,#2604,.T.);
#1623=EDGE_CURVE('',#2196,#2193,#2605,.T.);
#1624=EDGE_CURVE('',#2115,#2119,#107,.T.);
#1625=EDGE_CURVE('',#2109,#2113,#108,.T.);
#1626=EDGE_CURVE('',#2118,#2120,#109,.T.);
#1627=EDGE_CURVE('',#2197,#2197,#110,.T.);
#1628=EDGE_CURVE('',#2112,#2114,#111,.T.);
#1629=EDGE_CURVE('',#2198,#2199,#2606,.T.);
#1630=EDGE_CURVE('',#2199,#2200,#2607,.T.);
#1631=EDGE_CURVE('',#2201,#2200,#2608,.T.);
#1632=EDGE_CURVE('',#2198,#2201,#2609,.T.);
#1633=EDGE_CURVE('',#2202,#2203,#2610,.T.);
#1634=EDGE_CURVE('',#2203,#2204,#2611,.T.);
#1635=EDGE_CURVE('',#2205,#2204,#2612,.T.);
#1636=EDGE_CURVE('',#2206,#2205,#2613,.T.);
#1637=EDGE_CURVE('',#2202,#2206,#2614,.T.);
#1638=EDGE_CURVE('',#2171,#2198,#2615,.T.);
#1639=EDGE_CURVE('',#2168,#2201,#2616,.T.);
#1640=EDGE_CURVE('',#2163,#2200,#2617,.T.);
#1641=EDGE_CURVE('',#2199,#2207,#2618,.T.);
#1642=EDGE_CURVE('',#2207,#2162,#2619,.F.);
#1643=EDGE_CURVE('',#2169,#2207,#112,.F.);
#1644=EDGE_CURVE('',#2173,#2170,#2620,.T.);
#1645=EDGE_CURVE('',#2208,#2053,#2621,.T.);
#1646=EDGE_CURVE('',#2196,#2121,#2622,.T.);
#1647=EDGE_CURVE('',#2195,#2208,#2623,.T.);
#1648=EDGE_CURVE('',#2203,#2174,#2624,.T.);
#1649=EDGE_CURVE('',#2209,#2161,#2625,.T.);
#1650=EDGE_CURVE('',#2204,#2209,#2626,.T.);
#1651=EDGE_CURVE('',#2193,#2023,#2627,.T.);
#1652=EDGE_CURVE('',#2210,#2210,#113,.T.);
#1653=EDGE_CURVE('',#2056,#2211,#2628,.T.);
#1654=EDGE_CURVE('',#2212,#2211,#2629,.T.);
#1655=EDGE_CURVE('',#2213,#2212,#2630,.T.);
#1656=EDGE_CURVE('',#2190,#2213,#2631,.T.);
#1657=EDGE_CURVE('',#2105,#2107,#114,.T.);
#1658=EDGE_CURVE('',#2099,#2101,#115,.T.);
#1659=EDGE_CURVE('',#2106,#2108,#116,.T.);
#1660=EDGE_CURVE('',#2214,#2214,#117,.T.);
#1661=EDGE_CURVE('',#2100,#2102,#118,.T.);
#1662=EDGE_CURVE('',#2191,#2215,#2632,.T.);
#1663=EDGE_CURVE('',#2213,#2215,#2633,.T.);
#1664=EDGE_CURVE('',#2216,#2217,#2634,.T.);
#1665=EDGE_CURVE('',#2216,#2177,#119,.F.);
#1666=EDGE_CURVE('',#2187,#2176,#2635,.T.);
#1667=EDGE_CURVE('',#2185,#2218,#2636,.T.);
#1668=EDGE_CURVE('',#2218,#2217,#2637,.T.);
#1669=EDGE_CURVE('',#2180,#2216,#2638,.T.);
#1670=EDGE_CURVE('',#2217,#2219,#2639,.T.);
#1671=EDGE_CURVE('',#2181,#2219,#2640,.T.);
#1672=EDGE_CURVE('',#2220,#2219,#2641,.T.);
#1673=EDGE_CURVE('',#2182,#2220,#2642,.T.);
#1674=EDGE_CURVE('',#2221,#2189,#2643,.T.);
#1675=EDGE_CURVE('',#2221,#2222,#2644,.T.);
#1676=EDGE_CURVE('',#2222,#2223,#2645,.T.);
#1677=EDGE_CURVE('',#2223,#2150,#2646,.T.);
#1678=EDGE_CURVE('',#2218,#2220,#2647,.T.);
#1679=EDGE_CURVE('',#2224,#2221,#2648,.T.);
#1680=EDGE_CURVE('',#2224,#2225,#2649,.T.);
#1681=EDGE_CURVE('',#2225,#2226,#2650,.T.);
#1682=EDGE_CURVE('',#2226,#2222,#2651,.T.);
#1683=EDGE_CURVE('',#2063,#2227,#2652,.T.);
#1684=EDGE_CURVE('',#2227,#2228,#2653,.T.);
#1685=EDGE_CURVE('',#2060,#2228,#2654,.T.);
#1686=EDGE_CURVE('',#2061,#2229,#2655,.T.);
#1687=EDGE_CURVE('',#2229,#2230,#2656,.T.);
#1688=EDGE_CURVE('',#2062,#2230,#2657,.T.);
#1689=EDGE_CURVE('',#2231,#2080,#2658,.T.);
#1690=EDGE_CURVE('',#2080,#2032,#2659,.T.);
#1691=EDGE_CURVE('',#2082,#2071,#2660,.T.);
#1692=EDGE_CURVE('',#2082,#2232,#2661,.T.);
#1693=EDGE_CURVE('',#2231,#2232,#2662,.T.);
#1694=EDGE_CURVE('',#2233,#2019,#2663,.T.);
#1695=EDGE_CURVE('',#2233,#2234,#2664,.T.);
#1696=EDGE_CURVE('',#2234,#2068,#2665,.T.);
#1697=EDGE_CURVE('',#2235,#2236,#2666,.T.);
#1698=EDGE_CURVE('',#2236,#2237,#2667,.T.);
#1699=EDGE_CURVE('',#2237,#2238,#2668,.T.);
#1700=EDGE_CURVE('',#2238,#2235,#2669,.T.);
#1701=EDGE_CURVE('',#2237,#2239,#2670,.T.);
#1702=EDGE_CURVE('',#2239,#2240,#2671,.T.);
#1703=EDGE_CURVE('',#2240,#2238,#2672,.T.);
#1704=EDGE_CURVE('',#2241,#2242,#2673,.T.);
#1705=EDGE_CURVE('',#2020,#2241,#2674,.T.);
#1706=EDGE_CURVE('',#2069,#2242,#2675,.T.);
#1707=EDGE_CURVE('',#2243,#2243,#120,.T.);
#1708=EDGE_CURVE('',#2244,#2244,#121,.T.);
#1709=EDGE_CURVE('',#2245,#2246,#2676,.T.);
#1710=EDGE_CURVE('',#2245,#2247,#122,.T.);
#1711=EDGE_CURVE('',#2247,#2248,#2677,.T.);
#1712=EDGE_CURVE('',#2248,#2249,#123,.T.);
#1713=EDGE_CURVE('',#2250,#2249,#2678,.T.);
#1714=EDGE_CURVE('',#2250,#2251,#124,.T.);
#1715=EDGE_CURVE('',#2251,#2252,#2679,.T.);
#1716=EDGE_CURVE('',#2252,#2246,#125,.T.);
#1717=EDGE_CURVE('',#2253,#2254,#2680,.T.);
#1718=EDGE_CURVE('',#2253,#2255,#126,.T.);
#1719=EDGE_CURVE('',#2255,#2256,#2681,.T.);
#1720=EDGE_CURVE('',#2256,#2257,#127,.T.);
#1721=EDGE_CURVE('',#2258,#2257,#2682,.T.);
#1722=EDGE_CURVE('',#2258,#2259,#128,.T.);
#1723=EDGE_CURVE('',#2259,#2260,#2683,.T.);
#1724=EDGE_CURVE('',#2260,#2254,#129,.T.);
#1725=EDGE_CURVE('',#2261,#2261,#130,.T.);
#1726=EDGE_CURVE('',#2262,#2262,#131,.T.);
#1727=EDGE_CURVE('',#2263,#2263,#132,.T.);
#1728=EDGE_CURVE('',#2264,#2264,#133,.T.);
#1729=EDGE_CURVE('',#2265,#2265,#134,.T.);
#1730=EDGE_CURVE('',#2266,#2266,#135,.T.);
#1731=EDGE_CURVE('',#2267,#2267,#136,.T.);
#1732=EDGE_CURVE('',#2268,#2268,#137,.T.);
#1733=EDGE_CURVE('',#2269,#2269,#138,.T.);
#1734=EDGE_CURVE('',#2270,#2270,#139,.T.);
#1735=EDGE_CURVE('',#2271,#2271,#140,.T.);
#1736=EDGE_CURVE('',#2272,#2272,#141,.T.);
#1737=EDGE_CURVE('',#2273,#2274,#28,.T.);
#1738=EDGE_CURVE('',#2273,#2275,#29,.T.);
#1739=EDGE_CURVE('',#2274,#2275,#30,.T.);
#1740=EDGE_CURVE('',#2276,#2274,#2684,.T.);
#1741=EDGE_CURVE('',#2277,#2275,#142,.T.);
#1742=EDGE_CURVE('',#2277,#2278,#31,.T.);
#1743=EDGE_CURVE('',#2278,#2279,#2685,.T.);
#1744=EDGE_CURVE('',#2279,#2276,#143,.T.);
#1745=EDGE_CURVE('',#2278,#2280,#32,.T.);
#1746=EDGE_CURVE('',#2277,#2280,#33,.T.);
#1747=EDGE_CURVE('',#2281,#2282,#144,.T.);
#1748=EDGE_CURVE('',#2281,#2280,#2686,.T.);
#1749=EDGE_CURVE('',#2282,#2273,#2687,.T.);
#1750=EDGE_CURVE('',#2283,#2282,#2688,.T.);
#1751=EDGE_CURVE('',#2284,#2283,#145,.T.);
#1752=EDGE_CURVE('',#2281,#2284,#2689,.T.);
#1753=EDGE_CURVE('',#2285,#2286,#146,.T.);
#1754=EDGE_CURVE('',#2285,#2284,#2690,.T.);
#1755=EDGE_CURVE('',#2286,#2283,#2691,.T.);
#1756=EDGE_CURVE('',#2287,#2287,#147,.T.);
#1757=EDGE_CURVE('',#2288,#2288,#148,.T.);
#1758=EDGE_CURVE('',#2289,#2224,#2692,.T.);
#1759=EDGE_CURVE('',#2290,#2289,#2693,.T.);
#1760=EDGE_CURVE('',#2225,#2290,#2694,.T.);
#1761=EDGE_CURVE('',#2291,#2292,#2695,.T.);
#1762=EDGE_CURVE('',#2290,#2291,#2696,.T.);
#1763=EDGE_CURVE('',#2292,#2289,#2697,.T.);
#1764=EDGE_CURVE('',#2293,#2294,#2698,.T.);
#1765=EDGE_CURVE('',#2293,#2295,#2699,.T.);
#1766=EDGE_CURVE('',#2295,#2296,#2700,.T.);
#1767=EDGE_CURVE('',#2296,#2294,#2701,.T.);
#1768=EDGE_CURVE('',#2297,#2298,#2702,.T.);
#1769=EDGE_CURVE('',#2299,#2298,#2703,.T.);
#1770=EDGE_CURVE('',#2300,#2299,#2704,.T.);
#1771=EDGE_CURVE('',#2300,#2297,#2705,.T.);
#1772=EDGE_CURVE('',#2301,#2301,#149,.T.);
#1773=EDGE_CURVE('',#2302,#2302,#150,.T.);
#1774=EDGE_CURVE('',#2303,#2304,#2706,.T.);
#1775=EDGE_CURVE('',#2304,#2305,#2707,.T.);
#1776=EDGE_CURVE('',#2305,#2306,#2708,.T.);
#1777=EDGE_CURVE('',#2306,#2307,#34,.T.);
#1778=EDGE_CURVE('',#2307,#2303,#2709,.T.);
#1779=EDGE_CURVE('',#2308,#2309,#2710,.T.);
#1780=EDGE_CURVE('',#2308,#2310,#151,.T.);
#1781=EDGE_CURVE('',#2310,#2311,#35,.T.);
#1782=EDGE_CURVE('',#2311,#2312,#36,.T.);
#1783=EDGE_CURVE('',#2312,#2313,#2711,.T.);
#1784=EDGE_CURVE('',#2313,#2309,#152,.T.);
#1785=EDGE_CURVE('',#2314,#2314,#153,.T.);
#1786=EDGE_CURVE('',#2315,#2316,#2712,.T.);
#1787=EDGE_CURVE('',#2286,#2315,#2713,.T.);
#1788=EDGE_CURVE('',#2276,#2317,#2714,.T.);
#1789=EDGE_CURVE('',#2317,#2318,#37,.T.);
#1790=EDGE_CURVE('',#2316,#2318,#2715,.T.);
#1791=EDGE_CURVE('',#2279,#2319,#2716,.T.);
#1792=EDGE_CURVE('',#2319,#2317,#38,.T.);
#1793=EDGE_CURVE('',#2320,#2320,#154,.T.);
#1794=EDGE_CURVE('',#2321,#2298,#2717,.T.);
#1795=EDGE_CURVE('',#2321,#2319,#39,.T.);
#1796=EDGE_CURVE('',#2299,#2285,#2718,.T.);
#1797=EDGE_CURVE('',#2295,#2297,#2719,.T.);
#1798=EDGE_CURVE('',#2322,#2293,#2720,.T.);
#1799=EDGE_CURVE('',#2323,#2322,#2721,.T.);
#1800=EDGE_CURVE('',#2323,#2321,#40,.T.);
#1801=EDGE_CURVE('',#2307,#2324,#41,.T.);
#1802=EDGE_CURVE('',#2324,#2325,#42,.T.);
#1803=EDGE_CURVE('',#2325,#2323,#155,.T.);
#1804=EDGE_CURVE('',#2322,#2303,#156,.T.);
#1805=EDGE_CURVE('',#2305,#2326,#157,.T.);
#1806=EDGE_CURVE('',#2326,#2327,#2722,.T.);
#1807=EDGE_CURVE('',#2327,#2306,#43,.T.);
#1808=EDGE_CURVE('',#2326,#2328,#2723,.T.);
#1809=EDGE_CURVE('',#2313,#2328,#2724,.T.);
#1810=EDGE_CURVE('',#2312,#2327,#44,.T.);
#1811=EDGE_CURVE('',#2328,#2175,#2725,.T.);
#1812=EDGE_CURVE('',#2329,#2203,#2726,.T.);
#1813=EDGE_CURVE('',#2330,#2329,#2727,.T.);
#1814=EDGE_CURVE('',#2309,#2330,#2728,.T.);
#1815=EDGE_CURVE('',#2324,#2331,#2729,.T.);
#1816=EDGE_CURVE('',#2332,#2331,#2730,.T.);
#1817=EDGE_CURVE('',#2325,#2332,#2731,.T.);
#1818=EDGE_CURVE('',#2333,#2334,#2732,.T.);
#1819=EDGE_CURVE('',#2333,#2335,#2733,.T.);
#1820=EDGE_CURVE('',#2335,#2336,#2734,.T.);
#1821=EDGE_CURVE('',#2334,#2336,#2735,.T.);
#1822=EDGE_CURVE('',#2337,#2338,#158,.T.);
#1823=EDGE_CURVE('',#2339,#2337,#159,.T.);
#1824=EDGE_CURVE('',#2340,#2339,#160,.T.);
#1825=EDGE_CURVE('',#2338,#2340,#161,.T.);
#1826=EDGE_CURVE('',#2341,#2342,#162,.T.);
#1827=EDGE_CURVE('',#2343,#2341,#163,.T.);
#1828=EDGE_CURVE('',#2344,#2343,#164,.T.);
#1829=EDGE_CURVE('',#2342,#2344,#165,.T.);
#1830=EDGE_CURVE('',#2345,#2346,#2736,.T.);
#1831=EDGE_CURVE('',#2345,#2315,#2737,.T.);
#1832=EDGE_CURVE('',#2346,#2316,#2738,.T.);
#1833=EDGE_CURVE('',#2346,#2347,#2739,.T.);
#1834=EDGE_CURVE('',#2318,#2308,#45,.T.);
#1835=EDGE_CURVE('',#2330,#2347,#2740,.T.);
#1836=EDGE_CURVE('',#2040,#2348,#2741,.T.);
#1837=EDGE_CURVE('',#2039,#2348,#2742,.T.);
#1838=EDGE_CURVE('',#2300,#2345,#2743,.T.);
#1839=EDGE_CURVE('',#2349,#2329,#2744,.T.);
#1840=EDGE_CURVE('',#2347,#2349,#2745,.T.);
#1841=EDGE_CURVE('',#2310,#2350,#2746,.T.);
#1842=EDGE_CURVE('',#2351,#2350,#2747,.T.);
#1843=EDGE_CURVE('',#2311,#2351,#2748,.T.);
#1844=EDGE_CURVE('',#2350,#2332,#2749,.T.);
#1845=EDGE_CURVE('',#2352,#2353,#2750,.T.);
#1846=EDGE_CURVE('',#2353,#2354,#2751,.T.);
#1847=EDGE_CURVE('',#2355,#2354,#2752,.T.);
#1848=EDGE_CURVE('',#2355,#2356,#2753,.T.);
#1849=EDGE_CURVE('',#2356,#2352,#2754,.T.);
#1850=EDGE_CURVE('',#2357,#2358,#2755,.T.);
#1851=EDGE_CURVE('',#2358,#2359,#2756,.T.);
#1852=EDGE_CURVE('',#2360,#2359,#2757,.T.);
#1853=EDGE_CURVE('',#2360,#2357,#2758,.T.);
#1854=EDGE_CURVE('',#2206,#2137,#2759,.T.);
#1855=EDGE_CURVE('',#2202,#2147,#2760,.T.);
#1856=EDGE_CURVE('',#2018,#2215,#2761,.T.);
#1857=EDGE_CURVE('',#2223,#2212,#2762,.T.);
#1858=EDGE_CURVE('',#2291,#2226,#2763,.T.);
#1859=EDGE_CURVE('',#2292,#2296,#2764,.T.);
#1860=EDGE_CURVE('',#2349,#2360,#2765,.T.);
#1861=EDGE_CURVE('',#2359,#2205,#2766,.T.);
#1862=EDGE_CURVE('',#2209,#2194,#2767,.T.);
#1863=EDGE_CURVE('',#2028,#2352,#2768,.T.);
#1864=EDGE_CURVE('',#2029,#2356,#2769,.T.);
#1865=EDGE_CURVE('',#2361,#2012,#2770,.T.);
#1866=EDGE_CURVE('',#2362,#2355,#2771,.T.);
#1867=EDGE_CURVE('',#2362,#2335,#2772,.T.);
#1868=EDGE_CURVE('',#2363,#2333,#2773,.T.);
#1869=EDGE_CURVE('',#2361,#2363,#2774,.T.);
#1870=EDGE_CURVE('',#2331,#2351,#2775,.T.);
#1871=EDGE_CURVE('',#2304,#2188,#2776,.T.);
#1872=EDGE_CURVE('',#2294,#2221,#2777,.T.);
#1873=EDGE_CURVE('',#2138,#2144,#2778,.T.);
#1874=EDGE_CURVE('',#2146,#2357,#2779,.T.);
#1875=EDGE_CURVE('',#2364,#2017,#2780,.T.);
#1876=EDGE_CURVE('',#2364,#2365,#2781,.F.);
#1877=EDGE_CURVE('',#2363,#2365,#2782,.T.);
#1878=EDGE_CURVE('',#2366,#2334,#2783,.T.);
#1879=EDGE_CURVE('',#2366,#2059,#2784,.T.);
#1880=EDGE_CURVE('',#2015,#2367,#2785,.T.);
#1881=EDGE_CURVE('',#2014,#2368,#2786,.T.);
#1882=EDGE_CURVE('',#2368,#2369,#2787,.T.);
#1883=EDGE_CURVE('',#2369,#2367,#2788,.T.);
#1884=EDGE_CURVE('',#2370,#2336,#2789,.T.);
#1885=EDGE_CURVE('',#2370,#2366,#2790,.T.);
#1886=EDGE_CURVE('',#2371,#2362,#2791,.T.);
#1887=EDGE_CURVE('',#2371,#2370,#2792,.T.);
#1888=EDGE_CURVE('',#2027,#2353,#2793,.T.);
#1889=EDGE_CURVE('',#2130,#2371,#2794,.T.);
#1890=EDGE_CURVE('',#2129,#2372,#2795,.T.);
#1891=EDGE_CURVE('',#2211,#2372,#2796,.T.);
#1892=EDGE_CURVE('',#2160,#2373,#2797,.T.);
#1893=EDGE_CURVE('',#2373,#2208,#2798,.T.);
#1894=EDGE_CURVE('',#2159,#2123,#2799,.T.);
#1895=EDGE_CURVE('',#2373,#2122,#2800,.T.);
#1896=EDGE_CURVE('',#2158,#2124,#2801,.T.);
#1897=EDGE_CURVE('',#2156,#2126,#2802,.T.);
#1898=EDGE_CURVE('',#2157,#2125,#2803,.T.);
#1899=EDGE_CURVE('',#2175,#2127,#2804,.T.);
#1900=EDGE_CURVE('',#2151,#2372,#2805,.T.);
#1901=EDGE_CURVE('',#2152,#2135,#2806,.T.);
#1902=EDGE_CURVE('',#2153,#2134,#2807,.T.);
#1903=EDGE_CURVE('',#2154,#2133,#2808,.T.);
#1904=EDGE_CURVE('',#2148,#2132,#2809,.T.);
#1905=EDGE_CURVE('',#2188,#2131,#2810,.T.);
#1906=EDGE_CURVE('',#2136,#2145,#2811,.T.);
#1907=EDGE_CURVE('',#2354,#2128,#2812,.T.);
#1908=EDGE_CURVE('',#2141,#2358,#2813,.T.);
#1909=EDGE_CURVE('',#2374,#2340,#2814,.T.);
#1910=EDGE_CURVE('',#2338,#2374,#2815,.T.);
#1911=EDGE_CURVE('',#2260,#2375,#2816,.T.);
#1912=EDGE_CURVE('',#2375,#2376,#2817,.T.);
#1913=EDGE_CURVE('',#2376,#2254,#2818,.T.);
#1914=EDGE_CURVE('',#2377,#2339,#2819,.T.);
#1915=EDGE_CURVE('',#2340,#2377,#2820,.T.);
#1916=EDGE_CURVE('',#2378,#2257,#2821,.T.);
#1917=EDGE_CURVE('',#2256,#2379,#2822,.T.);
#1918=EDGE_CURVE('',#2379,#2378,#2823,.T.);
#1919=EDGE_CURVE('',#2337,#2380,#2824,.T.);
#1920=EDGE_CURVE('',#2380,#2338,#2825,.T.);
#1921=EDGE_CURVE('',#2381,#2337,#2826,.T.);
#1922=EDGE_CURVE('',#2339,#2381,#2827,.T.);
#1923=EDGE_CURVE('',#2253,#2255,#2828,.T.);
#1924=EDGE_CURVE('',#2258,#2259,#2829,.T.);
#1925=EDGE_CURVE('',#2377,#2378,#2830,.T.);
#1926=EDGE_CURVE('',#2379,#2374,#2831,.T.);
#1927=EDGE_CURVE('',#2380,#2376,#2832,.T.);
#1928=EDGE_CURVE('',#2375,#2381,#2833,.T.);
#1929=EDGE_CURVE('',#2382,#2344,#2834,.T.);
#1930=EDGE_CURVE('',#2342,#2382,#2835,.T.);
#1931=EDGE_CURVE('',#2252,#2383,#2836,.T.);
#1932=EDGE_CURVE('',#2383,#2384,#2837,.T.);
#1933=EDGE_CURVE('',#2384,#2246,#2838,.T.);
#1934=EDGE_CURVE('',#2385,#2343,#2839,.T.);
#1935=EDGE_CURVE('',#2344,#2385,#2840,.T.);
#1936=EDGE_CURVE('',#2386,#2249,#2841,.T.);
#1937=EDGE_CURVE('',#2248,#2387,#2842,.T.);
#1938=EDGE_CURVE('',#2387,#2386,#2843,.T.);
#1939=EDGE_CURVE('',#2341,#2388,#2844,.T.);
#1940=EDGE_CURVE('',#2388,#2342,#2845,.T.);
#1941=EDGE_CURVE('',#2389,#2341,#2846,.T.);
#1942=EDGE_CURVE('',#2343,#2389,#2847,.T.);
#1943=EDGE_CURVE('',#2245,#2247,#2848,.T.);
#1944=EDGE_CURVE('',#2250,#2251,#2849,.T.);
#1945=EDGE_CURVE('',#2385,#2386,#2850,.T.);
#1946=EDGE_CURVE('',#2387,#2382,#2851,.T.);
#1947=EDGE_CURVE('',#2388,#2384,#2852,.T.);
#1948=EDGE_CURVE('',#2383,#2389,#2853,.T.);
#1949=EDGE_CURVE('',#2091,#2095,#166,.T.);
#1950=EDGE_CURVE('',#2094,#2096,#167,.T.);
#1951=EDGE_CURVE('',#2230,#2227,#2854,.T.);
#1952=EDGE_CURVE('',#2229,#2228,#2855,.T.);
#1953=EDGE_CURVE('',#2067,#2077,#2856,.T.);
#1954=EDGE_CURVE('',#2075,#2232,#2857,.T.);
#1955=EDGE_CURVE('',#2090,#2089,#168,.T.);
#1956=EDGE_CURVE('',#2235,#2234,#2858,.T.);
#1957=EDGE_CURVE('',#2242,#2240,#2859,.T.);
#1958=EDGE_CURVE('',#2087,#2086,#169,.T.);
#1959=EDGE_CURVE('',#2033,#2081,#2860,.T.);
#1960=EDGE_CURVE('',#2070,#2083,#2861,.T.);
#1961=EDGE_CURVE('',#2241,#2239,#2862,.T.);
#1962=EDGE_CURVE('',#2236,#2233,#2863,.T.);
#1963=EDGE_CURVE('',#2066,#2076,#2864,.T.);
#1964=EDGE_CURVE('',#2074,#2231,#2865,.T.);
#1965=EDGE_CURVE('',#2049,#2390,#2866,.T.);
#1966=EDGE_CURVE('',#2004,#2390,#2867,.T.);
#1967=EDGE_CURVE('',#2006,#2391,#2868,.T.);
#1968=EDGE_CURVE('',#2050,#2391,#2869,.T.);
#1969=EDGE_CURVE('',#2392,#2391,#2870,.T.);
#1970=EDGE_CURVE('',#2047,#2392,#2871,.T.);
#1971=EDGE_CURVE('',#2005,#2392,#2872,.T.);
#1972=EDGE_CURVE('',#2048,#2393,#2873,.T.);
#1973=EDGE_CURVE('',#2393,#2390,#2874,.T.);
#1974=EDGE_CURVE('',#2393,#2003,#2875,.T.);
#1975=EDGE_CURVE('',#2041,#2394,#2876,.T.);
#1976=EDGE_CURVE('',#2042,#2394,#2877,.T.);
#1977=EDGE_CURVE('',#2394,#2037,#2878,.T.);
#1978=EDGE_CURVE('',#2348,#1992,#2879,.T.);
#1979=EDGE_CURVE('',#2395,#2008,#2880,.T.);
#1980=EDGE_CURVE('',#2395,#2364,#2881,.T.);
#1981=EDGE_CURVE('',#2361,#2396,#2882,.T.);
#1982=EDGE_CURVE('',#2396,#2395,#2883,.F.);
#1983=EDGE_CURVE('',#2016,#2397,#2884,.T.);
#1984=EDGE_CURVE('',#2397,#2398,#2885,.T.);
#1985=EDGE_CURVE('',#2399,#2398,#2886,.T.);
#1986=EDGE_CURVE('',#2013,#2399,#2887,.T.);
#1987=EDGE_CURVE('',#2367,#2397,#2888,.T.);
#1988=EDGE_CURVE('',#2399,#2368,#2889,.T.);
#1989=EDGE_CURVE('',#2365,#2396,#2890,.T.);
#1990=EDGE_CURVE('',#2398,#2369,#2891,.T.);
#1991=VERTEX_POINT('',#5824);
#1992=VERTEX_POINT('',#5825);
#1993=VERTEX_POINT('',#5827);
#1994=VERTEX_POINT('',#5830);
#1995=VERTEX_POINT('',#5831);
#1996=VERTEX_POINT('',#5833);
#1997=VERTEX_POINT('',#5836);
#1998=VERTEX_POINT('',#5837);
#1999=VERTEX_POINT('',#5839);
#2000=VERTEX_POINT('',#5842);
#2001=VERTEX_POINT('',#5843);
#2002=VERTEX_POINT('',#5845);
#2003=VERTEX_POINT('',#5848);
#2004=VERTEX_POINT('',#5849);
#2005=VERTEX_POINT('',#5851);
#2006=VERTEX_POINT('',#5853);
#2007=VERTEX_POINT('',#5856);
#2008=VERTEX_POINT('',#5857);
#2009=VERTEX_POINT('',#5859);
#2010=VERTEX_POINT('',#5861);
#2011=VERTEX_POINT('',#5863);
#2012=VERTEX_POINT('',#5865);
#2013=VERTEX_POINT('',#5867);
#2014=VERTEX_POINT('',#5869);
#2015=VERTEX_POINT('',#5871);
#2016=VERTEX_POINT('',#5873);
#2017=VERTEX_POINT('',#5877);
#2018=VERTEX_POINT('',#5879);
#2019=VERTEX_POINT('',#5883);
#2020=VERTEX_POINT('',#5884);
#2021=VERTEX_POINT('',#5886);
#2022=VERTEX_POINT('',#5888);
#2023=VERTEX_POINT('',#5890);
#2024=VERTEX_POINT('',#5892);
#2025=VERTEX_POINT('',#5894);
#2026=VERTEX_POINT('',#5896);
#2027=VERTEX_POINT('',#5898);
#2028=VERTEX_POINT('',#5900);
#2029=VERTEX_POINT('',#5902);
#2030=VERTEX_POINT('',#5904);
#2031=VERTEX_POINT('',#5906);
#2032=VERTEX_POINT('',#5908);
#2033=VERTEX_POINT('',#5910);
#2034=VERTEX_POINT('',#5912);
#2035=VERTEX_POINT('',#5914);
#2036=VERTEX_POINT('',#5917);
#2037=VERTEX_POINT('',#5918);
#2038=VERTEX_POINT('',#5920);
#2039=VERTEX_POINT('',#5924);
#2040=VERTEX_POINT('',#5926);
#2041=VERTEX_POINT('',#5930);
#2042=VERTEX_POINT('',#5932);
#2043=VERTEX_POINT('',#5936);
#2044=VERTEX_POINT('',#5938);
#2045=VERTEX_POINT('',#5941);
#2046=VERTEX_POINT('',#5943);
#2047=VERTEX_POINT('',#5945);
#2048=VERTEX_POINT('',#5946);
#2049=VERTEX_POINT('',#5948);
#2050=VERTEX_POINT('',#5950);
#2051=VERTEX_POINT('',#5969);
#2052=VERTEX_POINT('',#5986);
#2053=VERTEX_POINT('',#5988);
#2054=VERTEX_POINT('',#6006);
#2055=VERTEX_POINT('',#6023);
#2056=VERTEX_POINT('',#6025);
#2057=VERTEX_POINT('',#6026);
#2058=VERTEX_POINT('',#6028);
#2059=VERTEX_POINT('',#6030);
#2060=VERTEX_POINT('',#6033);
#2061=VERTEX_POINT('',#6034);
#2062=VERTEX_POINT('',#6036);
#2063=VERTEX_POINT('',#6038);
#2064=VERTEX_POINT('',#6042);
#2065=VERTEX_POINT('',#6043);
#2066=VERTEX_POINT('',#6045);
#2067=VERTEX_POINT('',#6047);
#2068=VERTEX_POINT('',#6051);
#2069=VERTEX_POINT('',#6053);
#2070=VERTEX_POINT('',#6056);
#2071=VERTEX_POINT('',#6058);
#2072=VERTEX_POINT('',#6064);
#2073=VERTEX_POINT('',#6065);
#2074=VERTEX_POINT('',#6067);
#2075=VERTEX_POINT('',#6069);
#2076=VERTEX_POINT('',#6073);
#2077=VERTEX_POINT('',#6074);
#2078=VERTEX_POINT('',#6079);
#2079=VERTEX_POINT('',#6081);
#2080=VERTEX_POINT('',#6084);
#2081=VERTEX_POINT('',#6085);
#2082=VERTEX_POINT('',#6088);
#2083=VERTEX_POINT('',#6090);
#2084=VERTEX_POINT('',#6094);
#2085=VERTEX_POINT('',#6100);
#2086=VERTEX_POINT('',#6102);
#2087=VERTEX_POINT('',#6106);
#2088=VERTEX_POINT('',#6110);
#2089=VERTEX_POINT('',#6112);
#2090=VERTEX_POINT('',#6116);
#2091=VERTEX_POINT('',#6120);
#2092=VERTEX_POINT('',#6121);
#2093=VERTEX_POINT('',#6123);
#2094=VERTEX_POINT('',#6125);
#2095=VERTEX_POINT('',#6129);
#2096=VERTEX_POINT('',#6131);
#2097=VERTEX_POINT('',#6135);
#2098=VERTEX_POINT('',#6136);
#2099=VERTEX_POINT('',#6138);
#2100=VERTEX_POINT('',#6140);
#2101=VERTEX_POINT('',#6144);
#2102=VERTEX_POINT('',#6146);
#2103=VERTEX_POINT('',#6150);
#2104=VERTEX_POINT('',#6151);
#2105=VERTEX_POINT('',#6153);
#2106=VERTEX_POINT('',#6155);
#2107=VERTEX_POINT('',#6159);
#2108=VERTEX_POINT('',#6161);
#2109=VERTEX_POINT('',#6165);
#2110=VERTEX_POINT('',#6166);
#2111=VERTEX_POINT('',#6168);
#2112=VERTEX_POINT('',#6170);
#2113=VERTEX_POINT('',#6174);
#2114=VERTEX_POINT('',#6176);
#2115=VERTEX_POINT('',#6180);
#2116=VERTEX_POINT('',#6181);
#2117=VERTEX_POINT('',#6183);
#2118=VERTEX_POINT('',#6185);
#2119=VERTEX_POINT('',#6189);
#2120=VERTEX_POINT('',#6191);
#2121=VERTEX_POINT('',#6195);
#2122=VERTEX_POINT('',#6199);
#2123=VERTEX_POINT('',#6200);
#2124=VERTEX_POINT('',#6202);
#2125=VERTEX_POINT('',#6204);
#2126=VERTEX_POINT('',#6206);
#2127=VERTEX_POINT('',#6208);
#2128=VERTEX_POINT('',#6210);
#2129=VERTEX_POINT('',#6214);
#2130=VERTEX_POINT('',#6215);
#2131=VERTEX_POINT('',#6217);
#2132=VERTEX_POINT('',#6219);
#2133=VERTEX_POINT('',#6221);
#2134=VERTEX_POINT('',#6223);
#2135=VERTEX_POINT('',#6225);
#2136=VERTEX_POINT('',#6229);
#2137=VERTEX_POINT('',#6230);
#2138=VERTEX_POINT('',#6232);
#2139=VERTEX_POINT('',#6234);
#2140=VERTEX_POINT('',#6236);
#2141=VERTEX_POINT('',#6240);
#2142=VERTEX_POINT('',#6241);
#2143=VERTEX_POINT('',#6243);
#2144=VERTEX_POINT('',#6245);
#2145=VERTEX_POINT('',#6247);
#2146=VERTEX_POINT('',#6251);
#2147=VERTEX_POINT('',#6255);
#2148=VERTEX_POINT('',#6259);
#2149=VERTEX_POINT('',#6260);
#2150=VERTEX_POINT('',#6262);
#2151=VERTEX_POINT('',#6264);
#2152=VERTEX_POINT('',#6266);
#2153=VERTEX_POINT('',#6268);
#2154=VERTEX_POINT('',#6270);
#2155=VERTEX_POINT('',#6274);
#2156=VERTEX_POINT('',#6275);
#2157=VERTEX_POINT('',#6277);
#2158=VERTEX_POINT('',#6279);
#2159=VERTEX_POINT('',#6281);
#2160=VERTEX_POINT('',#6283);
#2161=VERTEX_POINT('',#6285);
#2162=VERTEX_POINT('',#6289);
#2163=VERTEX_POINT('',#6290);
#2164=VERTEX_POINT('',#6292);
#2165=VERTEX_POINT('',#6294);
#2166=VERTEX_POINT('',#6296);
#2167=VERTEX_POINT('',#6298);
#2168=VERTEX_POINT('',#6300);
#2169=VERTEX_POINT('',#6304);
#2170=VERTEX_POINT('',#6306);
#2171=VERTEX_POINT('',#6310);
#2172=VERTEX_POINT('',#6311);
#2173=VERTEX_POINT('',#6316);
#2174=VERTEX_POINT('',#6320);
#2175=VERTEX_POINT('',#6322);
#2176=VERTEX_POINT('',#6326);
#2177=VERTEX_POINT('',#6327);
#2178=VERTEX_POINT('',#6329);
#2179=VERTEX_POINT('',#6331);
#2180=VERTEX_POINT('',#6335);
#2181=VERTEX_POINT('',#6337);
#2182=VERTEX_POINT('',#6339);
#2183=VERTEX_POINT('',#6341);
#2184=VERTEX_POINT('',#6343);
#2185=VERTEX_POINT('',#6347);
#2186=VERTEX_POINT('',#6348);
#2187=VERTEX_POINT('',#6353);
#2188=VERTEX_POINT('',#6357);
#2189=VERTEX_POINT('',#6359);
#2190=VERTEX_POINT('',#6363);
#2191=VERTEX_POINT('',#6365);
#2192=VERTEX_POINT('',#6369);
#2193=VERTEX_POINT('',#6371);
#2194=VERTEX_POINT('',#6372);
#2195=VERTEX_POINT('',#6374);
#2196=VERTEX_POINT('',#6376);
#2197=VERTEX_POINT('',#6384);
#2198=VERTEX_POINT('',#6389);
#2199=VERTEX_POINT('',#6390);
#2200=VERTEX_POINT('',#6392);
#2201=VERTEX_POINT('',#6394);
#2202=VERTEX_POINT('',#6397);
#2203=VERTEX_POINT('',#6398);
#2204=VERTEX_POINT('',#6400);
#2205=VERTEX_POINT('',#6402);
#2206=VERTEX_POINT('',#6404);
#2207=VERTEX_POINT('',#6413);
#2208=VERTEX_POINT('',#6420);
#2209=VERTEX_POINT('',#6426);
#2210=VERTEX_POINT('',#6432);
#2211=VERTEX_POINT('',#6434);
#2212=VERTEX_POINT('',#6436);
#2213=VERTEX_POINT('',#6438);
#2214=VERTEX_POINT('',#6446);
#2215=VERTEX_POINT('',#6451);
#2216=VERTEX_POINT('',#6455);
#2217=VERTEX_POINT('',#6456);
#2218=VERTEX_POINT('',#6460);
#2219=VERTEX_POINT('',#6465);
#2220=VERTEX_POINT('',#6469);
#2221=VERTEX_POINT('',#6473);
#2222=VERTEX_POINT('',#6475);
#2223=VERTEX_POINT('',#6477);
#2224=VERTEX_POINT('',#6483);
#2225=VERTEX_POINT('',#6485);
#2226=VERTEX_POINT('',#6487);
#2227=VERTEX_POINT('',#6491);
#2228=VERTEX_POINT('',#6493);
#2229=VERTEX_POINT('',#6497);
#2230=VERTEX_POINT('',#6499);
#2231=VERTEX_POINT('',#6503);
#2232=VERTEX_POINT('',#6507);
#2233=VERTEX_POINT('',#6511);
#2234=VERTEX_POINT('',#6513);
#2235=VERTEX_POINT('',#6517);
#2236=VERTEX_POINT('',#6518);
#2237=VERTEX_POINT('',#6520);
#2238=VERTEX_POINT('',#6522);
#2239=VERTEX_POINT('',#6526);
#2240=VERTEX_POINT('',#6528);
#2241=VERTEX_POINT('',#6532);
#2242=VERTEX_POINT('',#6533);
#2243=VERTEX_POINT('',#6538);
#2244=VERTEX_POINT('',#6541);
#2245=VERTEX_POINT('',#6544);
#2246=VERTEX_POINT('',#6545);
#2247=VERTEX_POINT('',#6547);
#2248=VERTEX_POINT('',#6549);
#2249=VERTEX_POINT('',#6551);
#2250=VERTEX_POINT('',#6553);
#2251=VERTEX_POINT('',#6555);
#2252=VERTEX_POINT('',#6557);
#2253=VERTEX_POINT('',#6561);
#2254=VERTEX_POINT('',#6562);
#2255=VERTEX_POINT('',#6564);
#2256=VERTEX_POINT('',#6566);
#2257=VERTEX_POINT('',#6568);
#2258=VERTEX_POINT('',#6570);
#2259=VERTEX_POINT('',#6572);
#2260=VERTEX_POINT('',#6574);
#2261=VERTEX_POINT('',#6578);
#2262=VERTEX_POINT('',#6581);
#2263=VERTEX_POINT('',#6584);
#2264=VERTEX_POINT('',#6587);
#2265=VERTEX_POINT('',#6590);
#2266=VERTEX_POINT('',#6593);
#2267=VERTEX_POINT('',#6596);
#2268=VERTEX_POINT('',#6599);
#2269=VERTEX_POINT('',#6602);
#2270=VERTEX_POINT('',#6605);
#2271=VERTEX_POINT('',#6608);
#2272=VERTEX_POINT('',#6611);
#2273=VERTEX_POINT('',#6632);
#2274=VERTEX_POINT('',#6633);
#2275=VERTEX_POINT('',#6641);
#2276=VERTEX_POINT('',#6648);
#2277=VERTEX_POINT('',#6650);
#2278=VERTEX_POINT('',#6655);
#2279=VERTEX_POINT('',#6657);
#2280=VERTEX_POINT('',#6679);
#2281=VERTEX_POINT('',#6689);
#2282=VERTEX_POINT('',#6690);
#2283=VERTEX_POINT('',#6695);
#2284=VERTEX_POINT('',#6697);
#2285=VERTEX_POINT('',#6701);
#2286=VERTEX_POINT('',#6702);
#2287=VERTEX_POINT('',#6707);
#2288=VERTEX_POINT('',#6710);
#2289=VERTEX_POINT('',#6713);
#2290=VERTEX_POINT('',#6715);
#2291=VERTEX_POINT('',#6719);
#2292=VERTEX_POINT('',#6720);
#2293=VERTEX_POINT('',#6725);
#2294=VERTEX_POINT('',#6726);
#2295=VERTEX_POINT('',#6728);
#2296=VERTEX_POINT('',#6730);
#2297=VERTEX_POINT('',#6734);
#2298=VERTEX_POINT('',#6735);
#2299=VERTEX_POINT('',#6737);
#2300=VERTEX_POINT('',#6739);
#2301=VERTEX_POINT('',#6743);
#2302=VERTEX_POINT('',#6746);
#2303=VERTEX_POINT('',#6749);
#2304=VERTEX_POINT('',#6750);
#2305=VERTEX_POINT('',#6752);
#2306=VERTEX_POINT('',#6754);
#2307=VERTEX_POINT('',#6759);
#2308=VERTEX_POINT('',#6763);
#2309=VERTEX_POINT('',#6764);
#2310=VERTEX_POINT('',#6766);
#2311=VERTEX_POINT('',#6774);
#2312=VERTEX_POINT('',#6779);
#2313=VERTEX_POINT('',#6781);
#2314=VERTEX_POINT('',#6785);
#2315=VERTEX_POINT('',#6787);
#2316=VERTEX_POINT('',#6788);
#2317=VERTEX_POINT('',#6791);
#2318=VERTEX_POINT('',#6796);
#2319=VERTEX_POINT('',#6800);
#2320=VERTEX_POINT('',#6814);
#2321=VERTEX_POINT('',#6816);
#2322=VERTEX_POINT('',#6825);
#2323=VERTEX_POINT('',#6827);
#2324=VERTEX_POINT('',#6840);
#2325=VERTEX_POINT('',#6848);
#2326=VERTEX_POINT('',#6853);
#2327=VERTEX_POINT('',#6855);
#2328=VERTEX_POINT('',#6870);
#2329=VERTEX_POINT('',#6879);
#2330=VERTEX_POINT('',#6881);
#2331=VERTEX_POINT('',#6956);
#2332=VERTEX_POINT('',#6958);
#2333=VERTEX_POINT('',#6962);
#2334=VERTEX_POINT('',#6963);
#2335=VERTEX_POINT('',#6965);
#2336=VERTEX_POINT('',#6967);
#2337=VERTEX_POINT('',#6971);
#2338=VERTEX_POINT('',#6972);
#2339=VERTEX_POINT('',#6974);
#2340=VERTEX_POINT('',#6976);
#2341=VERTEX_POINT('',#6980);
#2342=VERTEX_POINT('',#6981);
#2343=VERTEX_POINT('',#6983);
#2344=VERTEX_POINT('',#6985);
#2345=VERTEX_POINT('',#6989);
#2346=VERTEX_POINT('',#6990);
#2347=VERTEX_POINT('',#6995);
#2348=VERTEX_POINT('',#7006);
#2349=VERTEX_POINT('',#7011);
#2350=VERTEX_POINT('',#7086);
#2351=VERTEX_POINT('',#7088);
#2352=VERTEX_POINT('',#7219);
#2353=VERTEX_POINT('',#7220);
#2354=VERTEX_POINT('',#7222);
#2355=VERTEX_POINT('',#7224);
#2356=VERTEX_POINT('',#7226);
#2357=VERTEX_POINT('',#7230);
#2358=VERTEX_POINT('',#7231);
#2359=VERTEX_POINT('',#7233);
#2360=VERTEX_POINT('',#7235);
#2361=VERTEX_POINT('',#7253);
#2362=VERTEX_POINT('',#7255);
#2363=VERTEX_POINT('',#7258);
#2364=VERTEX_POINT('',#7269);
#2365=VERTEX_POINT('',#7271);
#2366=VERTEX_POINT('',#7274);
#2367=VERTEX_POINT('',#7277);
#2368=VERTEX_POINT('',#7279);
#2369=VERTEX_POINT('',#7281);
#2370=VERTEX_POINT('',#7357);
#2371=VERTEX_POINT('',#7362);
#2372=VERTEX_POINT('',#7369);
#2373=VERTEX_POINT('',#7373);
#2374=VERTEX_POINT('',#7406);
#2375=VERTEX_POINT('',#7410);
#2376=VERTEX_POINT('',#7412);
#2377=VERTEX_POINT('',#7416);
#2378=VERTEX_POINT('',#7420);
#2379=VERTEX_POINT('',#7422);
#2380=VERTEX_POINT('',#7426);
#2381=VERTEX_POINT('',#7430);
#2382=VERTEX_POINT('',#7446);
#2383=VERTEX_POINT('',#7450);
#2384=VERTEX_POINT('',#7452);
#2385=VERTEX_POINT('',#7456);
#2386=VERTEX_POINT('',#7460);
#2387=VERTEX_POINT('',#7462);
#2388=VERTEX_POINT('',#7466);
#2389=VERTEX_POINT('',#7470);
#2390=VERTEX_POINT('',#7522);
#2391=VERTEX_POINT('',#7525);
#2392=VERTEX_POINT('',#7529);
#2393=VERTEX_POINT('',#7535);
#2394=VERTEX_POINT('',#7541);
#2395=VERTEX_POINT('',#7554);
#2396=VERTEX_POINT('',#7558);
#2397=VERTEX_POINT('',#7561);
#2398=VERTEX_POINT('',#7563);
#2399=VERTEX_POINT('',#7565);
#2400=LINE('',#5823,#2892);
#2401=LINE('',#5828,#2893);
#2402=LINE('',#5829,#2894);
#2403=LINE('',#5834,#2895);
#2404=LINE('',#5835,#2896);
#2405=LINE('',#5840,#2897);
#2406=LINE('',#5841,#2898);
#2407=LINE('',#5846,#2899);
#2408=LINE('',#5847,#2900);
#2409=LINE('',#5850,#2901);
#2410=LINE('',#5852,#2902);
#2411=LINE('',#5854,#2903);
#2412=LINE('',#5855,#2904);
#2413=LINE('',#5858,#2905);
#2414=LINE('',#5860,#2906);
#2415=LINE('',#5862,#2907);
#2416=LINE('',#5864,#2908);
#2417=LINE('',#5866,#2909);
#2418=LINE('',#5868,#2910);
#2419=LINE('',#5870,#2911);
#2420=LINE('',#5872,#2912);
#2421=LINE('',#5874,#2913);
#2422=LINE('',#5876,#2914);
#2423=LINE('',#5878,#2915);
#2424=LINE('',#5880,#2916);
#2425=LINE('',#5882,#2917);
#2426=LINE('',#5885,#2918);
#2427=LINE('',#5887,#2919);
#2428=LINE('',#5889,#2920);
#2429=LINE('',#5891,#2921);
#2430=LINE('',#5893,#2922);
#2431=LINE('',#5897,#2923);
#2432=LINE('',#5899,#2924);
#2433=LINE('',#5901,#2925);
#2434=LINE('',#5903,#2926);
#2435=LINE('',#5905,#2927);
#2436=LINE('',#5907,#2928);
#2437=LINE('',#5909,#2929);
#2438=LINE('',#5911,#2930);
#2439=LINE('',#5913,#2931);
#2440=LINE('',#5915,#2932);
#2441=LINE('',#5916,#2933);
#2442=LINE('',#5921,#2934);
#2443=LINE('',#5923,#2935);
#2444=LINE('',#5927,#2936);
#2445=LINE('',#5929,#2937);
#2446=LINE('',#5933,#2938);
#2447=LINE('',#5947,#2939);
#2448=LINE('',#5951,#2940);
#2449=LINE('',#6032,#2941);
#2450=LINE('',#6037,#2942);
#2451=LINE('',#6041,#2943);
#2452=LINE('',#6044,#2944);
#2453=LINE('',#6046,#2945);
#2454=LINE('',#6048,#2946);
#2455=LINE('',#6050,#2947);
#2456=LINE('',#6052,#2948);
#2457=LINE('',#6054,#2949);
#2458=LINE('',#6055,#2950);
#2459=LINE('',#6057,#2951);
#2460=LINE('',#6059,#2952);
#2461=LINE('',#6060,#2953);
#2462=LINE('',#6061,#2954);
#2463=LINE('',#6063,#2955);
#2464=LINE('',#6066,#2956);
#2465=LINE('',#6068,#2957);
#2466=LINE('',#6070,#2958);
#2467=LINE('',#6072,#2959);
#2468=LINE('',#6075,#2960);
#2469=LINE('',#6076,#2961);
#2470=LINE('',#6078,#2962);
#2471=LINE('',#6082,#2963);
#2472=LINE('',#6091,#2964);
#2473=LINE('',#6093,#2965);
#2474=LINE('',#6095,#2966);
#2475=LINE('',#6097,#2967);
#2476=LINE('',#6099,#2968);
#2477=LINE('',#6101,#2969);
#2478=LINE('',#6103,#2970);
#2479=LINE('',#6105,#2971);
#2480=LINE('',#6107,#2972);
#2481=LINE('',#6109,#2973);
#2482=LINE('',#6111,#2974);
#2483=LINE('',#6113,#2975);
#2484=LINE('',#6115,#2976);
#2485=LINE('',#6117,#2977);
#2486=LINE('',#6119,#2978);
#2487=LINE('',#6122,#2979);
#2488=LINE('',#6124,#2980);
#2489=LINE('',#6126,#2981);
#2490=LINE('',#6128,#2982);
#2491=LINE('',#6130,#2983);
#2492=LINE('',#6132,#2984);
#2493=LINE('',#6134,#2985);
#2494=LINE('',#6137,#2986);
#2495=LINE('',#6139,#2987);
#2496=LINE('',#6141,#2988);
#2497=LINE('',#6143,#2989);
#2498=LINE('',#6145,#2990);
#2499=LINE('',#6147,#2991);
#2500=LINE('',#6149,#2992);
#2501=LINE('',#6152,#2993);
#2502=LINE('',#6154,#2994);
#2503=LINE('',#6156,#2995);
#2504=LINE('',#6158,#2996);
#2505=LINE('',#6160,#2997);
#2506=LINE('',#6162,#2998);
#2507=LINE('',#6164,#2999);
#2508=LINE('',#6167,#3000);
#2509=LINE('',#6169,#3001);
#2510=LINE('',#6171,#3002);
#2511=LINE('',#6173,#3003);
#2512=LINE('',#6175,#3004);
#2513=LINE('',#6177,#3005);
#2514=LINE('',#6179,#3006);
#2515=LINE('',#6182,#3007);
#2516=LINE('',#6184,#3008);
#2517=LINE('',#6186,#3009);
#2518=LINE('',#6188,#3010);
#2519=LINE('',#6190,#3011);
#2520=LINE('',#6192,#3012);
#2521=LINE('',#6194,#3013);
#2522=LINE('',#6196,#3014);
#2523=LINE('',#6198,#3015);
#2524=LINE('',#6201,#3016);
#2525=LINE('',#6203,#3017);
#2526=LINE('',#6205,#3018);
#2527=LINE('',#6207,#3019);
#2528=LINE('',#6209,#3020);
#2529=LINE('',#6211,#3021);
#2530=LINE('',#6213,#3022);
#2531=LINE('',#6216,#3023);
#2532=LINE('',#6218,#3024);
#2533=LINE('',#6220,#3025);
#2534=LINE('',#6222,#3026);
#2535=LINE('',#6224,#3027);
#2536=LINE('',#6226,#3028);
#2537=LINE('',#6228,#3029);
#2538=LINE('',#6231,#3030);
#2539=LINE('',#6233,#3031);
#2540=LINE('',#6235,#3032);
#2541=LINE('',#6237,#3033);
#2542=LINE('',#6239,#3034);
#2543=LINE('',#6242,#3035);
#2544=LINE('',#6244,#3036);
#2545=LINE('',#6246,#3037);
#2546=LINE('',#6248,#3038);
#2547=LINE('',#6250,#3039);
#2548=LINE('',#6252,#3040);
#2549=LINE('',#6254,#3041);
#2550=LINE('',#6256,#3042);
#2551=LINE('',#6258,#3043);
#2552=LINE('',#6261,#3044);
#2553=LINE('',#6263,#3045);
#2554=LINE('',#6265,#3046);
#2555=LINE('',#6267,#3047);
#2556=LINE('',#6269,#3048);
#2557=LINE('',#6271,#3049);
#2558=LINE('',#6273,#3050);
#2559=LINE('',#6276,#3051);
#2560=LINE('',#6278,#3052);
#2561=LINE('',#6280,#3053);
#2562=LINE('',#6282,#3054);
#2563=LINE('',#6284,#3055);
#2564=LINE('',#6286,#3056);
#2565=LINE('',#6288,#3057);
#2566=LINE('',#6293,#3058);
#2567=LINE('',#6295,#3059);
#2568=LINE('',#6297,#3060);
#2569=LINE('',#6299,#3061);
#2570=LINE('',#6301,#3062);
#2571=LINE('',#6303,#3063);
#2572=LINE('',#6305,#3064);
#2573=LINE('',#6307,#3065);
#2574=LINE('',#6309,#3066);
#2575=LINE('',#6312,#3067);
#2576=LINE('',#6313,#3068);
#2577=LINE('',#6315,#3069);
#2578=LINE('',#6317,#3070);
#2579=LINE('',#6319,#3071);
#2580=LINE('',#6321,#3072);
#2581=LINE('',#6323,#3073);
#2582=LINE('',#6325,#3074);
#2583=LINE('',#6328,#3075);
#2584=LINE('',#6330,#3076);
#2585=LINE('',#6332,#3077);
#2586=LINE('',#6336,#3078);
#2587=LINE('',#6338,#3079);
#2588=LINE('',#6340,#3080);
#2589=LINE('',#6342,#3081);
#2590=LINE('',#6344,#3082);
#2591=LINE('',#6346,#3083);
#2592=LINE('',#6349,#3084);
#2593=LINE('',#6350,#3085);
#2594=LINE('',#6352,#3086);
#2595=LINE('',#6354,#3087);
#2596=LINE('',#6356,#3088);
#2597=LINE('',#6358,#3089);
#2598=LINE('',#6360,#3090);
#2599=LINE('',#6362,#3091);
#2600=LINE('',#6364,#3092);
#2601=LINE('',#6366,#3093);
#2602=LINE('',#6370,#3094);
#2603=LINE('',#6373,#3095);
#2604=LINE('',#6375,#3096);
#2605=LINE('',#6377,#3097);
#2606=LINE('',#6388,#3098);
#2607=LINE('',#6391,#3099);
#2608=LINE('',#6393,#3100);
#2609=LINE('',#6395,#3101);
#2610=LINE('',#6396,#3102);
#2611=LINE('',#6399,#3103);
#2612=LINE('',#6401,#3104);
#2613=LINE('',#6403,#3105);
#2614=LINE('',#6405,#3106);
#2615=LINE('',#6407,#3107);
#2616=LINE('',#6408,#3108);
#2617=LINE('',#6410,#3109);
#2618=LINE('',#6412,#3110);
#2619=LINE('',#6414,#3111);
#2620=LINE('',#6417,#3112);
#2621=LINE('',#6419,#3113);
#2622=LINE('',#6421,#3114);
#2623=LINE('',#6422,#3115);
#2624=LINE('',#6424,#3116);
#2625=LINE('',#6425,#3117);
#2626=LINE('',#6427,#3118);
#2627=LINE('',#6429,#3119);
#2628=LINE('',#6433,#3120);
#2629=LINE('',#6435,#3121);
#2630=LINE('',#6437,#3122);
#2631=LINE('',#6439,#3123);
#2632=LINE('',#6450,#3124);
#2633=LINE('',#6452,#3125);
#2634=LINE('',#6454,#3126);
#2635=LINE('',#6458,#3127);
#2636=LINE('',#6459,#3128);
#2637=LINE('',#6461,#3129);
#2638=LINE('',#6463,#3130);
#2639=LINE('',#6464,#3131);
#2640=LINE('',#6466,#3132);
#2641=LINE('',#6468,#3133);
#2642=LINE('',#6470,#3134);
#2643=LINE('',#6472,#3135);
#2644=LINE('',#6474,#3136);
#2645=LINE('',#6476,#3137);
#2646=LINE('',#6478,#3138);
#2647=LINE('',#6480,#3139);
#2648=LINE('',#6482,#3140);
#2649=LINE('',#6484,#3141);
#2650=LINE('',#6486,#3142);
#2651=LINE('',#6488,#3143);
#2652=LINE('',#6490,#3144);
#2653=LINE('',#6492,#3145);
#2654=LINE('',#6494,#3146);
#2655=LINE('',#6496,#3147);
#2656=LINE('',#6498,#3148);
#2657=LINE('',#6500,#3149);
#2658=LINE('',#6502,#3150);
#2659=LINE('',#6504,#3151);
#2660=LINE('',#6505,#3152);
#2661=LINE('',#6506,#3153);
#2662=LINE('',#6508,#3154);
#2663=LINE('',#6510,#3155);
#2664=LINE('',#6512,#3156);
#2665=LINE('',#6514,#3157);
#2666=LINE('',#6516,#3158);
#2667=LINE('',#6519,#3159);
#2668=LINE('',#6521,#3160);
#2669=LINE('',#6523,#3161);
#2670=LINE('',#6525,#3162);
#2671=LINE('',#6527,#3163);
#2672=LINE('',#6529,#3164);
#2673=LINE('',#6531,#3165);
#2674=LINE('',#6534,#3166);
#2675=LINE('',#6535,#3167);
#2676=LINE('',#6543,#3168);
#2677=LINE('',#6548,#3169);
#2678=LINE('',#6552,#3170);
#2679=LINE('',#6556,#3171);
#2680=LINE('',#6560,#3172);
#2681=LINE('',#6565,#3173);
#2682=LINE('',#6569,#3174);
#2683=LINE('',#6573,#3175);
#2684=LINE('',#6647,#3176);
#2685=LINE('',#6656,#3177);
#2686=LINE('',#6691,#3178);
#2687=LINE('',#6692,#3179);
#2688=LINE('',#6694,#3180);
#2689=LINE('',#6698,#3181);
#2690=LINE('',#6703,#3182);
#2691=LINE('',#6704,#3183);
#2692=LINE('',#6712,#3184);
#2693=LINE('',#6714,#3185);
#2694=LINE('',#6716,#3186);
#2695=LINE('',#6718,#3187);
#2696=LINE('',#6721,#3188);
#2697=LINE('',#6722,#3189);
#2698=LINE('',#6724,#3190);
#2699=LINE('',#6727,#3191);
#2700=LINE('',#6729,#3192);
#2701=LINE('',#6731,#3193);
#2702=LINE('',#6733,#3194);
#2703=LINE('',#6736,#3195);
#2704=LINE('',#6738,#3196);
#2705=LINE('',#6740,#3197);
#2706=LINE('',#6748,#3198);
#2707=LINE('',#6751,#3199);
#2708=LINE('',#6753,#3200);
#2709=LINE('',#6760,#3201);
#2710=LINE('',#6762,#3202);
#2711=LINE('',#6780,#3203);
#2712=LINE('',#6786,#3204);
#2713=LINE('',#6789,#3205);
#2714=LINE('',#6790,#3206);
#2715=LINE('',#6797,#3207);
#2716=LINE('',#6799,#3208);
#2717=LINE('',#6815,#3209);
#2718=LINE('',#6821,#3210);
#2719=LINE('',#6823,#3211);
#2720=LINE('',#6824,#3212);
#2721=LINE('',#6826,#3213);
#2722=LINE('',#6854,#3214);
#2723=LINE('',#6869,#3215);
#2724=LINE('',#6871,#3216);
#2725=LINE('',#6877,#3217);
#2726=LINE('',#6878,#3218);
#2727=LINE('',#6880,#3219);
#2728=LINE('',#6882,#3220);
#2729=LINE('',#6955,#3221);
#2730=LINE('',#6957,#3222);
#2731=LINE('',#6959,#3223);
#2732=LINE('',#6961,#3224);
#2733=LINE('',#6964,#3225);
#2734=LINE('',#6966,#3226);
#2735=LINE('',#6968,#3227);
#2736=LINE('',#6988,#3228);
#2737=LINE('',#6991,#3229);
#2738=LINE('',#6992,#3230);
#2739=LINE('',#6994,#3231);
#2740=LINE('',#7003,#3232);
#2741=LINE('',#7005,#3233);
#2742=LINE('',#7007,#3234);
#2743=LINE('',#7008,#3235);
#2744=LINE('',#7010,#3236);
#2745=LINE('',#7012,#3237);
#2746=LINE('',#7085,#3238);
#2747=LINE('',#7087,#3239);
#2748=LINE('',#7089,#3240);
#2749=LINE('',#7216,#3241);
#2750=LINE('',#7218,#3242);
#2751=LINE('',#7221,#3243);
#2752=LINE('',#7223,#3244);
#2753=LINE('',#7225,#3245);
#2754=LINE('',#7227,#3246);
#2755=LINE('',#7229,#3247);
#2756=LINE('',#7232,#3248);
#2757=LINE('',#7234,#3249);
#2758=LINE('',#7236,#3250);
#2759=LINE('',#7238,#3251);
#2760=LINE('',#7239,#3252);
#2761=LINE('',#7241,#3253);
#2762=LINE('',#7242,#3254);
#2763=LINE('',#7243,#3255);
#2764=LINE('',#7244,#3256);
#2765=LINE('',#7245,#3257);
#2766=LINE('',#7246,#3258);
#2767=LINE('',#7247,#3259);
#2768=LINE('',#7249,#3260);
#2769=LINE('',#7250,#3261);
#2770=LINE('',#7252,#3262);
#2771=LINE('',#7254,#3263);
#2772=LINE('',#7256,#3264);
#2773=LINE('',#7257,#3265);
#2774=LINE('',#7259,#3266);
#2775=LINE('',#7260,#3267);
#2776=LINE('',#7262,#3268);
#2777=LINE('',#7263,#3269);
#2778=LINE('',#7265,#3270);
#2779=LINE('',#7266,#3271);
#2780=LINE('',#7268,#3272);
#2781=LINE('',#7270,#3273);
#2782=LINE('',#7272,#3274);
#2783=LINE('',#7273,#3275);
#2784=LINE('',#7275,#3276);
#2785=LINE('',#7276,#3277);
#2786=LINE('',#7278,#3278);
#2787=LINE('',#7280,#3279);
#2788=LINE('',#7282,#3280);
#2789=LINE('',#7356,#3281);
#2790=LINE('',#7358,#3282);
#2791=LINE('',#7361,#3283);
#2792=LINE('',#7363,#3284);
#2793=LINE('',#7365,#3285);
#2794=LINE('',#7367,#3286);
#2795=LINE('',#7368,#3287);
#2796=LINE('',#7370,#3288);
#2797=LINE('',#7372,#3289);
#2798=LINE('',#7374,#3290);
#2799=LINE('',#7376,#3291);
#2800=LINE('',#7377,#3292);
#2801=LINE('',#7379,#3293);
#2802=LINE('',#7381,#3294);
#2803=LINE('',#7382,#3295);
#2804=LINE('',#7384,#3296);
#2805=LINE('',#7386,#3297);
#2806=LINE('',#7387,#3298);
#2807=LINE('',#7389,#3299);
#2808=LINE('',#7391,#3300);
#2809=LINE('',#7392,#3301);
#2810=LINE('',#7394,#3302);
#2811=LINE('',#7398,#3303);
#2812=LINE('',#7399,#3304);
#2813=LINE('',#7401,#3305);
#2814=LINE('',#7405,#3306);
#2815=LINE('',#7407,#3307);
#2816=LINE('',#7409,#3308);
#2817=LINE('',#7411,#3309);
#2818=LINE('',#7413,#3310);
#2819=LINE('',#7415,#3311);
#2820=LINE('',#7417,#3312);
#2821=LINE('',#7419,#3313);
#2822=LINE('',#7421,#3314);
#2823=LINE('',#7423,#3315);
#2824=LINE('',#7425,#3316);
#2825=LINE('',#7427,#3317);
#2826=LINE('',#7429,#3318);
#2827=LINE('',#7431,#3319);
#2828=LINE('',#7433,#3320);
#2829=LINE('',#7435,#3321);
#2830=LINE('',#7437,#3322);
#2831=LINE('',#7438,#3323);
#2832=LINE('',#7440,#3324);
#2833=LINE('',#7441,#3325);
#2834=LINE('',#7445,#3326);
#2835=LINE('',#7447,#3327);
#2836=LINE('',#7449,#3328);
#2837=LINE('',#7451,#3329);
#2838=LINE('',#7453,#3330);
#2839=LINE('',#7455,#3331);
#2840=LINE('',#7457,#3332);
#2841=LINE('',#7459,#3333);
#2842=LINE('',#7461,#3334);
#2843=LINE('',#7463,#3335);
#2844=LINE('',#7465,#3336);
#2845=LINE('',#7467,#3337);
#2846=LINE('',#7469,#3338);
#2847=LINE('',#7471,#3339);
#2848=LINE('',#7473,#3340);
#2849=LINE('',#7475,#3341);
#2850=LINE('',#7477,#3342);
#2851=LINE('',#7478,#3343);
#2852=LINE('',#7480,#3344);
#2853=LINE('',#7481,#3345);
#2854=LINE('',#7491,#3346);
#2855=LINE('',#7492,#3347);
#2856=LINE('',#7494,#3348);
#2857=LINE('',#7495,#3349);
#2858=LINE('',#7498,#3350);
#2859=LINE('',#7499,#3351);
#2860=LINE('',#7504,#3352);
#2861=LINE('',#7506,#3353);
#2862=LINE('',#7509,#3354);
#2863=LINE('',#7510,#3355);
#2864=LINE('',#7514,#3356);
#2865=LINE('',#7516,#3357);
#2866=LINE('',#7521,#3358);
#2867=LINE('',#7523,#3359);
#2868=LINE('',#7524,#3360);
#2869=LINE('',#7526,#3361);
#2870=LINE('',#7528,#3362);
#2871=LINE('',#7530,#3363);
#2872=LINE('',#7532,#3364);
#2873=LINE('',#7534,#3365);
#2874=LINE('',#7536,#3366);
#2875=LINE('',#7538,#3367);
#2876=LINE('',#7540,#3368);
#2877=LINE('',#7542,#3369);
#2878=LINE('',#7545,#3370);
#2879=LINE('',#7548,#3371);
#2880=LINE('',#7553,#3372);
#2881=LINE('',#7555,#3373);
#2882=LINE('',#7557,#3374);
#2883=LINE('',#7559,#3375);
#2884=LINE('',#7560,#3376);
#2885=LINE('',#7562,#3377);
#2886=LINE('',#7564,#3378);
#2887=LINE('',#7566,#3379);
#2888=LINE('',#7568,#3380);
#2889=LINE('',#7570,#3381);
#2890=LINE('',#7572,#3382);
#2891=LINE('',#7574,#3383);
#2892=VECTOR('',#4709,1.);
#2893=VECTOR('',#4712,1.);
#2894=VECTOR('',#4713,1.);
#2895=VECTOR('',#4716,1.);
#2896=VECTOR('',#4717,1.);
#2897=VECTOR('',#4720,1.);
#2898=VECTOR('',#4721,1.);
#2899=VECTOR('',#4724,1.);
#2900=VECTOR('',#4725,1.);
#2901=VECTOR('',#4726,1.);
#2902=VECTOR('',#4727,1.);
#2903=VECTOR('',#4728,1.);
#2904=VECTOR('',#4729,1.);
#2905=VECTOR('',#4730,1.);
#2906=VECTOR('',#4731,1.);
#2907=VECTOR('',#4732,1.);
#2908=VECTOR('',#4733,1.);
#2909=VECTOR('',#4734,1.);
#2910=VECTOR('',#4735,1.);
#2911=VECTOR('',#4736,1.);
#2912=VECTOR('',#4737,1.);
#2913=VECTOR('',#4738,1.);
#2914=VECTOR('',#4741,1.);
#2915=VECTOR('',#4742,1.);
#2916=VECTOR('',#4743,1.);
#2917=VECTOR('',#4746,1.);
#2918=VECTOR('',#4747,1.);
#2919=VECTOR('',#4748,1.);
#2920=VECTOR('',#4749,1.);
#2921=VECTOR('',#4750,1.);
#2922=VECTOR('',#4751,1.);
#2923=VECTOR('',#4754,1.);
#2924=VECTOR('',#4755,1.);
#2925=VECTOR('',#4756,1.);
#2926=VECTOR('',#4757,1.);
#2927=VECTOR('',#4758,1.);
#2928=VECTOR('',#4759,1.);
#2929=VECTOR('',#4760,1.);
#2930=VECTOR('',#4761,1.);
#2931=VECTOR('',#4762,1.);
#2932=VECTOR('',#4763,1.);
#2933=VECTOR('',#4764,1.);
#2934=VECTOR('',#4767,1.);
#2935=VECTOR('',#4770,1.);
#2936=VECTOR('',#4773,1.);
#2937=VECTOR('',#4776,1.);
#2938=VECTOR('',#4779,1.);
#2939=VECTOR('',#4794,1.);
#2940=VECTOR('',#4797,1.);
#2941=VECTOR('',#4812,1.);
#2942=VECTOR('',#4815,1.);
#2943=VECTOR('',#4820,1.);
#2944=VECTOR('',#4821,1.);
#2945=VECTOR('',#4822,1.);
#2946=VECTOR('',#4823,1.);
#2947=VECTOR('',#4826,1.);
#2948=VECTOR('',#4827,1.);
#2949=VECTOR('',#4828,1.);
#2950=VECTOR('',#4829,1.);
#2951=VECTOR('',#4830,1.);
#2952=VECTOR('',#4831,1.);
#2953=VECTOR('',#4832,1.);
#2954=VECTOR('',#4833,1.);
#2955=VECTOR('',#4836,1.);
#2956=VECTOR('',#4837,1.);
#2957=VECTOR('',#4838,1.);
#2958=VECTOR('',#4839,1.);
#2959=VECTOR('',#4842,1.);
#2960=VECTOR('',#4843,1.);
#2961=VECTOR('',#4844,1.);
#2962=VECTOR('',#4847,1.);
#2963=VECTOR('',#4850,1.);
#2964=VECTOR('',#4859,1.);
#2965=VECTOR('',#4862,1.);
#2966=VECTOR('',#4863,1.);
#2967=VECTOR('',#4866,1.);
#2968=VECTOR('',#4869,1.);
#2969=VECTOR('',#4870,1.);
#2970=VECTOR('',#4871,1.);
#2971=VECTOR('',#4874,1.);
#2972=VECTOR('',#4875,1.);
#2973=VECTOR('',#4878,1.);
#2974=VECTOR('',#4879,1.);
#2975=VECTOR('',#4880,1.);
#2976=VECTOR('',#4883,1.);
#2977=VECTOR('',#4884,1.);
#2978=VECTOR('',#4887,1.);
#2979=VECTOR('',#4888,1.);
#2980=VECTOR('',#4889,1.);
#2981=VECTOR('',#4890,1.);
#2982=VECTOR('',#4893,1.);
#2983=VECTOR('',#4894,1.);
#2984=VECTOR('',#4895,1.);
#2985=VECTOR('',#4898,1.);
#2986=VECTOR('',#4899,1.);
#2987=VECTOR('',#4900,1.);
#2988=VECTOR('',#4901,1.);
#2989=VECTOR('',#4904,1.);
#2990=VECTOR('',#4905,1.);
#2991=VECTOR('',#4906,1.);
#2992=VECTOR('',#4909,1.);
#2993=VECTOR('',#4910,1.);
#2994=VECTOR('',#4911,1.);
#2995=VECTOR('',#4912,1.);
#2996=VECTOR('',#4915,1.);
#2997=VECTOR('',#4916,1.);
#2998=VECTOR('',#4917,1.);
#2999=VECTOR('',#4920,1.);
#3000=VECTOR('',#4921,1.);
#3001=VECTOR('',#4922,1.);
#3002=VECTOR('',#4923,1.);
#3003=VECTOR('',#4926,1.);
#3004=VECTOR('',#4927,1.);
#3005=VECTOR('',#4928,1.);
#3006=VECTOR('',#4931,1.);
#3007=VECTOR('',#4932,1.);
#3008=VECTOR('',#4933,1.);
#3009=VECTOR('',#4934,1.);
#3010=VECTOR('',#4937,1.);
#3011=VECTOR('',#4938,1.);
#3012=VECTOR('',#4939,1.);
#3013=VECTOR('',#4942,1.);
#3014=VECTOR('',#4943,1.);
#3015=VECTOR('',#4946,1.);
#3016=VECTOR('',#4947,1.);
#3017=VECTOR('',#4948,1.);
#3018=VECTOR('',#4949,1.);
#3019=VECTOR('',#4950,1.);
#3020=VECTOR('',#4951,1.);
#3021=VECTOR('',#4952,1.);
#3022=VECTOR('',#4955,1.);
#3023=VECTOR('',#4956,1.);
#3024=VECTOR('',#4957,1.);
#3025=VECTOR('',#4958,1.);
#3026=VECTOR('',#4959,1.);
#3027=VECTOR('',#4960,1.);
#3028=VECTOR('',#4961,1.);
#3029=VECTOR('',#4964,1.);
#3030=VECTOR('',#4965,1.);
#3031=VECTOR('',#4966,1.);
#3032=VECTOR('',#4967,1.);
#3033=VECTOR('',#4968,1.);
#3034=VECTOR('',#4971,1.);
#3035=VECTOR('',#4972,1.);
#3036=VECTOR('',#4973,1.);
#3037=VECTOR('',#4974,1.);
#3038=VECTOR('',#4975,1.);
#3039=VECTOR('',#4978,1.);
#3040=VECTOR('',#4979,1.);
#3041=VECTOR('',#4982,1.);
#3042=VECTOR('',#4983,1.);
#3043=VECTOR('',#4986,1.);
#3044=VECTOR('',#4987,1.);
#3045=VECTOR('',#4988,1.);
#3046=VECTOR('',#4989,1.);
#3047=VECTOR('',#4990,1.);
#3048=VECTOR('',#4991,1.);
#3049=VECTOR('',#4992,1.);
#3050=VECTOR('',#4995,1.);
#3051=VECTOR('',#4996,1.);
#3052=VECTOR('',#4997,1.);
#3053=VECTOR('',#4998,1.);
#3054=VECTOR('',#4999,1.);
#3055=VECTOR('',#5000,1.);
#3056=VECTOR('',#5001,1.);
#3057=VECTOR('',#5004,1.);
#3058=VECTOR('',#5007,1.);
#3059=VECTOR('',#5008,1.);
#3060=VECTOR('',#5009,1.);
#3061=VECTOR('',#5010,1.);
#3062=VECTOR('',#5011,1.);
#3063=VECTOR('',#5014,1.);
#3064=VECTOR('',#5015,1.);
#3065=VECTOR('',#5016,1.);
#3066=VECTOR('',#5019,1.);
#3067=VECTOR('',#5020,1.);
#3068=VECTOR('',#5021,1.);
#3069=VECTOR('',#5024,1.);
#3070=VECTOR('',#5025,1.);
#3071=VECTOR('',#5028,1.);
#3072=VECTOR('',#5029,1.);
#3073=VECTOR('',#5030,1.);
#3074=VECTOR('',#5033,1.);
#3075=VECTOR('',#5034,1.);
#3076=VECTOR('',#5035,1.);
#3077=VECTOR('',#5036,1.);
#3078=VECTOR('',#5041,1.);
#3079=VECTOR('',#5042,1.);
#3080=VECTOR('',#5043,1.);
#3081=VECTOR('',#5044,1.);
#3082=VECTOR('',#5045,1.);
#3083=VECTOR('',#5048,1.);
#3084=VECTOR('',#5049,1.);
#3085=VECTOR('',#5050,1.);
#3086=VECTOR('',#5053,1.);
#3087=VECTOR('',#5054,1.);
#3088=VECTOR('',#5057,1.);
#3089=VECTOR('',#5058,1.);
#3090=VECTOR('',#5059,1.);
#3091=VECTOR('',#5062,1.);
#3092=VECTOR('',#5063,1.);
#3093=VECTOR('',#5064,1.);
#3094=VECTOR('',#5069,1.);
#3095=VECTOR('',#5070,1.);
#3096=VECTOR('',#5071,1.);
#3097=VECTOR('',#5072,1.);
#3098=VECTOR('',#5091,1.);
#3099=VECTOR('',#5092,1.);
#3100=VECTOR('',#5093,1.);
#3101=VECTOR('',#5094,1.);
#3102=VECTOR('',#5095,1.);
#3103=VECTOR('',#5096,1.);
#3104=VECTOR('',#5097,1.);
#3105=VECTOR('',#5098,1.);
#3106=VECTOR('',#5099,1.);
#3107=VECTOR('',#5102,1.);
#3108=VECTOR('',#5103,1.);
#3109=VECTOR('',#5106,1.);
#3110=VECTOR('',#5109,1.);
#3111=VECTOR('',#5110,1.);
#3112=VECTOR('',#5115,1.);
#3113=VECTOR('',#5118,1.);
#3114=VECTOR('',#5119,1.);
#3115=VECTOR('',#5120,1.);
#3116=VECTOR('',#5123,1.);
#3117=VECTOR('',#5124,1.);
#3118=VECTOR('',#5125,1.);
#3119=VECTOR('',#5128,1.);
#3120=VECTOR('',#5133,1.);
#3121=VECTOR('',#5134,1.);
#3122=VECTOR('',#5135,1.);
#3123=VECTOR('',#5136,1.);
#3124=VECTOR('',#5155,1.);
#3125=VECTOR('',#5156,1.);
#3126=VECTOR('',#5159,1.);
#3127=VECTOR('',#5162,1.);
#3128=VECTOR('',#5163,1.);
#3129=VECTOR('',#5164,1.);
#3130=VECTOR('',#5167,1.);
#3131=VECTOR('',#5168,1.);
#3132=VECTOR('',#5169,1.);
#3133=VECTOR('',#5172,1.);
#3134=VECTOR('',#5173,1.);
#3135=VECTOR('',#5176,1.);
#3136=VECTOR('',#5177,1.);
#3137=VECTOR('',#5178,1.);
#3138=VECTOR('',#5179,1.);
#3139=VECTOR('',#5182,1.);
#3140=VECTOR('',#5185,1.);
#3141=VECTOR('',#5186,1.);
#3142=VECTOR('',#5187,1.);
#3143=VECTOR('',#5188,1.);
#3144=VECTOR('',#5191,1.);
#3145=VECTOR('',#5192,1.);
#3146=VECTOR('',#5193,1.);
#3147=VECTOR('',#5196,1.);
#3148=VECTOR('',#5197,1.);
#3149=VECTOR('',#5198,1.);
#3150=VECTOR('',#5201,1.);
#3151=VECTOR('',#5202,1.);
#3152=VECTOR('',#5203,1.);
#3153=VECTOR('',#5204,1.);
#3154=VECTOR('',#5205,1.);
#3155=VECTOR('',#5208,1.);
#3156=VECTOR('',#5209,1.);
#3157=VECTOR('',#5210,1.);
#3158=VECTOR('',#5213,1.);
#3159=VECTOR('',#5214,1.);
#3160=VECTOR('',#5215,1.);
#3161=VECTOR('',#5216,1.);
#3162=VECTOR('',#5219,1.);
#3163=VECTOR('',#5220,1.);
#3164=VECTOR('',#5221,1.);
#3165=VECTOR('',#5224,1.);
#3166=VECTOR('',#5225,1.);
#3167=VECTOR('',#5226,1.);
#3168=VECTOR('',#5237,1.);
#3169=VECTOR('',#5240,1.);
#3170=VECTOR('',#5243,1.);
#3171=VECTOR('',#5246,1.);
#3172=VECTOR('',#5251,1.);
#3173=VECTOR('',#5254,1.);
#3174=VECTOR('',#5257,1.);
#3175=VECTOR('',#5260,1.);
#3176=VECTOR('',#5313,1.);
#3177=VECTOR('',#5316,1.);
#3178=VECTOR('',#5323,1.);
#3179=VECTOR('',#5324,1.);
#3180=VECTOR('',#5327,1.);
#3181=VECTOR('',#5330,1.);
#3182=VECTOR('',#5335,1.);
#3183=VECTOR('',#5336,1.);
#3184=VECTOR('',#5347,1.);
#3185=VECTOR('',#5348,1.);
#3186=VECTOR('',#5349,1.);
#3187=VECTOR('',#5352,1.);
#3188=VECTOR('',#5353,1.);
#3189=VECTOR('',#5354,1.);
#3190=VECTOR('',#5357,1.);
#3191=VECTOR('',#5358,1.);
#3192=VECTOR('',#5359,1.);
#3193=VECTOR('',#5360,1.);
#3194=VECTOR('',#5363,1.);
#3195=VECTOR('',#5364,1.);
#3196=VECTOR('',#5365,1.);
#3197=VECTOR('',#5366,1.);
#3198=VECTOR('',#5377,1.);
#3199=VECTOR('',#5378,1.);
#3200=VECTOR('',#5379,1.);
#3201=VECTOR('',#5380,1.);
#3202=VECTOR('',#5383,1.);
#3203=VECTOR('',#5386,1.);
#3204=VECTOR('',#5393,1.);
#3205=VECTOR('',#5394,1.);
#3206=VECTOR('',#5395,1.);
#3207=VECTOR('',#5396,1.);
#3208=VECTOR('',#5399,1.);
#3209=VECTOR('',#5404,1.);
#3210=VECTOR('',#5405,1.);
#3211=VECTOR('',#5408,1.);
#3212=VECTOR('',#5409,1.);
#3213=VECTOR('',#5410,1.);
#3214=VECTOR('',#5421,1.);
#3215=VECTOR('',#5424,1.);
#3216=VECTOR('',#5425,1.);
#3217=VECTOR('',#5428,1.);
#3218=VECTOR('',#5429,1.);
#3219=VECTOR('',#5430,1.);
#3220=VECTOR('',#5431,1.);
#3221=VECTOR('',#5432,1.);
#3222=VECTOR('',#5433,1.);
#3223=VECTOR('',#5434,1.);
#3224=VECTOR('',#5437,1.);
#3225=VECTOR('',#5438,1.);
#3226=VECTOR('',#5439,1.);
#3227=VECTOR('',#5440,1.);
#3228=VECTOR('',#5463,1.);
#3229=VECTOR('',#5464,1.);
#3230=VECTOR('',#5465,1.);
#3231=VECTOR('',#5468,1.);
#3232=VECTOR('',#5469,1.);
#3233=VECTOR('',#5472,1.);
#3234=VECTOR('',#5473,1.);
#3235=VECTOR('',#5474,1.);
#3236=VECTOR('',#5477,1.);
#3237=VECTOR('',#5478,1.);
#3238=VECTOR('',#5479,1.);
#3239=VECTOR('',#5480,1.);
#3240=VECTOR('',#5481,1.);
#3241=VECTOR('',#5482,1.);
#3242=VECTOR('',#5485,1.);
#3243=VECTOR('',#5486,1.);
#3244=VECTOR('',#5487,1.);
#3245=VECTOR('',#5488,1.);
#3246=VECTOR('',#5489,1.);
#3247=VECTOR('',#5492,1.);
#3248=VECTOR('',#5493,1.);
#3249=VECTOR('',#5494,1.);
#3250=VECTOR('',#5495,1.);
#3251=VECTOR('',#5498,1.);
#3252=VECTOR('',#5499,1.);
#3253=VECTOR('',#5502,1.);
#3254=VECTOR('',#5503,1.);
#3255=VECTOR('',#5504,1.);
#3256=VECTOR('',#5505,1.);
#3257=VECTOR('',#5506,1.);
#3258=VECTOR('',#5507,1.);
#3259=VECTOR('',#5508,1.);
#3260=VECTOR('',#5511,1.);
#3261=VECTOR('',#5512,1.);
#3262=VECTOR('',#5515,1.);
#3263=VECTOR('',#5516,1.);
#3264=VECTOR('',#5517,1.);
#3265=VECTOR('',#5518,1.);
#3266=VECTOR('',#5519,1.);
#3267=VECTOR('',#5520,1.);
#3268=VECTOR('',#5523,1.);
#3269=VECTOR('',#5524,1.);
#3270=VECTOR('',#5527,1.);
#3271=VECTOR('',#5528,1.);
#3272=VECTOR('',#5531,1.);
#3273=VECTOR('',#5532,1.);
#3274=VECTOR('',#5533,1.);
#3275=VECTOR('',#5534,1.);
#3276=VECTOR('',#5535,1.);
#3277=VECTOR('',#5536,1.);
#3278=VECTOR('',#5537,1.);
#3279=VECTOR('',#5538,1.);
#3280=VECTOR('',#5539,1.);
#3281=VECTOR('',#5542,1.);
#3282=VECTOR('',#5543,1.);
#3283=VECTOR('',#5548,1.);
#3284=VECTOR('',#5549,1.);
#3285=VECTOR('',#5552,1.);
#3286=VECTOR('',#5555,1.);
#3287=VECTOR('',#5556,1.);
#3288=VECTOR('',#5557,1.);
#3289=VECTOR('',#5560,1.);
#3290=VECTOR('',#5561,1.);
#3291=VECTOR('',#5564,1.);
#3292=VECTOR('',#5565,1.);
#3293=VECTOR('',#5568,1.);
#3294=VECTOR('',#5571,1.);
#3295=VECTOR('',#5572,1.);
#3296=VECTOR('',#5575,1.);
#3297=VECTOR('',#5578,1.);
#3298=VECTOR('',#5579,1.);
#3299=VECTOR('',#5582,1.);
#3300=VECTOR('',#5585,1.);
#3301=VECTOR('',#5586,1.);
#3302=VECTOR('',#5589,1.);
#3303=VECTOR('',#5596,1.);
#3304=VECTOR('',#5597,1.);
#3305=VECTOR('',#5600,1.);
#3306=VECTOR('',#5607,1.);
#3307=VECTOR('',#5608,1.);
#3308=VECTOR('',#5611,1.);
#3309=VECTOR('',#5612,1.);
#3310=VECTOR('',#5613,1.);
#3311=VECTOR('',#5616,1.);
#3312=VECTOR('',#5617,1.);
#3313=VECTOR('',#5620,1.);
#3314=VECTOR('',#5621,1.);
#3315=VECTOR('',#5622,1.);
#3316=VECTOR('',#5625,1.);
#3317=VECTOR('',#5626,1.);
#3318=VECTOR('',#5629,1.);
#3319=VECTOR('',#5630,1.);
#3320=VECTOR('',#5633,1.);
#3321=VECTOR('',#5636,1.);
#3322=VECTOR('',#5639,1.);
#3323=VECTOR('',#5640,1.);
#3324=VECTOR('',#5643,1.);
#3325=VECTOR('',#5644,1.);
#3326=VECTOR('',#5651,1.);
#3327=VECTOR('',#5652,1.);
#3328=VECTOR('',#5655,1.);
#3329=VECTOR('',#5656,1.);
#3330=VECTOR('',#5657,1.);
#3331=VECTOR('',#5660,1.);
#3332=VECTOR('',#5661,1.);
#3333=VECTOR('',#5664,1.);
#3334=VECTOR('',#5665,1.);
#3335=VECTOR('',#5666,1.);
#3336=VECTOR('',#5669,1.);
#3337=VECTOR('',#5670,1.);
#3338=VECTOR('',#5673,1.);
#3339=VECTOR('',#5674,1.);
#3340=VECTOR('',#5677,1.);
#3341=VECTOR('',#5680,1.);
#3342=VECTOR('',#5683,1.);
#3343=VECTOR('',#5684,1.);
#3344=VECTOR('',#5687,1.);
#3345=VECTOR('',#5688,1.);
#3346=VECTOR('',#5707,1.);
#3347=VECTOR('',#5708,1.);
#3348=VECTOR('',#5711,1.);
#3349=VECTOR('',#5712,1.);
#3350=VECTOR('',#5717,1.);
#3351=VECTOR('',#5718,1.);
#3352=VECTOR('',#5727,1.);
#3353=VECTOR('',#5730,1.);
#3354=VECTOR('',#5735,1.);
#3355=VECTOR('',#5736,1.);
#3356=VECTOR('',#5743,1.);
#3357=VECTOR('',#5746,1.);
#3358=VECTOR('',#5755,1.);
#3359=VECTOR('',#5756,1.);
#3360=VECTOR('',#5757,1.);
#3361=VECTOR('',#5758,1.);
#3362=VECTOR('',#5761,1.);
#3363=VECTOR('',#5762,1.);
#3364=VECTOR('',#5765,1.);
#3365=VECTOR('',#5768,1.);
#3366=VECTOR('',#5769,1.);
#3367=VECTOR('',#5772,1.);
#3368=VECTOR('',#5775,1.);
#3369=VECTOR('',#5776,1.);
#3370=VECTOR('',#5781,1.);
#3371=VECTOR('',#5786,1.);
#3372=VECTOR('',#5795,1.);
#3373=VECTOR('',#5796,1.);
#3374=VECTOR('',#5799,1.);
#3375=VECTOR('',#5800,1.);
#3376=VECTOR('',#5801,1.);
#3377=VECTOR('',#5802,1.);
#3378=VECTOR('',#5803,1.);
#3379=VECTOR('',#5804,1.);
#3380=VECTOR('',#5807,1.);
#3381=VECTOR('',#5810,1.);
#3382=VECTOR('',#5813,1.);
#3383=VECTOR('',#5816,1.);
#3384=EDGE_LOOP('',(#170,#171,#172));
#3385=EDGE_LOOP('',(#173,#174,#175));
#3386=EDGE_LOOP('',(#176,#177,#178));
#3387=EDGE_LOOP('',(#179,#180,#181));
#3388=EDGE_LOOP('',(#182,#183,#184,#185));
#3389=EDGE_LOOP('',(#186,#187,#188,#189,#190,#191,#192,#193,#194,#195));
#3390=EDGE_LOOP('',(#196,#197,#198,#199));
#3391=EDGE_LOOP('',(#200,#201,#202,#203,#204,#205,#206,#207,#208,#209,#210,
#211,#212,#213,#214,#215,#216));
#3392=EDGE_LOOP('',(#217,#218,#219));
#3393=EDGE_LOOP('',(#220,#221,#222,#223));
#3394=EDGE_LOOP('',(#224,#225,#226,#227));
#3395=EDGE_LOOP('',(#228));
#3396=EDGE_LOOP('',(#229));
#3397=EDGE_LOOP('',(#230));
#3398=EDGE_LOOP('',(#231));
#3399=EDGE_LOOP('',(#232,#233,#234,#235));
#3400=EDGE_LOOP('',(#236));
#3401=EDGE_LOOP('',(#237));
#3402=EDGE_LOOP('',(#238,#239,#240));
#3403=EDGE_LOOP('',(#241));
#3404=EDGE_LOOP('',(#242));
#3405=EDGE_LOOP('',(#243,#244,#245,#246));
#3406=EDGE_LOOP('',(#247,#248,#249,#250));
#3407=EDGE_LOOP('',(#251,#252,#253,#254));
#3408=EDGE_LOOP('',(#255,#256,#257,#258,#259,#260,#261,#262,#263,#264,#265,
#266));
#3409=EDGE_LOOP('',(#267,#268,#269,#270));
#3410=EDGE_LOOP('',(#271,#272,#273,#274));
#3411=EDGE_LOOP('',(#275,#276,#277,#278));
#3412=EDGE_LOOP('',(#279,#280,#281,#282,#283,#284));
#3413=EDGE_LOOP('',(#285,#286,#287,#288));
#3414=EDGE_LOOP('',(#289,#290,#291,#292));
#3415=EDGE_LOOP('',(#293,#294,#295,#296));
#3416=EDGE_LOOP('',(#297,#298,#299,#300));
#3417=EDGE_LOOP('',(#301,#302,#303,#304));
#3418=EDGE_LOOP('',(#305,#306,#307,#308));
#3419=EDGE_LOOP('',(#309,#310,#311,#312));
#3420=EDGE_LOOP('',(#313,#314,#315,#316));
#3421=EDGE_LOOP('',(#317,#318,#319,#320));
#3422=EDGE_LOOP('',(#321,#322,#323,#324));
#3423=EDGE_LOOP('',(#325,#326,#327,#328));
#3424=EDGE_LOOP('',(#329,#330,#331,#332));
#3425=EDGE_LOOP('',(#333,#334,#335,#336));
#3426=EDGE_LOOP('',(#337,#338,#339,#340));
#3427=EDGE_LOOP('',(#341,#342,#343,#344));
#3428=EDGE_LOOP('',(#345,#346,#347,#348));
#3429=EDGE_LOOP('',(#349,#350,#351,#352));
#3430=EDGE_LOOP('',(#353,#354,#355,#356,#357,#358,#359));
#3431=EDGE_LOOP('',(#360,#361,#362,#363,#364,#365,#366));
#3432=EDGE_LOOP('',(#367,#368,#369,#370,#371));
#3433=EDGE_LOOP('',(#372,#373,#374,#375,#376));
#3434=EDGE_LOOP('',(#377,#378,#379));
#3435=EDGE_LOOP('',(#380,#381,#382));
#3436=EDGE_LOOP('',(#383,#384,#385,#386,#387,#388,#389));
#3437=EDGE_LOOP('',(#390,#391,#392,#393,#394,#395,#396));
#3438=EDGE_LOOP('',(#397,#398,#399,#400,#401,#402,#403));
#3439=EDGE_LOOP('',(#404,#405,#406,#407));
#3440=EDGE_LOOP('',(#408,#409,#410,#411));
#3441=EDGE_LOOP('',(#412,#413,#414,#415));
#3442=EDGE_LOOP('',(#416,#417,#418,#419));
#3443=EDGE_LOOP('',(#420,#421,#422,#423));
#3444=EDGE_LOOP('',(#424,#425,#426,#427,#428,#429,#430));
#3445=EDGE_LOOP('',(#431,#432,#433,#434));
#3446=EDGE_LOOP('',(#435,#436,#437,#438));
#3447=EDGE_LOOP('',(#439,#440,#441,#442));
#3448=EDGE_LOOP('',(#443,#444,#445,#446));
#3449=EDGE_LOOP('',(#447));
#3450=EDGE_LOOP('',(#448,#449,#450,#451));
#3451=EDGE_LOOP('',(#452,#453,#454));
#3452=EDGE_LOOP('',(#455,#456,#457));
#3453=EDGE_LOOP('',(#458,#459,#460,#461));
#3454=EDGE_LOOP('',(#462));
#3455=EDGE_LOOP('',(#463));
#3456=EDGE_LOOP('',(#464,#465,#466,#467));
#3457=EDGE_LOOP('',(#468,#469,#470,#471));
#3458=EDGE_LOOP('',(#472,#473,#474,#475,#476));
#3459=EDGE_LOOP('',(#477,#478,#479,#480));
#3460=EDGE_LOOP('',(#481,#482,#483,#484));
#3461=EDGE_LOOP('',(#485,#486,#487,#488,#489));
#3462=EDGE_LOOP('',(#490,#491,#492,#493,#494,#495,#496,#497));
#3463=EDGE_LOOP('',(#498,#499,#500,#501,#502));
#3464=EDGE_LOOP('',(#503,#504,#505,#506,#507));
#3465=EDGE_LOOP('',(#508,#509,#510,#511,#512));
#3466=EDGE_LOOP('',(#513));
#3467=EDGE_LOOP('',(#514,#515,#516,#517,#518,#519));
#3468=EDGE_LOOP('',(#520,#521,#522));
#3469=EDGE_LOOP('',(#523,#524,#525));
#3470=EDGE_LOOP('',(#526,#527,#528,#529));
#3471=EDGE_LOOP('',(#530));
#3472=EDGE_LOOP('',(#531));
#3473=EDGE_LOOP('',(#532,#533,#534,#535));
#3474=EDGE_LOOP('',(#536,#537,#538,#539));
#3475=EDGE_LOOP('',(#540,#541,#542,#543,#544,#545,#546,#547));
#3476=EDGE_LOOP('',(#548,#549,#550,#551,#552));
#3477=EDGE_LOOP('',(#553,#554,#555,#556));
#3478=EDGE_LOOP('',(#557,#558,#559,#560,#561));
#3479=EDGE_LOOP('',(#562,#563,#564,#565));
#3480=EDGE_LOOP('',(#566,#567,#568,#569));
#3481=EDGE_LOOP('',(#570,#571,#572,#573,#574));
#3482=EDGE_LOOP('',(#575,#576,#577,#578));
#3483=EDGE_LOOP('',(#579,#580,#581,#582));
#3484=EDGE_LOOP('',(#583,#584,#585,#586,#587,#588,#589));
#3485=EDGE_LOOP('',(#590,#591,#592,#593,#594));
#3486=EDGE_LOOP('',(#595,#596,#597,#598));
#3487=EDGE_LOOP('',(#599,#600,#601,#602));
#3488=EDGE_LOOP('',(#603,#604,#605,#606,#607));
#3489=EDGE_LOOP('',(#608));
#3490=EDGE_LOOP('',(#609));
#3491=EDGE_LOOP('',(#610));
#3492=EDGE_LOOP('',(#611));
#3493=EDGE_LOOP('',(#612,#613,#614,#615,#616,#617,#618,#619));
#3494=EDGE_LOOP('',(#620));
#3495=EDGE_LOOP('',(#621,#622,#623,#624,#625,#626,#627,#628));
#3496=EDGE_LOOP('',(#629));
#3497=EDGE_LOOP('',(#630));
#3498=EDGE_LOOP('',(#631));
#3499=EDGE_LOOP('',(#632));
#3500=EDGE_LOOP('',(#633));
#3501=EDGE_LOOP('',(#634));
#3502=EDGE_LOOP('',(#635));
#3503=EDGE_LOOP('',(#636));
#3504=EDGE_LOOP('',(#637));
#3505=EDGE_LOOP('',(#638));
#3506=EDGE_LOOP('',(#639));
#3507=EDGE_LOOP('',(#640));
#3508=EDGE_LOOP('',(#641));
#3509=EDGE_LOOP('',(#642));
#3510=EDGE_LOOP('',(#643));
#3511=EDGE_LOOP('',(#644));
#3512=EDGE_LOOP('',(#645));
#3513=EDGE_LOOP('',(#646,#647,#648));
#3514=EDGE_LOOP('',(#649,#650,#651,#652,#653,#654));
#3515=EDGE_LOOP('',(#655,#656,#657));
#3516=EDGE_LOOP('',(#658,#659,#660,#661,#662,#663));
#3517=EDGE_LOOP('',(#664,#665,#666,#667));
#3518=EDGE_LOOP('',(#668,#669,#670,#671));
#3519=EDGE_LOOP('',(#672));
#3520=EDGE_LOOP('',(#673));
#3521=EDGE_LOOP('',(#674));
#3522=EDGE_LOOP('',(#675));
#3523=EDGE_LOOP('',(#676,#677,#678,#679));
#3524=EDGE_LOOP('',(#680,#681,#682,#683));
#3525=EDGE_LOOP('',(#684,#685,#686,#687));
#3526=EDGE_LOOP('',(#688,#689,#690,#691));
#3527=EDGE_LOOP('',(#692));
#3528=EDGE_LOOP('',(#693));
#3529=EDGE_LOOP('',(#694));
#3530=EDGE_LOOP('',(#695));
#3531=EDGE_LOOP('',(#696,#697,#698,#699,#700));
#3532=EDGE_LOOP('',(#701,#702,#703,#704,#705,#706));
#3533=EDGE_LOOP('',(#707));
#3534=EDGE_LOOP('',(#708,#709,#710,#711,#712,#713,#714,#715,#716,#717));
#3535=EDGE_LOOP('',(#718,#719,#720,#721));
#3536=EDGE_LOOP('',(#722));
#3537=EDGE_LOOP('',(#723,#724,#725,#726,#727,#728,#729,#730,#731,#732));
#3538=EDGE_LOOP('',(#733,#734,#735,#736,#737,#738,#739));
#3539=EDGE_LOOP('',(#740,#741,#742,#743,#744,#745));
#3540=EDGE_LOOP('',(#746,#747,#748,#749));
#3541=EDGE_LOOP('',(#750,#751,#752,#753,#754));
#3542=EDGE_LOOP('',(#755));
#3543=EDGE_LOOP('',(#756));
#3544=EDGE_LOOP('',(#757,#758,#759,#760,#761,#762,#763,#764));
#3545=EDGE_LOOP('',(#765,#766,#767,#768));
#3546=EDGE_LOOP('',(#769,#770,#771,#772));
#3547=EDGE_LOOP('',(#773));
#3548=EDGE_LOOP('',(#774,#775,#776,#777));
#3549=EDGE_LOOP('',(#778));
#3550=EDGE_LOOP('',(#779,#780,#781,#782));
#3551=EDGE_LOOP('',(#783,#784,#785,#786));
#3552=EDGE_LOOP('',(#787,#788,#789,#790,#791,#792,#793));
#3553=EDGE_LOOP('',(#794,#795,#796));
#3554=EDGE_LOOP('',(#797,#798,#799,#800,#801,#802));
#3555=EDGE_LOOP('',(#803,#804,#805,#806));
#3556=EDGE_LOOP('',(#807,#808,#809,#810));
#3557=EDGE_LOOP('',(#811,#812,#813,#814,#815,#816,#817,#818,#819,#820));
#3558=EDGE_LOOP('',(#821,#822,#823,#824,#825));
#3559=EDGE_LOOP('',(#826,#827,#828,#829));
#3560=EDGE_LOOP('',(#830,#831,#832,#833,#834));
#3561=EDGE_LOOP('',(#835,#836,#837,#838,#839,#840,#841,#842,#843,#844,#845,
#846,#847,#848,#849,#850,#851,#852,#853,#854,#855,#856,#857,#858,#859,#860,
#861,#862));
#3562=EDGE_LOOP('',(#863));
#3563=EDGE_LOOP('',(#864,#865,#866,#867));
#3564=EDGE_LOOP('',(#868,#869,#870,#871,#872,#873,#874,#875,#876,#877,#878));
#3565=EDGE_LOOP('',(#879,#880,#881,#882));
#3566=EDGE_LOOP('',(#883));
#3567=EDGE_LOOP('',(#884));
#3568=EDGE_LOOP('',(#885));
#3569=EDGE_LOOP('',(#886,#887,#888,#889,#890,#891,#892,#893));
#3570=EDGE_LOOP('',(#894));
#3571=EDGE_LOOP('',(#895));
#3572=EDGE_LOOP('',(#896));
#3573=EDGE_LOOP('',(#897));
#3574=EDGE_LOOP('',(#898,#899,#900,#901,#902,#903,#904,#905,#906,#907,#908,
#909));
#3575=EDGE_LOOP('',(#910,#911,#912,#913,#914,#915,#916,#917,#918,#919,#920,
#921));
#3576=EDGE_LOOP('',(#922,#923,#924,#925,#926));
#3577=EDGE_LOOP('',(#927,#928,#929,#930,#931,#932,#933,#934));
#3578=EDGE_LOOP('',(#935,#936,#937,#938));
#3579=EDGE_LOOP('',(#939,#940,#941,#942,#943,#944));
#3580=EDGE_LOOP('',(#945));
#3581=EDGE_LOOP('',(#946));
#3582=EDGE_LOOP('',(#947,#948,#949,#950,#951));
#3583=EDGE_LOOP('',(#952,#953,#954,#955));
#3584=EDGE_LOOP('',(#956,#957,#958,#959,#960,#961,#962,#963,#964));
#3585=EDGE_LOOP('',(#965,#966,#967,#968,#969,#970,#971));
#3586=EDGE_LOOP('',(#972,#973,#974,#975,#976));
#3587=EDGE_LOOP('',(#977,#978,#979,#980));
#3588=EDGE_LOOP('',(#981,#982,#983,#984));
#3589=EDGE_LOOP('',(#985,#986,#987,#988,#989));
#3590=EDGE_LOOP('',(#990,#991,#992,#993,#994));
#3591=EDGE_LOOP('',(#995,#996,#997,#998));
#3592=EDGE_LOOP('',(#999,#1000,#1001,#1002));
#3593=EDGE_LOOP('',(#1003,#1004,#1005,#1006,#1007));
#3594=EDGE_LOOP('',(#1008,#1009,#1010,#1011));
#3595=EDGE_LOOP('',(#1012,#1013,#1014,#1015));
#3596=EDGE_LOOP('',(#1016,#1017,#1018,#1019));
#3597=EDGE_LOOP('',(#1020,#1021,#1022,#1023));
#3598=EDGE_LOOP('',(#1024,#1025,#1026,#1027));
#3599=EDGE_LOOP('',(#1028,#1029,#1030,#1031,#1032,#1033,#1034,#1035,#1036));
#3600=EDGE_LOOP('',(#1037,#1038,#1039,#1040,#1041));
#3601=EDGE_LOOP('',(#1042,#1043,#1044,#1045,#1046,#1047));
#3602=EDGE_LOOP('',(#1048,#1049,#1050,#1051,#1052,#1053,#1054,#1055,#1056,
#1057,#1058,#1059,#1060,#1061));
#3603=EDGE_LOOP('',(#1062,#1063,#1064));
#3604=EDGE_LOOP('',(#1065,#1066,#1067,#1068));
#3605=EDGE_LOOP('',(#1069,#1070,#1071));
#3606=EDGE_LOOP('',(#1072,#1073,#1074,#1075));
#3607=EDGE_LOOP('',(#1076,#1077,#1078));
#3608=EDGE_LOOP('',(#1079,#1080,#1081));
#3609=EDGE_LOOP('',(#1082,#1083));
#3610=EDGE_LOOP('',(#1084,#1085));
#3611=EDGE_LOOP('',(#1086,#1087,#1088,#1089,#1090));
#3612=EDGE_LOOP('',(#1091,#1092,#1093,#1094,#1095));
#3613=EDGE_LOOP('',(#1096,#1097,#1098,#1099,#1100,#1101,#1102,#1103,#1104));
#3614=EDGE_LOOP('',(#1105,#1106,#1107,#1108,#1109,#1110,#1111,#1112,#1113));
#3615=EDGE_LOOP('',(#1114,#1115,#1116));
#3616=EDGE_LOOP('',(#1117,#1118,#1119,#1120));
#3617=EDGE_LOOP('',(#1121,#1122,#1123));
#3618=EDGE_LOOP('',(#1124,#1125,#1126,#1127));
#3619=EDGE_LOOP('',(#1128,#1129,#1130));
#3620=EDGE_LOOP('',(#1131,#1132,#1133));
#3621=EDGE_LOOP('',(#1134,#1135));
#3622=EDGE_LOOP('',(#1136,#1137));
#3623=EDGE_LOOP('',(#1138,#1139,#1140,#1141,#1142));
#3624=EDGE_LOOP('',(#1143,#1144,#1145,#1146,#1147));
#3625=EDGE_LOOP('',(#1148,#1149,#1150,#1151,#1152,#1153,#1154,#1155,#1156));
#3626=EDGE_LOOP('',(#1157,#1158,#1159,#1160,#1161,#1162,#1163,#1164,#1165));
#3627=EDGE_LOOP('',(#1166,#1167,#1168));
#3628=EDGE_LOOP('',(#1169));
#3629=EDGE_LOOP('',(#1170,#1171,#1172,#1173,#1174,#1175,#1176,#1177));
#3630=EDGE_LOOP('',(#1178,#1179,#1180));
#3631=EDGE_LOOP('',(#1181,#1182,#1183));
#3632=EDGE_LOOP('',(#1184));
#3633=EDGE_LOOP('',(#1185,#1186,#1187,#1188));
#3634=EDGE_LOOP('',(#1189,#1190,#1191));
#3635=EDGE_LOOP('',(#1192,#1193,#1194));
#3636=EDGE_LOOP('',(#1195,#1196,#1197));
#3637=EDGE_LOOP('',(#1198,#1199,#1200,#1201));
#3638=EDGE_LOOP('',(#1202,#1203,#1204));
#3639=EDGE_LOOP('',(#1205,#1206,#1207,#1208));
#3640=EDGE_LOOP('',(#1209,#1210,#1211,#1212,#1213,#1214,#1215));
#3641=EDGE_LOOP('',(#1216,#1217,#1218));
#3642=EDGE_LOOP('',(#1219,#1220,#1221,#1222,#1223,#1224,#1225));
#3643=EDGE_LOOP('',(#1226,#1227,#1228));
#3644=EDGE_LOOP('',(#1229,#1230,#1231,#1232));
#3645=EDGE_LOOP('',(#1233,#1234,#1235,#1236));
#3646=EDGE_LOOP('',(#1237,#1238,#1239,#1240));
#3647=EDGE_LOOP('',(#1241,#1242,#1243,#1244));
#3648=EDGE_LOOP('',(#1245,#1246,#1247,#1248,#1249));
#3649=EDGE_LOOP('',(#1250,#1251,#1252,#1253,#1254,#1255,#1256));
#3650=EDGE_LOOP('',(#1257,#1258,#1259,#1260));
#3651=EDGE_LOOP('',(#1261,#1262,#1263,#1264));
#3652=EDGE_LOOP('',(#1265,#1266,#1267,#1268));
#3653=EDGE_LOOP('',(#1269,#1270,#1271,#1272));
#3654=EDGE_LOOP('',(#1273,#1274,#1275,#1276,#1277,#1278,#1279));
#3655=EDGE_LOOP('',(#1280,#1281,#1282,#1283));
#3656=EDGE_LOOP('',(#1284,#1285,#1286,#1287));
#3657=EDGE_LOOP('',(#1288,#1289,#1290,#1291,#1292,#1293));
#3658=EDGE_LOOP('',(#1294,#1295,#1296,#1297));
#3659=EDGE_LOOP('',(#1298,#1299,#1300,#1301));
#3660=EDGE_LOOP('',(#1302));
#3661=EDGE_LOOP('',(#1303,#1304,#1305,#1306));
#3662=EDGE_LOOP('',(#1307,#1308,#1309,#1310,#1311,#1312));
#3663=EDGE_LOOP('',(#1313,#1314,#1315));
#3664=EDGE_LOOP('',(#1316));
#3665=EDGE_LOOP('',(#1317,#1318,#1319,#1320));
#3666=EDGE_LOOP('',(#1321,#1322,#1323,#1324));
#3667=EDGE_LOOP('',(#1325,#1326,#1327,#1328));
#3668=EDGE_LOOP('',(#1329,#1330,#1331,#1332));
#3669=EDGE_LOOP('',(#1333,#1334,#1335,#1336));
#3670=EDGE_LOOP('',(#1337,#1338,#1339,#1340));
#3671=EDGE_LOOP('',(#1341,#1342,#1343,#1344));
#3672=EDGE_LOOP('',(#1345,#1346,#1347,#1348,#1349));
#3673=EDGE_LOOP('',(#1350,#1351,#1352,#1353,#1354,#1355,#1356,#1357,#1358,
#1359));
#3674=EDGE_LOOP('',(#1360,#1361,#1362,#1363));
#3675=EDGE_LOOP('',(#1364,#1365,#1366,#1367));
#3676=EDGE_LOOP('',(#1368,#1369,#1370,#1371));
#3677=EDGE_LOOP('',(#1372,#1373,#1374,#1375));
#3678=EDGE_LOOP('',(#1376,#1377,#1378,#1379));
#3679=EDGE_LOOP('',(#1380,#1381,#1382,#1383));
#3680=FACE_BOUND('',#3384,.T.);
#3681=FACE_BOUND('',#3385,.T.);
#3682=FACE_BOUND('',#3386,.T.);
#3683=FACE_BOUND('',#3387,.T.);
#3684=FACE_BOUND('',#3388,.T.);
#3685=FACE_BOUND('',#3389,.T.);
#3686=FACE_BOUND('',#3390,.T.);
#3687=FACE_BOUND('',#3391,.T.);
#3688=FACE_BOUND('',#3392,.T.);
#3689=FACE_BOUND('',#3393,.T.);
#3690=FACE_BOUND('',#3394,.T.);
#3691=FACE_BOUND('',#3395,.T.);
#3692=FACE_BOUND('',#3396,.T.);
#3693=FACE_BOUND('',#3397,.T.);
#3694=FACE_BOUND('',#3398,.T.);
#3695=FACE_BOUND('',#3399,.T.);
#3696=FACE_BOUND('',#3400,.T.);
#3697=FACE_BOUND('',#3401,.T.);
#3698=FACE_BOUND('',#3402,.T.);
#3699=FACE_BOUND('',#3403,.T.);
#3700=FACE_BOUND('',#3404,.T.);
#3701=FACE_BOUND('',#3405,.T.);
#3702=FACE_BOUND('',#3406,.T.);
#3703=FACE_BOUND('',#3407,.T.);
#3704=FACE_BOUND('',#3408,.T.);
#3705=FACE_BOUND('',#3409,.T.);
#3706=FACE_BOUND('',#3410,.T.);
#3707=FACE_BOUND('',#3411,.T.);
#3708=FACE_BOUND('',#3412,.T.);
#3709=FACE_BOUND('',#3413,.T.);
#3710=FACE_BOUND('',#3414,.T.);
#3711=FACE_BOUND('',#3415,.T.);
#3712=FACE_BOUND('',#3416,.T.);
#3713=FACE_BOUND('',#3417,.T.);
#3714=FACE_BOUND('',#3418,.T.);
#3715=FACE_BOUND('',#3419,.T.);
#3716=FACE_BOUND('',#3420,.T.);
#3717=FACE_BOUND('',#3421,.T.);
#3718=FACE_BOUND('',#3422,.T.);
#3719=FACE_BOUND('',#3423,.T.);
#3720=FACE_BOUND('',#3424,.T.);
#3721=FACE_BOUND('',#3425,.T.);
#3722=FACE_BOUND('',#3426,.T.);
#3723=FACE_BOUND('',#3427,.T.);
#3724=FACE_BOUND('',#3428,.T.);
#3725=FACE_BOUND('',#3429,.T.);
#3726=FACE_BOUND('',#3430,.T.);
#3727=FACE_BOUND('',#3431,.T.);
#3728=FACE_BOUND('',#3432,.T.);
#3729=FACE_BOUND('',#3433,.T.);
#3730=FACE_BOUND('',#3434,.T.);
#3731=FACE_BOUND('',#3435,.T.);
#3732=FACE_BOUND('',#3436,.T.);
#3733=FACE_BOUND('',#3437,.T.);
#3734=FACE_BOUND('',#3438,.T.);
#3735=FACE_BOUND('',#3439,.T.);
#3736=FACE_BOUND('',#3440,.T.);
#3737=FACE_BOUND('',#3441,.T.);
#3738=FACE_BOUND('',#3442,.T.);
#3739=FACE_BOUND('',#3443,.T.);
#3740=FACE_BOUND('',#3444,.T.);
#3741=FACE_BOUND('',#3445,.T.);
#3742=FACE_BOUND('',#3446,.T.);
#3743=FACE_BOUND('',#3447,.T.);
#3744=FACE_BOUND('',#3448,.T.);
#3745=FACE_BOUND('',#3449,.T.);
#3746=FACE_BOUND('',#3450,.T.);
#3747=FACE_BOUND('',#3451,.T.);
#3748=FACE_BOUND('',#3452,.T.);
#3749=FACE_BOUND('',#3453,.T.);
#3750=FACE_BOUND('',#3454,.T.);
#3751=FACE_BOUND('',#3455,.T.);
#3752=FACE_BOUND('',#3456,.T.);
#3753=FACE_BOUND('',#3457,.T.);
#3754=FACE_BOUND('',#3458,.T.);
#3755=FACE_BOUND('',#3459,.T.);
#3756=FACE_BOUND('',#3460,.T.);
#3757=FACE_BOUND('',#3461,.T.);
#3758=FACE_BOUND('',#3462,.T.);
#3759=FACE_BOUND('',#3463,.T.);
#3760=FACE_BOUND('',#3464,.T.);
#3761=FACE_BOUND('',#3465,.T.);
#3762=FACE_BOUND('',#3466,.T.);
#3763=FACE_BOUND('',#3467,.T.);
#3764=FACE_BOUND('',#3468,.T.);
#3765=FACE_BOUND('',#3469,.T.);
#3766=FACE_BOUND('',#3470,.T.);
#3767=FACE_BOUND('',#3471,.T.);
#3768=FACE_BOUND('',#3472,.T.);
#3769=FACE_BOUND('',#3473,.T.);
#3770=FACE_BOUND('',#3474,.T.);
#3771=FACE_BOUND('',#3475,.T.);
#3772=FACE_BOUND('',#3476,.T.);
#3773=FACE_BOUND('',#3477,.T.);
#3774=FACE_BOUND('',#3478,.T.);
#3775=FACE_BOUND('',#3479,.T.);
#3776=FACE_BOUND('',#3480,.T.);
#3777=FACE_BOUND('',#3481,.T.);
#3778=FACE_BOUND('',#3482,.T.);
#3779=FACE_BOUND('',#3483,.T.);
#3780=FACE_BOUND('',#3484,.T.);
#3781=FACE_BOUND('',#3485,.T.);
#3782=FACE_BOUND('',#3486,.T.);
#3783=FACE_BOUND('',#3487,.T.);
#3784=FACE_BOUND('',#3488,.T.);
#3785=FACE_BOUND('',#3489,.T.);
#3786=FACE_BOUND('',#3490,.T.);
#3787=FACE_BOUND('',#3491,.T.);
#3788=FACE_BOUND('',#3492,.T.);
#3789=FACE_BOUND('',#3493,.T.);
#3790=FACE_BOUND('',#3494,.T.);
#3791=FACE_BOUND('',#3495,.T.);
#3792=FACE_BOUND('',#3496,.T.);
#3793=FACE_BOUND('',#3497,.T.);
#3794=FACE_BOUND('',#3498,.T.);
#3795=FACE_BOUND('',#3499,.T.);
#3796=FACE_BOUND('',#3500,.T.);
#3797=FACE_BOUND('',#3501,.T.);
#3798=FACE_BOUND('',#3502,.T.);
#3799=FACE_BOUND('',#3503,.T.);
#3800=FACE_BOUND('',#3504,.T.);
#3801=FACE_BOUND('',#3505,.T.);
#3802=FACE_BOUND('',#3506,.T.);
#3803=FACE_BOUND('',#3507,.T.);
#3804=FACE_BOUND('',#3508,.T.);
#3805=FACE_BOUND('',#3509,.T.);
#3806=FACE_BOUND('',#3510,.T.);
#3807=FACE_BOUND('',#3511,.T.);
#3808=FACE_BOUND('',#3512,.T.);
#3809=FACE_BOUND('',#3513,.T.);
#3810=FACE_BOUND('',#3514,.T.);
#3811=FACE_BOUND('',#3515,.T.);
#3812=FACE_BOUND('',#3516,.T.);
#3813=FACE_BOUND('',#3517,.T.);
#3814=FACE_BOUND('',#3518,.T.);
#3815=FACE_BOUND('',#3519,.T.);
#3816=FACE_BOUND('',#3520,.T.);
#3817=FACE_BOUND('',#3521,.T.);
#3818=FACE_BOUND('',#3522,.T.);
#3819=FACE_BOUND('',#3523,.T.);
#3820=FACE_BOUND('',#3524,.T.);
#3821=FACE_BOUND('',#3525,.T.);
#3822=FACE_BOUND('',#3526,.T.);
#3823=FACE_BOUND('',#3527,.T.);
#3824=FACE_BOUND('',#3528,.T.);
#3825=FACE_BOUND('',#3529,.T.);
#3826=FACE_BOUND('',#3530,.T.);
#3827=FACE_BOUND('',#3531,.T.);
#3828=FACE_BOUND('',#3532,.T.);
#3829=FACE_BOUND('',#3533,.T.);
#3830=FACE_BOUND('',#3534,.T.);
#3831=FACE_BOUND('',#3535,.T.);
#3832=FACE_BOUND('',#3536,.T.);
#3833=FACE_BOUND('',#3537,.T.);
#3834=FACE_BOUND('',#3538,.T.);
#3835=FACE_BOUND('',#3539,.T.);
#3836=FACE_BOUND('',#3540,.T.);
#3837=FACE_BOUND('',#3541,.T.);
#3838=FACE_BOUND('',#3542,.T.);
#3839=FACE_BOUND('',#3543,.T.);
#3840=FACE_BOUND('',#3544,.T.);
#3841=FACE_BOUND('',#3545,.T.);
#3842=FACE_BOUND('',#3546,.T.);
#3843=FACE_BOUND('',#3547,.T.);
#3844=FACE_BOUND('',#3548,.T.);
#3845=FACE_BOUND('',#3549,.T.);
#3846=FACE_BOUND('',#3550,.T.);
#3847=FACE_BOUND('',#3551,.T.);
#3848=FACE_BOUND('',#3552,.T.);
#3849=FACE_BOUND('',#3553,.T.);
#3850=FACE_BOUND('',#3554,.T.);
#3851=FACE_BOUND('',#3555,.T.);
#3852=FACE_BOUND('',#3556,.T.);
#3853=FACE_BOUND('',#3557,.T.);
#3854=FACE_BOUND('',#3558,.T.);
#3855=FACE_BOUND('',#3559,.T.);
#3856=FACE_BOUND('',#3560,.T.);
#3857=FACE_BOUND('',#3561,.T.);
#3858=FACE_BOUND('',#3562,.T.);
#3859=FACE_BOUND('',#3563,.T.);
#3860=FACE_BOUND('',#3564,.T.);
#3861=FACE_BOUND('',#3565,.T.);
#3862=FACE_BOUND('',#3566,.T.);
#3863=FACE_BOUND('',#3567,.T.);
#3864=FACE_BOUND('',#3568,.T.);
#3865=FACE_BOUND('',#3569,.T.);
#3866=FACE_BOUND('',#3570,.T.);
#3867=FACE_BOUND('',#3571,.T.);
#3868=FACE_BOUND('',#3572,.T.);
#3869=FACE_BOUND('',#3573,.T.);
#3870=FACE_BOUND('',#3574,.T.);
#3871=FACE_BOUND('',#3575,.T.);
#3872=FACE_BOUND('',#3576,.T.);
#3873=FACE_BOUND('',#3577,.T.);
#3874=FACE_BOUND('',#3578,.T.);
#3875=FACE_BOUND('',#3579,.T.);
#3876=FACE_BOUND('',#3580,.T.);
#3877=FACE_BOUND('',#3581,.T.);
#3878=FACE_BOUND('',#3582,.T.);
#3879=FACE_BOUND('',#3583,.T.);
#3880=FACE_BOUND('',#3584,.T.);
#3881=FACE_BOUND('',#3585,.T.);
#3882=FACE_BOUND('',#3586,.T.);
#3883=FACE_BOUND('',#3587,.T.);
#3884=FACE_BOUND('',#3588,.T.);
#3885=FACE_BOUND('',#3589,.T.);
#3886=FACE_BOUND('',#3590,.T.);
#3887=FACE_BOUND('',#3591,.T.);
#3888=FACE_BOUND('',#3592,.T.);
#3889=FACE_BOUND('',#3593,.T.);
#3890=FACE_BOUND('',#3594,.T.);
#3891=FACE_BOUND('',#3595,.T.);
#3892=FACE_BOUND('',#3596,.T.);
#3893=FACE_BOUND('',#3597,.T.);
#3894=FACE_BOUND('',#3598,.T.);
#3895=FACE_BOUND('',#3599,.T.);
#3896=FACE_BOUND('',#3600,.T.);
#3897=FACE_BOUND('',#3601,.T.);
#3898=FACE_BOUND('',#3602,.T.);
#3899=FACE_BOUND('',#3603,.T.);
#3900=FACE_BOUND('',#3604,.T.);
#3901=FACE_BOUND('',#3605,.T.);
#3902=FACE_BOUND('',#3606,.T.);
#3903=FACE_BOUND('',#3607,.T.);
#3904=FACE_BOUND('',#3608,.T.);
#3905=FACE_BOUND('',#3609,.T.);
#3906=FACE_BOUND('',#3610,.T.);
#3907=FACE_BOUND('',#3611,.T.);
#3908=FACE_BOUND('',#3612,.T.);
#3909=FACE_BOUND('',#3613,.T.);
#3910=FACE_BOUND('',#3614,.T.);
#3911=FACE_BOUND('',#3615,.T.);
#3912=FACE_BOUND('',#3616,.T.);
#3913=FACE_BOUND('',#3617,.T.);
#3914=FACE_BOUND('',#3618,.T.);
#3915=FACE_BOUND('',#3619,.T.);
#3916=FACE_BOUND('',#3620,.T.);
#3917=FACE_BOUND('',#3621,.T.);
#3918=FACE_BOUND('',#3622,.T.);
#3919=FACE_BOUND('',#3623,.T.);
#3920=FACE_BOUND('',#3624,.T.);
#3921=FACE_BOUND('',#3625,.T.);
#3922=FACE_BOUND('',#3626,.T.);
#3923=FACE_BOUND('',#3627,.T.);
#3924=FACE_BOUND('',#3628,.T.);
#3925=FACE_BOUND('',#3629,.T.);
#3926=FACE_BOUND('',#3630,.T.);
#3927=FACE_BOUND('',#3631,.T.);
#3928=FACE_BOUND('',#3632,.T.);
#3929=FACE_BOUND('',#3633,.T.);
#3930=FACE_BOUND('',#3634,.T.);
#3931=FACE_BOUND('',#3635,.T.);
#3932=FACE_BOUND('',#3636,.T.);
#3933=FACE_BOUND('',#3637,.T.);
#3934=FACE_BOUND('',#3638,.T.);
#3935=FACE_BOUND('',#3639,.T.);
#3936=FACE_BOUND('',#3640,.T.);
#3937=FACE_BOUND('',#3641,.T.);
#3938=FACE_BOUND('',#3642,.T.);
#3939=FACE_BOUND('',#3643,.T.);
#3940=FACE_BOUND('',#3644,.T.);
#3941=FACE_BOUND('',#3645,.T.);
#3942=FACE_BOUND('',#3646,.T.);
#3943=FACE_BOUND('',#3647,.T.);
#3944=FACE_BOUND('',#3648,.T.);
#3945=FACE_BOUND('',#3649,.T.);
#3946=FACE_BOUND('',#3650,.T.);
#3947=FACE_BOUND('',#3651,.T.);
#3948=FACE_BOUND('',#3652,.T.);
#3949=FACE_BOUND('',#3653,.T.);
#3950=FACE_BOUND('',#3654,.T.);
#3951=FACE_BOUND('',#3655,.T.);
#3952=FACE_BOUND('',#3656,.T.);
#3953=FACE_BOUND('',#3657,.T.);
#3954=FACE_BOUND('',#3658,.T.);
#3955=FACE_BOUND('',#3659,.T.);
#3956=FACE_BOUND('',#3660,.T.);
#3957=FACE_BOUND('',#3661,.T.);
#3958=FACE_BOUND('',#3662,.T.);
#3959=FACE_BOUND('',#3663,.T.);
#3960=FACE_BOUND('',#3664,.T.);
#3961=FACE_BOUND('',#3665,.T.);
#3962=FACE_BOUND('',#3666,.T.);
#3963=FACE_BOUND('',#3667,.T.);
#3964=FACE_BOUND('',#3668,.T.);
#3965=FACE_BOUND('',#3669,.T.);
#3966=FACE_BOUND('',#3670,.T.);
#3967=FACE_BOUND('',#3671,.T.);
#3968=FACE_BOUND('',#3672,.T.);
#3969=FACE_BOUND('',#3673,.T.);
#3970=FACE_BOUND('',#3674,.T.);
#3971=FACE_BOUND('',#3675,.T.);
#3972=FACE_BOUND('',#3676,.T.);
#3973=FACE_BOUND('',#3677,.T.);
#3974=FACE_BOUND('',#3678,.T.);
#3975=FACE_BOUND('',#3679,.T.);
#3976=PLANE('',#4394);
#3977=PLANE('',#4399);
#3978=PLANE('',#4400);
#3979=PLANE('',#4424);
#3980=PLANE('',#4425);
#3981=PLANE('',#4426);
#3982=PLANE('',#4427);
#3983=PLANE('',#4434);
#3984=PLANE('',#4435);
#3985=PLANE('',#4436);
#3986=PLANE('',#4437);
#3987=PLANE('',#4438);
#3988=PLANE('',#4439);
#3989=PLANE('',#4440);
#3990=PLANE('',#4441);
#3991=PLANE('',#4442);
#3992=PLANE('',#4443);
#3993=PLANE('',#4444);
#3994=PLANE('',#4445);
#3995=PLANE('',#4446);
#3996=PLANE('',#4447);
#3997=PLANE('',#4448);
#3998=PLANE('',#4449);
#3999=PLANE('',#4450);
#4000=PLANE('',#4451);
#4001=PLANE('',#4452);
#4002=PLANE('',#4453);
#4003=PLANE('',#4454);
#4004=PLANE('',#4455);
#4005=PLANE('',#4456);
#4006=PLANE('',#4457);
#4007=PLANE('',#4458);
#4008=PLANE('',#4459);
#4009=PLANE('',#4461);
#4010=PLANE('',#4462);
#4011=PLANE('',#4463);
#4012=PLANE('',#4464);
#4013=PLANE('',#4465);
#4014=PLANE('',#4466);
#4015=PLANE('',#4468);
#4016=PLANE('',#4469);
#4017=PLANE('',#4470);
#4018=PLANE('',#4471);
#4019=PLANE('',#4472);
#4020=PLANE('',#4482);
#4021=PLANE('',#4483);
#4022=PLANE('',#4484);
#4023=PLANE('',#4485);
#4024=PLANE('',#4486);
#4025=PLANE('',#4488);
#4026=PLANE('',#4489);
#4027=PLANE('',#4490);
#4028=PLANE('',#4491);
#4029=PLANE('',#4501);
#4030=PLANE('',#4502);
#4031=PLANE('',#4504);
#4032=PLANE('',#4505);
#4033=PLANE('',#4506);
#4034=PLANE('',#4507);
#4035=PLANE('',#4508);
#4036=PLANE('',#4509);
#4037=PLANE('',#4510);
#4038=PLANE('',#4511);
#4039=PLANE('',#4512);
#4040=PLANE('',#4513);
#4041=PLANE('',#4514);
#4042=PLANE('',#4515);
#4043=PLANE('',#4530);
#4044=PLANE('',#4532);
#4045=PLANE('',#4534);
#4046=PLANE('',#4536);
#4047=PLANE('',#4538);
#4048=PLANE('',#4540);
#4049=PLANE('',#4550);
#4050=PLANE('',#4552);
#4051=PLANE('',#4554);
#4052=PLANE('',#4559);
#4053=PLANE('',#4567);
#4054=PLANE('',#4568);
#4055=PLANE('',#4569);
#4056=PLANE('',#4570);
#4057=PLANE('',#4575);
#4058=PLANE('',#4579);
#4059=PLANE('',#4582);
#4060=PLANE('',#4584);
#4061=PLANE('',#4590);
#4062=PLANE('',#4591);
#4063=PLANE('',#4592);
#4064=PLANE('',#4603);
#4065=PLANE('',#4604);
#4066=PLANE('',#4605);
#4067=PLANE('',#4606);
#4068=PLANE('',#4607);
#4069=PLANE('',#4608);
#4070=PLANE('',#4609);
#4071=PLANE('',#4610);
#4072=PLANE('',#4611);
#4073=PLANE('',#4612);
#4074=PLANE('',#4613);
#4075=PLANE('',#4614);
#4076=PLANE('',#4615);
#4077=PLANE('',#4616);
#4078=PLANE('',#4617);
#4079=PLANE('',#4618);
#4080=PLANE('',#4619);
#4081=PLANE('',#4620);
#4082=PLANE('',#4621);
#4083=PLANE('',#4622);
#4084=PLANE('',#4623);
#4085=PLANE('',#4624);
#4086=PLANE('',#4625);
#4087=PLANE('',#4626);
#4088=PLANE('',#4627);
#4089=PLANE('',#4628);
#4090=PLANE('',#4629);
#4091=PLANE('',#4630);
#4092=PLANE('',#4631);
#4093=PLANE('',#4632);
#4094=PLANE('',#4633);
#4095=PLANE('',#4634);
#4096=PLANE('',#4635);
#4097=PLANE('',#4636);
#4098=PLANE('',#4637);
#4099=PLANE('',#4638);
#4100=PLANE('',#4639);
#4101=PLANE('',#4640);
#4102=PLANE('',#4641);
#4103=PLANE('',#4642);
#4104=PLANE('',#4643);
#4105=PLANE('',#4644);
#4106=PLANE('',#4645);
#4107=PLANE('',#4646);
#4108=PLANE('',#4647);
#4109=PLANE('',#4648);
#4110=PLANE('',#4649);
#4111=PLANE('',#4650);
#4112=PLANE('',#4651);
#4113=PLANE('',#4652);
#4114=PLANE('',#4653);
#4115=PLANE('',#4654);
#4116=PLANE('',#4655);
#4117=PLANE('',#4656);
#4118=PLANE('',#4657);
#4119=PLANE('',#4658);
#4120=PLANE('',#4659);
#4121=PLANE('',#4660);
#4122=PLANE('',#4661);
#4123=PLANE('',#4662);
#4124=PLANE('',#4666);
#4125=PLANE('',#4667);
#4126=PLANE('',#4669);
#4127=PLANE('',#4673);
#4128=PLANE('',#4674);
#4129=PLANE('',#4675);
#4130=PLANE('',#4676);
#4131=PLANE('',#4677);
#4132=PLANE('',#4678);
#4133=PLANE('',#4679);
#4134=PLANE('',#4680);
#4135=PLANE('',#4681);
#4136=PLANE('',#4682);
#4137=PLANE('',#4683);
#4138=PLANE('',#4684);
#4139=PLANE('',#4685);
#4140=PLANE('',#4686);
#4141=PLANE('',#4687);
#4142=PLANE('',#4688);
#4143=PLANE('',#4689);
#4144=PLANE('',#4690);
#4145=PLANE('',#4691);
#4146=PLANE('',#4692);
#4147=PLANE('',#4693);
#4148=PLANE('',#4694);
#4149=PLANE('',#4697);
#4150=PLANE('',#4698);
#4151=PLANE('',#4699);
#4152=PLANE('',#4700);
#4153=PLANE('',#4701);
#4154=PLANE('',#4702);
#4155=PLANE('',#4703);
#4156=PLANE('',#4704);
#4157=ADVANCED_FACE('',(#3680,#3681,#3682,#3683,#3684,#3685),#3976,.F.);
#4158=ADVANCED_FACE('',(#3686),#3977,.T.);
#4159=ADVANCED_FACE('',(#3687,#3688),#3978,.F.);
#4160=ADVANCED_FACE('',(#3689),#46,.F.);
#4161=ADVANCED_FACE('',(#3690),#47,.F.);
#4162=ADVANCED_FACE('',(#3691,#3692),#48,.F.);
#4163=ADVANCED_FACE('',(#3693,#3694,#3695),#49,.F.);
#4164=ADVANCED_FACE('',(#3696,#3697,#3698,#3699,#3700,#3701,#3702),#50,
 .F.);
#4165=ADVANCED_FACE('',(#3703),#3979,.F.);
#4166=ADVANCED_FACE('',(#3704),#3980,.F.);
#4167=ADVANCED_FACE('',(#3705),#3981,.F.);
#4168=ADVANCED_FACE('',(#3706),#3982,.F.);
#4169=ADVANCED_FACE('',(#3707,#3708),#51,.F.);
#4170=ADVANCED_FACE('',(#3709),#3983,.T.);
#4171=ADVANCED_FACE('',(#3710),#3984,.T.);
#4172=ADVANCED_FACE('',(#3711),#3985,.T.);
#4173=ADVANCED_FACE('',(#3712),#3986,.T.);
#4174=ADVANCED_FACE('',(#3713),#3987,.T.);
#4175=ADVANCED_FACE('',(#3714),#3988,.T.);
#4176=ADVANCED_FACE('',(#3715),#3989,.T.);
#4177=ADVANCED_FACE('',(#3716),#3990,.T.);
#4178=ADVANCED_FACE('',(#3717),#3991,.T.);
#4179=ADVANCED_FACE('',(#3718),#3992,.T.);
#4180=ADVANCED_FACE('',(#3719),#3993,.T.);
#4181=ADVANCED_FACE('',(#3720),#3994,.T.);
#4182=ADVANCED_FACE('',(#3721),#3995,.T.);
#4183=ADVANCED_FACE('',(#3722),#3996,.T.);
#4184=ADVANCED_FACE('',(#3723),#3997,.T.);
#4185=ADVANCED_FACE('',(#3724),#3998,.T.);
#4186=ADVANCED_FACE('',(#3725),#3999,.F.);
#4187=ADVANCED_FACE('',(#3726),#4000,.T.);
#4188=ADVANCED_FACE('',(#3727),#4001,.T.);
#4189=ADVANCED_FACE('',(#3728),#4002,.T.);
#4190=ADVANCED_FACE('',(#3729),#4003,.F.);
#4191=ADVANCED_FACE('',(#3730),#4004,.F.);
#4192=ADVANCED_FACE('',(#3731),#4005,.T.);
#4193=ADVANCED_FACE('',(#3732),#4006,.T.);
#4194=ADVANCED_FACE('',(#3733),#4007,.T.);
#4195=ADVANCED_FACE('',(#3734),#4008,.F.);
#4196=ADVANCED_FACE('',(#3735),#4009,.T.);
#4197=ADVANCED_FACE('',(#3736),#4010,.T.);
#4198=ADVANCED_FACE('',(#3737),#4011,.T.);
#4199=ADVANCED_FACE('',(#3738),#4012,.T.);
#4200=ADVANCED_FACE('',(#3739),#4013,.T.);
#4201=ADVANCED_FACE('',(#3740),#4014,.F.);
#4202=ADVANCED_FACE('',(#3741),#4015,.T.);
#4203=ADVANCED_FACE('',(#3742),#4016,.T.);
#4204=ADVANCED_FACE('',(#3743),#4017,.T.);
#4205=ADVANCED_FACE('',(#3744),#4018,.F.);
#4206=ADVANCED_FACE('',(#3745,#3746,#3747,#3748),#4019,.T.);
#4207=ADVANCED_FACE('',(#3749),#52,.F.);
#4208=ADVANCED_FACE('',(#3750,#3751),#53,.F.);
#4209=ADVANCED_FACE('',(#3752),#54,.F.);
#4210=ADVANCED_FACE('',(#3753,#3754),#4020,.T.);
#4211=ADVANCED_FACE('',(#3755),#4021,.T.);
#4212=ADVANCED_FACE('',(#3756),#4022,.T.);
#4213=ADVANCED_FACE('',(#3757),#4023,.F.);
#4214=ADVANCED_FACE('',(#3758),#4024,.F.);
#4215=ADVANCED_FACE('',(#3759),#4025,.F.);
#4216=ADVANCED_FACE('',(#3760),#4026,.F.);
#4217=ADVANCED_FACE('',(#3761),#4027,.T.);
#4218=ADVANCED_FACE('',(#3762,#3763,#3764,#3765),#4028,.T.);
#4219=ADVANCED_FACE('',(#3766),#55,.F.);
#4220=ADVANCED_FACE('',(#3767,#3768),#56,.F.);
#4221=ADVANCED_FACE('',(#3769),#57,.F.);
#4222=ADVANCED_FACE('',(#3770),#4029,.T.);
#4223=ADVANCED_FACE('',(#3771),#4030,.F.);
#4224=ADVANCED_FACE('',(#3772),#4031,.F.);
#4225=ADVANCED_FACE('',(#3773),#4032,.T.);
#4226=ADVANCED_FACE('',(#3774),#4033,.F.);
#4227=ADVANCED_FACE('',(#3775),#4034,.T.);
#4228=ADVANCED_FACE('',(#3776,#3777),#4035,.T.);
#4229=ADVANCED_FACE('',(#3778),#4036,.F.);
#4230=ADVANCED_FACE('',(#3779),#4037,.T.);
#4231=ADVANCED_FACE('',(#3780),#4038,.F.);
#4232=ADVANCED_FACE('',(#3781),#4039,.F.);
#4233=ADVANCED_FACE('',(#3782),#4040,.F.);
#4234=ADVANCED_FACE('',(#3783),#4041,.F.);
#4235=ADVANCED_FACE('',(#3784),#4042,.F.);
#4236=ADVANCED_FACE('',(#3785,#3786),#58,.F.);
#4237=ADVANCED_FACE('',(#3787,#3788),#59,.F.);
#4238=ADVANCED_FACE('',(#3789,#3790),#60,.F.);
#4239=ADVANCED_FACE('',(#3791,#3792),#61,.F.);
#4240=ADVANCED_FACE('',(#3793),#4043,.F.);
#4241=ADVANCED_FACE('',(#3794),#4044,.F.);
#4242=ADVANCED_FACE('',(#3795),#4045,.F.);
#4243=ADVANCED_FACE('',(#3796),#4046,.F.);
#4244=ADVANCED_FACE('',(#3797),#4047,.F.);
#4245=ADVANCED_FACE('',(#3798),#4048,.F.);
#4246=ADVANCED_FACE('',(#3799,#3800),#62,.F.);
#4247=ADVANCED_FACE('',(#3801,#3802),#63,.F.);
#4248=ADVANCED_FACE('',(#3803,#3804),#64,.F.);
#4249=ADVANCED_FACE('',(#3805,#3806),#65,.F.);
#4250=ADVANCED_FACE('',(#3807),#4049,.F.);
#4251=ADVANCED_FACE('',(#3808),#4050,.F.);
#4252=ADVANCED_FACE('',(#3809),#12,.T.);
#4253=ADVANCED_FACE('',(#3810),#4051,.F.);
#4254=ADVANCED_FACE('',(#3811),#13,.T.);
#4255=ADVANCED_FACE('',(#3812),#66,.F.);
#4256=ADVANCED_FACE('',(#3813),#4052,.T.);
#4257=ADVANCED_FACE('',(#3814),#67,.F.);
#4258=ADVANCED_FACE('',(#3815,#3816),#68,.F.);
#4259=ADVANCED_FACE('',(#3817,#3818),#69,.F.);
#4260=ADVANCED_FACE('',(#3819),#4053,.F.);
#4261=ADVANCED_FACE('',(#3820),#4054,.T.);
#4262=ADVANCED_FACE('',(#3821),#4055,.F.);
#4263=ADVANCED_FACE('',(#3822),#4056,.F.);
#4264=ADVANCED_FACE('',(#3823,#3824),#70,.F.);
#4265=ADVANCED_FACE('',(#3825,#3826),#71,.F.);
#4266=ADVANCED_FACE('',(#3827),#4057,.F.);
#4267=ADVANCED_FACE('',(#3828),#72,.F.);
#4268=ADVANCED_FACE('',(#3829,#3830),#4058,.F.);
#4269=ADVANCED_FACE('',(#3831),#73,.F.);
#4270=ADVANCED_FACE('',(#3832,#3833),#4059,.F.);
#4271=ADVANCED_FACE('',(#3834),#4060,.T.);
#4272=ADVANCED_FACE('',(#3835),#74,.F.);
#4273=ADVANCED_FACE('',(#3836),#75,.F.);
#4274=ADVANCED_FACE('',(#3837),#4061,.F.);
#4275=ADVANCED_FACE('',(#3838,#3839,#3840),#4062,.F.);
#4276=ADVANCED_FACE('',(#3841),#14,.T.);
#4277=ADVANCED_FACE('',(#3842),#4063,.F.);
#4278=ADVANCED_FACE('',(#3843,#3844),#76,.F.);
#4279=ADVANCED_FACE('',(#3845,#3846),#77,.F.);
#4280=ADVANCED_FACE('',(#3847),#4064,.F.);
#4281=ADVANCED_FACE('',(#3848),#4065,.T.);
#4282=ADVANCED_FACE('',(#3849,#3850),#4066,.T.);
#4283=ADVANCED_FACE('',(#3851),#4067,.F.);
#4284=ADVANCED_FACE('',(#3852),#15,.T.);
#4285=ADVANCED_FACE('',(#3853),#16,.T.);
#4286=ADVANCED_FACE('',(#3854),#4068,.T.);
#4287=ADVANCED_FACE('',(#3855),#4069,.T.);
#4288=ADVANCED_FACE('',(#3856),#4070,.F.);
#4289=ADVANCED_FACE('',(#3857,#3858),#4071,.F.);
#4290=ADVANCED_FACE('',(#3859),#4072,.F.);
#4291=ADVANCED_FACE('',(#3860,#3861,#3862,#3863,#3864),#4073,.T.);
#4292=ADVANCED_FACE('',(#3865,#3866,#3867),#4074,.F.);
#4293=ADVANCED_FACE('',(#3868,#3869,#3870),#4075,.T.);
#4294=ADVANCED_FACE('',(#3871,#3872),#4076,.T.);
#4295=ADVANCED_FACE('',(#3873),#17,.T.);
#4296=ADVANCED_FACE('',(#3874),#4077,.F.);
#4297=ADVANCED_FACE('',(#3875,#3876,#3877),#4078,.T.);
#4298=ADVANCED_FACE('',(#3878),#4079,.T.);
#4299=ADVANCED_FACE('',(#3879),#4080,.F.);
#4300=ADVANCED_FACE('',(#3880),#4081,.F.);
#4301=ADVANCED_FACE('',(#3881),#4082,.F.);
#4302=ADVANCED_FACE('',(#3882),#4083,.F.);
#4303=ADVANCED_FACE('',(#3883),#4084,.F.);
#4304=ADVANCED_FACE('',(#3884),#4085,.F.);
#4305=ADVANCED_FACE('',(#3885),#4086,.F.);
#4306=ADVANCED_FACE('',(#3886),#4087,.F.);
#4307=ADVANCED_FACE('',(#3887),#4088,.F.);
#4308=ADVANCED_FACE('',(#3888),#4089,.F.);
#4309=ADVANCED_FACE('',(#3889),#4090,.F.);
#4310=ADVANCED_FACE('',(#3890,#3891),#4091,.T.);
#4311=ADVANCED_FACE('',(#3892,#3893),#4092,.T.);
#4312=ADVANCED_FACE('',(#3894,#3895),#4093,.F.);
#4313=ADVANCED_FACE('',(#3896),#4094,.F.);
#4314=ADVANCED_FACE('',(#3897),#4095,.F.);
#4315=ADVANCED_FACE('',(#3898),#4096,.F.);
#4316=ADVANCED_FACE('',(#3899),#4097,.F.);
#4317=ADVANCED_FACE('',(#3900),#4098,.F.);
#4318=ADVANCED_FACE('',(#3901),#4099,.F.);
#4319=ADVANCED_FACE('',(#3902),#4100,.F.);
#4320=ADVANCED_FACE('',(#3903),#4101,.F.);
#4321=ADVANCED_FACE('',(#3904),#4102,.F.);
#4322=ADVANCED_FACE('',(#3905),#4103,.F.);
#4323=ADVANCED_FACE('',(#3906),#4104,.F.);
#4324=ADVANCED_FACE('',(#3907),#4105,.F.);
#4325=ADVANCED_FACE('',(#3908),#4106,.F.);
#4326=ADVANCED_FACE('',(#3909),#4107,.F.);
#4327=ADVANCED_FACE('',(#3910),#4108,.F.);
#4328=ADVANCED_FACE('',(#3911),#4109,.F.);
#4329=ADVANCED_FACE('',(#3912),#4110,.F.);
#4330=ADVANCED_FACE('',(#3913),#4111,.F.);
#4331=ADVANCED_FACE('',(#3914),#4112,.F.);
#4332=ADVANCED_FACE('',(#3915),#4113,.F.);
#4333=ADVANCED_FACE('',(#3916),#4114,.F.);
#4334=ADVANCED_FACE('',(#3917),#4115,.F.);
#4335=ADVANCED_FACE('',(#3918),#4116,.F.);
#4336=ADVANCED_FACE('',(#3919),#4117,.F.);
#4337=ADVANCED_FACE('',(#3920),#4118,.F.);
#4338=ADVANCED_FACE('',(#3921),#4119,.F.);
#4339=ADVANCED_FACE('',(#3922),#4120,.F.);
#4340=ADVANCED_FACE('',(#3923,#3924,#3925,#3926),#4121,.F.);
#4341=ADVANCED_FACE('',(#3927,#3928,#3929,#3930),#4122,.F.);
#4342=ADVANCED_FACE('',(#3931,#3932),#4123,.F.);
#4343=ADVANCED_FACE('',(#3933),#78,.F.);
#4344=ADVANCED_FACE('',(#3934,#3935),#4124,.F.);
#4345=ADVANCED_FACE('',(#3936,#3937),#4125,.F.);
#4346=ADVANCED_FACE('',(#3938,#3939),#4126,.F.);
#4347=ADVANCED_FACE('',(#3940),#79,.F.);
#4348=ADVANCED_FACE('',(#3941),#80,.F.);
#4349=ADVANCED_FACE('',(#3942),#4127,.T.);
#4350=ADVANCED_FACE('',(#3943),#4128,.F.);
#4351=ADVANCED_FACE('',(#3944),#4129,.T.);
#4352=ADVANCED_FACE('',(#3945),#4130,.T.);
#4353=ADVANCED_FACE('',(#3946),#4131,.F.);
#4354=ADVANCED_FACE('',(#3947),#4132,.F.);
#4355=ADVANCED_FACE('',(#3948),#4133,.T.);
#4356=ADVANCED_FACE('',(#3949),#4134,.T.);
#4357=ADVANCED_FACE('',(#3950),#4135,.T.);
#4358=ADVANCED_FACE('',(#3951),#4136,.T.);
#4359=ADVANCED_FACE('',(#3952),#4137,.F.);
#4360=ADVANCED_FACE('',(#3953),#4138,.F.);
#4361=ADVANCED_FACE('',(#3954),#4139,.T.);
#4362=ADVANCED_FACE('',(#3955,#3956),#4140,.F.);
#4363=ADVANCED_FACE('',(#3957),#4141,.F.);
#4364=ADVANCED_FACE('',(#3958),#4142,.T.);
#4365=ADVANCED_FACE('',(#3959,#3960),#4143,.T.);
#4366=ADVANCED_FACE('',(#3961),#4144,.F.);
#4367=ADVANCED_FACE('',(#3962),#4145,.T.);
#4368=ADVANCED_FACE('',(#3963),#4146,.T.);
#4369=ADVANCED_FACE('',(#3964),#4147,.T.);
#4370=ADVANCED_FACE('',(#3965),#4148,.T.);
#4371=ADVANCED_FACE('',(#3966),#81,.F.);
#4372=ADVANCED_FACE('',(#3967),#82,.F.);
#4373=ADVANCED_FACE('',(#3968),#4149,.F.);
#4374=ADVANCED_FACE('',(#3969),#4150,.F.);
#4375=ADVANCED_FACE('',(#3970),#4151,.F.);
#4376=ADVANCED_FACE('',(#3971),#4152,.T.);
#4377=ADVANCED_FACE('',(#3972),#4153,.F.);
#4378=ADVANCED_FACE('',(#3973),#4154,.T.);
#4379=ADVANCED_FACE('',(#3974),#4155,.F.);
#4380=ADVANCED_FACE('',(#3975),#4156,.F.);
#4381=CLOSED_SHELL('',(#4157,#4158,#4159,#4160,#4161,#4162,#4163,#4164,
#4165,#4166,#4167,#4168,#4169,#4170,#4171,#4172,#4173,#4174,#4175,#4176,
#4177,#4178,#4179,#4180,#4181,#4182,#4183,#4184,#4185,#4186,#4187,#4188,
#4189,#4190,#4191,#4192,#4193,#4194,#4195,#4196,#4197,#4198,#4199,#4200,
#4201,#4202,#4203,#4204,#4205,#4206,#4207,#4208,#4209,#4210,#4211,#4212,
#4213,#4214,#4215,#4216,#4217,#4218,#4219,#4220,#4221,#4222,#4223,#4224,
#4225,#4226,#4227,#4228,#4229,#4230,#4231,#4232,#4233,#4234,#4235,#4236,
#4237,#4238,#4239,#4240,#4241,#4242,#4243,#4244,#4245,#4246,#4247,#4248,
#4249,#4250,#4251,#4252,#4253,#4254,#4255,#4256,#4257,#4258,#4259,#4260,
#4261,#4262,#4263,#4264,#4265,#4266,#4267,#4268,#4269,#4270,#4271,#4272,
#4273,#4274,#4275,#4276,#4277,#4278,#4279,#4280,#4281,#4282,#4283,#4284,
#4285,#4286,#4287,#4288,#4289,#4290,#4291,#4292,#4293,#4294,#4295,#4296,
#4297,#4298,#4299,#4300,#4301,#4302,#4303,#4304,#4305,#4306,#4307,#4308,
#4309,#4310,#4311,#4312,#4313,#4314,#4315,#4316,#4317,#4318,#4319,#4320,
#4321,#4322,#4323,#4324,#4325,#4326,#4327,#4328,#4329,#4330,#4331,#4332,
#4333,#4334,#4335,#4336,#4337,#4338,#4339,#4340,#4341,#4342,#4343,#4344,
#4345,#4346,#4347,#4348,#4349,#4350,#4351,#4352,#4353,#4354,#4355,#4356,
#4357,#4358,#4359,#4360,#4361,#4362,#4363,#4364,#4365,#4366,#4367,#4368,
#4369,#4370,#4371,#4372,#4373,#4374,#4375,#4376,#4377,#4378,#4379,#4380));
#4382=STYLED_ITEM('',(#4383),#4390);
#4383=PRESENTATION_STYLE_ASSIGNMENT((#4384));
#4384=SURFACE_STYLE_USAGE(.BOTH.,#4385);
#4385=SURFACE_SIDE_STYLE('',(#4386));
#4386=SURFACE_STYLE_FILL_AREA(#4387);
#4387=FILL_AREA_STYLE('',(#4388));
#4388=FILL_AREA_STYLE_COLOUR('',#4389);
#4389=COLOUR_RGB('',0.129411764705882,0.341176470588236,0.352941176470589);
#4390=MANIFOLD_SOLID_BREP('Toolhead',#4381);
#4391=SHAPE_DEFINITION_REPRESENTATION(#7583,#4392);
#4392=SHAPE_REPRESENTATION('Toolhead',(#4393),#7578);
#4393=AXIS2_PLACEMENT_3D('',#5821,#4705,#4706);
#4394=AXIS2_PLACEMENT_3D('',#5822,#4707,#4708);
#4395=AXIS2_PLACEMENT_3D('',#5826,#4710,#4711);
#4396=AXIS2_PLACEMENT_3D('',#5832,#4714,#4715);
#4397=AXIS2_PLACEMENT_3D('',#5838,#4718,#4719);
#4398=AXIS2_PLACEMENT_3D('',#5844,#4722,#4723);
#4399=AXIS2_PLACEMENT_3D('',#5875,#4739,#4740);
#4400=AXIS2_PLACEMENT_3D('',#5881,#4744,#4745);
#4401=AXIS2_PLACEMENT_3D('',#5895,#4752,#4753);
#4402=AXIS2_PLACEMENT_3D('',#5919,#4765,#4766);
#4403=AXIS2_PLACEMENT_3D('',#5922,#4768,#4769);
#4404=AXIS2_PLACEMENT_3D('',#5925,#4771,#4772);
#4405=AXIS2_PLACEMENT_3D('',#5928,#4774,#4775);
#4406=AXIS2_PLACEMENT_3D('',#5931,#4777,#4778);
#4407=AXIS2_PLACEMENT_3D('',#5934,#4780,#4781);
#4408=AXIS2_PLACEMENT_3D('',#5935,#4782,#4783);
#4409=AXIS2_PLACEMENT_3D('',#5937,#4784,#4785);
#4410=AXIS2_PLACEMENT_3D('',#5939,#4786,#4787);
#4411=AXIS2_PLACEMENT_3D('',#5940,#4788,#4789);
#4412=AXIS2_PLACEMENT_3D('',#5942,#4790,#4791);
#4413=AXIS2_PLACEMENT_3D('',#5944,#4792,#4793);
#4414=AXIS2_PLACEMENT_3D('',#5949,#4795,#4796);
#4415=AXIS2_PLACEMENT_3D('',#5952,#4798,#4799);
#4416=AXIS2_PLACEMENT_3D('',#5987,#4800,#4801);
#4417=AXIS2_PLACEMENT_3D('',#5989,#4802,#4803);
#4418=AXIS2_PLACEMENT_3D('',#6024,#4804,#4805);
#4419=AXIS2_PLACEMENT_3D('',#6027,#4806,#4807);
#4420=AXIS2_PLACEMENT_3D('',#6029,#4808,#4809);
#4421=AXIS2_PLACEMENT_3D('',#6031,#4810,#4811);
#4422=AXIS2_PLACEMENT_3D('',#6035,#4813,#4814);
#4423=AXIS2_PLACEMENT_3D('',#6039,#4816,#4817);
#4424=AXIS2_PLACEMENT_3D('',#6040,#4818,#4819);
#4425=AXIS2_PLACEMENT_3D('',#6049,#4824,#4825);
#4426=AXIS2_PLACEMENT_3D('',#6062,#4834,#4835);
#4427=AXIS2_PLACEMENT_3D('',#6071,#4840,#4841);
#4428=AXIS2_PLACEMENT_3D('',#6077,#4845,#4846);
#4429=AXIS2_PLACEMENT_3D('',#6080,#4848,#4849);
#4430=AXIS2_PLACEMENT_3D('',#6083,#4851,#4852);
#4431=AXIS2_PLACEMENT_3D('',#6086,#4853,#4854);
#4432=AXIS2_PLACEMENT_3D('',#6087,#4855,#4856);
#4433=AXIS2_PLACEMENT_3D('',#6089,#4857,#4858);
#4434=AXIS2_PLACEMENT_3D('',#6092,#4860,#4861);
#4435=AXIS2_PLACEMENT_3D('',#6096,#4864,#4865);
#4436=AXIS2_PLACEMENT_3D('',#6098,#4867,#4868);
#4437=AXIS2_PLACEMENT_3D('',#6104,#4872,#4873);
#4438=AXIS2_PLACEMENT_3D('',#6108,#4876,#4877);
#4439=AXIS2_PLACEMENT_3D('',#6114,#4881,#4882);
#4440=AXIS2_PLACEMENT_3D('',#6118,#4885,#4886);
#4441=AXIS2_PLACEMENT_3D('',#6127,#4891,#4892);
#4442=AXIS2_PLACEMENT_3D('',#6133,#4896,#4897);
#4443=AXIS2_PLACEMENT_3D('',#6142,#4902,#4903);
#4444=AXIS2_PLACEMENT_3D('',#6148,#4907,#4908);
#4445=AXIS2_PLACEMENT_3D('',#6157,#4913,#4914);
#4446=AXIS2_PLACEMENT_3D('',#6163,#4918,#4919);
#4447=AXIS2_PLACEMENT_3D('',#6172,#4924,#4925);
#4448=AXIS2_PLACEMENT_3D('',#6178,#4929,#4930);
#4449=AXIS2_PLACEMENT_3D('',#6187,#4935,#4936);
#4450=AXIS2_PLACEMENT_3D('',#6193,#4940,#4941);
#4451=AXIS2_PLACEMENT_3D('',#6197,#4944,#4945);
#4452=AXIS2_PLACEMENT_3D('',#6212,#4953,#4954);
#4453=AXIS2_PLACEMENT_3D('',#6227,#4962,#4963);
#4454=AXIS2_PLACEMENT_3D('',#6238,#4969,#4970);
#4455=AXIS2_PLACEMENT_3D('',#6249,#4976,#4977);
#4456=AXIS2_PLACEMENT_3D('',#6253,#4980,#4981);
#4457=AXIS2_PLACEMENT_3D('',#6257,#4984,#4985);
#4458=AXIS2_PLACEMENT_3D('',#6272,#4993,#4994);
#4459=AXIS2_PLACEMENT_3D('',#6287,#5002,#5003);
#4460=AXIS2_PLACEMENT_3D('',#6291,#5005,#5006);
#4461=AXIS2_PLACEMENT_3D('',#6302,#5012,#5013);
#4462=AXIS2_PLACEMENT_3D('',#6308,#5017,#5018);
#4463=AXIS2_PLACEMENT_3D('',#6314,#5022,#5023);
#4464=AXIS2_PLACEMENT_3D('',#6318,#5026,#5027);
#4465=AXIS2_PLACEMENT_3D('',#6324,#5031,#5032);
#4466=AXIS2_PLACEMENT_3D('',#6333,#5037,#5038);
#4467=AXIS2_PLACEMENT_3D('',#6334,#5039,#5040);
#4468=AXIS2_PLACEMENT_3D('',#6345,#5046,#5047);
#4469=AXIS2_PLACEMENT_3D('',#6351,#5051,#5052);
#4470=AXIS2_PLACEMENT_3D('',#6355,#5055,#5056);
#4471=AXIS2_PLACEMENT_3D('',#6361,#5060,#5061);
#4472=AXIS2_PLACEMENT_3D('',#6367,#5065,#5066);
#4473=AXIS2_PLACEMENT_3D('',#6368,#5067,#5068);
#4474=AXIS2_PLACEMENT_3D('',#6378,#5073,#5074);
#4475=AXIS2_PLACEMENT_3D('',#6379,#5075,#5076);
#4476=AXIS2_PLACEMENT_3D('',#6380,#5077,#5078);
#4477=AXIS2_PLACEMENT_3D('',#6381,#5079,#5080);
#4478=AXIS2_PLACEMENT_3D('',#6382,#5081,#5082);
#4479=AXIS2_PLACEMENT_3D('',#6383,#5083,#5084);
#4480=AXIS2_PLACEMENT_3D('',#6385,#5085,#5086);
#4481=AXIS2_PLACEMENT_3D('',#6386,#5087,#5088);
#4482=AXIS2_PLACEMENT_3D('',#6387,#5089,#5090);
#4483=AXIS2_PLACEMENT_3D('',#6406,#5100,#5101);
#4484=AXIS2_PLACEMENT_3D('',#6409,#5104,#5105);
#4485=AXIS2_PLACEMENT_3D('',#6411,#5107,#5108);
#4486=AXIS2_PLACEMENT_3D('',#6415,#5111,#5112);
#4487=AXIS2_PLACEMENT_3D('',#6416,#5113,#5114);
#4488=AXIS2_PLACEMENT_3D('',#6418,#5116,#5117);
#4489=AXIS2_PLACEMENT_3D('',#6423,#5121,#5122);
#4490=AXIS2_PLACEMENT_3D('',#6428,#5126,#5127);
#4491=AXIS2_PLACEMENT_3D('',#6430,#5129,#5130);
#4492=AXIS2_PLACEMENT_3D('',#6431,#5131,#5132);
#4493=AXIS2_PLACEMENT_3D('',#6440,#5137,#5138);
#4494=AXIS2_PLACEMENT_3D('',#6441,#5139,#5140);
#4495=AXIS2_PLACEMENT_3D('',#6442,#5141,#5142);
#4496=AXIS2_PLACEMENT_3D('',#6443,#5143,#5144);
#4497=AXIS2_PLACEMENT_3D('',#6444,#5145,#5146);
#4498=AXIS2_PLACEMENT_3D('',#6445,#5147,#5148);
#4499=AXIS2_PLACEMENT_3D('',#6447,#5149,#5150);
#4500=AXIS2_PLACEMENT_3D('',#6448,#5151,#5152);
#4501=AXIS2_PLACEMENT_3D('',#6449,#5153,#5154);
#4502=AXIS2_PLACEMENT_3D('',#6453,#5157,#5158);
#4503=AXIS2_PLACEMENT_3D('',#6457,#5160,#5161);
#4504=AXIS2_PLACEMENT_3D('',#6462,#5165,#5166);
#4505=AXIS2_PLACEMENT_3D('',#6467,#5170,#5171);
#4506=AXIS2_PLACEMENT_3D('',#6471,#5174,#5175);
#4507=AXIS2_PLACEMENT_3D('',#6479,#5180,#5181);
#4508=AXIS2_PLACEMENT_3D('',#6481,#5183,#5184);
#4509=AXIS2_PLACEMENT_3D('',#6489,#5189,#5190);
#4510=AXIS2_PLACEMENT_3D('',#6495,#5194,#5195);
#4511=AXIS2_PLACEMENT_3D('',#6501,#5199,#5200);
#4512=AXIS2_PLACEMENT_3D('',#6509,#5206,#5207);
#4513=AXIS2_PLACEMENT_3D('',#6515,#5211,#5212);
#4514=AXIS2_PLACEMENT_3D('',#6524,#5217,#5218);
#4515=AXIS2_PLACEMENT_3D('',#6530,#5222,#5223);
#4516=AXIS2_PLACEMENT_3D('',#6536,#5227,#5228);
#4517=AXIS2_PLACEMENT_3D('',#6537,#5229,#5230);
#4518=AXIS2_PLACEMENT_3D('',#6539,#5231,#5232);
#4519=AXIS2_PLACEMENT_3D('',#6540,#5233,#5234);
#4520=AXIS2_PLACEMENT_3D('',#6542,#5235,#5236);
#4521=AXIS2_PLACEMENT_3D('',#6546,#5238,#5239);
#4522=AXIS2_PLACEMENT_3D('',#6550,#5241,#5242);
#4523=AXIS2_PLACEMENT_3D('',#6554,#5244,#5245);
#4524=AXIS2_PLACEMENT_3D('',#6558,#5247,#5248);
#4525=AXIS2_PLACEMENT_3D('',#6559,#5249,#5250);
#4526=AXIS2_PLACEMENT_3D('',#6563,#5252,#5253);
#4527=AXIS2_PLACEMENT_3D('',#6567,#5255,#5256);
#4528=AXIS2_PLACEMENT_3D('',#6571,#5258,#5259);
#4529=AXIS2_PLACEMENT_3D('',#6575,#5261,#5262);
#4530=AXIS2_PLACEMENT_3D('',#6576,#5263,#5264);
#4531=AXIS2_PLACEMENT_3D('',#6577,#5265,#5266);
#4532=AXIS2_PLACEMENT_3D('',#6579,#5267,#5268);
#4533=AXIS2_PLACEMENT_3D('',#6580,#5269,#5270);
#4534=AXIS2_PLACEMENT_3D('',#6582,#5271,#5272);
#4535=AXIS2_PLACEMENT_3D('',#6583,#5273,#5274);
#4536=AXIS2_PLACEMENT_3D('',#6585,#5275,#5276);
#4537=AXIS2_PLACEMENT_3D('',#6586,#5277,#5278);
#4538=AXIS2_PLACEMENT_3D('',#6588,#5279,#5280);
#4539=AXIS2_PLACEMENT_3D('',#6589,#5281,#5282);
#4540=AXIS2_PLACEMENT_3D('',#6591,#5283,#5284);
#4541=AXIS2_PLACEMENT_3D('',#6592,#5285,#5286);
#4542=AXIS2_PLACEMENT_3D('',#6594,#5287,#5288);
#4543=AXIS2_PLACEMENT_3D('',#6595,#5289,#5290);
#4544=AXIS2_PLACEMENT_3D('',#6597,#5291,#5292);
#4545=AXIS2_PLACEMENT_3D('',#6598,#5293,#5294);
#4546=AXIS2_PLACEMENT_3D('',#6600,#5295,#5296);
#4547=AXIS2_PLACEMENT_3D('',#6601,#5297,#5298);
#4548=AXIS2_PLACEMENT_3D('',#6603,#5299,#5300);
#4549=AXIS2_PLACEMENT_3D('',#6604,#5301,#5302);
#4550=AXIS2_PLACEMENT_3D('',#6606,#5303,#5304);
#4551=AXIS2_PLACEMENT_3D('',#6607,#5305,#5306);
#4552=AXIS2_PLACEMENT_3D('',#6609,#5307,#5308);
#4553=AXIS2_PLACEMENT_3D('',#6610,#5309,#5310);
#4554=AXIS2_PLACEMENT_3D('',#6646,#5311,#5312);
#4555=AXIS2_PLACEMENT_3D('',#6649,#5314,#5315);
#4556=AXIS2_PLACEMENT_3D('',#6658,#5317,#5318);
#4557=AXIS2_PLACEMENT_3D('',#6687,#5319,#5320);
#4558=AXIS2_PLACEMENT_3D('',#6688,#5321,#5322);
#4559=AXIS2_PLACEMENT_3D('',#6693,#5325,#5326);
#4560=AXIS2_PLACEMENT_3D('',#6696,#5328,#5329);
#4561=AXIS2_PLACEMENT_3D('',#6699,#5331,#5332);
#4562=AXIS2_PLACEMENT_3D('',#6700,#5333,#5334);
#4563=AXIS2_PLACEMENT_3D('',#6705,#5337,#5338);
#4564=AXIS2_PLACEMENT_3D('',#6706,#5339,#5340);
#4565=AXIS2_PLACEMENT_3D('',#6708,#5341,#5342);
#4566=AXIS2_PLACEMENT_3D('',#6709,#5343,#5344);
#4567=AXIS2_PLACEMENT_3D('',#6711,#5345,#5346);
#4568=AXIS2_PLACEMENT_3D('',#6717,#5350,#5351);
#4569=AXIS2_PLACEMENT_3D('',#6723,#5355,#5356);
#4570=AXIS2_PLACEMENT_3D('',#6732,#5361,#5362);
#4571=AXIS2_PLACEMENT_3D('',#6741,#5367,#5368);
#4572=AXIS2_PLACEMENT_3D('',#6742,#5369,#5370);
#4573=AXIS2_PLACEMENT_3D('',#6744,#5371,#5372);
#4574=AXIS2_PLACEMENT_3D('',#6745,#5373,#5374);
#4575=AXIS2_PLACEMENT_3D('',#6747,#5375,#5376);
#4576=AXIS2_PLACEMENT_3D('',#6761,#5381,#5382);
#4577=AXIS2_PLACEMENT_3D('',#6765,#5384,#5385);
#4578=AXIS2_PLACEMENT_3D('',#6782,#5387,#5388);
#4579=AXIS2_PLACEMENT_3D('',#6783,#5389,#5390);
#4580=AXIS2_PLACEMENT_3D('',#6784,#5391,#5392);
#4581=AXIS2_PLACEMENT_3D('',#6798,#5397,#5398);
#4582=AXIS2_PLACEMENT_3D('',#6812,#5400,#5401);
#4583=AXIS2_PLACEMENT_3D('',#6813,#5402,#5403);
#4584=AXIS2_PLACEMENT_3D('',#6822,#5406,#5407);
#4585=AXIS2_PLACEMENT_3D('',#6835,#5411,#5412);
#4586=AXIS2_PLACEMENT_3D('',#6849,#5413,#5414);
#4587=AXIS2_PLACEMENT_3D('',#6850,#5415,#5416);
#4588=AXIS2_PLACEMENT_3D('',#6851,#5417,#5418);
#4589=AXIS2_PLACEMENT_3D('',#6852,#5419,#5420);
#4590=AXIS2_PLACEMENT_3D('',#6868,#5422,#5423);
#4591=AXIS2_PLACEMENT_3D('',#6876,#5426,#5427);
#4592=AXIS2_PLACEMENT_3D('',#6960,#5435,#5436);
#4593=AXIS2_PLACEMENT_3D('',#6969,#5441,#5442);
#4594=AXIS2_PLACEMENT_3D('',#6970,#5443,#5444);
#4595=AXIS2_PLACEMENT_3D('',#6973,#5445,#5446);
#4596=AXIS2_PLACEMENT_3D('',#6975,#5447,#5448);
#4597=AXIS2_PLACEMENT_3D('',#6977,#5449,#5450);
#4598=AXIS2_PLACEMENT_3D('',#6978,#5451,#5452);
#4599=AXIS2_PLACEMENT_3D('',#6979,#5453,#5454);
#4600=AXIS2_PLACEMENT_3D('',#6982,#5455,#5456);
#4601=AXIS2_PLACEMENT_3D('',#6984,#5457,#5458);
#4602=AXIS2_PLACEMENT_3D('',#6986,#5459,#5460);
#4603=AXIS2_PLACEMENT_3D('',#6987,#5461,#5462);
#4604=AXIS2_PLACEMENT_3D('',#6993,#5466,#5467);
#4605=AXIS2_PLACEMENT_3D('',#7004,#5470,#5471);
#4606=AXIS2_PLACEMENT_3D('',#7009,#5475,#5476);
#4607=AXIS2_PLACEMENT_3D('',#7217,#5483,#5484);
#4608=AXIS2_PLACEMENT_3D('',#7228,#5490,#5491);
#4609=AXIS2_PLACEMENT_3D('',#7237,#5496,#5497);
#4610=AXIS2_PLACEMENT_3D('',#7240,#5500,#5501);
#4611=AXIS2_PLACEMENT_3D('',#7248,#5509,#5510);
#4612=AXIS2_PLACEMENT_3D('',#7251,#5513,#5514);
#4613=AXIS2_PLACEMENT_3D('',#7261,#5521,#5522);
#4614=AXIS2_PLACEMENT_3D('',#7264,#5525,#5526);
#4615=AXIS2_PLACEMENT_3D('',#7267,#5529,#5530);
#4616=AXIS2_PLACEMENT_3D('',#7355,#5540,#5541);
#4617=AXIS2_PLACEMENT_3D('',#7359,#5544,#5545);
#4618=AXIS2_PLACEMENT_3D('',#7360,#5546,#5547);
#4619=AXIS2_PLACEMENT_3D('',#7364,#5550,#5551);
#4620=AXIS2_PLACEMENT_3D('',#7366,#5553,#5554);
#4621=AXIS2_PLACEMENT_3D('',#7371,#5558,#5559);
#4622=AXIS2_PLACEMENT_3D('',#7375,#5562,#5563);
#4623=AXIS2_PLACEMENT_3D('',#7378,#5566,#5567);
#4624=AXIS2_PLACEMENT_3D('',#7380,#5569,#5570);
#4625=AXIS2_PLACEMENT_3D('',#7383,#5573,#5574);
#4626=AXIS2_PLACEMENT_3D('',#7385,#5576,#5577);
#4627=AXIS2_PLACEMENT_3D('',#7388,#5580,#5581);
#4628=AXIS2_PLACEMENT_3D('',#7390,#5583,#5584);
#4629=AXIS2_PLACEMENT_3D('',#7393,#5587,#5588);
#4630=AXIS2_PLACEMENT_3D('',#7395,#5590,#5591);
#4631=AXIS2_PLACEMENT_3D('',#7396,#5592,#5593);
#4632=AXIS2_PLACEMENT_3D('',#7397,#5594,#5595);
#4633=AXIS2_PLACEMENT_3D('',#7400,#5598,#5599);
#4634=AXIS2_PLACEMENT_3D('',#7402,#5601,#5602);
#4635=AXIS2_PLACEMENT_3D('',#7403,#5603,#5604);
#4636=AXIS2_PLACEMENT_3D('',#7404,#5605,#5606);
#4637=AXIS2_PLACEMENT_3D('',#7408,#5609,#5610);
#4638=AXIS2_PLACEMENT_3D('',#7414,#5614,#5615);
#4639=AXIS2_PLACEMENT_3D('',#7418,#5618,#5619);
#4640=AXIS2_PLACEMENT_3D('',#7424,#5623,#5624);
#4641=AXIS2_PLACEMENT_3D('',#7428,#5627,#5628);
#4642=AXIS2_PLACEMENT_3D('',#7432,#5631,#5632);
#4643=AXIS2_PLACEMENT_3D('',#7434,#5634,#5635);
#4644=AXIS2_PLACEMENT_3D('',#7436,#5637,#5638);
#4645=AXIS2_PLACEMENT_3D('',#7439,#5641,#5642);
#4646=AXIS2_PLACEMENT_3D('',#7442,#5645,#5646);
#4647=AXIS2_PLACEMENT_3D('',#7443,#5647,#5648);
#4648=AXIS2_PLACEMENT_3D('',#7444,#5649,#5650);
#4649=AXIS2_PLACEMENT_3D('',#7448,#5653,#5654);
#4650=AXIS2_PLACEMENT_3D('',#7454,#5658,#5659);
#4651=AXIS2_PLACEMENT_3D('',#7458,#5662,#5663);
#4652=AXIS2_PLACEMENT_3D('',#7464,#5667,#5668);
#4653=AXIS2_PLACEMENT_3D('',#7468,#5671,#5672);
#4654=AXIS2_PLACEMENT_3D('',#7472,#5675,#5676);
#4655=AXIS2_PLACEMENT_3D('',#7474,#5678,#5679);
#4656=AXIS2_PLACEMENT_3D('',#7476,#5681,#5682);
#4657=AXIS2_PLACEMENT_3D('',#7479,#5685,#5686);
#4658=AXIS2_PLACEMENT_3D('',#7482,#5689,#5690);
#4659=AXIS2_PLACEMENT_3D('',#7483,#5691,#5692);
#4660=AXIS2_PLACEMENT_3D('',#7484,#5693,#5694);
#4661=AXIS2_PLACEMENT_3D('',#7485,#5695,#5696);
#4662=AXIS2_PLACEMENT_3D('',#7486,#5697,#5698);
#4663=AXIS2_PLACEMENT_3D('',#7487,#5699,#5700);
#4664=AXIS2_PLACEMENT_3D('',#7488,#5701,#5702);
#4665=AXIS2_PLACEMENT_3D('',#7489,#5703,#5704);
#4666=AXIS2_PLACEMENT_3D('',#7490,#5705,#5706);
#4667=AXIS2_PLACEMENT_3D('',#7493,#5709,#5710);
#4668=AXIS2_PLACEMENT_3D('',#7496,#5713,#5714);
#4669=AXIS2_PLACEMENT_3D('',#7497,#5715,#5716);
#4670=AXIS2_PLACEMENT_3D('',#7500,#5719,#5720);
#4671=AXIS2_PLACEMENT_3D('',#7501,#5721,#5722);
#4672=AXIS2_PLACEMENT_3D('',#7502,#5723,#5724);
#4673=AXIS2_PLACEMENT_3D('',#7503,#5725,#5726);
#4674=AXIS2_PLACEMENT_3D('',#7505,#5728,#5729);
#4675=AXIS2_PLACEMENT_3D('',#7507,#5731,#5732);
#4676=AXIS2_PLACEMENT_3D('',#7508,#5733,#5734);
#4677=AXIS2_PLACEMENT_3D('',#7511,#5737,#5738);
#4678=AXIS2_PLACEMENT_3D('',#7512,#5739,#5740);
#4679=AXIS2_PLACEMENT_3D('',#7513,#5741,#5742);
#4680=AXIS2_PLACEMENT_3D('',#7515,#5744,#5745);
#4681=AXIS2_PLACEMENT_3D('',#7517,#5747,#5748);
#4682=AXIS2_PLACEMENT_3D('',#7518,#5749,#5750);
#4683=AXIS2_PLACEMENT_3D('',#7519,#5751,#5752);
#4684=AXIS2_PLACEMENT_3D('',#7520,#5753,#5754);
#4685=AXIS2_PLACEMENT_3D('',#7527,#5759,#5760);
#4686=AXIS2_PLACEMENT_3D('',#7531,#5763,#5764);
#4687=AXIS2_PLACEMENT_3D('',#7533,#5766,#5767);
#4688=AXIS2_PLACEMENT_3D('',#7537,#5770,#5771);
#4689=AXIS2_PLACEMENT_3D('',#7539,#5773,#5774);
#4690=AXIS2_PLACEMENT_3D('',#7543,#5777,#5778);
#4691=AXIS2_PLACEMENT_3D('',#7544,#5779,#5780);
#4692=AXIS2_PLACEMENT_3D('',#7546,#5782,#5783);
#4693=AXIS2_PLACEMENT_3D('',#7547,#5784,#5785);
#4694=AXIS2_PLACEMENT_3D('',#7549,#5787,#5788);
#4695=AXIS2_PLACEMENT_3D('',#7550,#5789,#5790);
#4696=AXIS2_PLACEMENT_3D('',#7551,#5791,#5792);
#4697=AXIS2_PLACEMENT_3D('',#7552,#5793,#5794);
#4698=AXIS2_PLACEMENT_3D('',#7556,#5797,#5798);
#4699=AXIS2_PLACEMENT_3D('',#7567,#5805,#5806);
#4700=AXIS2_PLACEMENT_3D('',#7569,#5808,#5809);
#4701=AXIS2_PLACEMENT_3D('',#7571,#5811,#5812);
#4702=AXIS2_PLACEMENT_3D('',#7573,#5814,#5815);
#4703=AXIS2_PLACEMENT_3D('',#7575,#5817,#5818);
#4704=AXIS2_PLACEMENT_3D('',#7576,#5819,#5820);
#4705=DIRECTION('',(0.,0.,1.));
#4706=DIRECTION('',(1.,0.,0.));
#4707=DIRECTION('',(-2.22044604925E-16,2.22044604925E-16,-1.));
#4708=DIRECTION('',(-3.697785493223E-32,-1.,-2.22044604925E-16));
#4709=DIRECTION('',(-0.5,-0.866025403784439,-8.12739661758293E-17));
#4710=DIRECTION('',(2.22044604925E-16,-2.22044604925E-16,1.));
#4711=DIRECTION('',(1.,0.,-2.22044604925E-16));
#4712=DIRECTION('',(-0.5,0.866025403784439,0.));
#4713=DIRECTION('',(-0.5,-0.866025403784439,-8.1273966175829E-17));
#4714=DIRECTION('',(-2.22044604925E-16,2.22044604925E-16,-1.));
#4715=DIRECTION('',(-1.,0.,2.22044604925E-16));
#4716=DIRECTION('',(-0.5,0.866025403784439,0.));
#4717=DIRECTION('',(-0.5,-0.866025403784439,-8.1273966175829E-17));
#4718=DIRECTION('',(-2.22044604925E-16,2.22044604925E-16,-1.));
#4719=DIRECTION('',(-1.,0.,2.22044604925E-16));
#4720=DIRECTION('',(-0.5,0.866025403784439,0.));
#4721=DIRECTION('',(-0.5,-0.866025403784439,-8.12739661758291E-17));
#4722=DIRECTION('',(2.22044604925E-16,-2.22044604925E-16,1.));
#4723=DIRECTION('',(1.,0.,-2.22044604925E-16));
#4724=DIRECTION('',(-0.5,0.866025403784439,0.));
#4725=DIRECTION('',(-1.,0.,0.));
#4726=DIRECTION('',(0.,-1.,0.));
#4727=DIRECTION('',(-1.,0.,0.));
#4728=DIRECTION('',(0.,-1.,0.));
#4729=DIRECTION('',(0.,-1.,-2.22044604925E-16));
#4730=DIRECTION('',(-1.,-3.69778549322193E-32,2.22044604925E-16));
#4731=DIRECTION('',(0.,-1.,-2.22044604925E-16));
#4732=DIRECTION('',(1.,3.69778549322193E-32,-2.22044604925E-16));
#4733=DIRECTION('',(0.,-1.,-2.22044604925E-16));
#4734=DIRECTION('',(1.,0.,-2.22044604925E-16));
#4735=DIRECTION('',(0.,1.,0.));
#4736=DIRECTION('',(-1.,0.,0.));
#4737=DIRECTION('',(0.,1.,0.));
#4738=DIRECTION('',(1.,0.,-2.22044604925E-16));
#4739=DIRECTION('',(1.57009245868355E-16,0.707106781186548,0.707106781186547));
#4740=DIRECTION('',(-1.,-3.69778549322193E-32,2.22044604925E-16));
#4741=DIRECTION('',(0.,0.707106781186547,-0.707106781186548));
#4742=DIRECTION('',(1.,0.,-2.22044604924999E-16));
#4743=DIRECTION('',(0.,0.707106781186547,-0.707106781186548));
#4744=DIRECTION('',(0.,1.,0.));
#4745=DIRECTION('',(0.,0.,1.));
#4746=DIRECTION('',(1.,4.93038065762993E-32,-2.22044604925E-16));
#4747=DIRECTION('',(2.22044604925E-16,-2.22044604925E-16,1.));
#4748=DIRECTION('',(-1.,0.,2.22044604924999E-16));
#4749=DIRECTION('',(0.,0.,-1.));
#4750=DIRECTION('',(1.,0.,2.0800041678379E-16));
#4751=DIRECTION('',(0.,0.,-1.));
#4752=DIRECTION('',(0.,-1.,0.));
#4753=DIRECTION('',(0.,0.,1.));
#4754=DIRECTION('',(0.,0.,-1.));
#4755=DIRECTION('',(1.,0.,-9.525026325671E-18));
#4756=DIRECTION('',(-0.707106781186548,0.,-0.707106781186548));
#4757=DIRECTION('',(0.,0.,-1.));
#4758=DIRECTION('',(-1.,0.,2.22044604924999E-16));
#4759=DIRECTION('',(2.22044604925E-16,-2.22044604925E-16,1.));
#4760=DIRECTION('',(1.,4.93038065762993E-32,-2.22044604925E-16));
#4761=DIRECTION('',(2.22044604925E-16,-2.22044604925E-16,1.));
#4762=DIRECTION('',(-1.,0.,2.22044604924999E-16));
#4763=DIRECTION('',(2.22044604925E-16,-2.22044604925E-16,1.));
#4764=DIRECTION('',(-0.5,0.,-0.866025403784438));
#4765=DIRECTION('',(0.,-1.,0.));
#4766=DIRECTION('',(0.,0.,-1.));
#4767=DIRECTION('',(-0.5,0.,0.866025403784439));
#4768=DIRECTION('',(2.22044604925E-16,-2.22044604925E-16,1.));
#4769=DIRECTION('',(1.,0.,-2.22044604925E-16));
#4770=DIRECTION('',(2.22044604925E-16,-2.22044604925E-16,1.));
#4771=DIRECTION('',(-2.22044604925E-16,2.22044604925E-16,-1.));
#4772=DIRECTION('',(-1.,0.,2.22044604925E-16));
#4773=DIRECTION('',(-2.22044604925E-16,2.22044604925E-16,-1.));
#4774=DIRECTION('',(0.,-1.,0.));
#4775=DIRECTION('',(0.,0.,-1.));
#4776=DIRECTION('',(0.,-1.,0.));
#4777=DIRECTION('',(0.,-1.,0.));
#4778=DIRECTION('',(0.,0.,-1.));
#4779=DIRECTION('',(0.,1.,0.));
#4780=DIRECTION('',(0.,-1.,0.));
#4781=DIRECTION('',(0.,0.,-1.));
#4782=DIRECTION('',(0.,-1.,0.));
#4783=DIRECTION('',(0.,0.,-1.));
#4784=DIRECTION('',(0.,-1.,0.));
#4785=DIRECTION('',(0.,0.,-1.));
#4786=DIRECTION('',(1.,0.,0.));
#4787=DIRECTION('',(0.,0.,-1.));
#4788=DIRECTION('',(1.,0.,0.));
#4789=DIRECTION('',(0.,0.,-1.));
#4790=DIRECTION('',(1.,0.,0.));
#4791=DIRECTION('',(0.,0.,-1.));
#4792=DIRECTION('',(-1.,0.,0.));
#4793=DIRECTION('',(0.,0.,1.));
#4794=DIRECTION('',(1.,0.,0.));
#4795=DIRECTION('',(-1.,0.,0.));
#4796=DIRECTION('',(0.,0.,1.));
#4797=DIRECTION('',(1.,0.,0.));
#4798=DIRECTION('',(0.,-1.,0.));
#4799=DIRECTION('',(0.,0.,-1.));
#4800=DIRECTION('',(0.707106781186548,-0.707106781186548,0.));
#4801=DIRECTION('',(-0.707106781186548,-0.707106781186548,0.));
#4802=DIRECTION('',(-0.707106781186548,0.707106781186548,0.));
#4803=DIRECTION('',(-0.707106781186548,-0.707106781186548,0.));
#4804=DIRECTION('',(0.,1.,0.));
#4805=DIRECTION('',(0.,0.,1.));
#4806=DIRECTION('',(-0.707106781186548,-0.707106781186548,0.));
#4807=DIRECTION('',(0.707106781186548,-0.707106781186548,0.));
#4808=DIRECTION('',(0.,1.,0.));
#4809=DIRECTION('',(0.,0.,1.));
#4810=DIRECTION('',(-0.707106781186548,-0.707106781186548,0.));
#4811=DIRECTION('',(0.707106781186548,-0.707106781186548,0.));
#4812=DIRECTION('',(0.,-1.,0.));
#4813=DIRECTION('',(0.,-1.,0.));
#4814=DIRECTION('',(0.,0.,1.));
#4815=DIRECTION('',(0.,-1.,0.));
#4816=DIRECTION('',(0.,1.,0.));
#4817=DIRECTION('',(0.,0.,1.));
#4818=DIRECTION('',(-1.,1.00154306582477E-15,2.22044604925E-16));
#4819=DIRECTION('',(-1.00154306582477E-15,-1.,0.));
#4820=DIRECTION('',(2.22044604925E-16,-2.22044604925E-16,1.));
#4821=DIRECTION('',(1.078520768856E-32,1.,2.22044604925E-16));
#4822=DIRECTION('',(2.22044604925E-16,-2.22044604925E-16,1.));
#4823=DIRECTION('',(-1.00154306582477E-15,-1.,-2.22044604925E-16));
#4824=DIRECTION('',(-1.57009245868355E-16,0.707106781186547,-0.707106781186548));
#4825=DIRECTION('',(1.,3.69778549322193E-32,-2.22044604925E-16));
#4826=DIRECTION('',(1.57009245868355E-16,0.707106781186548,0.707106781186547));
#4827=DIRECTION('',(1.,-6.9726111936842E-31,-2.22044604925E-16));
#4828=DIRECTION('',(-1.57009245868355E-16,-0.707106781186548,-0.707106781186547));
#4829=DIRECTION('',(-1.57009245868355E-16,-0.707106781186548,-0.707106781186547));
#4830=DIRECTION('',(1.,-6.9726111936842E-31,-2.22044604925E-16));
#4831=DIRECTION('',(1.57009245868355E-16,0.707106781186548,0.707106781186547));
#4832=DIRECTION('',(0.,0.707106781186548,0.707106781186547));
#4833=DIRECTION('',(0.,-0.707106781186548,-0.707106781186547));
#4834=DIRECTION('',(0.5,0.866025403784439,8.12739661758291E-17));
#4835=DIRECTION('',(-0.866025403784439,0.5,0.));
#4836=DIRECTION('',(2.22044604925E-16,-2.22044604925E-16,1.));
#4837=DIRECTION('',(0.866025403784439,-0.5,-3.03318571100829E-16));
#4838=DIRECTION('',(-2.22044604925E-16,2.22044604925E-16,-1.));
#4839=DIRECTION('',(-0.866025403784439,0.5,3.03318571100829E-16));
#4840=DIRECTION('',(-0.5,0.866025403784439,3.03318571100829E-16));
#4841=DIRECTION('',(-0.866025403784439,-0.5,0.));
#4842=DIRECTION('',(2.22044604924999E-16,-2.22044604925E-16,1.));
#4843=DIRECTION('',(0.866025403784439,0.5,-8.12739661758294E-17));
#4844=DIRECTION('',(-0.866025403784439,-0.5,8.12739661758296E-17));
#4845=DIRECTION('',(2.22044604925E-16,-2.22044604925E-16,1.));
#4846=DIRECTION('',(1.,0.,-2.22044604925E-16));
#4847=DIRECTION('',(2.22044604925E-16,-2.22044604925E-16,1.));
#4848=DIRECTION('',(-2.22044604925E-16,2.22044604925E-16,-1.));
#4849=DIRECTION('',(-1.,0.,2.22044604925E-16));
#4850=DIRECTION('',(-2.22044604925E-16,2.22044604925E-16,-1.));
#4851=DIRECTION('',(2.22044604925E-16,-2.22044604925E-16,1.));
#4852=DIRECTION('',(1.,0.,-2.22044604925E-16));
#4853=DIRECTION('',(2.22044604925E-16,-2.22044604925E-16,1.));
#4854=DIRECTION('',(1.,0.,-2.22044604925E-16));
#4855=DIRECTION('',(2.22044604925E-16,-2.22044604925E-16,1.));
#4856=DIRECTION('',(1.,0.,-2.22044604925E-16));
#4857=DIRECTION('',(2.22044604925E-16,-2.22044604925E-16,1.));
#4858=DIRECTION('',(1.,0.,-2.22044604925E-16));
#4859=DIRECTION('',(2.22044604925E-16,-2.22044604925E-16,1.));
#4860=DIRECTION('',(0.866025403784439,-0.5,-3.03318571100829E-16));
#4861=DIRECTION('',(0.5,0.866025403784439,0.));
#4862=DIRECTION('',(2.22044604925E-16,-2.22044604925E-16,1.));
#4863=DIRECTION('',(0.5,0.866025403784439,8.12739661758291E-17));
#4864=DIRECTION('',(0.866025403784439,0.5,-8.12739661758293E-17));
#4865=DIRECTION('',(-0.5,0.866025403784439,0.));
#4866=DIRECTION('',(0.5,-0.866025403784439,-3.03318571100829E-16));
#4867=DIRECTION('',(0.866025403784439,-0.5,-1.110223024625E-16));
#4868=DIRECTION('',(0.5,0.866025403784439,0.));
#4869=DIRECTION('',(0.,-2.22044604925E-16,1.));
#4870=DIRECTION('',(-0.5,-0.866025403784439,0.));
#4871=DIRECTION('',(0.,-2.22044604925E-16,1.));
#4872=DIRECTION('',(0.866025403784439,0.5,1.110223024625E-16));
#4873=DIRECTION('',(-0.5,0.866025403784439,0.));
#4874=DIRECTION('',(-0.5,0.866025403784439,3.03318571100829E-16));
#4875=DIRECTION('',(0.,2.22044604925E-16,-1.));
#4876=DIRECTION('',(0.866025403784439,-0.5,-1.110223024625E-16));
#4877=DIRECTION('',(0.5,0.866025403784439,0.));
#4878=DIRECTION('',(0.,-2.22044604925E-16,1.));
#4879=DIRECTION('',(-0.5,-0.866025403784439,0.));
#4880=DIRECTION('',(0.,-2.22044604925E-16,1.));
#4881=DIRECTION('',(0.866025403784439,0.5,1.110223024625E-16));
#4882=DIRECTION('',(-0.5,0.866025403784439,0.));
#4883=DIRECTION('',(-0.5,0.866025403784439,3.03318571100829E-16));
#4884=DIRECTION('',(0.,2.22044604925E-16,-1.));
#4885=DIRECTION('',(0.866025403784439,-0.5,-3.03318571100829E-16));
#4886=DIRECTION('',(0.5,0.866025403784439,0.));
#4887=DIRECTION('',(-0.5,-0.866025403784439,-8.12739661758292E-17));
#4888=DIRECTION('',(-2.22044604925E-16,2.22044604925E-16,-1.));
#4889=DIRECTION('',(-0.5,-0.866025403784439,8.58465484992663E-16));
#4890=DIRECTION('',(2.22044604925E-16,-2.22044604925E-16,1.));
#4891=DIRECTION('',(0.866025403784439,0.5,-8.12739661758292E-17));
#4892=DIRECTION('',(-0.5,0.866025403784439,0.));
#4893=DIRECTION('',(-0.5,0.866025403784439,8.5846548499266E-16));
#4894=DIRECTION('',(-2.22044604925E-16,2.22044604925E-16,-1.));
#4895=DIRECTION('',(-0.5,0.866025403784439,3.03318571100829E-16));
#4896=DIRECTION('',(0.866025403784439,-1.110223024625E-16,-0.5));
#4897=DIRECTION('',(-0.5,0.,-0.866025403784439));
#4898=DIRECTION('',(0.,-1.,2.22044604925E-16));
#4899=DIRECTION('',(-0.5,0.,-0.866025403784439));
#4900=DIRECTION('',(0.,-1.,0.));
#4901=DIRECTION('',(-0.5,0.,-0.866025403784439));
#4902=DIRECTION('',(0.866025403784439,1.110223024625E-16,0.5));
#4903=DIRECTION('',(0.5,0.,-0.866025403784439));
#4904=DIRECTION('',(-0.5,0.,0.866025403784439));
#4905=DIRECTION('',(-0.5,0.,0.866025403784439));
#4906=DIRECTION('',(0.,1.,0.));
#4907=DIRECTION('',(0.866025403784439,-1.110223024625E-16,-0.5));
#4908=DIRECTION('',(-0.5,0.,-0.866025403784439));
#4909=DIRECTION('',(1.94423431438053E-32,-1.,2.22044604925E-16));
#4910=DIRECTION('',(-0.5,0.,-0.866025403784439));
#4911=DIRECTION('',(0.,-1.,0.));
#4912=DIRECTION('',(-0.5,0.,-0.866025403784439));
#4913=DIRECTION('',(0.866025403784439,1.110223024625E-16,0.5));
#4914=DIRECTION('',(0.5,0.,-0.866025403784439));
#4915=DIRECTION('',(-0.5,0.,0.866025403784439));
#4916=DIRECTION('',(-0.5,0.,0.866025403784439));
#4917=DIRECTION('',(0.,1.,0.));
#4918=DIRECTION('',(0.866025403784439,-1.110223024625E-16,-0.5));
#4919=DIRECTION('',(-0.5,0.,-0.866025403784439));
#4920=DIRECTION('',(-0.5,0.,-0.866025403784439));
#4921=DIRECTION('',(1.42327829994538E-32,1.,-2.22044604925E-16));
#4922=DIRECTION('',(-0.5,0.,-0.866025403784439));
#4923=DIRECTION('',(0.,-1.,0.));
#4924=DIRECTION('',(0.866025403784439,1.110223024625E-16,0.5));
#4925=DIRECTION('',(0.5,0.,-0.866025403784439));
#4926=DIRECTION('',(-0.5,0.,0.866025403784439));
#4927=DIRECTION('',(0.,1.,0.));
#4928=DIRECTION('',(-0.5,0.,0.866025403784439));
#4929=DIRECTION('',(0.866025403784439,-1.110223024625E-16,-0.5));
#4930=DIRECTION('',(-0.5,0.,-0.866025403784439));
#4931=DIRECTION('',(-0.5,0.,-0.866025403784439));
#4932=DIRECTION('',(1.61396143548294E-32,1.,-2.22044604925E-16));
#4933=DIRECTION('',(-0.5,0.,-0.866025403784439));
#4934=DIRECTION('',(0.,-1.,0.));
#4935=DIRECTION('',(0.866025403784439,1.110223024625E-16,0.5));
#4936=DIRECTION('',(0.5,0.,-0.866025403784439));
#4937=DIRECTION('',(-0.5,0.,0.866025403784439));
#4938=DIRECTION('',(0.,1.,0.));
#4939=DIRECTION('',(-0.5,0.,0.866025403784439));
#4940=DIRECTION('',(-0.707106781186548,0.707106781186548,0.));
#4941=DIRECTION('',(-2.7557181076489E-16,-2.7557181076489E-16,1.));
#4942=DIRECTION('',(-0.707106781186548,-0.707106781186548,9.93074067090927E-18));
#4943=DIRECTION('',(-2.38177136289722E-16,-2.38177136289722E-16,1.));
#4944=DIRECTION('',(0.707106781186547,1.57009245868355E-16,-0.707106781186548));
#4945=DIRECTION('',(-2.46519032881514E-32,-1.,-2.22044604925E-16));
#4946=DIRECTION('',(-0.707106781186548,1.74315279842099E-32,-0.707106781186547));
#4947=DIRECTION('',(-0.438163991219434,0.784872367711663,-0.438163991219434));
#4948=DIRECTION('',(0.389281620635024,0.834817129478989,0.389281620635024));
#4949=DIRECTION('',(0.577350269189627,-0.577350269189624,0.577350269189626));
#4950=DIRECTION('',(0.705757556807952,-0.061745785418449,0.705757556807951));
#4951=DIRECTION('',(2.46519032881514E-32,1.,2.22044604925E-16));
#4952=DIRECTION('',(-0.577350269189626,-0.577350269189626,-0.577350269189625));
#4953=DIRECTION('',(0.707106781186547,1.57009245868355E-16,-0.707106781186548));
#4954=DIRECTION('',(-2.46519032881514E-32,-1.,-2.22044604925E-16));
#4955=DIRECTION('',(0.577350269189626,-0.577350269189626,0.577350269189625));
#4956=DIRECTION('',(6.62398063399999E-31,1.,2.22044604925E-16));
#4957=DIRECTION('',(-0.705757556807952,-0.0617457854184489,-0.705757556807951));
#4958=DIRECTION('',(-0.577350269189627,-0.577350269189624,-0.577350269189626));
#4959=DIRECTION('',(-0.389281620635024,0.834817129478989,-0.389281620635024));
#4960=DIRECTION('',(0.438163991219434,0.784872367711663,0.438163991219434));
#4961=DIRECTION('',(0.707106781186548,1.74315279842099E-32,0.707106781186547));
#4962=DIRECTION('',(0.499999999971707,-0.500000000028294,0.707106781186547));
#4963=DIRECTION('',(-0.707106781226561,-0.707106781146535,-1.71282813684262E-16));
#4964=DIRECTION('',(-0.816496580943127,0.,0.577350269167846));
#4965=DIRECTION('',(-0.707106781186548,-0.707106781186548,-5.65869765519676E-11));
#4966=DIRECTION('',(0.816496580943127,0.,-0.577350269167846));
#4967=DIRECTION('',(0.707106781226561,0.707106781146535,1.71282813684262E-16));
#4968=DIRECTION('',(-1.39851831742243E-16,0.816496580912325,0.577350269211407));
#4969=DIRECTION('',(-0.499999999971706,0.500000000028293,0.707106781186548));
#4970=DIRECTION('',(0.707106781226561,0.707106781146535,1.71282813684262E-16));
#4971=DIRECTION('',(1.39851831742242E-16,0.816496580912326,-0.577350269211405));
#4972=DIRECTION('',(-0.707106781226561,-0.707106781146535,-1.71282813684262E-16));
#4973=DIRECTION('',(0.816496580943128,0.,0.577350269167845));
#4974=DIRECTION('',(0.707106781186548,0.707106781186548,-5.65870713154302E-11));
#4975=DIRECTION('',(-0.816496580943128,0.,-0.577350269167845));
#4976=DIRECTION('',(-2.422304781E-16,0.,1.));
#4977=DIRECTION('',(1.,0.,2.422304781E-16));
#4978=DIRECTION('',(-1.,0.,-2.422304781E-16));
#4979=DIRECTION('',(6.157040371809E-32,1.,1.4914228329443E-47));
#4980=DIRECTION('',(-2.422304781E-16,0.,1.));
#4981=DIRECTION('',(1.,0.,2.422304781E-16));
#4982=DIRECTION('',(6.157040371809E-32,1.,1.4914228329443E-47));
#4983=DIRECTION('',(-1.,0.,-2.422304781E-16));
#4984=DIRECTION('',(-0.843769117010547,-1.1917274345771E-16,-0.536706323028937));
#4985=DIRECTION('',(-0.536706323028937,0.,0.843769117010547));
#4986=DIRECTION('',(-0.535249901942735,0.0736199117523958,0.84147944185456));
#4987=DIRECTION('',(-2.82477139907505E-16,1.,2.22044604925E-16));
#4988=DIRECTION('',(-2.46519032881557E-32,1.,-4.75234174539702E-61));
#4989=DIRECTION('',(0.536706323028937,1.3230832369451E-32,-0.843769117010547));
#4990=DIRECTION('',(0.296147967116533,-0.833984588536105,-0.465581451152222));
#4991=DIRECTION('',(0.259603449900002,0.875235300272844,-0.408128923204815));
#4992=DIRECTION('',(-0.410196206864136,0.644879473961713,0.644879473961716));
#4993=DIRECTION('',(-0.843769117010547,-1.1917274345771E-16,-0.536706323028937));
#4994=DIRECTION('',(-0.536706323028937,0.,0.843769117010547));
#4995=DIRECTION('',(0.535249901942735,0.0736199117523958,-0.84147944185456));
#4996=DIRECTION('',(0.410196206864135,0.644879473961713,-0.644879473961716));
#4997=DIRECTION('',(-0.259603449900002,0.875235300272844,0.408128923204815));
#4998=DIRECTION('',(-0.296147967116533,-0.833984588536105,0.465581451152222));
#4999=DIRECTION('',(-0.536706323028937,1.3230832369451E-32,0.843769117010547));
#5000=DIRECTION('',(-2.46519032881557E-32,-1.,-4.75234174539702E-61));
#5001=DIRECTION('',(2.82477139907505E-16,-1.,-2.22044604925E-16));
#5002=DIRECTION('',(-0.843769117010547,-1.1917274345771E-16,-0.536706323028937));
#5003=DIRECTION('',(-0.536706323028937,0.,0.843769117010547));
#5004=DIRECTION('',(-0.536706323028937,0.,0.843769117010547));
#5005=DIRECTION('',(-0.843769117010547,-1.1917274345771E-16,-0.536706323028937));
#5006=DIRECTION('',(0.536706323028937,-1.87354380234523E-16,-0.843769117010547));
#5007=DIRECTION('',(-0.296147967116534,-0.833984588536104,0.465581451152223));
#5008=DIRECTION('',(0.259603449900001,-0.875235300272845,-0.408128923204814));
#5009=DIRECTION('',(0.410196206864135,0.644879473961713,-0.644879473961716));
#5010=DIRECTION('',(0.535249901942735,0.073619911752396,-0.84147944185456));
#5011=DIRECTION('',(2.465190328816E-32,1.,-2.22044604925E-16));
#5012=DIRECTION('',(-1.68204305629067E-29,0.487447327275885,0.873152393990646));
#5013=DIRECTION('',(0.,-0.873152393990646,0.487447327275885));
#5014=DIRECTION('',(1.,-3.51800820229488E-47,1.92640261638988E-29));
#5015=DIRECTION('',(-9.41843128577022E-30,-0.873152393990646,0.487447327275885));
#5016=DIRECTION('',(1.,-2.46519032881557E-32,1.92777883713358E-29));
#5017=DIRECTION('',(1.65561186868241E-30,-0.996194698091746,-0.0871557427476582));
#5018=DIRECTION('',(0.,0.0871557427476582,-0.996194698091746));
#5019=DIRECTION('',(1.92065791214006E-29,0.0871557427476582,-0.996194698091746));
#5020=DIRECTION('',(1.,0.,1.89960158273896E-29));
#5021=DIRECTION('',(1.,-2.46519032881557E-32,1.92777883713358E-29));
#5022=DIRECTION('',(1.36140233556664E-29,-0.707106781186549,-0.707106781186546));
#5023=DIRECTION('',(0.,0.707106781186546,-0.707106781186549));
#5024=DIRECTION('',(1.36488864116349E-29,0.707106781186546,-0.707106781186549));
#5025=DIRECTION('',(1.,-2.46519032881557E-32,1.92777883713358E-29));
#5026=DIRECTION('',(0.,-2.22044604925E-16,1.));
#5027=DIRECTION('',(1.,0.,0.));
#5028=DIRECTION('',(1.,0.,0.));
#5029=DIRECTION('',(0.,-1.,-2.22044604925E-16));
#5030=DIRECTION('',(1.,1.66193603705561E-30,3.69023930758632E-46));
#5031=DIRECTION('',(-1.68204305629067E-29,-0.487447327275885,0.873152393990646));
#5032=DIRECTION('',(0.,0.873152393990646,0.487447327275885));
#5033=DIRECTION('',(-9.37538154902529E-30,0.873152393990646,0.487447327275885));
#5034=DIRECTION('',(1.,3.51800820229488E-47,1.92640261638988E-29));
#5035=DIRECTION('',(-0.296147967116534,0.833984588536104,0.465581451152223));
#5036=DIRECTION('',(1.,2.46519032881557E-32,1.92777883713358E-29));
#5037=DIRECTION('',(-0.843769117010547,-1.1917274345771E-16,-0.536706323028937));
#5038=DIRECTION('',(-0.536706323028937,0.,0.843769117010547));
#5039=DIRECTION('',(-0.843769117010547,-1.1917274345771E-16,-0.536706323028937));
#5040=DIRECTION('',(0.536706323028937,-1.87354380234523E-16,-0.843769117010547));
#5041=DIRECTION('',(-0.536706323028937,0.,0.843769117010547));
#5042=DIRECTION('',(-2.465190328816E-32,-1.,2.22044604925E-16));
#5043=DIRECTION('',(0.535249901942735,-0.073619911752396,-0.84147944185456));
#5044=DIRECTION('',(0.410196206864135,-0.644879473961713,-0.644879473961716));
#5045=DIRECTION('',(0.259603449900001,0.875235300272845,-0.408128923204814));
#5046=DIRECTION('',(1.65561186868241E-30,0.996194698091746,-0.0871557427476582));
#5047=DIRECTION('',(0.,-0.0871557427476582,-0.996194698091746));
#5048=DIRECTION('',(1.92022820115182E-29,-0.0871557427476582,-0.996194698091746));
#5049=DIRECTION('',(1.,2.46519032881557E-32,1.92777883713358E-29));
#5050=DIRECTION('',(1.,0.,1.89960158273896E-29));
#5051=DIRECTION('',(1.36140233556664E-29,0.707106781186549,-0.707106781186546));
#5052=DIRECTION('',(0.,-0.707106781186546,-0.707106781186549));
#5053=DIRECTION('',(1.36140233556665E-29,-0.707106781186546,-0.707106781186549));
#5054=DIRECTION('',(1.,2.46519032881557E-32,1.92777883713358E-29));
#5055=DIRECTION('',(0.,-2.22044604925E-16,1.));
#5056=DIRECTION('',(1.,0.,0.));
#5057=DIRECTION('',(1.,-1.66193603705561E-30,-3.66220779408386E-46));
#5058=DIRECTION('',(0.,1.,2.22044604925E-16));
#5059=DIRECTION('',(1.,0.,0.));
#5060=DIRECTION('',(-0.707106781186548,-0.707106781186548,0.));
#5061=DIRECTION('',(-5.18914974019184E-17,5.18914974019188E-17,1.));
#5062=DIRECTION('',(0.,0.,-1.));
#5063=DIRECTION('',(-0.707106781186548,0.707106781186548,9.93074067090927E-18));
#5064=DIRECTION('',(0.,0.,1.));
#5065=DIRECTION('',(0.,-1.,0.));
#5066=DIRECTION('',(-1.,0.,-5.47382212626879E-48));
#5067=DIRECTION('',(0.,1.,0.));
#5068=DIRECTION('',(0.,0.,-1.));
#5069=DIRECTION('',(0.,0.,-1.));
#5070=DIRECTION('',(1.,0.,0.));
#5071=DIRECTION('',(2.38177136289722E-16,0.,-1.));
#5072=DIRECTION('',(-1.,0.,-2.0800041678379E-16));
#5073=DIRECTION('',(0.,1.,0.));
#5074=DIRECTION('',(0.,0.,-1.));
#5075=DIRECTION('',(0.,1.,0.));
#5076=DIRECTION('',(0.,0.,-1.));
#5077=DIRECTION('',(0.,1.,0.));
#5078=DIRECTION('',(0.,0.,-1.));
#5079=DIRECTION('',(0.,1.,0.));
#5080=DIRECTION('',(0.,0.,-1.));
#5081=DIRECTION('',(0.,1.,0.));
#5082=DIRECTION('',(0.,0.,-1.));
#5083=DIRECTION('',(0.,1.,0.));
#5084=DIRECTION('',(0.,0.,-1.));
#5085=DIRECTION('',(0.,1.,0.));
#5086=DIRECTION('',(0.,0.,-1.));
#5087=DIRECTION('',(0.,1.,0.));
#5088=DIRECTION('',(0.,0.,-1.));
#5089=DIRECTION('',(-1.92777883713358E-29,2.22044604925E-16,1.));
#5090=DIRECTION('',(-2.465190328816E-32,-1.,2.22044604925E-16));
#5091=DIRECTION('',(-2.465190328816E-32,-1.,2.22044604925E-16));
#5092=DIRECTION('',(-1.,0.,-1.92777883713358E-29));
#5093=DIRECTION('',(-2.465190328816E-32,-1.,2.22044604925E-16));
#5094=DIRECTION('',(-1.,0.,-1.92777883713358E-29));
#5095=DIRECTION('',(-1.,0.,-1.92777883713358E-29));
#5096=DIRECTION('',(-1.,0.,-1.92777883713358E-29));
#5097=DIRECTION('',(-1.232595164408E-32,1.,-2.22044604925E-16));
#5098=DIRECTION('',(-1.,0.,-1.92777883713358E-29));
#5099=DIRECTION('',(1.232595164408E-32,-1.,2.22044604925E-16));
#5100=DIRECTION('',(0.,-1.,0.));
#5101=DIRECTION('',(0.,0.,1.));
#5102=DIRECTION('',(-1.92777883713358E-29,0.,1.));
#5103=DIRECTION('',(-1.92777883713358E-29,0.,1.));
#5104=DIRECTION('',(1.,-2.46519032881557E-32,1.92777883713358E-29));
#5105=DIRECTION('',(1.92777883713358E-29,0.,-1.));
#5106=DIRECTION('',(-1.92777883713358E-29,0.,1.));
#5107=DIRECTION('',(0.,-1.,0.));
#5108=DIRECTION('',(0.,0.,1.));
#5109=DIRECTION('',(1.92777883713358E-29,0.,-1.));
#5110=DIRECTION('',(1.,0.,1.92640261638988E-29));
#5111=DIRECTION('',(1.,-2.46519032881557E-32,1.92777883713358E-29));
#5112=DIRECTION('',(1.92777883713358E-29,0.,-1.));
#5113=DIRECTION('',(1.,-2.46519032881557E-32,1.92777883713358E-29));
#5114=DIRECTION('',(1.92777883713358E-29,0.,-1.));
#5115=DIRECTION('',(8.12480319978366E-30,-0.90630778703665,-0.4226182617407));
#5116=DIRECTION('',(-1.,-6.52118997736992E-32,-2.38177136289722E-16));
#5117=DIRECTION('',(-2.38177136289722E-16,0.,1.));
#5118=DIRECTION('',(-2.38177136289722E-16,-2.38177136289722E-16,1.));
#5119=DIRECTION('',(-1.232595164408E-32,1.,-2.22044604925E-16));
#5120=DIRECTION('',(-1.232595164408E-32,1.,-2.22044604925E-16));
#5121=DIRECTION('',(0.,-1.,0.));
#5122=DIRECTION('',(-2.22044604925E-16,0.,1.));
#5123=DIRECTION('',(0.,0.,-1.));
#5124=DIRECTION('',(1.,0.,0.));
#5125=DIRECTION('',(0.,0.,-1.));
#5126=DIRECTION('',(-2.0800041678379E-16,2.22044604925E-16,1.));
#5127=DIRECTION('',(0.,1.,-2.22044604925E-16));
#5128=DIRECTION('',(0.,1.,-2.22044604925E-16));
#5129=DIRECTION('',(0.,1.,0.));
#5130=DIRECTION('',(-1.,0.,-5.47382212626879E-48));
#5131=DIRECTION('',(0.,1.,0.));
#5132=DIRECTION('',(0.,0.,1.));
#5133=DIRECTION('',(0.,0.,-1.));
#5134=DIRECTION('',(1.,0.,0.));
#5135=DIRECTION('',(0.,0.,-1.));
#5136=DIRECTION('',(-1.,0.,-2.0800041678379E-16));
#5137=DIRECTION('',(0.,1.,0.));
#5138=DIRECTION('',(0.,0.,1.));
#5139=DIRECTION('',(0.,1.,0.));
#5140=DIRECTION('',(0.,0.,1.));
#5141=DIRECTION('',(0.,1.,0.));
#5142=DIRECTION('',(0.,0.,-1.));
#5143=DIRECTION('',(0.,1.,0.));
#5144=DIRECTION('',(0.,0.,1.));
#5145=DIRECTION('',(0.,-1.,0.));
#5146=DIRECTION('',(0.,0.,-1.));
#5147=DIRECTION('',(0.,1.,0.));
#5148=DIRECTION('',(0.,0.,1.));
#5149=DIRECTION('',(0.,1.,0.));
#5150=DIRECTION('',(0.,0.,-1.));
#5151=DIRECTION('',(0.,1.,0.));
#5152=DIRECTION('',(0.,0.,1.));
#5153=DIRECTION('',(-2.0800041678379E-16,-2.22044604925E-16,1.));
#5154=DIRECTION('',(0.,-1.,-2.22044604925E-16));
#5155=DIRECTION('',(-1.,0.,-2.0800041678379E-16));
#5156=DIRECTION('',(-1.232595164408E-32,-1.,-2.22044604925E-16));
#5157=DIRECTION('',(1.,-2.46519032881557E-32,1.92777883713358E-29));
#5158=DIRECTION('',(1.92777883713358E-29,0.,-1.));
#5159=DIRECTION('',(-1.92777883713358E-29,0.,1.));
#5160=DIRECTION('',(1.,-2.46519032881557E-32,1.92777883713358E-29));
#5161=DIRECTION('',(1.92777883713358E-29,0.,-1.));
#5162=DIRECTION('',(8.16948762361431E-30,0.906307787036651,-0.422618261740698));
#5163=DIRECTION('',(-1.92777883713358E-29,0.,1.));
#5164=DIRECTION('',(2.465190328816E-32,1.,-2.22044604925E-16));
#5165=DIRECTION('',(0.,1.,0.));
#5166=DIRECTION('',(0.,0.,1.));
#5167=DIRECTION('',(1.,0.,1.92640261638988E-29));
#5168=DIRECTION('',(-1.,0.,-1.92777883713358E-29));
#5169=DIRECTION('',(-1.92777883713358E-29,0.,1.));
#5170=DIRECTION('',(1.,-2.46519032881557E-32,1.92777883713358E-29));
#5171=DIRECTION('',(1.92777883713358E-29,0.,-1.));
#5172=DIRECTION('',(2.465190328816E-32,1.,-2.22044604925E-16));
#5173=DIRECTION('',(-1.92777883713358E-29,0.,1.));
#5174=DIRECTION('',(0.,1.,0.));
#5175=DIRECTION('',(2.22044604925E-16,0.,-1.));
#5176=DIRECTION('',(0.,0.,-1.));
#5177=DIRECTION('',(-1.,0.,-1.92777883713358E-29));
#5178=DIRECTION('',(0.,0.,-1.));
#5179=DIRECTION('',(1.,0.,0.));
#5180=DIRECTION('',(0.,1.,0.));
#5181=DIRECTION('',(0.,0.,1.));
#5182=DIRECTION('',(-1.,0.,-1.92777883713358E-29));
#5183=DIRECTION('',(-1.92777883713358E-29,2.22044604925E-16,1.));
#5184=DIRECTION('',(-2.465190328816E-32,-1.,2.22044604925E-16));
#5185=DIRECTION('',(-1.,0.,-1.92777883713358E-29));
#5186=DIRECTION('',(1.15356374528598E-31,1.,-2.22044604925E-16));
#5187=DIRECTION('',(-1.,0.,-1.92777883713358E-29));
#5188=DIRECTION('',(0.,-1.,2.22044604925E-16));
#5189=DIRECTION('',(0.,1.,0.));
#5190=DIRECTION('',(-1.,0.,0.));
#5191=DIRECTION('',(2.22044604925E-16,-2.22044604925E-16,1.));
#5192=DIRECTION('',(-1.,0.,2.22044604925E-16));
#5193=DIRECTION('',(2.22044604925E-16,-2.22044604925E-16,1.));
#5194=DIRECTION('',(0.,1.,0.));
#5195=DIRECTION('',(-2.22044604925E-16,0.,-1.));
#5196=DIRECTION('',(2.22044604925E-16,-2.22044604925E-16,1.));
#5197=DIRECTION('',(1.,0.,-2.22044604925E-16));
#5198=DIRECTION('',(2.22044604925E-16,-2.22044604925E-16,1.));
#5199=DIRECTION('',(1.,0.,-2.22044604925E-16));
#5200=DIRECTION('',(-2.22044604925E-16,0.,-1.));
#5201=DIRECTION('',(-1.078520768856E-32,-1.,-2.22044604925E-16));
#5202=DIRECTION('',(-1.078520768856E-32,-1.,-2.22044604925E-16));
#5203=DIRECTION('',(-1.078520768856E-32,-1.,-2.22044604925E-16));
#5204=DIRECTION('',(4.93038065762993E-32,1.,2.22044604925E-16));
#5205=DIRECTION('',(2.22044604925E-16,-2.22044604925E-16,1.));
#5206=DIRECTION('',(-1.,-1.11193617183217E-31,2.22044604925E-16));
#5207=DIRECTION('',(2.22044604925E-16,0.,1.));
#5208=DIRECTION('',(-1.078520768856E-32,-1.,-2.22044604925E-16));
#5209=DIRECTION('',(2.22044604925E-16,-2.22044604925E-16,1.));
#5210=DIRECTION('',(6.18898106069182E-32,-1.,-2.22044604925E-16));
#5211=DIRECTION('',(-0.5,0.866025403784439,3.03318571100829E-16));
#5212=DIRECTION('',(-0.866025403784439,-0.5,0.));
#5213=DIRECTION('',(-2.22044604924999E-16,2.22044604925E-16,-1.));
#5214=DIRECTION('',(0.866025403784439,0.5,-8.12739661758293E-17));
#5215=DIRECTION('',(2.22044604925E-16,-2.22044604925E-16,1.));
#5216=DIRECTION('',(-0.866025403784439,-0.5,8.12739661758293E-17));
#5217=DIRECTION('',(0.5,0.866025403784439,8.12739661758293E-17));
#5218=DIRECTION('',(-0.866025403784439,0.5,0.));
#5219=DIRECTION('',(0.866025403784439,-0.5,-3.03318571100829E-16));
#5220=DIRECTION('',(2.22044604925E-16,-2.22044604925E-16,1.));
#5221=DIRECTION('',(-0.866025403784439,0.5,3.03318571100829E-16));
#5222=DIRECTION('',(1.,0.,-2.22044604925E-16));
#5223=DIRECTION('',(-2.22044604925E-16,0.,-1.));
#5224=DIRECTION('',(2.22044604925E-16,-2.22044604925E-16,1.));
#5225=DIRECTION('',(1.078520768856E-32,1.,2.22044604925E-16));
#5226=DIRECTION('',(4.93038065762993E-32,1.,2.22044604925E-16));
#5227=DIRECTION('',(-1.,-5.490240732307E-32,2.22044604925E-16));
#5228=DIRECTION('',(2.22044604925E-16,0.,1.));
#5229=DIRECTION('',(1.,0.,0.));
#5230=DIRECTION('',(0.,0.,-1.));
#5231=DIRECTION('',(-1.,-5.490240732307E-32,2.22044604925E-16));
#5232=DIRECTION('',(2.22044604925E-16,0.,1.));
#5233=DIRECTION('',(1.,0.,0.));
#5234=DIRECTION('',(0.,0.,-1.));
#5235=DIRECTION('',(-1.,-5.490240732307E-32,2.22044604925E-16));
#5236=DIRECTION('',(2.22044604925E-16,0.,1.));
#5237=DIRECTION('',(-1.,-5.490240732307E-32,2.22044604925E-16));
#5238=DIRECTION('',(-1.,-5.490240732307E-32,2.22044604925E-16));
#5239=DIRECTION('',(2.22044604925E-16,0.,1.));
#5240=DIRECTION('',(-1.,-5.490240732307E-32,2.22044604925E-16));
#5241=DIRECTION('',(-1.,-5.490240732307E-32,2.22044604925E-16));
#5242=DIRECTION('',(2.22044604925E-16,0.,1.));
#5243=DIRECTION('',(-1.,-5.490240732307E-32,2.22044604925E-16));
#5244=DIRECTION('',(-1.,-5.490240732307E-32,2.22044604925E-16));
#5245=DIRECTION('',(2.22044604925E-16,0.,1.));
#5246=DIRECTION('',(-1.,-5.490240732307E-32,2.22044604925E-16));
#5247=DIRECTION('',(-1.,-5.490240732307E-32,2.22044604925E-16));
#5248=DIRECTION('',(2.22044604925E-16,0.,1.));
#5249=DIRECTION('',(-1.,-5.490240732307E-32,2.22044604925E-16));
#5250=DIRECTION('',(2.22044604925E-16,0.,1.));
#5251=DIRECTION('',(-1.,-5.490240732307E-32,2.22044604925E-16));
#5252=DIRECTION('',(-1.,-5.490240732307E-32,2.22044604925E-16));
#5253=DIRECTION('',(2.22044604925E-16,0.,1.));
#5254=DIRECTION('',(-1.,-5.490240732307E-32,2.22044604925E-16));
#5255=DIRECTION('',(-1.,-5.490240732307E-32,2.22044604925E-16));
#5256=DIRECTION('',(2.22044604925E-16,0.,1.));
#5257=DIRECTION('',(-1.,-5.490240732307E-32,2.22044604925E-16));
#5258=DIRECTION('',(-1.,-5.490240732307E-32,2.22044604925E-16));
#5259=DIRECTION('',(2.22044604925E-16,0.,1.));
#5260=DIRECTION('',(-1.,-5.490240732307E-32,2.22044604925E-16));
#5261=DIRECTION('',(-1.,-5.490240732307E-32,2.22044604925E-16));
#5262=DIRECTION('',(2.22044604925E-16,0.,1.));
#5263=DIRECTION('',(1.,5.872989743313E-32,-1.538903609341E-16));
#5264=DIRECTION('',(1.538903609341E-16,0.,1.));
#5265=DIRECTION('',(-1.,1.094764425254E-47,2.22044604925E-16));
#5266=DIRECTION('',(-2.22044604925E-16,2.22044604925E-16,-1.));
#5267=DIRECTION('',(1.,5.872989743313E-32,-1.538903609341E-16));
#5268=DIRECTION('',(1.538903609341E-16,0.,1.));
#5269=DIRECTION('',(-1.,1.094764425254E-47,2.22044604925E-16));
#5270=DIRECTION('',(-2.22044604925E-16,2.22044604925E-16,-1.));
#5271=DIRECTION('',(0.,-1.,0.));
#5272=DIRECTION('',(0.,0.,-1.));
#5273=DIRECTION('',(0.,-1.,0.));
#5274=DIRECTION('',(0.,0.,-1.));
#5275=DIRECTION('',(0.,-1.,0.));
#5276=DIRECTION('',(0.,0.,-1.));
#5277=DIRECTION('',(0.,-1.,0.));
#5278=DIRECTION('',(0.,0.,-1.));
#5279=DIRECTION('',(1.,5.872989743313E-32,-1.538903609341E-16));
#5280=DIRECTION('',(1.538903609341E-16,0.,1.));
#5281=DIRECTION('',(-1.,1.094764425254E-47,2.22044604925E-16));
#5282=DIRECTION('',(-2.22044604925E-16,2.22044604925E-16,-1.));
#5283=DIRECTION('',(1.,5.872989743313E-32,-1.538903609341E-16));
#5284=DIRECTION('',(1.538903609341E-16,0.,1.));
#5285=DIRECTION('',(-1.,1.094764425254E-47,2.22044604925E-16));
#5286=DIRECTION('',(-2.22044604925E-16,2.22044604925E-16,-1.));
#5287=DIRECTION('',(-1.,-1.232595164408E-32,2.22044604925E-16));
#5288=DIRECTION('',(-2.22044604925E-16,2.22044604925E-16,-1.));
#5289=DIRECTION('',(-1.,0.,0.));
#5290=DIRECTION('',(0.,0.,-1.));
#5291=DIRECTION('',(-1.,-1.232595164408E-32,2.22044604925E-16));
#5292=DIRECTION('',(-2.22044604925E-16,2.22044604925E-16,-1.));
#5293=DIRECTION('',(-1.,0.,0.));
#5294=DIRECTION('',(0.,0.,-1.));
#5295=DIRECTION('',(0.,-1.,0.));
#5296=DIRECTION('',(1.,0.,5.473822126269E-48));
#5297=DIRECTION('',(0.,1.,0.));
#5298=DIRECTION('',(0.,0.,1.));
#5299=DIRECTION('',(0.,-1.,0.));
#5300=DIRECTION('',(1.,0.,5.473822126269E-48));
#5301=DIRECTION('',(0.,1.,0.));
#5302=DIRECTION('',(0.,0.,1.));
#5303=DIRECTION('',(0.,1.,0.));
#5304=DIRECTION('',(0.,0.,1.));
#5305=DIRECTION('',(0.,1.,0.));
#5306=DIRECTION('',(0.,0.,1.));
#5307=DIRECTION('',(0.,1.,0.));
#5308=DIRECTION('',(0.,0.,1.));
#5309=DIRECTION('',(0.,1.,0.));
#5310=DIRECTION('',(0.,0.,1.));
#5311=DIRECTION('',(-6.573840876842E-32,0.,1.));
#5312=DIRECTION('',(1.,0.,6.573840876842E-32));
#5313=DIRECTION('',(-5.490240732307E-32,1.,2.465190328816E-32));
#5314=DIRECTION('',(0.,2.22044604925E-16,-1.));
#5315=DIRECTION('',(1.,0.,0.));
#5316=DIRECTION('',(-5.490240732307E-32,1.,2.465190328816E-32));
#5317=DIRECTION('',(0.,2.22044604925E-16,-1.));
#5318=DIRECTION('',(1.,0.,0.));
#5319=DIRECTION('',(0.,2.22044604925E-16,-1.));
#5320=DIRECTION('',(1.,0.,0.));
#5321=DIRECTION('',(0.,2.22044604925E-16,-1.));
#5322=DIRECTION('',(0.,-1.,-2.22044604925E-16));
#5323=DIRECTION('',(0.,2.22044604925E-16,-1.));
#5324=DIRECTION('',(0.,2.22044604925E-16,-1.));
#5325=DIRECTION('',(0.,-2.22044604925E-16,1.));
#5326=DIRECTION('',(1.,0.,0.));
#5327=DIRECTION('',(-5.59860074677067E-33,1.,2.22044604925E-16));
#5328=DIRECTION('',(0.,2.22044604925E-16,-1.));
#5329=DIRECTION('',(0.,-1.,-2.22044604925E-16));
#5330=DIRECTION('',(-5.59860074677067E-33,1.,2.22044604925E-16));
#5331=DIRECTION('',(0.,2.22044604925E-16,-1.));
#5332=DIRECTION('',(1.,0.,0.));
#5333=DIRECTION('',(-2.22044604925E-16,2.22044604925E-16,-1.));
#5334=DIRECTION('',(-1.,0.,2.22044604925E-16));
#5335=DIRECTION('',(0.,2.22044604925E-16,-1.));
#5336=DIRECTION('',(0.,2.22044604925E-16,-1.));
#5337=DIRECTION('',(-1.,-1.232595164408E-32,2.22044604925E-16));
#5338=DIRECTION('',(-2.22044604925E-16,2.22044604925E-16,-1.));
#5339=DIRECTION('',(-1.,1.094764425254E-47,2.22044604925E-16));
#5340=DIRECTION('',(-2.22044604925E-16,2.22044604925E-16,-1.));
#5341=DIRECTION('',(-1.,-1.232595164408E-32,2.22044604925E-16));
#5342=DIRECTION('',(-2.22044604925E-16,2.22044604925E-16,-1.));
#5343=DIRECTION('',(-1.,1.094764425254E-47,2.22044604925E-16));
#5344=DIRECTION('',(-2.22044604925E-16,2.22044604925E-16,-1.));
#5345=DIRECTION('',(1.,-6.157040371809E-32,2.422304781E-16));
#5346=DIRECTION('',(-2.422304781E-16,0.,1.));
#5347=DIRECTION('',(2.422304781E-16,0.,-1.));
#5348=DIRECTION('',(-7.78443290758164E-33,-1.,-2.22044604925E-16));
#5349=DIRECTION('',(-2.422304781E-16,0.,1.));
#5350=DIRECTION('',(2.22044604925E-16,2.22044604925E-16,-1.));
#5351=DIRECTION('',(2.465190328816E-32,-1.,-2.22044604925E-16));
#5352=DIRECTION('',(0.,-1.,-2.22044604925E-16));
#5353=DIRECTION('',(-1.,0.,-2.22044604925E-16));
#5354=DIRECTION('',(1.,0.,2.22044604925E-16));
#5355=DIRECTION('',(0.,-2.22044604925E-16,1.));
#5356=DIRECTION('',(1.,0.,0.));
#5357=DIRECTION('',(0.,1.,2.22044604925E-16));
#5358=DIRECTION('',(-1.,0.,0.));
#5359=DIRECTION('',(0.,1.,2.22044604925E-16));
#5360=DIRECTION('',(1.,0.,0.));
#5361=DIRECTION('',(1.15377761182926E-16,0.707106781186548,0.707106781186548));
#5362=DIRECTION('',(1.,2.943790513188E-17,-1.926066997931E-16));
#5363=DIRECTION('',(1.,0.,-1.63168794661138E-16));
#5364=DIRECTION('',(-1.57009245868299E-16,0.707106781186548,-0.707106781186548));
#5365=DIRECTION('',(1.,0.,-2.22044604925E-16));
#5366=DIRECTION('',(0.,0.707106781186548,-0.707106781186548));
#5367=DIRECTION('',(0.,-1.,0.));
#5368=DIRECTION('',(1.,0.,5.473822126269E-48));
#5369=DIRECTION('',(0.,-1.,0.));
#5370=DIRECTION('',(0.,0.,-1.));
#5371=DIRECTION('',(0.,-1.,0.));
#5372=DIRECTION('',(1.,0.,5.473822126269E-48));
#5373=DIRECTION('',(0.,-1.,0.));
#5374=DIRECTION('',(0.,0.,-1.));
#5375=DIRECTION('',(0.,1.,0.));
#5376=DIRECTION('',(1.,0.,0.));
#5377=DIRECTION('',(0.,0.,-1.));
#5378=DIRECTION('',(1.,0.,0.));
#5379=DIRECTION('',(0.,-2.22044604925E-16,1.));
#5380=DIRECTION('',(-1.,-1.232595164408E-32,2.22044604925E-16));
#5381=DIRECTION('',(-1.,-1.232595164408E-32,2.22044604925E-16));
#5382=DIRECTION('',(-2.22044604925E-16,2.22044604925E-16,-1.));
#5383=DIRECTION('',(-1.,-1.232595164408E-32,2.22044604925E-16));
#5384=DIRECTION('',(0.999918995868882,0.00904451395978767,-0.00895535972465186));
#5385=DIRECTION('',(0.0127193553456532,-0.684150198511844,0.729230226935085));
#5386=DIRECTION('',(-1.,-1.232595164408E-32,2.22044604925E-16));
#5387=DIRECTION('',(-1.,1.094764425254E-47,2.22044604925E-16));
#5388=DIRECTION('',(-2.22044604925E-16,2.22044604925E-16,-1.));
#5389=DIRECTION('',(1.,5.490240732307E-32,-2.22044604925E-16));
#5390=DIRECTION('',(2.22044604925E-16,0.,1.));
#5391=DIRECTION('',(1.,5.490240732307E-32,-2.22044604925E-16));
#5392=DIRECTION('',(-2.22044604925E-16,0.,-1.));
#5393=DIRECTION('',(-1.57009245868299E-16,-0.707106781186548,-0.707106781186548));
#5394=DIRECTION('',(-4.930380657631E-32,-1.,-2.22044604925E-16));
#5395=DIRECTION('',(0.,2.22044604925E-16,-1.));
#5396=DIRECTION('',(-2.22044604925E-16,0.,-1.));
#5397=DIRECTION('',(0.,2.22044604925E-16,-1.));
#5398=DIRECTION('',(1.,0.,0.));
#5399=DIRECTION('',(0.,2.22044604925E-16,-1.));
#5400=DIRECTION('',(1.,5.490240732307E-32,-2.22044604925E-16));
#5401=DIRECTION('',(2.22044604925E-16,0.,1.));
#5402=DIRECTION('',(1.,5.490240732307E-32,-2.22044604925E-16));
#5403=DIRECTION('',(-2.22044604925E-16,0.,-1.));
#5404=DIRECTION('',(2.22044604925E-16,0.,1.));
#5405=DIRECTION('',(-4.930380657631E-32,-1.,-2.22044604925E-16));
#5406=DIRECTION('',(0.,-1.,0.));
#5407=DIRECTION('',(2.22044604925E-16,0.,1.));
#5408=DIRECTION('',(0.,0.,1.));
#5409=DIRECTION('',(0.,0.,1.));
#5410=DIRECTION('',(-1.,-1.232595164408E-32,2.22044604925E-16));
#5411=DIRECTION('',(-1.,-1.232595164408E-32,2.22044604925E-16));
#5412=DIRECTION('',(-2.22044604925E-16,2.22044604925E-16,-1.));
#5413=DIRECTION('',(0.999918995867703,-0.00904451400162981,-0.00895535981400015));
#5414=DIRECTION('',(0.0127278328649169,0.70704954991279,0.707049458127706));
#5415=DIRECTION('',(-1.,0.,0.));
#5416=DIRECTION('',(0.,0.,-1.));
#5417=DIRECTION('',(0.,2.22044604925E-16,-1.));
#5418=DIRECTION('',(1.,0.,0.));
#5419=DIRECTION('',(0.,2.22044604925E-16,-1.));
#5420=DIRECTION('',(1.,0.,0.));
#5421=DIRECTION('',(0.,-2.22044604925E-16,1.));
#5422=DIRECTION('',(0.,-1.,0.));
#5423=DIRECTION('',(-1.,0.,0.));
#5424=DIRECTION('',(-1.,0.,0.));
#5425=DIRECTION('',(0.,0.,-1.));
#5426=DIRECTION('',(1.,0.,0.));
#5427=DIRECTION('',(0.,2.22044604925E-16,-1.));
#5428=DIRECTION('',(0.,-1.,-2.22044604925E-16));
#5429=DIRECTION('',(0.,0.,-1.));
#5430=DIRECTION('',(0.,-1.,-2.22044604925E-16));
#5431=DIRECTION('',(0.,0.,1.));
#5432=DIRECTION('',(0.995291380454856,-0.0100693129589139,-0.0964037184386749));
#5433=DIRECTION('',(-2.22044604925E-16,2.22044604925E-16,-1.));
#5434=DIRECTION('',(0.986830280033427,-0.0099837124304724,-0.161450685645043));
#5435=DIRECTION('',(-0.707106781186548,-1.57009245868299E-16,0.707106781186548));
#5436=DIRECTION('',(0.,1.,2.22044604925E-16));
#5437=DIRECTION('',(-0.707106781186548,0.,-0.707106781186548));
#5438=DIRECTION('',(0.,-1.,-2.22044604924921E-16));
#5439=DIRECTION('',(-0.707106781186548,0.,-0.707106781186548));
#5440=DIRECTION('',(-4.0580777004579E-17,-1.,-2.626253819295E-16));
#5441=DIRECTION('',(-1.,-4.930380657631E-32,2.22044604925E-16));
#5442=DIRECTION('',(-2.22044604925E-16,2.22044604925E-16,-1.));
#5443=DIRECTION('',(-1.,-5.490240732307E-32,2.22044604925E-16));
#5444=DIRECTION('',(2.22044604925E-16,0.,1.));
#5445=DIRECTION('',(-1.,-5.490240732307E-32,2.22044604925E-16));
#5446=DIRECTION('',(2.22044604925E-16,0.,1.));
#5447=DIRECTION('',(-1.,-5.490240732307E-32,2.22044604925E-16));
#5448=DIRECTION('',(2.22044604925E-16,0.,1.));
#5449=DIRECTION('',(-1.,-5.490240732307E-32,2.22044604925E-16));
#5450=DIRECTION('',(2.22044604925E-16,0.,1.));
#5451=DIRECTION('',(-1.,-4.930380657631E-32,2.22044604925E-16));
#5452=DIRECTION('',(-2.22044604925E-16,2.22044604925E-16,-1.));
#5453=DIRECTION('',(-1.,-5.490240732307E-32,2.22044604925E-16));
#5454=DIRECTION('',(2.22044604925E-16,0.,1.));
#5455=DIRECTION('',(-1.,-5.490240732307E-32,2.22044604925E-16));
#5456=DIRECTION('',(2.22044604925E-16,0.,1.));
#5457=DIRECTION('',(-1.,-5.490240732307E-32,2.22044604925E-16));
#5458=DIRECTION('',(2.22044604925E-16,0.,1.));
#5459=DIRECTION('',(-1.,-5.490240732307E-32,2.22044604925E-16));
#5460=DIRECTION('',(2.22044604925E-16,0.,1.));
#5461=DIRECTION('',(1.15377761182926E-16,-0.707106781186548,0.707106781186548));
#5462=DIRECTION('',(-1.,2.943790513188E-17,1.926066997931E-16));
#5463=DIRECTION('',(0.,-0.707106781186548,-0.707106781186548));
#5464=DIRECTION('',(1.,0.,-2.22044604925E-16));
#5465=DIRECTION('',(1.,0.,-1.63168794661138E-16));
#5466=DIRECTION('',(0.,1.,0.));
#5467=DIRECTION('',(-2.22044604925E-16,0.,-1.));
#5468=DIRECTION('',(0.,0.,-1.));
#5469=DIRECTION('',(-1.,0.,0.));
#5470=DIRECTION('',(-2.22044604925E-16,2.22044604925E-16,-1.));
#5471=DIRECTION('',(-3.697785493223E-32,-1.,-2.22044604925E-16));
#5472=DIRECTION('',(-0.5,0.866025403784439,3.03318571100829E-16));
#5473=DIRECTION('',(-0.5,-0.866025403784439,0.));
#5474=DIRECTION('',(-4.930380657631E-32,-1.,-2.22044604925E-16));
#5475=DIRECTION('',(0.,-2.22044604925E-16,1.));
#5476=DIRECTION('',(1.,0.,0.));
#5477=DIRECTION('',(1.,0.,0.));
#5478=DIRECTION('',(0.,-1.,-2.22044604925E-16));
#5479=DIRECTION('',(0.986830280033428,0.00998371243038059,-0.161450685645043));
#5480=DIRECTION('',(2.22044604925E-16,-2.22044604925E-16,1.));
#5481=DIRECTION('',(0.995291380454857,0.0100693129588213,-0.096403718438675));
#5482=DIRECTION('',(4.930380657631E-32,1.,2.22044604925E-16));
#5483=DIRECTION('',(0.,-1.,0.));
#5484=DIRECTION('',(-1.,-2.66054907250798E-27,-1.70388228922664E-19));
#5485=DIRECTION('',(-1.,0.,9.525026325671E-18));
#5486=DIRECTION('',(0.,0.,-1.));
#5487=DIRECTION('',(-1.,0.,0.));
#5488=DIRECTION('',(0.,0.,1.));
#5489=DIRECTION('',(-0.707106781186548,0.,-0.707106781186548));
#5490=DIRECTION('',(2.22044604925E-16,2.22044604925E-16,-1.));
#5491=DIRECTION('',(2.465190328816E-32,-1.,-2.22044604925E-16));
#5492=DIRECTION('',(2.465190328816E-32,-1.,-2.22044604925E-16));
#5493=DIRECTION('',(-1.,0.,-2.22044604925E-16));
#5494=DIRECTION('',(2.465190328816E-32,-1.,-2.22044604925E-16));
#5495=DIRECTION('',(1.,0.,2.22044604925E-16));
#5496=DIRECTION('',(1.,-6.157040371809E-32,2.422304781E-16));
#5497=DIRECTION('',(-2.422304781E-16,0.,1.));
#5498=DIRECTION('',(-2.422304781E-16,0.,1.));
#5499=DIRECTION('',(-2.422304781E-16,0.,1.));
#5500=DIRECTION('',(1.,0.,0.));
#5501=DIRECTION('',(0.,2.22044604925E-16,-1.));
#5502=DIRECTION('',(0.,0.,-1.));
#5503=DIRECTION('',(1.232595164408E-32,1.,2.22044604925E-16));
#5504=DIRECTION('',(0.,0.,-1.));
#5505=DIRECTION('',(0.,0.,-1.));
#5506=DIRECTION('',(0.,0.,1.));
#5507=DIRECTION('',(0.,0.,-1.));
#5508=DIRECTION('',(1.232595164408E-32,-1.,2.22044604925E-16));
#5509=DIRECTION('',(-0.707106781186548,-1.57009245868299E-16,0.707106781186548));
#5510=DIRECTION('',(0.,1.,2.22044604925E-16));
#5511=DIRECTION('',(0.,1.,2.22044604925E-16));
#5512=DIRECTION('',(0.,1.,2.22044604925E-16));
#5513=DIRECTION('',(1.,0.,0.));
#5514=DIRECTION('',(0.,2.22044604925E-16,-1.));
#5515=DIRECTION('',(-8.67361737988406E-16,0.,-1.));
#5516=DIRECTION('',(0.,-1.,-2.22044604925E-16));
#5517=DIRECTION('',(0.,0.,1.));
#5518=DIRECTION('',(0.,0.,-1.));
#5519=DIRECTION('',(0.,1.,0.));
#5520=DIRECTION('',(-4.930380657631E-32,-1.,-2.22044604925E-16));
#5521=DIRECTION('',(1.,0.,0.));
#5522=DIRECTION('',(0.,2.22044604925E-16,-1.));
#5523=DIRECTION('',(0.,1.,2.22044604925E-16));
#5524=DIRECTION('',(0.,0.,-1.));
#5525=DIRECTION('',(0.,-1.,0.));
#5526=DIRECTION('',(-2.22044604925E-16,0.,1.));
#5527=DIRECTION('',(0.,0.,1.));
#5528=DIRECTION('',(-2.422304781E-16,0.,1.));
#5529=DIRECTION('',(0.,1.,0.));
#5530=DIRECTION('',(0.,0.,1.));
#5531=DIRECTION('',(0.,0.,-1.));
#5532=DIRECTION('',(-0.707106781186548,0.,-0.707106781186548));
#5533=DIRECTION('',(-1.,0.,0.));
#5534=DIRECTION('',(1.,0.,-9.525026325671E-18));
#5535=DIRECTION('',(0.,0.,1.));
#5536=DIRECTION('',(0.,0.,1.));
#5537=DIRECTION('',(0.,0.,1.));
#5538=DIRECTION('',(-1.,0.,0.));
#5539=DIRECTION('',(-0.707106781186548,0.,-0.707106781186548));
#5540=DIRECTION('',(9.525026325671E-18,-2.626253819295E-16,1.));
#5541=DIRECTION('',(0.,1.,2.626253819295E-16));
#5542=DIRECTION('',(1.,0.,-9.525026325671E-18));
#5543=DIRECTION('',(-0.707106781186548,0.707106781186548,1.92439399179919E-16));
#5544=DIRECTION('',(0.,1.,0.));
#5545=DIRECTION('',(2.22044604925E-16,0.,-1.));
#5546=DIRECTION('',(0.,1.,0.));
#5547=DIRECTION('',(1.,2.39943575841793E-27,2.41705112444523E-17));
#5548=DIRECTION('',(1.,0.,0.));
#5549=DIRECTION('',(0.,0.,1.));
#5550=DIRECTION('',(9.525026325671E-18,-2.626253819295E-16,1.));
#5551=DIRECTION('',(0.,1.,2.626253819295E-16));
#5552=DIRECTION('',(0.707106781186548,0.707106781186548,1.78968977768194E-16));
#5553=DIRECTION('',(-0.707106781186548,-0.707106781186548,0.));
#5554=DIRECTION('',(-5.18914974019184E-17,5.18914974019188E-17,1.));
#5555=DIRECTION('',(0.707106781186548,-0.707106781186548,-1.57009245868355E-16));
#5556=DIRECTION('',(0.,0.,1.));
#5557=DIRECTION('',(0.707106781186548,-0.707106781186548,-1.57009245868355E-16));
#5558=DIRECTION('',(0.,-2.22044604925E-16,1.));
#5559=DIRECTION('',(1.,0.,0.));
#5560=DIRECTION('',(1.,-2.46519032881557E-32,1.92777883713358E-29));
#5561=DIRECTION('',(-0.707106781186548,-0.707106781186548,-1.57009245868355E-16));
#5562=DIRECTION('',(2.46519032881557E-32,1.,0.));
#5563=DIRECTION('',(-1.,2.46519032881557E-32,0.));
#5564=DIRECTION('',(1.,-2.46519032881557E-32,1.92777883713358E-29));
#5565=DIRECTION('',(0.,0.,-1.));
#5566=DIRECTION('',(-1.68204305629068E-29,0.487447327275884,0.873152393990647));
#5567=DIRECTION('',(0.,-0.873152393990647,0.487447327275884));
#5568=DIRECTION('',(1.,-2.46519032881557E-32,1.92777883713358E-29));
#5569=DIRECTION('',(1.36140233556664E-29,-0.707106781186549,-0.707106781186546));
#5570=DIRECTION('',(0.,0.707106781186546,-0.707106781186549));
#5571=DIRECTION('',(1.,-2.46519032881557E-32,1.92777883713358E-29));
#5572=DIRECTION('',(1.,-2.46519032881557E-32,1.92777883713358E-29));
#5573=DIRECTION('',(1.6556118686824E-30,-0.996194698091746,-0.087155742747658));
#5574=DIRECTION('',(0.,0.087155742747658,-0.996194698091746));
#5575=DIRECTION('',(1.,-2.46519032881557E-32,1.92777883713358E-29));
#5576=DIRECTION('',(2.46519032881557E-32,-1.,0.));
#5577=DIRECTION('',(-1.,-2.46519032881557E-32,0.));
#5578=DIRECTION('',(1.,2.46519032881557E-32,1.92777883713358E-29));
#5579=DIRECTION('',(1.,2.46519032881557E-32,1.92777883713358E-29));
#5580=DIRECTION('',(-1.68204305629068E-29,-0.487447327275884,0.873152393990647));
#5581=DIRECTION('',(0.,0.873152393990647,0.487447327275884));
#5582=DIRECTION('',(1.,2.46519032881557E-32,1.92777883713358E-29));
#5583=DIRECTION('',(1.36140233556664E-29,0.707106781186549,-0.707106781186546));
#5584=DIRECTION('',(0.,-0.707106781186546,-0.707106781186549));
#5585=DIRECTION('',(1.,2.46519032881557E-32,1.92777883713358E-29));
#5586=DIRECTION('',(1.,2.46519032881557E-32,1.92777883713358E-29));
#5587=DIRECTION('',(1.6556118686824E-30,0.996194698091746,-0.087155742747658));
#5588=DIRECTION('',(0.,-0.087155742747658,-0.996194698091746));
#5589=DIRECTION('',(1.,2.46519032881557E-32,1.92777883713358E-29));
#5590=DIRECTION('',(1.74820280623024E-29,0.422618261740698,-0.906307787036651));
#5591=DIRECTION('',(0.,0.906307787036651,0.422618261740698));
#5592=DIRECTION('',(1.74820280623024E-29,-0.422618261740698,-0.906307787036651));
#5593=DIRECTION('',(0.,-0.906307787036651,0.422618261740698));
#5594=DIRECTION('',(-0.707106781186548,0.707106781186548,0.));
#5595=DIRECTION('',(-2.7557181076489E-16,-2.7557181076489E-16,1.));
#5596=DIRECTION('',(0.,0.,1.));
#5597=DIRECTION('',(-0.707106781186548,-0.707106781186548,-1.57009245868355E-16));
#5598=DIRECTION('',(1.,-6.157040371809E-32,2.422304781E-16));
#5599=DIRECTION('',(-2.422304781E-16,0.,1.));
#5600=DIRECTION('',(-2.422304781E-16,0.,1.));
#5601=DIRECTION('',(0.,-2.22044604925E-16,1.));
#5602=DIRECTION('',(1.,0.,0.));
#5603=DIRECTION('',(0.,-2.22044604925E-16,1.));
#5604=DIRECTION('',(1.,0.,0.));
#5605=DIRECTION('',(-1.,-5.490240732307E-32,2.22044604925E-16));
#5606=DIRECTION('',(5.490240732307E-32,-1.,-1.21907833434825E-47));
#5607=DIRECTION('',(4.1306096588603E-32,-1.,-6.12323399573677E-17));
#5608=DIRECTION('',(-2.22044604925E-16,0.,-1.));
#5609=DIRECTION('',(-1.,-5.490240732307E-32,2.22044604925E-16));
#5610=DIRECTION('',(5.490240732307E-32,-1.,-1.21907833434825E-47));
#5611=DIRECTION('',(-2.22044604925E-16,0.,-1.));
#5612=DIRECTION('',(-1.4113475119669E-32,1.,1.83697019872103E-16));
#5613=DIRECTION('',(2.22044604925E-16,0.,1.));
#5614=DIRECTION('',(-1.,-5.490240732307E-32,2.22044604925E-16));
#5615=DIRECTION('',(5.490240732307E-32,-1.,-1.21907833434825E-47));
#5616=DIRECTION('',(2.22044604925E-16,0.,1.));
#5617=DIRECTION('',(4.1306096588603E-32,-1.,-6.12323399573677E-17));
#5618=DIRECTION('',(-1.,-5.490240732307E-32,2.22044604925E-16));
#5619=DIRECTION('',(5.490240732307E-32,-1.,-1.21907833434825E-47));
#5620=DIRECTION('',(-2.22044604925E-16,0.,-1.));
#5621=DIRECTION('',(2.22044604925E-16,0.,1.));
#5622=DIRECTION('',(4.1306096588603E-32,-1.,-6.12323399573677E-17));
#5623=DIRECTION('',(-1.,-5.490240732307E-32,2.22044604925E-16));
#5624=DIRECTION('',(5.490240732307E-32,-1.,-1.21907833434825E-47));
#5625=DIRECTION('',(-1.4113475119669E-32,1.,1.83697019872103E-16));
#5626=DIRECTION('',(-2.22044604925E-16,0.,-1.));
#5627=DIRECTION('',(-1.,-5.490240732307E-32,2.22044604925E-16));
#5628=DIRECTION('',(5.490240732307E-32,-1.,-1.21907833434825E-47));
#5629=DIRECTION('',(-1.4113475119669E-32,1.,1.83697019872103E-16));
#5630=DIRECTION('',(2.22044604925E-16,0.,1.));
#5631=DIRECTION('',(-1.,-5.490240732307E-32,2.22044604925E-16));
#5632=DIRECTION('',(5.490240732307E-32,-1.,-1.21907833434825E-47));
#5633=DIRECTION('',(-2.22044604925E-16,0.,-1.));
#5634=DIRECTION('',(-1.,-5.490240732307E-32,2.22044604925E-16));
#5635=DIRECTION('',(5.490240732307E-32,-1.,-1.21907833434825E-47));
#5636=DIRECTION('',(2.22044604925E-16,0.,1.));
#5637=DIRECTION('',(-2.22044604925E-16,6.12323399573677E-17,-1.));
#5638=DIRECTION('',(4.1306096588603E-32,-1.,-6.12323399573677E-17));
#5639=DIRECTION('',(1.,0.,-2.22044604925E-16));
#5640=DIRECTION('',(-1.,-5.490240732307E-32,2.22044604925E-16));
#5641=DIRECTION('',(2.22044604925E-16,-1.83697019872103E-16,1.));
#5642=DIRECTION('',(-1.4113475119669E-32,1.,1.83697019872103E-16));
#5643=DIRECTION('',(1.,5.490240732307E-32,-2.22044604925E-16));
#5644=DIRECTION('',(-1.,0.,2.22044604925E-16));
#5645=DIRECTION('',(-5.490240732307E-32,1.,1.21907833434825E-47));
#5646=DIRECTION('',(-2.22044604925E-16,0.,-1.));
#5647=DIRECTION('',(0.,-1.,0.));
#5648=DIRECTION('',(2.22044604925E-16,0.,1.));
#5649=DIRECTION('',(-1.,-5.490240732307E-32,2.22044604925E-16));
#5650=DIRECTION('',(5.490240732307E-32,-1.,-1.21907833434825E-47));
#5651=DIRECTION('',(4.1306096588603E-32,-1.,-6.12323399573677E-17));
#5652=DIRECTION('',(-2.22044604925E-16,0.,-1.));
#5653=DIRECTION('',(-1.,-5.490240732307E-32,2.22044604925E-16));
#5654=DIRECTION('',(5.490240732307E-32,-1.,-1.21907833434825E-47));
#5655=DIRECTION('',(-2.22044604925E-16,0.,-1.));
#5656=DIRECTION('',(-1.4113475119669E-32,1.,1.83697019872103E-16));
#5657=DIRECTION('',(2.22044604925E-16,0.,1.));
#5658=DIRECTION('',(-1.,-5.490240732307E-32,2.22044604925E-16));
#5659=DIRECTION('',(5.490240732307E-32,-1.,-1.21907833434825E-47));
#5660=DIRECTION('',(2.22044604925E-16,0.,1.));
#5661=DIRECTION('',(4.1306096588603E-32,-1.,-6.12323399573677E-17));
#5662=DIRECTION('',(-1.,-5.490240732307E-32,2.22044604925E-16));
#5663=DIRECTION('',(5.490240732307E-32,-1.,-1.21907833434825E-47));
#5664=DIRECTION('',(-2.22044604925E-16,0.,-1.));
#5665=DIRECTION('',(2.22044604925E-16,0.,1.));
#5666=DIRECTION('',(4.1306096588603E-32,-1.,-6.12323399573677E-17));
#5667=DIRECTION('',(-1.,-5.490240732307E-32,2.22044604925E-16));
#5668=DIRECTION('',(5.490240732307E-32,-1.,-1.21907833434825E-47));
#5669=DIRECTION('',(-1.4113475119669E-32,1.,1.83697019872103E-16));
#5670=DIRECTION('',(-2.22044604925E-16,0.,-1.));
#5671=DIRECTION('',(-1.,-5.490240732307E-32,2.22044604925E-16));
#5672=DIRECTION('',(5.490240732307E-32,-1.,-1.21907833434825E-47));
#5673=DIRECTION('',(-1.4113475119669E-32,1.,1.83697019872103E-16));
#5674=DIRECTION('',(2.22044604925E-16,0.,1.));
#5675=DIRECTION('',(-1.,-5.490240732307E-32,2.22044604925E-16));
#5676=DIRECTION('',(5.490240732307E-32,-1.,-1.21907833434825E-47));
#5677=DIRECTION('',(-2.22044604925E-16,0.,-1.));
#5678=DIRECTION('',(-1.,-5.490240732307E-32,2.22044604925E-16));
#5679=DIRECTION('',(5.490240732307E-32,-1.,-1.21907833434825E-47));
#5680=DIRECTION('',(2.22044604925E-16,0.,1.));
#5681=DIRECTION('',(-2.22044604925E-16,6.12323399573677E-17,-1.));
#5682=DIRECTION('',(4.1306096588603E-32,-1.,-6.12323399573677E-17));
#5683=DIRECTION('',(1.,0.,-2.22044604925E-16));
#5684=DIRECTION('',(-1.,-5.490240732307E-32,2.22044604925E-16));
#5685=DIRECTION('',(2.22044604925E-16,-1.83697019872103E-16,1.));
#5686=DIRECTION('',(-1.4113475119669E-32,1.,1.83697019872103E-16));
#5687=DIRECTION('',(1.,5.490240732307E-32,-2.22044604925E-16));
#5688=DIRECTION('',(-1.,0.,2.22044604925E-16));
#5689=DIRECTION('',(-5.490240732307E-32,1.,1.21907833434825E-47));
#5690=DIRECTION('',(-2.22044604925E-16,0.,-1.));
#5691=DIRECTION('',(0.,-1.,0.));
#5692=DIRECTION('',(2.22044604925E-16,0.,1.));
#5693=DIRECTION('',(0.,-1.,0.));
#5694=DIRECTION('',(-1.,0.,-5.47382212626879E-48));
#5695=DIRECTION('',(0.,1.,0.));
#5696=DIRECTION('',(-1.,0.,-5.47382212626879E-48));
#5697=DIRECTION('',(-2.22044604925E-16,2.22044604925E-16,-1.));
#5698=DIRECTION('',(1.,4.93038065762993E-32,-2.22044604925E-16));
#5699=DIRECTION('',(-2.22044604925E-16,2.22044604925E-16,-1.));
#5700=DIRECTION('',(-1.,0.,2.22044604925E-16));
#5701=DIRECTION('',(-2.22044604925E-16,2.22044604925E-16,-1.));
#5702=DIRECTION('',(-1.,0.,2.22044604925E-16));
#5703=DIRECTION('',(-2.22044604925E-16,2.22044604925E-16,-1.));
#5704=DIRECTION('',(-1.,0.,2.22044604925E-16));
#5705=DIRECTION('',(2.22044604925E-16,-2.22044604925E-16,1.));
#5706=DIRECTION('',(1.,4.93038065762993E-32,-2.22044604925E-16));
#5707=DIRECTION('',(-1.48938582365995E-32,1.,2.22044604925E-16));
#5708=DIRECTION('',(-1.48938582365995E-32,1.,2.22044604925E-16));
#5709=DIRECTION('',(2.22044604925E-16,-2.22044604925E-16,1.));
#5710=DIRECTION('',(1.,4.93038065762993E-32,-2.22044604925E-16));
#5711=DIRECTION('',(1.,1.44560289664734E-16,-2.22044604925E-16));
#5712=DIRECTION('',(1.,1.44560289664734E-16,-2.22044604925E-16));
#5713=DIRECTION('',(2.22044604925E-16,-2.22044604925E-16,1.));
#5714=DIRECTION('',(1.,0.,-2.22044604925E-16));
#5715=DIRECTION('',(2.22044604925E-16,-2.22044604925E-16,1.));
#5716=DIRECTION('',(1.,4.93038065762993E-32,-2.22044604925E-16));
#5717=DIRECTION('',(-1.,1.44560289664734E-16,2.22044604925E-16));
#5718=DIRECTION('',(-1.,1.44560289664734E-16,2.22044604925E-16));
#5719=DIRECTION('',(2.22044604925E-16,-2.22044604925E-16,1.));
#5720=DIRECTION('',(1.,0.,-2.22044604925E-16));
#5721=DIRECTION('',(0.,-2.22044604925E-16,1.));
#5722=DIRECTION('',(-1.,0.,0.));
#5723=DIRECTION('',(0.,-2.22044604925E-16,1.));
#5724=DIRECTION('',(-1.,0.,0.));
#5725=DIRECTION('',(2.22044604925E-16,-2.22044604925E-16,1.));
#5726=DIRECTION('',(1.,4.93038065762993E-32,-2.22044604925E-16));
#5727=DIRECTION('',(1.078520768856E-32,1.,2.22044604925E-16));
#5728=DIRECTION('',(2.22044604925E-16,-2.22044604925E-16,1.));
#5729=DIRECTION('',(1.,4.93038065762993E-32,-2.22044604925E-16));
#5730=DIRECTION('',(1.078520768856E-32,1.,2.22044604925E-16));
#5731=DIRECTION('',(1.,3.85185988877393E-32,-2.22044604925E-16));
#5732=DIRECTION('',(-2.22044604925E-16,0.,-1.));
#5733=DIRECTION('',(2.22044604925E-16,-2.22044604925E-16,1.));
#5734=DIRECTION('',(1.,4.93038065762993E-32,-2.22044604925E-16));
#5735=DIRECTION('',(-1.,1.44560289664734E-16,2.22044604925E-16));
#5736=DIRECTION('',(-1.,1.44560289664734E-16,2.22044604925E-16));
#5737=DIRECTION('',(1.44560289664734E-16,1.,2.22044604925E-16));
#5738=DIRECTION('',(0.,-2.22044604925E-16,1.));
#5739=DIRECTION('',(1.44560289664734E-16,1.,2.22044604925E-16));
#5740=DIRECTION('',(0.,-2.22044604925E-16,1.));
#5741=DIRECTION('',(1.44560289664734E-16,-1.,-2.22044604925E-16));
#5742=DIRECTION('',(0.,2.22044604925E-16,-1.));
#5743=DIRECTION('',(1.,1.44560289664734E-16,-2.22044604925E-16));
#5744=DIRECTION('',(1.44560289664734E-16,-1.,-2.22044604925E-16));
#5745=DIRECTION('',(0.,2.22044604925E-16,-1.));
#5746=DIRECTION('',(1.,1.44560289664734E-16,-2.22044604925E-16));
#5747=DIRECTION('',(2.22044604925E-16,-2.22044604925E-16,1.));
#5748=DIRECTION('',(1.,4.93038065762993E-32,-2.22044604925E-16));
#5749=DIRECTION('',(1.,6.41976648128988E-32,-2.22044604925E-16));
#5750=DIRECTION('',(-2.22044604925E-16,0.,-1.));
#5751=DIRECTION('',(1.,6.41976648128988E-32,-2.22044604925E-16));
#5752=DIRECTION('',(-2.22044604925E-16,0.,-1.));
#5753=DIRECTION('',(-1.,0.,0.));
#5754=DIRECTION('',(0.,0.,1.));
#5755=DIRECTION('',(0.,-1.,0.));
#5756=DIRECTION('',(-3.57674943500378E-16,0.,-1.));
#5757=DIRECTION('',(0.,0.,-1.));
#5758=DIRECTION('',(0.,-1.,0.));
#5759=DIRECTION('',(0.,0.,1.));
#5760=DIRECTION('',(1.,0.,0.));
#5761=DIRECTION('',(-1.,0.,0.));
#5762=DIRECTION('',(0.,-1.,0.));
#5763=DIRECTION('',(0.,-1.,0.));
#5764=DIRECTION('',(1.,0.,0.));
#5765=DIRECTION('',(0.,0.,-1.));
#5766=DIRECTION('',(0.,0.,1.));
#5767=DIRECTION('',(1.,0.,0.));
#5768=DIRECTION('',(0.,-1.,0.));
#5769=DIRECTION('',(-1.,0.,0.));
#5770=DIRECTION('',(-1.,0.,0.));
#5771=DIRECTION('',(0.,0.,1.));
#5772=DIRECTION('',(0.,0.,1.));
#5773=DIRECTION('',(0.,-1.,0.));
#5774=DIRECTION('',(1.,0.,0.));
#5775=DIRECTION('',(-0.5,0.,-0.866025403784438));
#5776=DIRECTION('',(-0.5,0.,0.866025403784439));
#5777=DIRECTION('',(0.,1.,0.));
#5778=DIRECTION('',(-1.,0.,0.));
#5779=DIRECTION('',(0.866025403784439,0.,0.5));
#5780=DIRECTION('',(0.5,0.,-0.866025403784439));
#5781=DIRECTION('',(0.,-1.,0.));
#5782=DIRECTION('',(0.866025403784438,0.,-0.5));
#5783=DIRECTION('',(-0.5,0.,-0.866025403784438));
#5784=DIRECTION('',(0.866025403784439,0.5,-8.12739661758294E-17));
#5785=DIRECTION('',(-0.5,0.866025403784439,0.));
#5786=DIRECTION('',(2.22044604925E-16,-2.22044604925E-16,1.));
#5787=DIRECTION('',(0.866025403784439,-0.5,-3.03318571100829E-16));
#5788=DIRECTION('',(0.5,0.866025403784439,0.));
#5789=DIRECTION('',(1.,0.,1.92640261638988E-29));
#5790=DIRECTION('',(1.92640261638988E-29,0.,-1.));
#5791=DIRECTION('',(1.,0.,1.92640261638988E-29));
#5792=DIRECTION('',(1.92640261638988E-29,0.,-1.));
#5793=DIRECTION('',(1.,0.,0.));
#5794=DIRECTION('',(0.,0.,-1.));
#5795=DIRECTION('',(0.,0.,-1.));
#5796=DIRECTION('',(0.,1.,0.));
#5797=DIRECTION('',(0.,1.,0.));
#5798=DIRECTION('',(-1.,0.,0.));
#5799=DIRECTION('',(-1.,0.,0.));
#5800=DIRECTION('',(0.707106781186548,0.,0.707106781186548));
#5801=DIRECTION('',(0.,0.,1.));
#5802=DIRECTION('',(0.707106781186548,0.,0.707106781186548));
#5803=DIRECTION('',(-1.,0.,0.));
#5804=DIRECTION('',(0.,0.,1.));
#5805=DIRECTION('',(-1.,0.,0.));
#5806=DIRECTION('',(0.,0.,1.));
#5807=DIRECTION('',(0.,-1.,0.));
#5808=DIRECTION('',(-1.,0.,0.));
#5809=DIRECTION('',(0.,0.,1.));
#5810=DIRECTION('',(0.,1.,0.));
#5811=DIRECTION('',(0.,0.,-1.));
#5812=DIRECTION('',(-1.,0.,0.));
#5813=DIRECTION('',(0.,-1.,0.));
#5814=DIRECTION('',(0.,0.,-1.));
#5815=DIRECTION('',(-1.,0.,0.));
#5816=DIRECTION('',(0.,1.,0.));
#5817=DIRECTION('',(-0.707106781186548,0.,0.707106781186548));
#5818=DIRECTION('',(0.,1.,0.));
#5819=DIRECTION('',(0.707106781186548,0.,-0.707106781186548));
#5820=DIRECTION('',(0.,1.,0.));
#5821=CARTESIAN_POINT('',(0.,0.,0.));
#5822=CARTESIAN_POINT('',(-0.028,0.026,0.015));
#5823=CARTESIAN_POINT('',(0.0020932667397366,0.00862564434701786,0.015));
#5824=CARTESIAN_POINT('',(-0.00216516317647716,0.00125005725761625,0.0150004051409166));
#5825=CARTESIAN_POINT('',(-0.00288675134594813,-1.00814148695763E-18,0.015));
#5826=CARTESIAN_POINT('',(3.46944695195361E-18,-3.17758822398158E-18,0.015));
#5827=CARTESIAN_POINT('',(-0.00216448730987337,-0.00125134073772459,0.015000036621031));
#5828=CARTESIAN_POINT('',(-0.00216506350946109,-0.00125,0.015));
#5829=CARTESIAN_POINT('',(0.0190552857925749,-0.00116738191913797,0.015));
#5830=CARTESIAN_POINT('',(0.020234387710629,0.000875038880153196,0.0150004318372185));
#5831=CARTESIAN_POINT('',(0.0197292740578363,4.14333671538983E-18,0.015));
#5832=CARTESIAN_POINT('',(0.02175,-3.33066907387499E-18,0.015));
#5833=CARTESIAN_POINT('',(0.0202345643887446,-0.000875188471570553,0.0150000051669583));
#5834=CARTESIAN_POINT('',(0.0202344555433773,-0.000875,0.015));
#5835=CARTESIAN_POINT('',(-0.013569714207425,0.0176686706131736,0.015));
#5836=CARTESIAN_POINT('',(-0.023265612289371,0.000875038880153256,0.0150004318372185));
#5837=CARTESIAN_POINT('',(-0.0237707259421637,-3.99191617261869E-18,0.015));
#5838=CARTESIAN_POINT('',(-0.02175,-3.330669073875E-18,0.015));
#5839=CARTESIAN_POINT('',(-0.0232654356346961,-0.000875188485105957,0.0150000051669583));
#5840=CARTESIAN_POINT('',(-0.0232655444566228,-0.000875,0.015));
#5841=CARTESIAN_POINT('',(0.0218988747058204,-0.00280912874366491,0.015));
#5842=CARTESIAN_POINT('',(0.0186852834154957,-0.0083749232062008,0.0150003792624055));
#5843=CARTESIAN_POINT('',(0.0177472232502674,-0.01,0.015));
#5844=CARTESIAN_POINT('',(0.0215,-0.01,0.015));
#5845=CARTESIAN_POINT('',(0.0186856306537321,-0.0116253691891463,0.015));
#5846=CARTESIAN_POINT('',(0.0186854174377006,-0.011625,0.015));
#5847=CARTESIAN_POINT('',(-0.010625,0.008,0.015));
#5848=CARTESIAN_POINT('',(-0.007625,0.008,0.015));
#5849=CARTESIAN_POINT('',(-0.013625,0.008,0.015));
#5850=CARTESIAN_POINT('',(-0.007625,0.008,0.015));
#5851=CARTESIAN_POINT('',(-0.007625,0.005,0.015));
#5852=CARTESIAN_POINT('',(-0.010625,0.005,0.015));
#5853=CARTESIAN_POINT('',(-0.013625,0.005,0.015));
#5854=CARTESIAN_POINT('',(-0.013625,0.008,0.015));
#5855=CARTESIAN_POINT('',(0.02,0.026,0.015));
#5856=CARTESIAN_POINT('',(0.02,0.022,0.015));
#5857=CARTESIAN_POINT('',(0.02,0.021,0.015));
#5858=CARTESIAN_POINT('',(-0.028,0.022,0.015));
#5859=CARTESIAN_POINT('',(-0.028,0.022,0.015));
#5860=CARTESIAN_POINT('',(-0.028,0.026,0.015));
#5861=CARTESIAN_POINT('',(-0.028,-0.019,0.015));
#5862=CARTESIAN_POINT('',(-0.028,-0.019,0.015));
#5863=CARTESIAN_POINT('',(0.03,-0.019,0.015));
#5864=CARTESIAN_POINT('',(0.03,-3.330669073875E-18,0.015));
#5865=CARTESIAN_POINT('',(0.03,0.021,0.015));
#5866=CARTESIAN_POINT('',(-0.028,0.021,0.015));
#5867=CARTESIAN_POINT('',(0.028,0.021,0.015));
#5868=CARTESIAN_POINT('',(0.028,0.021,0.015));
#5869=CARTESIAN_POINT('',(0.028,0.026,0.015));
#5870=CARTESIAN_POINT('',(0.025,0.026,0.015));
#5871=CARTESIAN_POINT('',(0.022,0.026,0.015));
#5872=CARTESIAN_POINT('',(0.022,0.021,0.015));
#5873=CARTESIAN_POINT('',(0.022,0.021,0.015));
#5874=CARTESIAN_POINT('',(-0.028,0.021,0.015));
#5875=CARTESIAN_POINT('',(0.00276991150442501,0.026,0.011));
#5876=CARTESIAN_POINT('',(0.02,0.026,0.011));
#5877=CARTESIAN_POINT('',(0.02,0.026,0.011));
#5878=CARTESIAN_POINT('',(0.00276991150442501,0.026,0.011));
#5879=CARTESIAN_POINT('',(-0.028,0.026,0.011));
#5880=CARTESIAN_POINT('',(-0.028,0.026,0.011));
#5881=CARTESIAN_POINT('',(0.002769911504425,-0.023,-0.02573008849557));
#5882=CARTESIAN_POINT('',(-0.02175,-0.023,0.009));
#5883=CARTESIAN_POINT('',(-0.02475,-0.023,0.009));
#5884=CARTESIAN_POINT('',(-0.01875,-0.023,0.009));
#5885=CARTESIAN_POINT('',(-0.02475,-0.023,0.009));
#5886=CARTESIAN_POINT('',(-0.02475,-0.023,0.011));
#5887=CARTESIAN_POINT('',(0.00276991150442501,-0.023,0.011));
#5888=CARTESIAN_POINT('',(-0.028,-0.023,0.011));
#5889=CARTESIAN_POINT('',(-0.028,-0.023,-0.02573008849557));
#5890=CARTESIAN_POINT('',(-0.028,-0.023,-0.0083));
#5891=CARTESIAN_POINT('',(0.002769911504425,-0.023,-0.0083));
#5892=CARTESIAN_POINT('',(0.02194778,-0.023,-0.0083));
#5893=CARTESIAN_POINT('',(0.0219477777777773,-0.023,-0.02573008849557));
#5894=CARTESIAN_POINT('',(0.02194778,-0.023,-0.00991286361544887));
#5895=CARTESIAN_POINT('',(0.0215,-0.023,-0.0177));
#5896=CARTESIAN_POINT('',(0.0219477777780476,-0.023,-0.0254871365123187));
#5897=CARTESIAN_POINT('',(0.0219477777777773,-0.023,-0.02573008849557));
#5898=CARTESIAN_POINT('',(0.0219477777780476,-0.023,-0.028));
#5899=CARTESIAN_POINT('',(0.002769911504425,-0.023,-0.028));
#5900=CARTESIAN_POINT('',(0.0269999999999946,-0.023,-0.028));
#5901=CARTESIAN_POINT('',(0.0285,-0.023,-0.0265));
#5902=CARTESIAN_POINT('',(0.03,-0.023,-0.0249999999999947));
#5903=CARTESIAN_POINT('',(0.03,-0.023,0.));
#5904=CARTESIAN_POINT('',(0.03,-0.023,0.011));
#5905=CARTESIAN_POINT('',(0.00276991150442501,-0.023,0.011));
#5906=CARTESIAN_POINT('',(0.02475,-0.023,0.011));
#5907=CARTESIAN_POINT('',(0.02475,-0.023,0.009));
#5908=CARTESIAN_POINT('',(0.02475,-0.023,0.009));
#5909=CARTESIAN_POINT('',(0.02175,-0.023,0.009));
#5910=CARTESIAN_POINT('',(0.01875,-0.023,0.009));
#5911=CARTESIAN_POINT('',(0.01875,-0.023,0.009));
#5912=CARTESIAN_POINT('',(0.01875,-0.023,0.011));
#5913=CARTESIAN_POINT('',(0.00276991150442501,-0.023,0.011));
#5914=CARTESIAN_POINT('',(-0.01875,-0.023,0.011));
#5915=CARTESIAN_POINT('',(-0.01875,-0.023,0.009));
#5916=CARTESIAN_POINT('',(-0.0224447453908842,-0.023,-0.0111723995495392));
#5917=CARTESIAN_POINT('',(-0.0136562347798094,-0.0230003708489384,0.00405008379078257));
#5918=CARTESIAN_POINT('',(-0.0146664518843274,-0.023,0.00230000000000014));
#5919=CARTESIAN_POINT('',(-0.010625,-0.023,0.00230000000000014));
#5920=CARTESIAN_POINT('',(-0.0136552721169407,-0.023,0.000548080886354814));
#5921=CARTESIAN_POINT('',(-0.0136560889132455,-0.023,0.000550000000000137));
#5922=CARTESIAN_POINT('',(-2.08211226038124E-18,2.37397098835327E-18,-0.010002));
#5923=CARTESIAN_POINT('',(-0.0021650635094611,0.00125,-0.009997));
#5924=CARTESIAN_POINT('',(-0.00216461479857225,0.00125104411136509,-0.00999925085880552));
#5925=CARTESIAN_POINT('',(-2.08166817117138E-18,2.37352689914342E-18,-0.01));
#5926=CARTESIAN_POINT('',(-0.00216515266777064,-0.0012500512204986,-0.00999859641394685));
#5927=CARTESIAN_POINT('',(-0.0021650635094611,-0.00125,-0.009997));
#5928=CARTESIAN_POINT('',(-0.010625,0.003,0.00230000000000014));
#5929=CARTESIAN_POINT('',(-0.0136560889132455,0.002997,0.00405000000000015));
#5930=CARTESIAN_POINT('',(-0.0136554210904772,0.0029994534996389,0.00405156920274475));
#5931=CARTESIAN_POINT('',(-0.010625,0.003,0.00230000000000014));
#5932=CARTESIAN_POINT('',(-0.0136555160589546,0.00299941043065903,0.000548577289744552));
#5933=CARTESIAN_POINT('',(-0.0136560889132455,0.002997,0.000550000000000137));
#5934=CARTESIAN_POINT('',(-0.010625,0.024719170058634,0.00230000000000013));
#5935=CARTESIAN_POINT('',(-0.010625,0.005,0.00230000000000013));
#5936=CARTESIAN_POINT('',(-0.010625,0.005,0.000300000000000135));
#5937=CARTESIAN_POINT('',(-0.010625,0.003,0.00230000000000013));
#5938=CARTESIAN_POINT('',(-0.010625,0.003,0.000300000000000135));
#5939=CARTESIAN_POINT('',(-0.028002,0.016917170058634,0.00230000000000013));
#5940=CARTESIAN_POINT('',(-0.028,0.016917170058634,0.00230000000000013));
#5941=CARTESIAN_POINT('',(-0.028,0.016917170058634,-0.00549999999999987));
#5942=CARTESIAN_POINT('',(0.03,0.016917170058634,0.00230000000000013));
#5943=CARTESIAN_POINT('',(0.03,0.016917170058634,-0.00549999999999987));
#5944=CARTESIAN_POINT('',(-0.007625,0.016917170058634,0.00230000000000013));
#5945=CARTESIAN_POINT('',(-0.007625,0.009717170058634,-0.000699999999999869));
#5946=CARTESIAN_POINT('',(-0.007625,0.009717170058634,0.00530000000000013));
#5947=CARTESIAN_POINT('',(-0.028002,0.009717170058634,0.00530000000000013));
#5948=CARTESIAN_POINT('',(-0.013625,0.009717170058634,0.00530000000000013));
#5949=CARTESIAN_POINT('',(-0.013625,0.016917170058634,0.00230000000000013));
#5950=CARTESIAN_POINT('',(-0.013625,0.009717170058634,-0.000699999999999869));
#5951=CARTESIAN_POINT('',(-0.028002,0.009717170058634,-0.000699999999999869));
#5952=CARTESIAN_POINT('',(0.0215,0.026002,-0.0177));
#5953=CARTESIAN_POINT('',(0.0143364463091122,-0.0117821824144623,-0.0208151637631641));
#5954=CARTESIAN_POINT('',(0.0145734878777415,-0.0105722887647924,-0.0212877068813046));
#5955=CARTESIAN_POINT('',(0.0145535658871147,-0.00924639747426869,-0.0212496959180507));
#5956=CARTESIAN_POINT('',(0.0142025399895544,-0.00767823387075279,-0.0205395856967297));
#5957=CARTESIAN_POINT('',(0.0137261264881406,-0.00670867680252396,-0.0190381431621887));
#5958=CARTESIAN_POINT('',(0.0136760451241983,-0.00674358852150612,-0.0172706920501846));
#5959=CARTESIAN_POINT('',(0.0139028898847497,-0.00745364484763552,-0.0156763308316657));
#5960=CARTESIAN_POINT('',(0.0142998946377695,-0.00898222699436499,-0.0147009980924887));
#5961=CARTESIAN_POINT('',(0.0142791817041384,-0.0107465272548144,-0.0147484582721915));
#5962=CARTESIAN_POINT('',(0.0139971151669175,-0.0123330866859416,-0.015462167095934));
#5963=CARTESIAN_POINT('',(0.0136422294092498,-0.0133062683530662,-0.0170037918212393));
#5964=CARTESIAN_POINT('',(0.0137376433638461,-0.0132466374341876,-0.0187661847463537));
#5965=CARTESIAN_POINT('',(0.0140026371964189,-0.0127074026645663,-0.019941476466441));
#5966=CARTESIAN_POINT('',(0.0143364463091122,-0.0117821824144623,-0.0208151637631641));
#5967=CARTESIAN_POINT('',(0.0145734878777415,-0.0105722887647924,-0.0212877068813046));
#5968=CARTESIAN_POINT('',(0.0145535658871147,-0.00924639747426869,-0.0212496959180507));
#5969=CARTESIAN_POINT('',(0.0145306606178655,-0.0105529558246501,-0.0212026145344055));
#5970=CARTESIAN_POINT('',(0.0286635536908877,0.0117821824144622,-0.0208151637631641));
#5971=CARTESIAN_POINT('',(0.0284265121222585,0.0105722887647923,-0.0212877068813046));
#5972=CARTESIAN_POINT('',(0.0284464341128853,0.00924639747426858,-0.0212496959180507));
#5973=CARTESIAN_POINT('',(0.0287974600104457,0.00767823387075271,-0.0205395856967297));
#5974=CARTESIAN_POINT('',(0.0292738735118594,0.00670867680252392,-0.0190381431621886));
#5975=CARTESIAN_POINT('',(0.0293239548758017,0.00674358852150614,-0.0172706920501845));
#5976=CARTESIAN_POINT('',(0.0290971101152503,0.0074536448476356,-0.0156763308316656));
#5977=CARTESIAN_POINT('',(0.0287001053622305,0.00898222699436511,-0.0147009980924887));
#5978=CARTESIAN_POINT('',(0.0287208182958616,0.0107465272548145,-0.0147484582721915));
#5979=CARTESIAN_POINT('',(0.0290028848330826,0.0123330866859417,-0.015462167095934));
#5980=CARTESIAN_POINT('',(0.0293577705907502,0.0133062683530662,-0.0170037918212394));
#5981=CARTESIAN_POINT('',(0.0292623566361539,0.0132466374341875,-0.0187661847463538));
#5982=CARTESIAN_POINT('',(0.0289973628035811,0.0127074026645662,-0.0199414764664411));
#5983=CARTESIAN_POINT('',(0.0286635536908877,0.0117821824144622,-0.0208151637631641));
#5984=CARTESIAN_POINT('',(0.0284265121222585,0.0105722887647923,-0.0212877068813046));
#5985=CARTESIAN_POINT('',(0.0284464341128853,0.00924639747426858,-0.0212496959180507));
#5986=CARTESIAN_POINT('',(0.0284693393821345,0.01055295582465,-0.0212026145344055));
#5987=CARTESIAN_POINT('',(0.0215,-0.0234477777777773,-0.0177));
#5988=CARTESIAN_POINT('',(0.0137,-0.0312477788885571,-0.0177));
#5989=CARTESIAN_POINT('',(0.0215,-0.0234477777777773,-0.0177));
#5990=CARTESIAN_POINT('',(0.0286635536908878,-0.00821781758553773,-0.0208151637631641));
#5991=CARTESIAN_POINT('',(0.0284265121222585,-0.00942771123520763,-0.0212877068813046));
#5992=CARTESIAN_POINT('',(0.0284464341128853,-0.0107536025257314,-0.0212496959180507));
#5993=CARTESIAN_POINT('',(0.0287974600104456,-0.0123217661292472,-0.0205395856967297));
#5994=CARTESIAN_POINT('',(0.0292738735118594,-0.0132913231974761,-0.0190381431621887));
#5995=CARTESIAN_POINT('',(0.0293239548758017,-0.0132564114784939,-0.0172706920501846));
#5996=CARTESIAN_POINT('',(0.0290971101152503,-0.0125463551523645,-0.0156763308316657));
#5997=CARTESIAN_POINT('',(0.0287001053622305,-0.011017773005635,-0.0147009980924887));
#5998=CARTESIAN_POINT('',(0.0287208182958616,-0.00925347274518559,-0.0147484582721915));
#5999=CARTESIAN_POINT('',(0.0290028848330825,-0.00766691331405833,-0.015462167095934));
#6000=CARTESIAN_POINT('',(0.0293577705907502,-0.00669373164693383,-0.0170037918212394));
#6001=CARTESIAN_POINT('',(0.0292623566361539,-0.00675336256581245,-0.0187661847463537));
#6002=CARTESIAN_POINT('',(0.0289973628035811,-0.00729259733543376,-0.019941476466441));
#6003=CARTESIAN_POINT('',(0.0286635536908878,-0.00821781758553773,-0.0208151637631641));
#6004=CARTESIAN_POINT('',(0.0284265121222585,-0.00942771123520763,-0.0212877068813046));
#6005=CARTESIAN_POINT('',(0.0284464341128853,-0.0107536025257314,-0.0212496959180507));
#6006=CARTESIAN_POINT('',(0.0284693393821345,-0.00944704417534994,-0.0212026145344055));
#6007=CARTESIAN_POINT('',(0.0143364463091123,0.00821781758553773,-0.0208151637631641));
#6008=CARTESIAN_POINT('',(0.0145734878777415,0.00942771123520763,-0.0212877068813046));
#6009=CARTESIAN_POINT('',(0.0145535658871147,0.0107536025257314,-0.0212496959180507));
#6010=CARTESIAN_POINT('',(0.0142025399895544,0.0123217661292472,-0.0205395856967297));
#6011=CARTESIAN_POINT('',(0.0137261264881406,0.0132913231974761,-0.0190381431621887));
#6012=CARTESIAN_POINT('',(0.0136760451241983,0.0132564114784939,-0.0172706920501846));
#6013=CARTESIAN_POINT('',(0.0139028898847497,0.0125463551523644,-0.0156763308316656));
#6014=CARTESIAN_POINT('',(0.0142998946377695,0.0110177730056349,-0.0147009980924887));
#6015=CARTESIAN_POINT('',(0.0142791817041384,0.00925347274518557,-0.0147484582721915));
#6016=CARTESIAN_POINT('',(0.0139971151669175,0.00766691331405831,-0.015462167095934));
#6017=CARTESIAN_POINT('',(0.0136422294092498,0.00669373164693382,-0.0170037918212394));
#6018=CARTESIAN_POINT('',(0.0137376433638461,0.00675336256581246,-0.0187661847463537));
#6019=CARTESIAN_POINT('',(0.0140026371964189,0.00729259733543376,-0.019941476466441));
#6020=CARTESIAN_POINT('',(0.0143364463091123,0.00821781758553773,-0.0208151637631641));
#6021=CARTESIAN_POINT('',(0.0145734878777415,0.00942771123520763,-0.0212877068813046));
#6022=CARTESIAN_POINT('',(0.0145535658871147,0.0107536025257314,-0.0212496959180507));
#6023=CARTESIAN_POINT('',(0.0145306606178655,0.00944704417534994,-0.0212026145344055));
#6024=CARTESIAN_POINT('',(0.0215,0.03125,-0.0177));
#6025=CARTESIAN_POINT('',(0.0137277777771142,0.03125,-0.0183576942436116));
#6026=CARTESIAN_POINT('',(0.0137277777771142,0.03125,-0.0170423057563884));
#6027=CARTESIAN_POINT('',(0.0215,0.0234777777777795,-0.0177));
#6028=CARTESIAN_POINT('',(0.0189777777777101,0.026,-0.0103190518860117));
#6029=CARTESIAN_POINT('',(0.0215,0.026,-0.0177));
#6030=CARTESIAN_POINT('',(0.0189777777777101,0.026,-0.0250809481139883));
#6031=CARTESIAN_POINT('',(0.0215,0.0234777777777795,-0.0177));
#6032=CARTESIAN_POINT('',(0.0180358983848622,0.026002,-0.0107114379161376));
#6033=CARTESIAN_POINT('',(0.0180358983848622,-0.007,-0.0107114379161376));
#6034=CARTESIAN_POINT('',(0.0180358983848622,-0.013,-0.0107114379161376));
#6035=CARTESIAN_POINT('',(0.0215,-0.013,-0.0177));
#6036=CARTESIAN_POINT('',(0.0249641016151378,-0.013,-0.0107114379161376));
#6037=CARTESIAN_POINT('',(0.0249641016151378,0.026002,-0.0107114379161376));
#6038=CARTESIAN_POINT('',(0.0249641016151378,-0.007,-0.0107114379161376));
#6039=CARTESIAN_POINT('',(0.0215,-0.007,-0.0177));
#6040=CARTESIAN_POINT('',(0.01875,8.38054625695724E-18,-0.028602));
#6041=CARTESIAN_POINT('',(0.01875,-0.00826794919243114,-0.006));
#6042=CARTESIAN_POINT('',(0.01875,-0.00826794919243114,0.012));
#6043=CARTESIAN_POINT('',(0.01875,-0.00826794919243114,0.009));
#6044=CARTESIAN_POINT('',(0.01875,-0.013,0.009));
#6045=CARTESIAN_POINT('',(0.01875,0.003,0.009));
#6046=CARTESIAN_POINT('',(0.01875,0.003,0.009));
#6047=CARTESIAN_POINT('',(0.01875,0.003,0.012));
#6048=CARTESIAN_POINT('',(0.01875,-6.34908792207605E-19,0.012));
#6049=CARTESIAN_POINT('',(-0.028,-0.019,0.015));
#6050=CARTESIAN_POINT('',(-0.02475,-0.019,0.015));
#6051=CARTESIAN_POINT('',(-0.02475,-0.022,0.012));
#6052=CARTESIAN_POINT('',(-0.028,-0.022,0.012));
#6053=CARTESIAN_POINT('',(-0.01875,-0.022,0.012));
#6054=CARTESIAN_POINT('',(-0.01875,-0.019,0.015));
#6055=CARTESIAN_POINT('',(0.01875,-0.019,0.015));
#6056=CARTESIAN_POINT('',(0.01875,-0.022,0.012));
#6057=CARTESIAN_POINT('',(-0.028,-0.022,0.012));
#6058=CARTESIAN_POINT('',(0.02475,-0.022,0.012));
#6059=CARTESIAN_POINT('',(0.02475,-0.019,0.015));
#6060=CARTESIAN_POINT('',(0.03,-0.017,0.017));
#6061=CARTESIAN_POINT('',(-0.028,-0.019,0.015));
#6062=CARTESIAN_POINT('',(0.02325,0.00259807621135332,-0.028602));
#6063=CARTESIAN_POINT('',(0.02175,0.00346410161513776,-0.028602));
#6064=CARTESIAN_POINT('',(0.02175,0.00346410161513775,0.009));
#6065=CARTESIAN_POINT('',(0.02175,0.00346410161513775,0.012));
#6066=CARTESIAN_POINT('',(0.02325,0.00259807621135332,0.009));
#6067=CARTESIAN_POINT('',(0.0225538475772934,0.003,0.009));
#6068=CARTESIAN_POINT('',(0.0225538475772934,0.003,-0.028602));
#6069=CARTESIAN_POINT('',(0.0225538475772934,0.003,0.012));
#6070=CARTESIAN_POINT('',(0.02325,0.00259807621135332,0.012));
#6071=CARTESIAN_POINT('',(0.02025,0.00259807621135332,-0.028602));
#6072=CARTESIAN_POINT('',(0.0209461524227067,0.003,-0.028602));
#6073=CARTESIAN_POINT('',(0.0209461524227067,0.003,0.009));
#6074=CARTESIAN_POINT('',(0.0209461524227066,0.003,0.012));
#6075=CARTESIAN_POINT('',(0.02025,0.00259807621135331,0.009));
#6076=CARTESIAN_POINT('',(0.02025,0.00259807621135332,0.012));
#6077=CARTESIAN_POINT('',(0.0215,-0.01,-0.006));
#6078=CARTESIAN_POINT('',(0.0186854174377006,-0.008375,-0.004997));
#6079=CARTESIAN_POINT('',(0.0186855893954906,-0.0083747021603709,-0.00499996708562054));
#6080=CARTESIAN_POINT('',(0.0215,-0.01,-0.005));
#6081=CARTESIAN_POINT('',(0.0186855703334755,-0.0116252647657255,-0.00499996449451044));
#6082=CARTESIAN_POINT('',(0.0186854174377006,-0.011625,-0.004997));
#6083=CARTESIAN_POINT('',(0.0215,-0.01,0.009));
#6084=CARTESIAN_POINT('',(0.02475,-0.01,0.009));
#6085=CARTESIAN_POINT('',(0.01875,-0.0117320508075689,0.009));
#6086=CARTESIAN_POINT('',(0.0215,-0.01,0.009));
#6087=CARTESIAN_POINT('',(0.0215,-0.01,0.012));
#6088=CARTESIAN_POINT('',(0.02475,-0.01,0.012));
#6089=CARTESIAN_POINT('',(0.0215,-0.01,0.012));
#6090=CARTESIAN_POINT('',(0.01875,-0.0117320508075689,0.012));
#6091=CARTESIAN_POINT('',(0.01875,-0.0117320508075689,-0.006));
#6092=CARTESIAN_POINT('',(0.0186854174377006,-0.008375,-0.004997));
#6093=CARTESIAN_POINT('',(0.0177472232502674,-0.01,-0.004997));
#6094=CARTESIAN_POINT('',(0.0177472232502674,-0.01,-0.005));
#6095=CARTESIAN_POINT('',(0.0186854174377006,-0.008375,-0.005));
#6096=CARTESIAN_POINT('',(0.0186854174377006,-0.011625,-0.004997));
#6097=CARTESIAN_POINT('',(0.0186854174377006,-0.011625,-0.005));
#6098=CARTESIAN_POINT('',(-0.0232655444566228,0.000875,0.012003));
#6099=CARTESIAN_POINT('',(-0.0237707259421637,-2.60208521396521E-18,0.012003));
#6100=CARTESIAN_POINT('',(-0.0237707259421637,-4.93311988480905E-18,0.012));
#6101=CARTESIAN_POINT('',(-0.0232655444566228,0.000875,0.012));
#6102=CARTESIAN_POINT('',(-0.0232654618648522,0.000875143053143054,0.0120000519377089));
#6103=CARTESIAN_POINT('',(-0.0232655444566228,0.000875,0.012003));
#6104=CARTESIAN_POINT('',(-0.0232655444566228,-0.000875,0.012003));
#6105=CARTESIAN_POINT('',(-0.0182275635094611,-0.009601038968048,0.012));
#6106=CARTESIAN_POINT('',(-0.0232655444566228,-0.000875,0.0120000795148404));
#6107=CARTESIAN_POINT('',(-0.0232655444566228,-0.000875,0.012003));
#6108=CARTESIAN_POINT('',(0.0202344555433773,0.000875,0.012003));
#6109=CARTESIAN_POINT('',(0.0197292740578363,-2.60208521396521E-18,0.012003));
#6110=CARTESIAN_POINT('',(0.0197292740578363,-5.96311194867027E-19,0.012));
#6111=CARTESIAN_POINT('',(0.0202344555433773,0.000875,0.012));
#6112=CARTESIAN_POINT('',(0.0202345381486504,0.000875143045346547,0.0120000519377089));
#6113=CARTESIAN_POINT('',(0.0202344555433773,0.000875,0.012003));
#6114=CARTESIAN_POINT('',(0.0202344555433773,-0.000875,0.012003));
#6115=CARTESIAN_POINT('',(0.0143974364905389,0.00923501356426355,0.012));
#6116=CARTESIAN_POINT('',(0.0202344555183046,-0.000874999956572897,0.0120000795148404));
#6117=CARTESIAN_POINT('',(0.0202344555433773,-0.000875,0.012003));
#6118=CARTESIAN_POINT('',(0.0199844555433773,-0.009125,-0.005003));
#6119=CARTESIAN_POINT('',(0.0199844555433773,-0.009125,-0.005));
#6120=CARTESIAN_POINT('',(0.0199844555183059,-0.00912500004342482,-0.00500007951484037));
#6121=CARTESIAN_POINT('',(0.0194792740578363,-0.01,-0.005));
#6122=CARTESIAN_POINT('',(0.0194792740578363,-0.01,-0.005003));
#6123=CARTESIAN_POINT('',(0.0194792740578363,-0.01,-0.006));
#6124=CARTESIAN_POINT('',(0.0199844555433773,-0.009125,-0.006));
#6125=CARTESIAN_POINT('',(0.0199845643915555,-0.00912481152356368,-0.00600000516928046));
#6126=CARTESIAN_POINT('',(0.0199844555433773,-0.009125,-0.005003));
#6127=CARTESIAN_POINT('',(0.0199844555433773,-0.010875,-0.005003));
#6128=CARTESIAN_POINT('',(0.0199844555433773,-0.010875,-0.005));
#6129=CARTESIAN_POINT('',(0.0199845381357507,-0.0108751430541871,-0.00500005193752833));
#6130=CARTESIAN_POINT('',(0.0199844555433773,-0.010875,-0.005003));
#6131=CARTESIAN_POINT('',(0.0199843877516376,-0.0108750389511839,-0.00600043183721498));
#6132=CARTESIAN_POINT('',(0.0199844555433773,-0.010875,-0.006));
#6133=CARTESIAN_POINT('',(0.00736794919243112,-0.031247,-0.0488));
#6134=CARTESIAN_POINT('',(0.0067905989232415,-0.031247,-0.0498));
#6135=CARTESIAN_POINT('',(0.0067905989232415,0.03125,-0.0498));
#6136=CARTESIAN_POINT('',(0.00679059892324149,0.03025,-0.0498));
#6137=CARTESIAN_POINT('',(0.0109481233808288,0.03125,-0.0425989564057485));
#6138=CARTESIAN_POINT('',(0.00736794932682899,0.03125,-0.0487999997672162));
#6139=CARTESIAN_POINT('',(0.00736794919243112,-0.03125,-0.0488));
#6140=CARTESIAN_POINT('',(0.00736794918301715,0.0302499991299185,-0.0488000000163055));
#6141=CARTESIAN_POINT('',(0.00736794919243113,0.03025,-0.0488));
#6142=CARTESIAN_POINT('',(0.00736794919243112,-0.031247,-0.0508));
#6143=CARTESIAN_POINT('',(0.00736794919243111,0.03125,-0.0508));
#6144=CARTESIAN_POINT('',(0.00736794918599605,0.0312499956110174,-0.0507999999888541));
#6145=CARTESIAN_POINT('',(-0.00433722499596656,0.03025,-0.0305260435942514));
#6146=CARTESIAN_POINT('',(0.00736795542290806,0.03025,-0.0508000107915026));
#6147=CARTESIAN_POINT('',(0.00736794919243112,-0.03125,-0.0508));
#6148=CARTESIAN_POINT('',(0.00736794919243112,-0.031247,-0.0138));
#6149=CARTESIAN_POINT('',(0.00679059892324149,-0.031247,-0.0148));
#6150=CARTESIAN_POINT('',(0.0067905989232415,0.03125,-0.0148));
#6151=CARTESIAN_POINT('',(0.00679059892324149,0.03025,-0.0148));
#6152=CARTESIAN_POINT('',(-0.00420732118539889,0.03125,-0.0338489564057485));
#6153=CARTESIAN_POINT('',(0.00736794932682899,0.03125,-0.0137999997672162));
#6154=CARTESIAN_POINT('',(0.00736794919243112,-0.03125,-0.0138));
#6155=CARTESIAN_POINT('',(0.0073679491924311,0.03025,-0.0138));
#6156=CARTESIAN_POINT('',(0.00736794919243113,0.03025,-0.0138));
#6157=CARTESIAN_POINT('',(0.00736794919243112,-0.031247,-0.0158));
#6158=CARTESIAN_POINT('',(0.00736794919243111,0.03125,-0.0158));
#6159=CARTESIAN_POINT('',(0.00736794918599605,0.0312499956110174,-0.0157999999888541));
#6160=CARTESIAN_POINT('',(0.0108182195702611,0.03025,-0.0217760435942515));
#6161=CARTESIAN_POINT('',(0.0073679554229753,0.0302499999879592,-0.0158000107914638));
#6162=CARTESIAN_POINT('',(0.00736794919243112,-0.03125,-0.0158));
#6163=CARTESIAN_POINT('',(0.00736794919243112,-0.031247,-0.0488));
#6164=CARTESIAN_POINT('',(0.00736794919243112,-0.03125,-0.0488));
#6165=CARTESIAN_POINT('',(0.00736794919243112,-0.0312499956110174,-0.0488));
#6166=CARTESIAN_POINT('',(0.0067905989232415,-0.03125,-0.0498));
#6167=CARTESIAN_POINT('',(0.0067905989232415,-0.031247,-0.0498));
#6168=CARTESIAN_POINT('',(0.0067905989232415,-0.03025,-0.0498));
#6169=CARTESIAN_POINT('',(0.0109481233808288,-0.03025,-0.0425989564057485));
#6170=CARTESIAN_POINT('',(0.00736795542201883,-0.03025,-0.0487999892101928));
#6171=CARTESIAN_POINT('',(0.00736794919243112,-0.03125,-0.0488));
#6172=CARTESIAN_POINT('',(0.00736794919243112,-0.031247,-0.0508));
#6173=CARTESIAN_POINT('',(-0.00433722499596655,-0.03125,-0.0305260435942514));
#6174=CARTESIAN_POINT('',(0.00736797060541776,-0.0312499973154935,-0.0508000370865469));
#6175=CARTESIAN_POINT('',(0.00736794919243112,-0.03125,-0.0508));
#6176=CARTESIAN_POINT('',(0.00736794916065734,-0.03025,-0.0507999999449662));
#6177=CARTESIAN_POINT('',(0.00736794919243112,-0.03025,-0.0508));
#6178=CARTESIAN_POINT('',(0.00736794919243112,-0.031247,-0.0138));
#6179=CARTESIAN_POINT('',(0.00736794919243112,-0.03125,-0.0138));
#6180=CARTESIAN_POINT('',(0.00736794919243112,-0.0312499956110174,-0.0138));
#6181=CARTESIAN_POINT('',(0.0067905989232415,-0.03125,-0.0148));
#6182=CARTESIAN_POINT('',(0.0067905989232415,-0.031247,-0.0148));
#6183=CARTESIAN_POINT('',(0.00679059892324148,-0.03025,-0.0148));
#6184=CARTESIAN_POINT('',(-0.00420732118539889,-0.03025,-0.0338489564057485));
#6185=CARTESIAN_POINT('',(0.00736797722663465,-0.03025,-0.0137999514464785));
#6186=CARTESIAN_POINT('',(0.00736794919243112,-0.03125,-0.0138));
#6187=CARTESIAN_POINT('',(0.00736794919243112,-0.031247,-0.0158));
#6188=CARTESIAN_POINT('',(0.0108182195702611,-0.03125,-0.0217760435942515));
#6189=CARTESIAN_POINT('',(0.00736795026768492,-0.0312499999957872,-0.0158000018623925));
#6190=CARTESIAN_POINT('',(0.00736794919243112,-0.03125,-0.0158));
#6191=CARTESIAN_POINT('',(0.00736794916065731,-0.0302499765077985,-0.0157999999449662));
#6192=CARTESIAN_POINT('',(0.00736794919243112,-0.03025,-0.0158));
#6193=CARTESIAN_POINT('',(0.0137000000003316,-0.0312477777774457,-0.03215));
#6194=CARTESIAN_POINT('',(0.0137000000003316,-0.0312477777774457,-0.0083));
#6195=CARTESIAN_POINT('',(0.0137,-0.03124778,-0.0083));
#6196=CARTESIAN_POINT('',(0.0137,-0.0312477777777772,-0.03215));
#6197=CARTESIAN_POINT('',(0.0236,1.1990408665955E-17,-0.054));
#6198=CARTESIAN_POINT('',(0.00195324650191313,-0.03,-0.0756467534980868));
#6199=CARTESIAN_POINT('',(0.0149477777772553,-0.03,-0.0626522222227447));
#6200=CARTESIAN_POINT('',(0.0130129860076526,-0.03,-0.0645870139923474));
#6201=CARTESIAN_POINT('',(0.00567576971031258,-0.0168570251250476,-0.0719242302896874));
#6202=CARTESIAN_POINT('',(0.00787875579611819,-0.0208031798521625,-0.0697212442038818));
#6203=CARTESIAN_POINT('',(0.0194041520133346,0.00391311209727268,-0.0581958479866655));
#6204=CARTESIAN_POINT('',(0.0115174383191421,-0.013,-0.0660825616808584));
#6205=CARTESIAN_POINT('',(0.00504779694533687,-0.00653035862619532,-0.0725522030546631));
#6206=CARTESIAN_POINT('',(0.0180259525168691,-0.0195085141977275,-0.0595740474831309));
#6207=CARTESIAN_POINT('',(0.00327361360498067,-0.0182178517824449,-0.0743263863950193));
#6208=CARTESIAN_POINT('',(0.0236,-0.0199961801624567,-0.054));
#6209=CARTESIAN_POINT('',(0.0236,-0.0199961801624567,-0.054));
#6210=CARTESIAN_POINT('',(0.0236,-0.0213477777782346,-0.054));
#6211=CARTESIAN_POINT('',(0.0307159259259258,-0.0142318518518515,-0.0468840740740742));
#6212=CARTESIAN_POINT('',(0.0236,1.1990408665955E-17,-0.054));
#6213=CARTESIAN_POINT('',(0.0307259259259265,0.014251851851853,-0.0468740740740735));
#6214=CARTESIAN_POINT('',(0.0149777777772561,0.03,-0.0626222222227439));
#6215=CARTESIAN_POINT('',(0.0236,0.0213777777782348,-0.054));
#6216=CARTESIAN_POINT('',(0.0236,1.1990408665955E-17,-0.054));
#6217=CARTESIAN_POINT('',(0.0236,0.0199961801624567,-0.054));
#6218=CARTESIAN_POINT('',(0.0227286153659771,0.019919943885409,-0.0548713846340229));
#6219=CARTESIAN_POINT('',(0.0180259525168691,0.0195085141977275,-0.0595740474831309));
#6220=CARTESIAN_POINT('',(0.0152391461063806,0.016721707787239,-0.0623608538936194));
#6221=CARTESIAN_POINT('',(0.0115174383191418,0.0130000000000002,-0.0660825616808582));
#6222=CARTESIAN_POINT('',(0.0194041520133346,-0.00391311209727264,-0.0581958479866654));
#6223=CARTESIAN_POINT('',(0.00787875579611803,0.0208031798521621,-0.069721244203882));
#6224=CARTESIAN_POINT('',(0.00676105430744288,0.0188010686988247,-0.0708389456925571));
#6225=CARTESIAN_POINT('',(0.0130129860076526,0.03,-0.0645870139923474));
#6226=CARTESIAN_POINT('',(0.0236,0.03,-0.054));
#6227=CARTESIAN_POINT('',(0.0269971753275825,-0.0151221753264504,-0.0423));
#6228=CARTESIAN_POINT('',(-0.00559497233564343,-0.03025,-0.0299508587870772));
#6229=CARTESIAN_POINT('',(0.014697777777227,-0.03025,-0.0443));
#6230=CARTESIAN_POINT('',(0.012,-0.03025,-0.0423923830396963));
#6231=CARTESIAN_POINT('',(0.0137000000008178,-0.0312477777769595,-0.044300000000469));
#6232=CARTESIAN_POINT('',(0.0249477777783871,-0.02,-0.0443));
#6233=CARTESIAN_POINT('',(-0.00483530784871818,-0.02,-0.023240178189606));
#6234=CARTESIAN_POINT('',(0.0221193506534809,-0.02,-0.0423));
#6235=CARTESIAN_POINT('',(0.023533564216094,-0.0185857864375469,-0.0423));
#6236=CARTESIAN_POINT('',(0.012,-0.0301193506523356,-0.0423));
#6237=CARTESIAN_POINT('',(0.012,-0.0201212337687893,-0.0352302637521486));
#6238=CARTESIAN_POINT('',(0.0137,-0.0312477777771141,-0.0323));
#6239=CARTESIAN_POINT('',(0.012,-0.0318144444437594,-0.0331013876852691));
#6240=CARTESIAN_POINT('',(0.012,-0.03025,-0.0342076169603037));
#6241=CARTESIAN_POINT('',(0.012,-0.0301193506523356,-0.0343));
#6242=CARTESIAN_POINT('',(0.0269971753275824,-0.0151221753264504,-0.0343));
#6243=CARTESIAN_POINT('',(0.0221193506534808,-0.02,-0.0343));
#6244=CARTESIAN_POINT('',(0.0174492592591795,-0.02,-0.0376022532934846));
#6245=CARTESIAN_POINT('',(0.0249477777783871,-0.02,-0.0323));
#6246=CARTESIAN_POINT('',(0.0137000000003256,-0.0312477777774517,-0.0322999999995311));
#6247=CARTESIAN_POINT('',(0.014697777777227,-0.03025,-0.0323));
#6248=CARTESIAN_POINT('',(0.0140325925923839,-0.03025,-0.0327703569549208));
#6249=CARTESIAN_POINT('',(0.037,-0.025125,-0.0343));
#6250=CARTESIAN_POINT('',(-0.028,-0.02,-0.0343));
#6251=CARTESIAN_POINT('',(0.012,-0.02,-0.0343));
#6252=CARTESIAN_POINT('',(0.012,-0.025125,-0.0343));
#6253=CARTESIAN_POINT('',(0.037,-0.025125,-0.0423));
#6254=CARTESIAN_POINT('',(0.012,-0.025125,-0.0423));
#6255=CARTESIAN_POINT('',(0.012,-0.02,-0.0423));
#6256=CARTESIAN_POINT('',(0.037,-0.02,-0.0423));
#6257=CARTESIAN_POINT('',(-0.0194,0.031252,-0.0618606221019411));
#6258=CARTESIAN_POINT('',(-0.0202701866952476,0.0194281529849714,-0.0604925803480456));
#6259=CARTESIAN_POINT('',(-0.0208544488904038,0.0195085141977275,-0.0595740474831309));
#6260=CARTESIAN_POINT('',(-0.0244,0.0199961801624567,-0.054));
#6261=CARTESIAN_POINT('',(-0.0244,0.031252,-0.054));
#6262=CARTESIAN_POINT('',(-0.0244,0.02,-0.054));
#6263=CARTESIAN_POINT('',(-0.0244,0.0295,-0.054));
#6264=CARTESIAN_POINT('',(-0.0244,0.03,-0.054));
#6265=CARTESIAN_POINT('',(-0.0191222656579154,0.03,-0.0622972550435129));
#6266=CARTESIAN_POINT('',(-0.0176657912725935,0.03,-0.0645870139923474));
#6267=CARTESIAN_POINT('',(-0.0158896847804794,0.0249982927235858,-0.0673792743818098));
#6268=CARTESIAN_POINT('',(-0.0144,0.0208031798521617,-0.0697212442038822));
#6269=CARTESIAN_POINT('',(-0.0164251207342892,0.0139756236134187,-0.0665375024432716));
#6270=CARTESIAN_POINT('',(-0.0167145003511402,0.013,-0.0660825616808577));
#6271=CARTESIAN_POINT('',(-0.0180467388517371,0.0150944446805704,-0.063988117000288));
#6272=CARTESIAN_POINT('',(-0.0194,0.031252,-0.0618606221019411));
#6273=CARTESIAN_POINT('',(-0.0202701866952476,-0.0194281529849714,-0.0604925803480456));
#6274=CARTESIAN_POINT('',(-0.0244,-0.0199961801624567,-0.054));
#6275=CARTESIAN_POINT('',(-0.0208544488904038,-0.0195085141977275,-0.0595740474831309));
#6276=CARTESIAN_POINT('',(-0.018046738851737,-0.0150944446805704,-0.063988117000288));
#6277=CARTESIAN_POINT('',(-0.0167145003511402,-0.013,-0.0660825616808577));
#6278=CARTESIAN_POINT('',(-0.0164251207342892,-0.0139756236134187,-0.0665375024432716));
#6279=CARTESIAN_POINT('',(-0.0144,-0.0208031798521618,-0.0697212442038822));
#6280=CARTESIAN_POINT('',(-0.0158896847804794,-0.0249982927235858,-0.0673792743818098));
#6281=CARTESIAN_POINT('',(-0.0176657912725935,-0.03,-0.0645870139923474));
#6282=CARTESIAN_POINT('',(-0.0191222656579154,-0.03,-0.0622972550435129));
#6283=CARTESIAN_POINT('',(-0.0244,-0.03,-0.054));
#6284=CARTESIAN_POINT('',(-0.0244,-0.0295,-0.054));
#6285=CARTESIAN_POINT('',(-0.0244,-0.02,-0.054));
#6286=CARTESIAN_POINT('',(-0.0244,1.01825549705469E-17,-0.054));
#6287=CARTESIAN_POINT('',(-0.0174,0.031252,-0.0618606221019411));
#6288=CARTESIAN_POINT('',(-0.0183663428070501,-0.029,-0.0603414109765111));
#6289=CARTESIAN_POINT('',(-0.0179061253761844,-0.029,-0.0610649300382635));
#6290=CARTESIAN_POINT('',(-0.0224,-0.029,-0.054));
#6291=CARTESIAN_POINT('',(-0.0179061253761844,-0.024,-0.0610649300382635));
#6292=CARTESIAN_POINT('',(-0.0151291428973581,-0.0264372366363793,-0.0654306920082165));
#6293=CARTESIAN_POINT('',(-0.0143866505177799,-0.0243462980839291,-0.0665979824101035));
#6294=CARTESIAN_POINT('',(-0.0127315540405855,-0.0196853680496621,-0.0692));
#6295=CARTESIAN_POINT('',(-0.030064740731567,0.0387522870123584,-0.0419500739199597));
#6296=CARTESIAN_POINT('',(-0.0144284282346114,-0.0139644726019867,-0.0665323026412448));
#6297=CARTESIAN_POINT('',(-0.0595259555706952,-0.084863396626168,0.00436662138293679));
#6298=CARTESIAN_POINT('',(-0.0185683767738751,-0.0204729867997138,-0.0600237884435178));
#6299=CARTESIAN_POINT('',(-0.0926039181774143,-0.030656062041552,0.0563692941736475));
#6300=CARTESIAN_POINT('',(-0.0224,-0.021,-0.054));
#6301=CARTESIAN_POINT('',(-0.0224,-0.0208,-0.054));
#6302=CARTESIAN_POINT('',(-0.0144,-0.0243426840248311,-0.0666));
#6303=CARTESIAN_POINT('',(-0.0144,-0.0264372366363795,-0.0654306920082167));
#6304=CARTESIAN_POINT('',(0.0056,-0.0264372366363795,-0.0654306920082167));
#6305=CARTESIAN_POINT('',(0.0056,-0.0243426840248311,-0.0666));
#6306=CARTESIAN_POINT('',(0.0056,-0.0196853680496621,-0.0692));
#6307=CARTESIAN_POINT('',(-0.0144,-0.0196853680496621,-0.0692));
#6308=CARTESIAN_POINT('',(-0.0144,-0.0207364933998569,-0.0570118942217589));
#6309=CARTESIAN_POINT('',(0.0056,-0.0207364933998569,-0.0570118942217589));
#6310=CARTESIAN_POINT('',(0.0056,-0.021,-0.054));
#6311=CARTESIAN_POINT('',(0.0056,-0.0204729867997137,-0.0600237884435178));
#6312=CARTESIAN_POINT('',(-0.0084,-0.021,-0.054));
#6313=CARTESIAN_POINT('',(-0.0144,-0.0204729867997137,-0.0600237884435178));
#6314=CARTESIAN_POINT('',(-0.0144,-0.01721872970085,-0.0632780455423815));
#6315=CARTESIAN_POINT('',(0.0056,-0.01721872970085,-0.0632780455423815));
#6316=CARTESIAN_POINT('',(0.0056,-0.0139644726019867,-0.0665323026412448));
#6317=CARTESIAN_POINT('',(-0.0144,-0.0139644726019863,-0.0665323026412445));
#6318=CARTESIAN_POINT('',(-0.018,1.1990408665955E-17,-0.054));
#6319=CARTESIAN_POINT('',(-0.018,-0.02,-0.054));
#6320=CARTESIAN_POINT('',(-0.018,-0.02,-0.054));
#6321=CARTESIAN_POINT('',(-0.018,1.199040866595E-17,-0.054));
#6322=CARTESIAN_POINT('',(-0.018,-0.0199961801624567,-0.054));
#6323=CARTESIAN_POINT('',(-0.0144,-0.0199961801624567,-0.054));
#6324=CARTESIAN_POINT('',(-0.0144,0.0243426840248311,-0.0666));
#6325=CARTESIAN_POINT('',(0.0056,0.0243426840248311,-0.0666));
#6326=CARTESIAN_POINT('',(0.0056,0.0196853680496619,-0.0692));
#6327=CARTESIAN_POINT('',(0.0056,0.0264372366363795,-0.0654306920082167));
#6328=CARTESIAN_POINT('',(-0.0144,0.0264372366363795,-0.0654306920082167));
#6329=CARTESIAN_POINT('',(-0.0151291428973581,0.0264372366363793,-0.0654306920082164));
#6330=CARTESIAN_POINT('',(-0.0170097140238484,0.0317331275803874,-0.0624742002159841));
#6331=CARTESIAN_POINT('',(-0.0127315540405855,0.0196853680496621,-0.0692));
#6332=CARTESIAN_POINT('',(-0.0144,0.0196853680496621,-0.0692));
#6333=CARTESIAN_POINT('',(-0.0174,0.031252,-0.0618606221019411));
#6334=CARTESIAN_POINT('',(-0.0179061253761844,0.024,-0.0610649300382635));
#6335=CARTESIAN_POINT('',(-0.0179061253761844,0.029,-0.0610649300382635));
#6336=CARTESIAN_POINT('',(-0.0174,0.029,-0.0618606221019411));
#6337=CARTESIAN_POINT('',(-0.0224,0.029,-0.054));
#6338=CARTESIAN_POINT('',(-0.0224,0.031252,-0.054));
#6339=CARTESIAN_POINT('',(-0.0224,0.021,-0.054));
#6340=CARTESIAN_POINT('',(-0.0926039181774143,0.030656062041552,0.0563692941736475));
#6341=CARTESIAN_POINT('',(-0.0185683767738751,0.0204729867997138,-0.0600237884435177));
#6342=CARTESIAN_POINT('',(-0.0595259555706952,0.0848633966261681,0.00436662138293681));
#6343=CARTESIAN_POINT('',(-0.0144284282346113,0.0139644726019867,-0.0665323026412448));
#6344=CARTESIAN_POINT('',(-0.030064740731567,-0.0387522870123584,-0.0419500739199597));
#6345=CARTESIAN_POINT('',(-0.0144,0.0207364933998569,-0.0570118942217589));
#6346=CARTESIAN_POINT('',(0.0056,0.0207364933998569,-0.0570118942217589));
#6347=CARTESIAN_POINT('',(0.0056,0.021,-0.054));
#6348=CARTESIAN_POINT('',(0.0056,0.0204729867997138,-0.0600237884435178));
#6349=CARTESIAN_POINT('',(-0.0144,0.0204729867997137,-0.0600237884435178));
#6350=CARTESIAN_POINT('',(-0.0144,0.021,-0.054));
#6351=CARTESIAN_POINT('',(-0.0144,0.01721872970085,-0.0632780455423815));
#6352=CARTESIAN_POINT('',(0.0056,0.01721872970085,-0.0632780455423815));
#6353=CARTESIAN_POINT('',(0.0056,0.0139644726019866,-0.0665323026412447));
#6354=CARTESIAN_POINT('',(-0.0144,0.0139644726019863,-0.0665323026412445));
#6355=CARTESIAN_POINT('',(-0.018,1.1990408665955E-17,-0.054));
#6356=CARTESIAN_POINT('',(-0.018,0.0199961801624567,-0.054));
#6357=CARTESIAN_POINT('',(-0.018,0.0199961801624567,-0.054));
#6358=CARTESIAN_POINT('',(-0.018,1.1990408665955E-17,-0.054));
#6359=CARTESIAN_POINT('',(-0.018,0.02,-0.054));
#6360=CARTESIAN_POINT('',(-0.028,0.02,-0.054));
#6361=CARTESIAN_POINT('',(0.0254499999996673,0.0195277777781122,-0.055));
#6362=CARTESIAN_POINT('',(0.0137277777777795,0.03125,-0.03215));
#6363=CARTESIAN_POINT('',(0.0137277777771142,0.03125,-0.0103));
#6364=CARTESIAN_POINT('',(-0.124244921678776,0.169222699456556,-0.0103));
#6365=CARTESIAN_POINT('',(0.0189777777777101,0.026,-0.0103));
#6366=CARTESIAN_POINT('',(0.0189777777777794,0.026,-0.02573008849557));
#6367=CARTESIAN_POINT('',(-0.00715,-0.03125,-0.03215));
#6368=CARTESIAN_POINT('',(-0.00380000000000501,-0.03125,-0.0323));
#6369=CARTESIAN_POINT('',(-0.00380000000000501,-0.03125,-0.0458));
#6370=CARTESIAN_POINT('',(-0.028,-0.03125,-0.03215));
#6371=CARTESIAN_POINT('',(-0.028,-0.03125,-0.0083));
#6372=CARTESIAN_POINT('',(-0.028,-0.03125,-0.054));
#6373=CARTESIAN_POINT('',(-0.00715,-0.03125,-0.054));
#6374=CARTESIAN_POINT('',(0.0137,-0.03125,-0.054));
#6375=CARTESIAN_POINT('',(0.0137,-0.03125,-0.03215));
#6376=CARTESIAN_POINT('',(0.0137,-0.03125,-0.0083));
#6377=CARTESIAN_POINT('',(-0.00715,-0.03125,-0.0083));
#6378=CARTESIAN_POINT('',(0.0091,-0.03125,-0.0148));
#6379=CARTESIAN_POINT('',(0.0091,-0.03125,-0.0498));
#6380=CARTESIAN_POINT('',(0.0091,-0.03125,-0.0148));
#6381=CARTESIAN_POINT('',(0.0091,-0.03025,-0.0148));
#6382=CARTESIAN_POINT('',(-0.00380000000000501,-0.03125,-0.0323));
#6383=CARTESIAN_POINT('',(-0.00380000000000501,-0.03025,-0.0323));
#6384=CARTESIAN_POINT('',(-0.00380000000000501,-0.03025,-0.0458));
#6385=CARTESIAN_POINT('',(0.0091,-0.03125,-0.0498));
#6386=CARTESIAN_POINT('',(0.0091,-0.03025,-0.0498));
#6387=CARTESIAN_POINT('',(-0.0084,-0.03,-0.0523));
#6388=CARTESIAN_POINT('',(0.0056,-0.0208,-0.0523));
#6389=CARTESIAN_POINT('',(0.0056,-0.021,-0.0523));
#6390=CARTESIAN_POINT('',(0.0056,-0.029,-0.0523));
#6391=CARTESIAN_POINT('',(-0.0084,-0.029,-0.0523));
#6392=CARTESIAN_POINT('',(-0.0224,-0.029,-0.0523));
#6393=CARTESIAN_POINT('',(-0.0224,-0.0208,-0.0523));
#6394=CARTESIAN_POINT('',(-0.0224,-0.021,-0.0523));
#6395=CARTESIAN_POINT('',(-0.0084,-0.021,-0.0523));
#6396=CARTESIAN_POINT('',(-0.0084,-0.02,-0.0523));
#6397=CARTESIAN_POINT('',(0.012,-0.0199999999999997,-0.0523));
#6398=CARTESIAN_POINT('',(-0.018,-0.02,-0.0523));
#6399=CARTESIAN_POINT('',(-0.0084,-0.02,-0.0523));
#6400=CARTESIAN_POINT('',(-0.028,-0.02,-0.0523));
#6401=CARTESIAN_POINT('',(-0.028,-0.03,-0.0523));
#6402=CARTESIAN_POINT('',(-0.028,-0.03025,-0.0523));
#6403=CARTESIAN_POINT('',(-0.00715,-0.03025,-0.0523));
#6404=CARTESIAN_POINT('',(0.012,-0.03025,-0.0523));
#6405=CARTESIAN_POINT('',(0.012,-0.03,-0.0523));
#6406=CARTESIAN_POINT('',(-0.0084,-0.021,-0.054002));
#6407=CARTESIAN_POINT('',(0.0056,-0.021,-0.054002));
#6408=CARTESIAN_POINT('',(-0.0224,-0.021,-0.054002));
#6409=CARTESIAN_POINT('',(-0.0224,-0.0208,-0.054002));
#6410=CARTESIAN_POINT('',(-0.0224,-0.029,-0.054002));
#6411=CARTESIAN_POINT('',(-0.0084,-0.029,-0.054002));
#6412=CARTESIAN_POINT('',(0.0056,-0.029,-0.054002));
#6413=CARTESIAN_POINT('',(0.0056,-0.029,-0.0610649300382635));
#6414=CARTESIAN_POINT('',(-0.0084,-0.029,-0.0610649300382635));
#6415=CARTESIAN_POINT('',(0.0056,-0.0208,-0.054002));
#6416=CARTESIAN_POINT('',(0.0056,-0.024,-0.0610649300382635));
#6417=CARTESIAN_POINT('',(0.0056,-0.0168249203258244,-0.0678661513206223));
#6418=CARTESIAN_POINT('',(0.0137,-0.286317621135332,-0.03215));
#6419=CARTESIAN_POINT('',(0.0137,-0.0312477777777772,-0.03215));
#6420=CARTESIAN_POINT('',(0.0137,-0.0312477777771141,-0.054));
#6421=CARTESIAN_POINT('',(0.0137,-0.286317621135332,-0.0083));
#6422=CARTESIAN_POINT('',(0.0137,-0.286317621135332,-0.054));
#6423=CARTESIAN_POINT('',(-0.028,-0.02,-0.056));
#6424=CARTESIAN_POINT('',(-0.018,-0.02,-0.056));
#6425=CARTESIAN_POINT('',(-0.018,-0.02,-0.054));
#6426=CARTESIAN_POINT('',(-0.028,-0.02,-0.054));
#6427=CARTESIAN_POINT('',(-0.028,-0.02,0.));
#6428=CARTESIAN_POINT('',(-0.00715,-0.286317621135332,-0.0083));
#6429=CARTESIAN_POINT('',(-0.028,-0.286317621135332,-0.0083));
#6430=CARTESIAN_POINT('',(-0.00715,0.03125,-0.03215));
#6431=CARTESIAN_POINT('',(-0.012600000000005,0.03125,-0.0323));
#6432=CARTESIAN_POINT('',(-0.012600000000005,0.03125,-0.0188));
#6433=CARTESIAN_POINT('',(0.0137277777777795,0.03125,-0.03215));
#6434=CARTESIAN_POINT('',(0.0137277777771142,0.03125,-0.054));
#6435=CARTESIAN_POINT('',(-0.018,0.03125,-0.054));
#6436=CARTESIAN_POINT('',(-0.028,0.03125,-0.054));
#6437=CARTESIAN_POINT('',(-0.028,0.03125,0.));
#6438=CARTESIAN_POINT('',(-0.028,0.03125,-0.0103));
#6439=CARTESIAN_POINT('',(-0.00715,0.03125,-0.0103));
#6440=CARTESIAN_POINT('',(0.0091,0.03125,-0.0148));
#6441=CARTESIAN_POINT('',(0.0091,0.03125,-0.0498));
#6442=CARTESIAN_POINT('',(0.0091,-0.03125,-0.0148));
#6443=CARTESIAN_POINT('',(0.0091,0.03025,-0.0148));
#6444=CARTESIAN_POINT('',(-0.012600000000005,0.03125,-0.0323));
#6445=CARTESIAN_POINT('',(-0.012600000000005,0.03025,-0.0323));
#6446=CARTESIAN_POINT('',(-0.012600000000005,0.03025,-0.0188));
#6447=CARTESIAN_POINT('',(0.0091,-0.03125,-0.0498));
#6448=CARTESIAN_POINT('',(0.0091,0.03025,-0.0498));
#6449=CARTESIAN_POINT('',(-0.00715,0.286317621135332,-0.0103));
#6450=CARTESIAN_POINT('',(0.002769911504425,0.026,-0.0103));
#6451=CARTESIAN_POINT('',(-0.028,0.026,-0.0103));
#6452=CARTESIAN_POINT('',(-0.028,0.286317621135332,-0.0103));
#6453=CARTESIAN_POINT('',(0.0056,-0.0208,-0.054002));
#6454=CARTESIAN_POINT('',(0.0056,0.029,-0.054002));
#6455=CARTESIAN_POINT('',(0.0056,0.029,-0.0610649300382635));
#6456=CARTESIAN_POINT('',(0.0056,0.029,-0.0523));
#6457=CARTESIAN_POINT('',(0.0056,0.024,-0.0610649300382635));
#6458=CARTESIAN_POINT('',(0.0056,0.0134822363009933,-0.0663074321610511));
#6459=CARTESIAN_POINT('',(0.0056,0.021,-0.054002));
#6460=CARTESIAN_POINT('',(0.0056,0.021,-0.0523));
#6461=CARTESIAN_POINT('',(0.0056,-0.0208,-0.0523));
#6462=CARTESIAN_POINT('',(-0.0084,0.029,-0.054002));
#6463=CARTESIAN_POINT('',(-0.0084,0.029,-0.0610649300382635));
#6464=CARTESIAN_POINT('',(-0.0084,0.029,-0.0523));
#6465=CARTESIAN_POINT('',(-0.0224,0.029,-0.0523));
#6466=CARTESIAN_POINT('',(-0.0224,0.029,-0.054002));
#6467=CARTESIAN_POINT('',(-0.0224,-0.0208,-0.054002));
#6468=CARTESIAN_POINT('',(-0.0224,-0.03,-0.0523));
#6469=CARTESIAN_POINT('',(-0.0224,0.021,-0.0523));
#6470=CARTESIAN_POINT('',(-0.0224,0.021,-0.054002));
#6471=CARTESIAN_POINT('',(-0.028,0.02,-0.012));
#6472=CARTESIAN_POINT('',(-0.018,0.02,-0.015));
#6473=CARTESIAN_POINT('',(-0.018,0.02,-0.0523));
#6474=CARTESIAN_POINT('',(-0.028,0.02,-0.0523));
#6475=CARTESIAN_POINT('',(-0.028,0.02,-0.0523));
#6476=CARTESIAN_POINT('',(-0.028,0.02,-0.012));
#6477=CARTESIAN_POINT('',(-0.028,0.02,-0.054));
#6478=CARTESIAN_POINT('',(-0.028,0.02,-0.054));
#6479=CARTESIAN_POINT('',(-0.0084,0.021,-0.054002));
#6480=CARTESIAN_POINT('',(-0.0084,0.021,-0.0523));
#6481=CARTESIAN_POINT('',(-0.0084,-0.03,-0.0523));
#6482=CARTESIAN_POINT('',(-0.028,0.02,-0.0523));
#6483=CARTESIAN_POINT('',(0.012,0.02,-0.0523));
#6484=CARTESIAN_POINT('',(0.012,-0.03,-0.0523));
#6485=CARTESIAN_POINT('',(0.012,0.03025,-0.0523));
#6486=CARTESIAN_POINT('',(-0.0084,0.03025,-0.0523));
#6487=CARTESIAN_POINT('',(-0.028,0.03025,-0.0523));
#6488=CARTESIAN_POINT('',(-0.028,-0.03,-0.0523));
#6489=CARTESIAN_POINT('',(0.0215,-0.007,-0.054002));
#6490=CARTESIAN_POINT('',(0.0249641016151378,-0.007,-0.025502));
#6491=CARTESIAN_POINT('',(0.0249641016151378,-0.007,-0.006));
#6492=CARTESIAN_POINT('',(0.0215,-0.007,-0.006));
#6493=CARTESIAN_POINT('',(0.0180358983848622,-0.007,-0.006));
#6494=CARTESIAN_POINT('',(0.0180358983848622,-0.007,-0.025502));
#6495=CARTESIAN_POINT('',(-0.028,-0.013,-0.01));
#6496=CARTESIAN_POINT('',(0.0180358983848622,-0.013,-0.025502));
#6497=CARTESIAN_POINT('',(0.0180358983848622,-0.013,-0.006));
#6498=CARTESIAN_POINT('',(-0.028,-0.013,-0.006));
#6499=CARTESIAN_POINT('',(0.0249641016151378,-0.013,-0.006));
#6500=CARTESIAN_POINT('',(0.0249641016151378,-0.013,-0.025502));
#6501=CARTESIAN_POINT('',(0.02475,4.91109930500363E-18,-0.028602));
#6502=CARTESIAN_POINT('',(0.02475,-0.013,0.009));
#6503=CARTESIAN_POINT('',(0.02475,0.003,0.009));
#6504=CARTESIAN_POINT('',(0.02475,-0.013,0.009));
#6505=CARTESIAN_POINT('',(0.02475,-0.013,0.012));
#6506=CARTESIAN_POINT('',(0.02475,-4.10435574416122E-18,0.012));
#6507=CARTESIAN_POINT('',(0.02475,0.003,0.012));
#6508=CARTESIAN_POINT('',(0.02475,0.003,0.009));
#6509=CARTESIAN_POINT('',(-0.02475,6.64582278098043E-18,-0.028602));
#6510=CARTESIAN_POINT('',(-0.02475,-0.013,0.009));
#6511=CARTESIAN_POINT('',(-0.02475,0.003,0.009));
#6512=CARTESIAN_POINT('',(-0.02475,0.003,0.009));
#6513=CARTESIAN_POINT('',(-0.02475,0.003,0.012));
#6514=CARTESIAN_POINT('',(-0.02475,-2.36963226818441E-18,0.012));
#6515=CARTESIAN_POINT('',(-0.02325,0.00259807621135332,-0.028602));
#6516=CARTESIAN_POINT('',(-0.0225538475772934,0.003,-0.028602));
#6517=CARTESIAN_POINT('',(-0.0225538475772934,0.003,0.012));
#6518=CARTESIAN_POINT('',(-0.0225538475772933,0.003,0.009));
#6519=CARTESIAN_POINT('',(-0.0223083348754011,0.00314174682452693,0.009));
#6520=CARTESIAN_POINT('',(-0.02175,0.00346410161513772,0.009));
#6521=CARTESIAN_POINT('',(-0.02175,0.00346410161513777,-0.028602));
#6522=CARTESIAN_POINT('',(-0.02175,0.00346410161513775,0.012));
#6523=CARTESIAN_POINT('',(-0.02325,0.00259807621135332,0.012));
#6524=CARTESIAN_POINT('',(-0.02025,0.00259807621135332,-0.028602));
#6525=CARTESIAN_POINT('',(-0.0305666651245989,0.00855440559817969,0.009));
#6526=CARTESIAN_POINT('',(-0.0209461524227067,0.003,0.009));
#6527=CARTESIAN_POINT('',(-0.0209461524227067,0.003,-0.028602));
#6528=CARTESIAN_POINT('',(-0.0209461524227066,0.003,0.012));
#6529=CARTESIAN_POINT('',(-0.02025,0.00259807621135332,0.012));
#6530=CARTESIAN_POINT('',(-0.01875,6.42898234648333E-18,-0.028602));
#6531=CARTESIAN_POINT('',(-0.01875,0.003,0.009));
#6532=CARTESIAN_POINT('',(-0.01875,0.003,0.009));
#6533=CARTESIAN_POINT('',(-0.01875,0.003,0.012));
#6534=CARTESIAN_POINT('',(-0.01875,-0.013,0.009));
#6535=CARTESIAN_POINT('',(-0.01875,-2.58647270268152E-18,0.012));
#6536=CARTESIAN_POINT('',(0.030002,-0.01,-0.018));
#6537=CARTESIAN_POINT('',(0.03,-0.01,-0.018));
#6538=CARTESIAN_POINT('',(0.03,-0.01,-0.02125));
#6539=CARTESIAN_POINT('',(0.030002,0.01,-0.018));
#6540=CARTESIAN_POINT('',(0.03,0.01,-0.018));
#6541=CARTESIAN_POINT('',(0.03,0.01,-0.02125));
#6542=CARTESIAN_POINT('',(0.030002,0.01,-0.018));
#6543=CARTESIAN_POINT('',(0.030002,0.01175,-0.0152613872124742));
#6544=CARTESIAN_POINT('',(0.0038,0.01175,-0.0152613872124741));
#6545=CARTESIAN_POINT('',(0.0034,0.01175,-0.0152613872124741));
#6546=CARTESIAN_POINT('',(0.0038,0.01,-0.018));
#6547=CARTESIAN_POINT('',(0.0038,0.01175,-0.0207386127875259));
#6548=CARTESIAN_POINT('',(0.030002,0.01175,-0.0207386127875259));
#6549=CARTESIAN_POINT('',(0.0034,0.01175,-0.0207386127875259));
#6550=CARTESIAN_POINT('',(0.0034,0.01,-0.018));
#6551=CARTESIAN_POINT('',(0.0034,0.00825,-0.0207386127875259));
#6552=CARTESIAN_POINT('',(0.030002,0.00825,-0.0207386127875259));
#6553=CARTESIAN_POINT('',(0.0038,0.00825,-0.0207386127875259));
#6554=CARTESIAN_POINT('',(0.0038,0.01,-0.018));
#6555=CARTESIAN_POINT('',(0.0038,0.00825,-0.0152613872124741));
#6556=CARTESIAN_POINT('',(0.030002,0.00825,-0.0152613872124741));
#6557=CARTESIAN_POINT('',(0.0034,0.00825,-0.0152613872124741));
#6558=CARTESIAN_POINT('',(0.0034,0.01,-0.018));
#6559=CARTESIAN_POINT('',(0.030002,-0.01,-0.018));
#6560=CARTESIAN_POINT('',(0.030002,-0.00825,-0.0152613872124742));
#6561=CARTESIAN_POINT('',(0.0038,-0.00825,-0.0152613872124741));
#6562=CARTESIAN_POINT('',(0.0034,-0.00825,-0.0152613872124741));
#6563=CARTESIAN_POINT('',(0.0038,-0.01,-0.018));
#6564=CARTESIAN_POINT('',(0.0038,-0.00825,-0.0207386127875259));
#6565=CARTESIAN_POINT('',(0.030002,-0.00825,-0.0207386127875259));
#6566=CARTESIAN_POINT('',(0.0034,-0.00825,-0.0207386127875259));
#6567=CARTESIAN_POINT('',(0.0034,-0.01,-0.018));
#6568=CARTESIAN_POINT('',(0.0034,-0.01175,-0.0207386127875259));
#6569=CARTESIAN_POINT('',(0.030002,-0.01175,-0.0207386127875259));
#6570=CARTESIAN_POINT('',(0.0038,-0.01175,-0.0207386127875259));
#6571=CARTESIAN_POINT('',(0.0038,-0.01,-0.018));
#6572=CARTESIAN_POINT('',(0.0038,-0.01175,-0.0152613872124741));
#6573=CARTESIAN_POINT('',(0.030002,-0.01175,-0.0152613872124741));
#6574=CARTESIAN_POINT('',(0.0034,-0.01175,-0.0152613872124741));
#6575=CARTESIAN_POINT('',(0.0034,-0.01,-0.018));
#6576=CARTESIAN_POINT('',(-0.013,9.183005969339E-18,-0.035));
#6577=CARTESIAN_POINT('',(-0.013,0.016,-0.051));
#6578=CARTESIAN_POINT('',(-0.013,0.016,-0.05245));
#6579=CARTESIAN_POINT('',(-0.013,9.183005969339E-18,-0.035));
#6580=CARTESIAN_POINT('',(-0.013,0.016,-0.019));
#6581=CARTESIAN_POINT('',(-0.013,0.016,-0.02045));
#6582=CARTESIAN_POINT('',(0.0091,0.015,-0.0323));
#6583=CARTESIAN_POINT('',(0.0091,0.015,-0.0498));
#6584=CARTESIAN_POINT('',(0.0091,0.015,-0.05055));
#6585=CARTESIAN_POINT('',(0.0091,0.015,-0.0323));
#6586=CARTESIAN_POINT('',(0.0091,0.015,-0.0148));
#6587=CARTESIAN_POINT('',(0.0091,0.015,-0.01555));
#6588=CARTESIAN_POINT('',(-0.013,9.183005969339E-18,-0.035));
#6589=CARTESIAN_POINT('',(-0.013,-0.016,-0.051));
#6590=CARTESIAN_POINT('',(-0.013,-0.016,-0.05245));
#6591=CARTESIAN_POINT('',(-0.013,9.183005969339E-18,-0.035));
#6592=CARTESIAN_POINT('',(-0.013,-0.016,-0.019));
#6593=CARTESIAN_POINT('',(-0.013,-0.016,-0.02045));
#6594=CARTESIAN_POINT('',(-0.018,0.016,-0.051));
#6595=CARTESIAN_POINT('',(-0.018,0.016,-0.051));
#6596=CARTESIAN_POINT('',(-0.018,0.016,-0.05245));
#6597=CARTESIAN_POINT('',(-0.018,0.016,-0.019));
#6598=CARTESIAN_POINT('',(-0.018,0.016,-0.019));
#6599=CARTESIAN_POINT('',(-0.018,0.016,-0.02045));
#6600=CARTESIAN_POINT('',(0.0091,-0.02,-0.0498));
#6601=CARTESIAN_POINT('',(0.0091,0.02,-0.0498));
#6602=CARTESIAN_POINT('',(0.0091,0.02,-0.04905));
#6603=CARTESIAN_POINT('',(0.0091,-0.02,-0.0148));
#6604=CARTESIAN_POINT('',(0.0091,0.02,-0.0148));
#6605=CARTESIAN_POINT('',(0.0091,0.02,-0.01405));
#6606=CARTESIAN_POINT('',(0.0091,-0.015,-0.0323));
#6607=CARTESIAN_POINT('',(0.0091,-0.015,-0.0498));
#6608=CARTESIAN_POINT('',(0.0091,-0.015,-0.04905));
#6609=CARTESIAN_POINT('',(0.0091,-0.015,-0.0323));
#6610=CARTESIAN_POINT('',(0.0091,-0.015,-0.0148));
#6611=CARTESIAN_POINT('',(0.0091,-0.015,-0.01405));
#6612=CARTESIAN_POINT('',(-1.18439529175797E-5,-0.00763968756135015,-0.0210006712900101));
#6613=CARTESIAN_POINT('',(0.000653975450208385,-0.00762727692706491,-0.021169264080036));
#6614=CARTESIAN_POINT('',(0.00131979485333435,-0.00761486629277967,-0.0213378568700618));
#6615=CARTESIAN_POINT('',(0.00198561425646031,-0.00760245565849442,-0.0215064496600878));
#6616=CARTESIAN_POINT('',(-1.18439529173292E-5,-0.00699892335259092,-0.0207941301906528));
#6617=CARTESIAN_POINT('',(0.00065397545020863,-0.00698694064294453,-0.0209673051406988));
#6618=CARTESIAN_POINT('',(0.00131979485333459,-0.00697495793329813,-0.021140480090745));
#6619=CARTESIAN_POINT('',(0.00198561425646054,-0.00696297522365173,-0.0213136550407912));
#6620=CARTESIAN_POINT('',(-1.18439529170819E-5,-0.00634651792330164,-0.020613126038112));
#6621=CARTESIAN_POINT('',(0.000653975450208872,-0.00633522140134908,-0.0207903166053589));
#6622=CARTESIAN_POINT('',(0.00131979485333483,-0.00632392487939652,-0.0209675071726059));
#6623=CARTESIAN_POINT('',(0.00198561425646077,-0.00631262835744395,-0.021144697739853));
#6624=CARTESIAN_POINT('',(-1.18439529168637E-5,-0.00568541319155729,-0.0204588047573274));
#6625=CARTESIAN_POINT('',(0.000653975450209085,-0.00567499585324966,-0.0206394189763574));
#6626=CARTESIAN_POINT('',(0.00131979485333503,-0.00566457851494205,-0.0208200331953875));
#6627=CARTESIAN_POINT('',(0.00198561425646098,-0.00565416117663443,-0.0210006474144176));
#6628=CARTESIAN_POINT('',(-6.82663687721754E-18,-0.00599999874200264,-0.0205376435145615));
#6629=CARTESIAN_POINT('',(-6.8567046836457E-18,-0.00654779769262856,-0.0206730568763872));
#6630=CARTESIAN_POINT('',(-8.51603422035192E-18,-0.00709088836023808,-0.0208272057128401));
#6631=CARTESIAN_POINT('',(-8.55440243578196E-18,-0.00762806870666327,-0.0210000007935537));
#6632=CARTESIAN_POINT('',(-1.27149699065016E-17,-0.0059999996226008,-0.0205376399522044));
#6633=CARTESIAN_POINT('',(-9.50027263251961E-10,-0.00762806894990445,-0.021));
#6634=CARTESIAN_POINT('',(-1.491533611503E-17,-0.006,-0.02053763842548));
#6635=CARTESIAN_POINT('',(0.000333170480397,-0.006,-0.02062851499091));
#6636=CARTESIAN_POINT('',(0.000669392920056,-0.005977799350091,-0.02071470454358));
#6637=CARTESIAN_POINT('',(0.001004976380473,-0.005932636390761,-0.02079524431645));
#6638=CARTESIAN_POINT('',(0.001336402649275,-0.005864756977115,-0.02086966501879));
#6639=CARTESIAN_POINT('',(0.00166034651909,-0.005775240924511,-0.02093787612864));
#6640=CARTESIAN_POINT('',(0.001973774938099,-0.005666057932437,-0.0210000006));
#6641=CARTESIAN_POINT('',(0.0019737715116146,-0.00566605797348498,-0.02100000012));
#6642=CARTESIAN_POINT('',(-1.90005410101851E-9,-0.00762806777147872,-0.021));
#6643=CARTESIAN_POINT('',(0.000723919193244539,-0.00704445451828638,-0.021));
#6644=CARTESIAN_POINT('',(0.00139338025755775,-0.0063927173348721,-0.021));
#6645=CARTESIAN_POINT('',(0.00197376939898818,-0.0056660569805653,-0.021));
#6646=CARTESIAN_POINT('',(-5.127900497023E-19,0.,-0.021));
#6647=CARTESIAN_POINT('',(-7.771561172376E-18,3.884041277765E-18,-0.021));
#6648=CARTESIAN_POINT('',(-8.391925477342E-18,-0.008,-0.021));
#6649=CARTESIAN_POINT('',(0.,4.662936703426E-18,-0.021));
#6650=CARTESIAN_POINT('',(0.00197377151161461,0.00566605797348498,-0.02100000012));
#6651=CARTESIAN_POINT('',(0.00197376939898825,0.00566605698056537,-0.021));
#6652=CARTESIAN_POINT('',(0.00139336406193653,0.00639273761215619,-0.021));
#6653=CARTESIAN_POINT('',(0.000723936820753985,0.00704444030727941,-0.021));
#6654=CARTESIAN_POINT('',(-1.90005367486109E-9,0.00762806777147922,-0.021));
#6655=CARTESIAN_POINT('',(-7.20707736782794E-18,0.00762806994601209,-0.0210000005667845));
#6656=CARTESIAN_POINT('',(-7.771561172376E-18,3.884041277765E-18,-0.021));
#6657=CARTESIAN_POINT('',(-8.575003516578E-18,0.008,-0.021));
#6658=CARTESIAN_POINT('',(0.,3.552713678801E-18,-0.021));
#6659=CARTESIAN_POINT('',(-1.18439529168768E-5,0.00568541319155736,-0.0204588047573274));
#6660=CARTESIAN_POINT('',(0.000653975450022471,0.00567499585325264,-0.0206394189763068));
#6661=CARTESIAN_POINT('',(0.00131979485296182,0.00566457851494794,-0.0208200331952863));
#6662=CARTESIAN_POINT('',(0.00198561425590117,0.00565416117664321,-0.0210006474142657));
#6663=CARTESIAN_POINT('',(-1.18439529170949E-5,0.00634651828893688,-0.0206131261234621));
#6664=CARTESIAN_POINT('',(0.000653975450022258,0.00633522176650122,-0.020790316688766));
#6665=CARTESIAN_POINT('',(0.00131979485296162,0.00632392524406556,-0.0209675072540698));
#6666=CARTESIAN_POINT('',(0.00198561425590097,0.0063126287216299,-0.0211446978193737));
#6667=CARTESIAN_POINT('',(-1.18439529173421E-5,0.00699892407423894,-0.0207941303908675));
#6668=CARTESIAN_POINT('',(0.000653975450022016,0.00698694136383687,-0.0209673053364233));
#6669=CARTESIAN_POINT('',(0.00131979485296138,0.00697495865343479,-0.0211404802819791));
#6670=CARTESIAN_POINT('',(0.00198561425590074,0.00696297594303272,-0.0213136552275349));
#6671=CARTESIAN_POINT('',(-1.18439529175926E-5,0.00763968862450709,-0.0210006716327031));
#6672=CARTESIAN_POINT('',(0.000653975450021771,0.00762727798951529,-0.021169264415079));
#6673=CARTESIAN_POINT('',(0.00131979485296114,0.00761486735452349,-0.0213378571974549));
#6674=CARTESIAN_POINT('',(0.0019856142559005,0.00760245671953168,-0.0215064499798309));
#6675=CARTESIAN_POINT('',(-6.64005261953448E-18,0.00762806976369417,-0.0210000011335691));
#6676=CARTESIAN_POINT('',(-6.60168438430717E-18,0.00709088922395732,-0.0208272059636966));
#6677=CARTESIAN_POINT('',(-8.40064112017709E-18,0.0065477979408089,-0.0206730569377363));
#6678=CARTESIAN_POINT('',(-8.3705733001267E-18,0.00599999874200264,-0.0205376435145615));
#6679=CARTESIAN_POINT('',(-1.37671945861888E-17,0.00599999962260079,-0.0205376399522044));
#6680=CARTESIAN_POINT('',(0.001973774938099,0.005666057932437,-0.0210000006));
#6681=CARTESIAN_POINT('',(0.00166034542344,0.005775241306181,-0.02093787591147));
#6682=CARTESIAN_POINT('',(0.001336403284333,0.00586475659136,-0.02086966511903));
#6683=CARTESIAN_POINT('',(0.001004978010766,0.005932636134778,-0.02079524468269));
#6684=CARTESIAN_POINT('',(0.000669393301379,0.005977799576404,-0.02071470470952));
#6685=CARTESIAN_POINT('',(0.000333168752726,0.006,-0.02062851451967));
#6686=CARTESIAN_POINT('',(-1.653830261422E-17,0.006,-0.02053763842548));
#6687=CARTESIAN_POINT('',(0.,1.221245327088E-17,-0.055));
#6688=CARTESIAN_POINT('',(0.,3.33066907388E-18,-0.015));
#6689=CARTESIAN_POINT('',(-9.39720797336312E-18,0.006,-0.015));
#6690=CARTESIAN_POINT('',(-9.35143846355424E-18,-0.006,-0.015));
#6691=CARTESIAN_POINT('',(-1.532107773983E-17,0.006,-0.055));
#6692=CARTESIAN_POINT('',(-1.532107773983E-17,-0.006,-0.055));
#6693=CARTESIAN_POINT('',(-0.028,3.330669073875E-18,-0.015));
#6694=CARTESIAN_POINT('',(-6.439293542826E-18,2.717403022178E-18,-0.015));
#6695=CARTESIAN_POINT('',(-6.49805190786469E-18,-0.008,-0.015));
#6696=CARTESIAN_POINT('',(0.,3.33066907388E-18,-0.015));
#6697=CARTESIAN_POINT('',(-7.15119686740994E-18,0.008,-0.015));
#6698=CARTESIAN_POINT('',(-6.439293542826E-18,2.717403022178E-18,-0.015));
#6699=CARTESIAN_POINT('',(0.,1.221245327088E-17,-0.055));
#6700=CARTESIAN_POINT('',(0.,2.220446049255E-18,-0.01));
#6701=CARTESIAN_POINT('',(-7.3818141167866E-17,0.008,-0.01));
#6702=CARTESIAN_POINT('',(-7.5165995423692E-17,-0.008,-0.01));
#6703=CARTESIAN_POINT('',(-1.5321077739826E-17,0.008,-0.055));
#6704=CARTESIAN_POINT('',(-1.5321077739826E-17,-0.008,-0.055));
#6705=CARTESIAN_POINT('',(-0.018,-0.016,-0.051));
#6706=CARTESIAN_POINT('',(-0.018,-0.016,-0.051));
#6707=CARTESIAN_POINT('',(-0.018,-0.016,-0.05245));
#6708=CARTESIAN_POINT('',(-0.018,-0.016,-0.019));
#6709=CARTESIAN_POINT('',(-0.018,-0.016,-0.019));
#6710=CARTESIAN_POINT('',(-0.018,-0.016,-0.02045));
#6711=CARTESIAN_POINT('',(0.012,7.29575130468E-18,-0.034));
#6712=CARTESIAN_POINT('',(0.012,0.02,-0.012));
#6713=CARTESIAN_POINT('',(0.012,0.02,-0.012));
#6714=CARTESIAN_POINT('',(0.012,-0.02,-0.012));
#6715=CARTESIAN_POINT('',(0.012,0.03025,-0.012));
#6716=CARTESIAN_POINT('',(0.012,0.03025,-0.03215));
#6717=CARTESIAN_POINT('',(-0.028,-0.02,-0.012));
#6718=CARTESIAN_POINT('',(-0.028,2.6645352591E-18,-0.012));
#6719=CARTESIAN_POINT('',(-0.028,0.03025,-0.012));
#6720=CARTESIAN_POINT('',(-0.028,0.02,-0.012));
#6721=CARTESIAN_POINT('',(-0.00715,0.03025,-0.012));
#6722=CARTESIAN_POINT('',(-0.028,0.02,-0.012));
#6723=CARTESIAN_POINT('',(-0.028,3.330669073875E-18,-0.015));
#6724=CARTESIAN_POINT('',(-0.018,3.330669073875E-18,-0.015));
#6725=CARTESIAN_POINT('',(-0.018,0.013,-0.015));
#6726=CARTESIAN_POINT('',(-0.018,0.02,-0.015));
#6727=CARTESIAN_POINT('',(-0.028,0.013,-0.015));
#6728=CARTESIAN_POINT('',(-0.028,0.013,-0.015));
#6729=CARTESIAN_POINT('',(-0.028,3.330669073875E-18,-0.015));
#6730=CARTESIAN_POINT('',(-0.028,0.02,-0.015));
#6731=CARTESIAN_POINT('',(-0.028,0.02,-0.015));
#6732=CARTESIAN_POINT('',(-0.028,0.012,-0.011));
#6733=CARTESIAN_POINT('',(-0.028,0.013,-0.012));
#6734=CARTESIAN_POINT('',(-0.028,0.013,-0.012));
#6735=CARTESIAN_POINT('',(-1.00382665143194E-17,0.013,-0.012));
#6736=CARTESIAN_POINT('',(-9.603429163008E-18,0.01075,-0.00975));
#6737=CARTESIAN_POINT('',(-3.552713678801E-18,0.011,-0.01));
#6738=CARTESIAN_POINT('',(-0.028,0.011,-0.01));
#6739=CARTESIAN_POINT('',(-0.028,0.011,-0.01));
#6740=CARTESIAN_POINT('',(-0.028,0.012,-0.011));
#6741=CARTESIAN_POINT('',(0.0091,-0.02,-0.0498));
#6742=CARTESIAN_POINT('',(0.0091,-0.02,-0.0498));
#6743=CARTESIAN_POINT('',(0.0091,-0.02,-0.05055));
#6744=CARTESIAN_POINT('',(0.0091,-0.02,-0.0148));
#6745=CARTESIAN_POINT('',(0.0091,-0.02,-0.0148));
#6746=CARTESIAN_POINT('',(0.0091,-0.02,-0.01555));
#6747=CARTESIAN_POINT('',(-0.03,0.0115,-0.055));
#6748=CARTESIAN_POINT('',(-0.018,0.0115,-0.055));
#6749=CARTESIAN_POINT('',(-0.018,0.0115,-0.0501244834622528));
#6750=CARTESIAN_POINT('',(-0.018,0.0115,-0.054));
#6751=CARTESIAN_POINT('',(-0.03,0.0115,-0.054));
#6752=CARTESIAN_POINT('',(0.,0.0115,-0.054));
#6753=CARTESIAN_POINT('',(0.,0.0115,-0.055));
#6754=CARTESIAN_POINT('',(1.00443161318679E-9,0.0115,-0.0507560035437213));
#6755=CARTESIAN_POINT('',(2.67601629137109E-9,0.0115,-0.0507560035612769));
#6756=CARTESIAN_POINT('',(-0.00433248107783499,0.0115,-0.0505279896697084));
#6757=CARTESIAN_POINT('',(-0.00866580463787065,0.0115,-0.0503172615465462));
#6758=CARTESIAN_POINT('',(-0.0129999969886477,0.0115,-0.0501244157823596));
#6759=CARTESIAN_POINT('',(-0.0129999977945579,0.0115,-0.0501244496226515));
#6760=CARTESIAN_POINT('',(-0.018,0.0115,-0.0501244834622542));
#6761=CARTESIAN_POINT('',(-0.018,7.771561324788E-18,-0.035));
#6762=CARTESIAN_POINT('',(-0.018,-0.013,-0.021143593539449));
#6763=CARTESIAN_POINT('',(-0.0130001610493501,-0.0130000000158803,-0.0211435935543478));
#6764=CARTESIAN_POINT('',(-0.018,-0.013,-0.0211435935394445));
#6765=CARTESIAN_POINT('',(-0.0132417960951979,-2.90545263786141E-6,-0.0349970928035085));
#6766=CARTESIAN_POINT('',(-0.013,-0.01343502884254,-0.02156497115745));
#6767=CARTESIAN_POINT('',(-0.013,-0.0134350288425394,-0.0215649711574506));
#6768=CARTESIAN_POINT('',(-0.013,-0.0151936700055615,-0.0233236123204713));
#6769=CARTESIAN_POINT('',(-0.013,-0.0180105872326443,-0.0275396200656134));
#6770=CARTESIAN_POINT('',(-0.013,-0.0194947063836771,-0.0349999999999963));
#6771=CARTESIAN_POINT('',(-0.013,-0.0180105872326471,-0.0424603799343799));
#6772=CARTESIAN_POINT('',(-0.013,-0.0151936700055658,-0.046676387679523));
#6773=CARTESIAN_POINT('',(-0.013,-0.0134350288425444,-0.0484350288425444));
#6774=CARTESIAN_POINT('',(-0.013,-0.01343502884254,-0.04843502884254));
#6775=CARTESIAN_POINT('',(-0.013,-0.0134350288425444,-0.0484350288425444));
#6776=CARTESIAN_POINT('',(-0.013,-0.0128291060351911,-0.0490409516498977));
#6777=CARTESIAN_POINT('',(-0.013,-0.0121821333097475,-0.0496058177765055));
#6778=CARTESIAN_POINT('',(-0.013,-0.0115000162792229,-0.0501244710842267));
#6779=CARTESIAN_POINT('',(-0.0129999977945578,-0.0115,-0.0501244496226503));
#6780=CARTESIAN_POINT('',(-0.018,-0.0115,-0.0501244834622542));
#6781=CARTESIAN_POINT('',(-0.018,-0.0115,-0.0501244834622521));
#6782=CARTESIAN_POINT('',(-0.018,7.771561324788E-18,-0.035));
#6783=CARTESIAN_POINT('',(-7.105427357601E-18,3.383536836953E-18,-0.018));
#6784=CARTESIAN_POINT('',(-7.105427357601E-18,-0.01,-0.018));
#6785=CARTESIAN_POINT('',(-7.49400541621975E-18,-0.01,-0.01975));
#6786=CARTESIAN_POINT('',(-9.603429163008E-18,-0.01075,-0.00975));
#6787=CARTESIAN_POINT('',(-3.552713678801E-18,-0.011,-0.01));
#6788=CARTESIAN_POINT('',(-8.31973379078474E-18,-0.013,-0.012));
#6789=CARTESIAN_POINT('',(-2.22044604925E-18,0.013,-0.01));
#6790=CARTESIAN_POINT('',(-1.532107773983E-17,-0.008,-0.055));
#6791=CARTESIAN_POINT('',(-1.71968194899625E-9,-0.00799999999999963,-0.0211229820075274));
#6792=CARTESIAN_POINT('',(-9.11099165178684E-18,-0.00799999966588075,-0.0211229827840747));
#6793=CARTESIAN_POINT('',(-9.24360501195083E-18,-0.00975890175051343,-0.0217202202634936));
#6794=CARTESIAN_POINT('',(-5.4180404064838E-18,-0.0114275824771079,-0.0225074451529703));
#6795=CARTESIAN_POINT('',(-5.63785129692462E-18,-0.0129999975901012,-0.0234973853972517));
#6796=CARTESIAN_POINT('',(-6.3819024506223E-18,-0.0129999987950506,-0.0234973850464777));
#6797=CARTESIAN_POINT('',(-3.46944695195361E-18,-0.013,-0.01));
#6798=CARTESIAN_POINT('',(0.,1.221245327088E-17,-0.055));
#6799=CARTESIAN_POINT('',(-1.532107773983E-17,0.008,-0.055));
#6800=CARTESIAN_POINT('',(-1.12402527405715E-17,0.00799999983294037,-0.0211229823904761));
#6801=CARTESIAN_POINT('',(-7.24617059064125E-11,0.00800000000000001,-0.0211229828789985));
#6802=CARTESIAN_POINT('',(0.00102989803152692,0.00800000000932853,-0.0213862988334581));
#6803=CARTESIAN_POINT('',(0.00309449097230478,0.00760060388413487,-0.0217719574636299));
#6804=CARTESIAN_POINT('',(0.00577998301578073,0.00583183804895271,-0.0220326217627839));
#6805=CARTESIAN_POINT('',(0.00757632492081994,0.00316288363627932,-0.0221343398550774));
#6806=CARTESIAN_POINT('',(0.00821052698697152,6.6583485442793E-6,-0.0221629933266016));
#6807=CARTESIAN_POINT('',(0.00758155276406421,-0.00315237872338263,-0.0221346164013501));
#6808=CARTESIAN_POINT('',(0.00578328538713083,-0.00582905933840588,-0.0220328256658648));
#6809=CARTESIAN_POINT('',(0.00309954980159637,-0.00759891824801323,-0.0217727601204395));
#6810=CARTESIAN_POINT('',(0.00103004206967967,-0.00800000023417363,-0.0213863357370284));
#6811=CARTESIAN_POINT('',(-1.81874845392449E-9,-0.00799999999999978,-0.0211229824325224));
#6812=CARTESIAN_POINT('',(-7.105427357601E-18,3.383536836953E-18,-0.018));
#6813=CARTESIAN_POINT('',(-7.105427357601E-18,0.01,-0.018));
#6814=CARTESIAN_POINT('',(-7.49400541621975E-18,0.01,-0.01975));
#6815=CARTESIAN_POINT('',(-1.04083408558608E-17,0.013,-0.026));
#6816=CARTESIAN_POINT('',(-7.50684548966584E-10,0.013,-0.0234973859569058));
#6817=CARTESIAN_POINT('',(-8.19685868524615E-18,0.0129999978470787,-0.0234973855590344));
#6818=CARTESIAN_POINT('',(-7.9770477780029E-18,0.0114275826603297,-0.0225074452390816));
#6819=CARTESIAN_POINT('',(-7.07150727139569E-18,0.0097589018476613,-0.0217202202964797));
#6820=CARTESIAN_POINT('',(-6.93889390390723E-18,0.00799999966588072,-0.0211229827840743));
#6821=CARTESIAN_POINT('',(-2.22044604925E-18,0.013,-0.01));
#6822=CARTESIAN_POINT('',(-0.028,0.013,-0.026));
#6823=CARTESIAN_POINT('',(-0.028,0.013,0.));
#6824=CARTESIAN_POINT('',(-0.018,0.013,-0.015));
#6825=CARTESIAN_POINT('',(-0.018,0.013,-0.0211435935394445));
#6826=CARTESIAN_POINT('',(-0.018,0.013,-0.021143593539449));
#6827=CARTESIAN_POINT('',(-0.0130001610493306,0.0130000000158803,-0.0211435935543478));
#6828=CARTESIAN_POINT('',(-0.0131299175418814,0.013,-0.0211195996499604));
#6829=CARTESIAN_POINT('',(-0.0130866134695093,0.013,-0.0211276072117145));
#6830=CARTESIAN_POINT('',(-0.0130433093971371,0.013,-0.0211356147734684));
#6831=CARTESIAN_POINT('',(-0.0130000053247649,0.013,-0.0211436223352224));
#6832=CARTESIAN_POINT('',(-0.00866959808754701,0.013,-0.02194437851062));
#6833=CARTESIAN_POINT('',(-0.00433613999558817,0.013,-0.0227282846033316));
#6834=CARTESIAN_POINT('',(-1.50136908808052E-9,0.013,-0.0234973866481441));
#6835=CARTESIAN_POINT('',(-0.018,7.771561324788E-18,-0.035));
#6836=CARTESIAN_POINT('',(-0.013,0.0115000162792223,-0.0501244710842271));
#6837=CARTESIAN_POINT('',(-0.013,0.0121821333097479,-0.0496058177765052));
#6838=CARTESIAN_POINT('',(-0.013,0.0128291060351924,-0.0490409516498966));
#6839=CARTESIAN_POINT('',(-0.013,0.0134350288425464,-0.0484350288425424));
#6840=CARTESIAN_POINT('',(-0.013,0.013435028842544,-0.04843502884254));
#6841=CARTESIAN_POINT('',(-0.013,0.0134350288425464,-0.0484350288425424));
#6842=CARTESIAN_POINT('',(-0.013,0.0151936700055672,-0.046676387679521));
#6843=CARTESIAN_POINT('',(-0.013,0.0180105872326475,-0.0424603799343785));
#6844=CARTESIAN_POINT('',(-0.013,0.019494706383677,-0.0349999999999964));
#6845=CARTESIAN_POINT('',(-0.013,0.0180105872326447,-0.0275396200656149));
#6846=CARTESIAN_POINT('',(-0.013,0.0151936700055629,-0.0233236123204733));
#6847=CARTESIAN_POINT('',(-0.013,0.0134350288425414,-0.0215649711574526));
#6848=CARTESIAN_POINT('',(-0.013,0.013435028842544,-0.02156497115745));
#6849=CARTESIAN_POINT('',(-0.013241796096965,2.9054524757923E-6,-0.0349970928038376));
#6850=CARTESIAN_POINT('',(-0.018,7.771561324788E-18,-0.035));
#6851=CARTESIAN_POINT('',(0.,1.221245327088E-17,-0.055));
#6852=CARTESIAN_POINT('',(0.,1.3988810110275E-17,-0.054));
#6853=CARTESIAN_POINT('',(3.52085954754864E-19,-0.0115,-0.054));
#6854=CARTESIAN_POINT('',(0.,-0.0115,-0.055));
#6855=CARTESIAN_POINT('',(1.33795823877535E-9,-0.0115,-0.0507560035612708));
#6856=CARTESIAN_POINT('',(1.34165702376024E-9,-0.0115,-0.0507560034910499));
#6857=CARTESIAN_POINT('',(0.000767775286532429,-0.011499999910427,-0.0507964106426337));
#6858=CARTESIAN_POINT('',(0.00226521687709649,-0.0113497237869249,-0.0509564760234483));
#6859=CARTESIAN_POINT('',(0.00516175295374235,-0.0104686605659637,-0.0514949536193629));
#6860=CARTESIAN_POINT('',(0.00830443056097662,-0.00837223247711736,-0.0523204850274229));
#6861=CARTESIAN_POINT('',(0.0108815072978281,-0.00457090323759097,-0.0530364404829655));
#6862=CARTESIAN_POINT('',(0.0118067713986029,-1.44153782921054E-5,-0.0532845788198228));
#6863=CARTESIAN_POINT('',(0.0108913643672954,0.00455176512613127,-0.0530391861096995));
#6864=CARTESIAN_POINT('',(0.00830977744515386,0.0083705262198035,-0.0523217906100761));
#6865=CARTESIAN_POINT('',(0.00452987408440539,0.010886172001073,-0.051329366999018));
#6866=CARTESIAN_POINT('',(0.00153496195065861,0.0114999997318673,-0.0508367869340225));
#6867=CARTESIAN_POINT('',(2.00886322637358E-9,0.0114999999999998,-0.0507560035261655));
#6868=CARTESIAN_POINT('',(0.,-0.0115,-0.055));
#6869=CARTESIAN_POINT('',(0.,-0.0115,-0.054));
#6870=CARTESIAN_POINT('',(-0.018,-0.0115,-0.054));
#6871=CARTESIAN_POINT('',(-0.018,-0.0115,-0.015));
#6872=CARTESIAN_POINT('',(-0.0129999969886476,-0.0115,-0.0501244157823573));
#6873=CARTESIAN_POINT('',(-0.00866580463790178,-0.0115,-0.050317261546543));
#6874=CARTESIAN_POINT('',(-0.00433248107790359,-0.0115,-0.0505279896697036));
#6875=CARTESIAN_POINT('',(2.6759164775507E-9,-0.0115,-0.0507560035612705));
#6876=CARTESIAN_POINT('',(-0.018,3.330669073875E-18,-0.015));
#6877=CARTESIAN_POINT('',(-0.018,1.1990408665955E-17,-0.054));
#6878=CARTESIAN_POINT('',(-0.018,-0.02,-0.056));
#6879=CARTESIAN_POINT('',(-0.018,-0.02,-0.015));
#6880=CARTESIAN_POINT('',(-0.018,3.330669073875E-18,-0.015));
#6881=CARTESIAN_POINT('',(-0.018,-0.013,-0.015));
#6882=CARTESIAN_POINT('',(-0.018,-0.013,-0.01));
#6883=CARTESIAN_POINT('',(-0.013,0.013435028842544,-0.02156497115745));
#6884=CARTESIAN_POINT('',(0.00133333333333333,0.0132900192283627,-0.0239099807716333));
#6885=CARTESIAN_POINT('',(0.0156666666666666,0.0131450096141813,-0.0262549903858166));
#6886=CARTESIAN_POINT('',(0.03,0.013,-0.0286));
#6887=CARTESIAN_POINT('',(-0.013,0.0143143494240547,-0.02244429173896));
#6888=CARTESIAN_POINT('',(0.00133333333333333,0.0138762329493698,-0.0248295278259733));
#6889=CARTESIAN_POINT('',(0.0156666666666666,0.0134381164746849,-0.0272147639129867));
#6890=CARTESIAN_POINT('',(0.03,0.013,-0.0296));
#6891=CARTESIAN_POINT('',(-0.013,0.015107044888389,-0.0234101940305853));
#6892=CARTESIAN_POINT('',(0.00133333333333333,0.0144046965922594,-0.0258067960203902));
#6893=CARTESIAN_POINT('',(0.0156666666666666,0.0137023482961297,-0.0282033980101951));
#6894=CARTESIAN_POINT('',(0.03,0.013,-0.0306));
#6895=CARTESIAN_POINT('',(-0.013,0.01648880037972,-0.0254781371892548));
#6896=CARTESIAN_POINT('',(0.00133333333333333,0.0153258669198133,-0.0278520914595033));
#6897=CARTESIAN_POINT('',(0.0156666666666666,0.0141629334599067,-0.0302260457297516));
#6898=CARTESIAN_POINT('',(0.03,0.013,-0.0326));
#6899=CARTESIAN_POINT('',(-0.013,0.0170778262463546,-0.0265801270268818));
#6900=CARTESIAN_POINT('',(0.00133333333333333,0.015718550830903,-0.0289200846845879));
#6901=CARTESIAN_POINT('',(0.0156666666666666,0.0143592754154515,-0.031260042342294));
#6902=CARTESIAN_POINT('',(0.03,0.013,-0.0336));
#6903=CARTESIAN_POINT('',(-0.013,0.0180295959880433,-0.0288779024584187));
#6904=CARTESIAN_POINT('',(0.00133333333333333,0.0163530639920288,-0.0311186016389459));
#6905=CARTESIAN_POINT('',(0.0156666666666666,0.0146765319960144,-0.0333593008194729));
#6906=CARTESIAN_POINT('',(0.03,0.013,-0.0356));
#6907=CARTESIAN_POINT('',(-0.013,0.0183923163269392,-0.0300736312150366));
#6908=CARTESIAN_POINT('',(0.00133333333333333,0.0165948775512928,-0.0322490874766911));
#6909=CARTESIAN_POINT('',(0.0156666666666666,0.0147974387756464,-0.0344245437383455));
#6910=CARTESIAN_POINT('',(0.03,0.013,-0.0366));
#6911=CARTESIAN_POINT('',(-0.013,0.0188775243306308,-0.0325129366151812));
#6912=CARTESIAN_POINT('',(0.00133333333333333,0.0169183495537539,-0.0345419577434542));
#6913=CARTESIAN_POINT('',(0.0156666666666666,0.0149591747768769,-0.036570978871727));
#6914=CARTESIAN_POINT('',(0.03,0.013,-0.0386));
#6915=CARTESIAN_POINT('',(-0.013,0.0189999999985725,-0.0337564529366909));
#6916=CARTESIAN_POINT('',(0.00133333333333333,0.0169999999990483,-0.0357043019577939));
#6917=CARTESIAN_POINT('',(0.0156666666666666,0.0149999999995242,-0.037652150978897));
#6918=CARTESIAN_POINT('',(0.03,0.013,-0.0396));
#6919=CARTESIAN_POINT('',(-0.013,0.0189999999985726,-0.0362435470633019));
#6920=CARTESIAN_POINT('',(0.00133333333333333,0.0169999999990484,-0.0380290313755346));
#6921=CARTESIAN_POINT('',(0.0156666666666666,0.0149999999995242,-0.0398145156877673));
#6922=CARTESIAN_POINT('',(0.03,0.013,-0.0416));
#6923=CARTESIAN_POINT('',(-0.013,0.018877524330631,-0.0374870633848113));
#6924=CARTESIAN_POINT('',(0.00133333333333333,0.016918349553754,-0.0391913755898742));
#6925=CARTESIAN_POINT('',(0.0156666666666666,0.014959174776877,-0.0408956877949371));
#6926=CARTESIAN_POINT('',(0.03,0.013,-0.0426));
#6927=CARTESIAN_POINT('',(-0.013,0.0183923163269393,-0.0399263687849551));
#6928=CARTESIAN_POINT('',(0.00133333333333333,0.0165948775512929,-0.0414842458566368));
#6929=CARTESIAN_POINT('',(0.0156666666666666,0.0147974387756464,-0.0430421229283183));
#6930=CARTESIAN_POINT('',(0.03,0.013,-0.0446));
#6931=CARTESIAN_POINT('',(-0.013,0.0180295959880435,-0.0411220975415725));
#6932=CARTESIAN_POINT('',(0.00133333333333333,0.016353063992029,-0.0426147316943816));
#6933=CARTESIAN_POINT('',(0.0156666666666666,0.0146765319960145,-0.0441073658471908));
#6934=CARTESIAN_POINT('',(0.03,0.013,-0.0456));
#6935=CARTESIAN_POINT('',(-0.013,0.0170778262463547,-0.0434198729731087));
#6936=CARTESIAN_POINT('',(0.00133333333333333,0.0157185508309031,-0.0448132486487392));
#6937=CARTESIAN_POINT('',(0.0156666666666666,0.0143592754154516,-0.0462066243243696));
#6938=CARTESIAN_POINT('',(0.03,0.013,-0.0476));
#6939=CARTESIAN_POINT('',(-0.013,0.0164888003797201,-0.0445218628107354));
#6940=CARTESIAN_POINT('',(0.00133333333333333,0.0153258669198134,-0.0458812418738236));
#6941=CARTESIAN_POINT('',(0.0156666666666666,0.0141629334599067,-0.0472406209369118));
#6942=CARTESIAN_POINT('',(0.03,0.013,-0.0486));
#6943=CARTESIAN_POINT('',(-0.013,0.015107044888389,-0.0465898059694047));
#6944=CARTESIAN_POINT('',(0.00133333333333333,0.0144046965922594,-0.0479265373129365));
#6945=CARTESIAN_POINT('',(0.0156666666666666,0.0137023482961297,-0.0492632686564682));
#6946=CARTESIAN_POINT('',(0.03,0.013,-0.0506));
#6947=CARTESIAN_POINT('',(-0.013,0.0143143494240547,-0.04755570826103));
#6948=CARTESIAN_POINT('',(0.00133333333333333,0.0138762329493698,-0.0489038055073533));
#6949=CARTESIAN_POINT('',(0.0156666666666666,0.0134381164746849,-0.0502519027536767));
#6950=CARTESIAN_POINT('',(0.03,0.013,-0.0516));
#6951=CARTESIAN_POINT('',(-0.013,0.013435028842544,-0.04843502884254));
#6952=CARTESIAN_POINT('',(0.00133333333333333,0.0132900192283627,-0.0498233525616933));
#6953=CARTESIAN_POINT('',(0.0156666666666666,0.0131450096141813,-0.0512116762808467));
#6954=CARTESIAN_POINT('',(0.03,0.013,-0.0526));
#6955=CARTESIAN_POINT('',(0.0085,0.013217514421272,-0.05051751442127));
#6956=CARTESIAN_POINT('',(0.03,0.013,-0.0526));
#6957=CARTESIAN_POINT('',(0.03,0.013,-0.0286));
#6958=CARTESIAN_POINT('',(0.03,0.013,-0.0286));
#6959=CARTESIAN_POINT('',(0.0085,0.013217514421272,-0.025082485578725));
#6960=CARTESIAN_POINT('',(0.0285,-0.023,-0.0265));
#6961=CARTESIAN_POINT('',(0.0160199115044275,0.026,-0.0389800884955725));
#6962=CARTESIAN_POINT('',(0.03,0.026,-0.025));
#6963=CARTESIAN_POINT('',(0.027,0.026,-0.028));
#6964=CARTESIAN_POINT('',(0.03,-0.023,-0.025));
#6965=CARTESIAN_POINT('',(0.03,0.0195277777787031,-0.025));
#6966=CARTESIAN_POINT('',(0.0285,0.0195277777785741,-0.0265));
#6967=CARTESIAN_POINT('',(0.027,0.0195277777785329,-0.028));
#6968=CARTESIAN_POINT('',(0.027,0.001982970459151,-0.028));
#6969=CARTESIAN_POINT('',(-7.105427357601E-18,-0.01,-0.018));
#6970=CARTESIAN_POINT('',(0.003,-0.01,-0.018));
#6971=CARTESIAN_POINT('',(0.003,-0.01,-0.01625));
#6972=CARTESIAN_POINT('',(0.003,-0.00825,-0.018));
#6973=CARTESIAN_POINT('',(0.003,-0.01,-0.018));
#6974=CARTESIAN_POINT('',(0.003,-0.01175,-0.018));
#6975=CARTESIAN_POINT('',(0.003,-0.01,-0.018));
#6976=CARTESIAN_POINT('',(0.003,-0.01,-0.01975));
#6977=CARTESIAN_POINT('',(0.003,-0.01,-0.018));
#6978=CARTESIAN_POINT('',(-7.105427357601E-18,0.01,-0.018));
#6979=CARTESIAN_POINT('',(0.003,0.01,-0.018));
#6980=CARTESIAN_POINT('',(0.003,0.01,-0.01625));
#6981=CARTESIAN_POINT('',(0.003,0.01175,-0.018));
#6982=CARTESIAN_POINT('',(0.003,0.01,-0.018));
#6983=CARTESIAN_POINT('',(0.003,0.00825,-0.018));
#6984=CARTESIAN_POINT('',(0.003,0.01,-0.018));
#6985=CARTESIAN_POINT('',(0.003,0.01,-0.01975));
#6986=CARTESIAN_POINT('',(0.003,0.01,-0.018));
#6987=CARTESIAN_POINT('',(-0.028,-0.012,-0.011));
#6988=CARTESIAN_POINT('',(-0.028,-0.00625,-0.00525));
#6989=CARTESIAN_POINT('',(-0.028,-0.011,-0.01));
#6990=CARTESIAN_POINT('',(-0.028,-0.013,-0.012));
#6991=CARTESIAN_POINT('',(-0.028,-0.011,-0.01));
#6992=CARTESIAN_POINT('',(-0.028,-0.013,-0.012));
#6993=CARTESIAN_POINT('',(-0.028,-0.013,-0.01));
#6994=CARTESIAN_POINT('',(-0.028,-0.013,0.));
#6995=CARTESIAN_POINT('',(-0.028,-0.013,-0.015));
#6996=CARTESIAN_POINT('',(-1.50136938168246E-9,-0.013,-0.0234973866481457));
#6997=CARTESIAN_POINT('',(-0.00433613999155522,-0.013,-0.0227282846040491));
#6998=CARTESIAN_POINT('',(-0.00866959809157555,-0.013,-0.0219443785098782));
#6999=CARTESIAN_POINT('',(-0.0130000053247656,-0.013,-0.0211436223352259));
#7000=CARTESIAN_POINT('',(-0.0130433093970975,-0.013,-0.0211356147734794));
#7001=CARTESIAN_POINT('',(-0.0130866134694294,-0.013,-0.0211276072117328));
#7002=CARTESIAN_POINT('',(-0.0131299175417613,-0.013,-0.0211195996499863));
#7003=CARTESIAN_POINT('',(-0.028,-0.013,-0.015));
#7004=CARTESIAN_POINT('',(-0.028,0.013,-0.01));
#7005=CARTESIAN_POINT('',(-0.0021650635094611,-0.00125,-0.01));
#7006=CARTESIAN_POINT('',(-0.00288675134594813,2.43945488809238E-18,-0.01));
#7007=CARTESIAN_POINT('',(-0.0021650635094611,0.00125,-0.01));
#7008=CARTESIAN_POINT('',(-0.028,0.013,-0.01));
#7009=CARTESIAN_POINT('',(-0.028,3.330669073875E-18,-0.015));
#7010=CARTESIAN_POINT('',(-0.028,-0.02,-0.015));
#7011=CARTESIAN_POINT('',(-0.028,-0.02,-0.015));
#7012=CARTESIAN_POINT('',(-0.028,3.330669073875E-18,-0.015));
#7013=CARTESIAN_POINT('',(-0.013,-0.01343502884254,-0.04843502884254));
#7014=CARTESIAN_POINT('',(0.00133333333333333,-0.01329001922836,-0.0498233525616933));
#7015=CARTESIAN_POINT('',(0.0156666666666666,-0.01314500961418,-0.0512116762808467));
#7016=CARTESIAN_POINT('',(0.03,-0.013,-0.0526));
#7017=CARTESIAN_POINT('',(-0.013,-0.01431434942405,-0.04755570826103));
#7018=CARTESIAN_POINT('',(0.00133333333333333,-0.0138762329493667,-0.0489038055073533));
#7019=CARTESIAN_POINT('',(0.0156666666666666,-0.0134381164746833,-0.0502519027536767));
#7020=CARTESIAN_POINT('',(0.03,-0.013,-0.0516));
#7021=CARTESIAN_POINT('',(-0.013,-0.0151070448883838,-0.0465898059694046));
#7022=CARTESIAN_POINT('',(0.00133333333333333,-0.0144046965922559,-0.0479265373129364));
#7023=CARTESIAN_POINT('',(0.0156666666666666,-0.013702348296128,-0.0492632686564682));
#7024=CARTESIAN_POINT('',(0.03,-0.013,-0.0506));
#7025=CARTESIAN_POINT('',(-0.013,-0.0164888003797143,-0.0445218628107344));
#7026=CARTESIAN_POINT('',(0.00133333333333333,-0.0153258669198095,-0.0458812418738229));
#7027=CARTESIAN_POINT('',(0.0156666666666666,-0.0141629334599047,-0.0472406209369115));
#7028=CARTESIAN_POINT('',(0.03,-0.013,-0.0486));
#7029=CARTESIAN_POINT('',(-0.013,-0.0170778262463487,-0.0434198729731071));
#7030=CARTESIAN_POINT('',(0.00133333333333333,-0.0157185508308991,-0.044813248648738));
#7031=CARTESIAN_POINT('',(0.0156666666666666,-0.0143592754154496,-0.046206624324369));
#7032=CARTESIAN_POINT('',(0.03,-0.013,-0.0476));
#7033=CARTESIAN_POINT('',(-0.013,-0.0180295959880373,-0.04112209754157));
#7034=CARTESIAN_POINT('',(0.00133333333333333,-0.0163530639920249,-0.04261473169438));
#7035=CARTESIAN_POINT('',(0.0156666666666666,-0.0146765319960125,-0.04410736584719));
#7036=CARTESIAN_POINT('',(0.03,-0.013,-0.0456));
#7037=CARTESIAN_POINT('',(-0.013,-0.0183923163269334,-0.0399263687849523));
#7038=CARTESIAN_POINT('',(0.00133333333333333,-0.0165948775512889,-0.0414842458566348));
#7039=CARTESIAN_POINT('',(0.0156666666666666,-0.0147974387756445,-0.0430421229283175));
#7040=CARTESIAN_POINT('',(0.03,-0.013,-0.0446));
#7041=CARTESIAN_POINT('',(-0.013,-0.0188775243306252,-0.0374870633848085));
#7042=CARTESIAN_POINT('',(0.00133333333333333,-0.0169183495537501,-0.0391913755898723));
#7043=CARTESIAN_POINT('',(0.0156666666666666,-0.0149591747768751,-0.0408956877949362));
#7044=CARTESIAN_POINT('',(0.03,-0.013,-0.0426));
#7045=CARTESIAN_POINT('',(-0.013,-0.0189999999985669,-0.0362435470632993));
#7046=CARTESIAN_POINT('',(0.00133333333333333,-0.0169999999990447,-0.0380290313755329));
#7047=CARTESIAN_POINT('',(0.0156666666666666,-0.0149999999995223,-0.0398145156877664));
#7048=CARTESIAN_POINT('',(0.03,-0.013,-0.0416));
#7049=CARTESIAN_POINT('',(-0.013,-0.0189999999985669,-0.033756452936689));
#7050=CARTESIAN_POINT('',(0.00133333333333333,-0.0169999999990447,-0.0357043019577927));
#7051=CARTESIAN_POINT('',(0.0156666666666666,-0.0149999999995223,-0.0376521509788963));
#7052=CARTESIAN_POINT('',(0.03,-0.013,-0.0396));
#7053=CARTESIAN_POINT('',(-0.013,-0.0188775243306252,-0.0325129366151799));
#7054=CARTESIAN_POINT('',(0.00133333333333333,-0.0169183495537501,-0.0345419577434532));
#7055=CARTESIAN_POINT('',(0.0156666666666666,-0.0149591747768751,-0.0365709788717266));
#7056=CARTESIAN_POINT('',(0.03,-0.013,-0.0386));
#7057=CARTESIAN_POINT('',(-0.013,-0.0183923163269334,-0.030073631215036));
#7058=CARTESIAN_POINT('',(0.00133333333333333,-0.0165948775512889,-0.0322490874766907));
#7059=CARTESIAN_POINT('',(0.0156666666666666,-0.0147974387756445,-0.0344245437383453));
#7060=CARTESIAN_POINT('',(0.03,-0.013,-0.0366));
#7061=CARTESIAN_POINT('',(-0.013,-0.0180295959880373,-0.0288779024584183));
#7062=CARTESIAN_POINT('',(0.00133333333333333,-0.0163530639920249,-0.0311186016389456));
#7063=CARTESIAN_POINT('',(0.0156666666666666,-0.0146765319960125,-0.0333593008194728));
#7064=CARTESIAN_POINT('',(0.03,-0.013,-0.0356));
#7065=CARTESIAN_POINT('',(-0.013,-0.0170778262463487,-0.0265801270268817));
#7066=CARTESIAN_POINT('',(0.00133333333333333,-0.0157185508308991,-0.0289200846845878));
#7067=CARTESIAN_POINT('',(0.0156666666666666,-0.0143592754154496,-0.0312600423422939));
#7068=CARTESIAN_POINT('',(0.03,-0.013,-0.0336));
#7069=CARTESIAN_POINT('',(-0.013,-0.0164888003797143,-0.0254781371892548));
#7070=CARTESIAN_POINT('',(0.00133333333333333,-0.0153258669198095,-0.0278520914595032));
#7071=CARTESIAN_POINT('',(0.0156666666666666,-0.0141629334599047,-0.0302260457297516));
#7072=CARTESIAN_POINT('',(0.03,-0.013,-0.0326));
#7073=CARTESIAN_POINT('',(-0.013,-0.0151070448883838,-0.0234101940305853));
#7074=CARTESIAN_POINT('',(0.00133333333333333,-0.0144046965922559,-0.0258067960203902));
#7075=CARTESIAN_POINT('',(0.0156666666666666,-0.013702348296128,-0.0282033980101951));
#7076=CARTESIAN_POINT('',(0.03,-0.013,-0.0306));
#7077=CARTESIAN_POINT('',(-0.013,-0.01431434942405,-0.02244429173896));
#7078=CARTESIAN_POINT('',(0.00133333333333333,-0.0138762329493667,-0.0248295278259733));
#7079=CARTESIAN_POINT('',(0.0156666666666666,-0.0134381164746833,-0.0272147639129867));
#7080=CARTESIAN_POINT('',(0.03,-0.013,-0.0296));
#7081=CARTESIAN_POINT('',(-0.013,-0.01343502884254,-0.02156497115745));
#7082=CARTESIAN_POINT('',(0.00133333333333333,-0.01329001922836,-0.0239099807716333));
#7083=CARTESIAN_POINT('',(0.0156666666666666,-0.01314500961418,-0.0262549903858166));
#7084=CARTESIAN_POINT('',(0.03,-0.013,-0.0286));
#7085=CARTESIAN_POINT('',(0.0085,-0.01321751442127,-0.025082485578725));
#7086=CARTESIAN_POINT('',(0.03,-0.013,-0.0286));
#7087=CARTESIAN_POINT('',(0.03,-0.013,-0.0526));
#7088=CARTESIAN_POINT('',(0.03,-0.013,-0.0526));
#7089=CARTESIAN_POINT('',(0.0085,-0.01321751442127,-0.05051751442127));
#7090=CARTESIAN_POINT('',(-0.013258162015601,-0.0134376406546989,-0.0215227344777801));
#7091=CARTESIAN_POINT('',(-0.0131721080104007,-0.013436770050646,-0.0215368133710034));
#7092=CARTESIAN_POINT('',(-0.0130860540052003,-0.013435899446593,-0.0215508922642267));
#7093=CARTESIAN_POINT('',(-0.013,-0.01343502884254,-0.02156497115745));
#7094=CARTESIAN_POINT('',(0.00133333333333333,-0.01329001922836,-0.0239099807716333));
#7095=CARTESIAN_POINT('',(0.0156666666666666,-0.01314500961418,-0.0262549903858166));
#7096=CARTESIAN_POINT('',(0.03,-0.013,-0.0286));
#7097=CARTESIAN_POINT('',(-0.013258162015601,-0.0125595449183801,-0.0206381346596729));
#7098=CARTESIAN_POINT('',(-0.0131721080104007,-0.0125582660325967,-0.0206539732984286));
#7099=CARTESIAN_POINT('',(-0.0130860540052003,-0.0125569871468134,-0.0206698119371843));
#7100=CARTESIAN_POINT('',(-0.013,-0.01255570826103,-0.02068565057594));
#7101=CARTESIAN_POINT('',(0.00133333333333333,-0.0123426943962422,-0.0233237670506266));
#7102=CARTESIAN_POINT('',(0.0156666666666666,-0.0121296805314544,-0.0259618835253133));
#7103=CARTESIAN_POINT('',(0.03,-0.0119166666666667,-0.0286));
#7104=CARTESIAN_POINT('',(-0.013258162015601,-0.0115943476554628,-0.0198406800358313));
#7105=CARTESIAN_POINT('',(-0.0131721080104006,-0.0115928337601102,-0.0198581050610896));
#7106=CARTESIAN_POINT('',(-0.0130860540052003,-0.0115913198647577,-0.0198755300863478));
#7107=CARTESIAN_POINT('',(-0.013,-0.0115898059694052,-0.0198929551116061));
#7108=CARTESIAN_POINT('',(0.00133333333333342,-0.0113376484240479,-0.0227953034077375));
#7109=CARTESIAN_POINT('',(0.0156666666666667,-0.0110854908786906,-0.0256976517038687));
#7110=CARTESIAN_POINT('',(0.03,-0.0108333333333333,-0.0286));
#7111=CARTESIAN_POINT('',(-0.0132581620156,-0.00952699720981306,-0.0184506288053681));
#7112=CARTESIAN_POINT('',(-0.0131721080103997,-0.00952528574345424,-0.018470819077004));
#7113=CARTESIAN_POINT('',(-0.0130860540051993,-0.00952357427709543,-0.0184910093486398));
#7114=CARTESIAN_POINT('',(-0.012999999999999,-0.00952186281073661,-0.0185111996202757));
#7115=CARTESIAN_POINT('',(0.00133333333333401,-0.00923679742937996,-0.0218741330801838));
#7116=CARTESIAN_POINT('',(0.015666666666667,-0.00895173204802331,-0.0252370665400919));
#7117=CARTESIAN_POINT('',(0.03,-0.00866666666666667,-0.0286));
#7118=CARTESIAN_POINT('',(-0.0132581620155993,-0.00842489536286683,-0.0178580665641995));
#7119=CARTESIAN_POINT('',(-0.013172108010399,-0.00842322123294795,-0.0178794356273468));
#7120=CARTESIAN_POINT('',(-0.0130860540051986,-0.00842154710302907,-0.017900804690494));
#7121=CARTESIAN_POINT('',(-0.0129999999999983,-0.0084198729731102,-0.0179221737536413));
#7122=CARTESIAN_POINT('',(0.00133333333333446,-0.00814102642651791,-0.0214814491690942));
#7123=CARTESIAN_POINT('',(0.0156666666666672,-0.00786217987992562,-0.0250407245845471));
#7124=CARTESIAN_POINT('',(0.03,-0.00758333333333333,-0.0286));
#7125=CARTESIAN_POINT('',(-0.0132581620155981,-0.00612633278474966,-0.0169005826179782));
#7126=CARTESIAN_POINT('',(-0.0131721080103978,-0.00612492103702459,-0.0169238564159697));
#7127=CARTESIAN_POINT('',(-0.0130860540051974,-0.00612350928929952,-0.0169471302139611));
#7128=CARTESIAN_POINT('',(-0.0129999999999971,-0.00612209754157446,-0.0169704040119526));
#7129=CARTESIAN_POINT('',(0.00133333333333528,-0.00588695391660519,-0.0208469360079684));
#7130=CARTESIAN_POINT('',(0.0156666666666676,-0.00565181029163593,-0.0247234680039842));
#7131=CARTESIAN_POINT('',(0.03,-0.00541666666666666,-0.0286));
#7132=CARTESIAN_POINT('',(-0.0132581620155975,-0.0049299292321087,-0.0165356845903895));
#7133=CARTESIAN_POINT('',(-0.0131721080103972,-0.00492874241639154,-0.0165596842846119));
#7134=CARTESIAN_POINT('',(-0.0130860540051968,-0.00492755560067438,-0.0165836839788343));
#7135=CARTESIAN_POINT('',(-0.0129999999999965,-0.00492636878495721,-0.0166076836730567));
#7136=CARTESIAN_POINT('',(0.00133333333333564,-0.00472869030108259,-0.0206051224487045));
#7137=CARTESIAN_POINT('',(0.0156666666666678,-0.00453101181720796,-0.0246025612243522));
#7138=CARTESIAN_POINT('',(0.03,-0.00433333333333334,-0.0286));
#7139=CARTESIAN_POINT('',(-0.0132581620155968,-0.00248898697231516,-0.0160475635105064));
#7140=CARTESIAN_POINT('',(-0.0131721080103965,-0.00248834577648144,-0.0160725342301258));
#7141=CARTESIAN_POINT('',(-0.0130860540051961,-0.00248770458064773,-0.0160975049497452));
#7142=CARTESIAN_POINT('',(-0.0129999999999958,-0.00248706338481402,-0.0161224756693647));
#7143=CARTESIAN_POINT('',(0.00133333333333612,-0.0023802644787649,-0.0202816504462432));
#7144=CARTESIAN_POINT('',(0.015666666666668,-0.00227346557271579,-0.0244408252231216));
#7145=CARTESIAN_POINT('',(0.03,-0.00216666666666667,-0.0286));
#7146=CARTESIAN_POINT('',(-0.0132581620155966,-0.00124450894933887,-0.0159243525270927));
#7147=CARTESIAN_POINT('',(-0.0131721080103963,-0.00124418832066091,-0.0159495683518694));
#7148=CARTESIAN_POINT('',(-0.0130860540051959,-0.00124386769198296,-0.0159747841766462));
#7149=CARTESIAN_POINT('',(-0.0129999999999956,-0.001243547063305,-0.016000000001423));
#7150=CARTESIAN_POINT('',(0.00133333333333625,-0.00119014248664778,-0.0202000000009487));
#7151=CARTESIAN_POINT('',(0.0156666666666681,-0.00113673790999055,-0.0244000000004744));
#7152=CARTESIAN_POINT('',(0.03,-0.00108333333333333,-0.0286));
#7153=CARTESIAN_POINT('',(-0.0132581620155966,0.00124450894933888,-0.0159243525270927));
#7154=CARTESIAN_POINT('',(-0.0131721080103963,0.00124418832066092,-0.0159495683518694));
#7155=CARTESIAN_POINT('',(-0.0130860540051959,0.00124386769198297,-0.0159747841766462));
#7156=CARTESIAN_POINT('',(-0.0129999999999956,0.00124354706330501,-0.016000000001423));
#7157=CARTESIAN_POINT('',(0.00133333333333625,0.00119014248664779,-0.0202000000009487));
#7158=CARTESIAN_POINT('',(0.0156666666666681,0.00113673790999056,-0.0244000000004744));
#7159=CARTESIAN_POINT('',(0.03,0.00108333333333333,-0.0286));
#7160=CARTESIAN_POINT('',(-0.0132581620155968,0.00248898697231526,-0.0160475635105064));
#7161=CARTESIAN_POINT('',(-0.0131721080103965,0.00248834577648154,-0.0160725342301258));
#7162=CARTESIAN_POINT('',(-0.0130860540051961,0.00248770458064783,-0.0160975049497452));
#7163=CARTESIAN_POINT('',(-0.0129999999999958,0.00248706338481412,-0.0161224756693647));
#7164=CARTESIAN_POINT('',(0.00133333333333612,0.00238026447876497,-0.0202816504462432));
#7165=CARTESIAN_POINT('',(0.015666666666668,0.00227346557271582,-0.0244408252231216));
#7166=CARTESIAN_POINT('',(0.03,0.00216666666666667,-0.0286));
#7167=CARTESIAN_POINT('',(-0.0132581620155975,0.00492992923210918,-0.0165356845903895));
#7168=CARTESIAN_POINT('',(-0.0131721080103972,0.00492874241639201,-0.0165596842846119));
#7169=CARTESIAN_POINT('',(-0.0130860540051968,0.00492755560067485,-0.0165836839788343));
#7170=CARTESIAN_POINT('',(-0.0129999999999965,0.00492636878495768,-0.0166076836730567));
#7171=CARTESIAN_POINT('',(0.00133333333333564,0.0047286903010829,-0.0206051224487045));
#7172=CARTESIAN_POINT('',(0.0156666666666678,0.00453101181720812,-0.0246025612243522));
#7173=CARTESIAN_POINT('',(0.03,0.00433333333333334,-0.0286));
#7174=CARTESIAN_POINT('',(-0.0132581620155981,0.00612633278475041,-0.0169005826179782));
#7175=CARTESIAN_POINT('',(-0.0131721080103978,0.00612492103702534,-0.0169238564159697));
#7176=CARTESIAN_POINT('',(-0.0130860540051974,0.00612350928930028,-0.0169471302139611));
#7177=CARTESIAN_POINT('',(-0.0129999999999971,0.00612209754157521,-0.0169704040119526));
#7178=CARTESIAN_POINT('',(0.00133333333333528,0.0058869539166057,-0.0208469360079684));
#7179=CARTESIAN_POINT('',(0.0156666666666676,0.00565181029163618,-0.0247234680039842));
#7180=CARTESIAN_POINT('',(0.03,0.00541666666666667,-0.0286));
#7181=CARTESIAN_POINT('',(-0.0132581620155993,0.00842489536286836,-0.0178580665641995));
#7182=CARTESIAN_POINT('',(-0.013172108010399,0.00842322123294948,-0.0178794356273468));
#7183=CARTESIAN_POINT('',(-0.0130860540051986,0.0084215471030306,-0.017900804690494));
#7184=CARTESIAN_POINT('',(-0.0129999999999983,0.00841987297311172,-0.0179221737536413));
#7185=CARTESIAN_POINT('',(0.00133333333333446,0.00814102642651892,-0.0214814491690942));
#7186=CARTESIAN_POINT('',(0.0156666666666672,0.00786217987992613,-0.0250407245845471));
#7187=CARTESIAN_POINT('',(0.03,0.00758333333333333,-0.0286));
#7188=CARTESIAN_POINT('',(-0.0132581620156,0.00952699720981508,-0.0184506288053681));
#7189=CARTESIAN_POINT('',(-0.0131721080103997,0.00952528574345626,-0.018470819077004));
#7190=CARTESIAN_POINT('',(-0.0130860540051993,0.00952357427709744,-0.0184910093486398));
#7191=CARTESIAN_POINT('',(-0.012999999999999,0.00952186281073862,-0.0185111996202757));
#7192=CARTESIAN_POINT('',(0.00133333333333401,0.0092367974293813,-0.0218741330801838));
#7193=CARTESIAN_POINT('',(0.015666666666667,0.00895173204802399,-0.0252370665400919));
#7194=CARTESIAN_POINT('',(0.03,0.00866666666666667,-0.0286));
#7195=CARTESIAN_POINT('',(-0.013258162015601,0.0115943476554659,-0.0198406800358313));
#7196=CARTESIAN_POINT('',(-0.0131721080104006,0.0115928337601134,-0.0198581050610896));
#7197=CARTESIAN_POINT('',(-0.0130860540052003,0.0115913198647608,-0.0198755300863478));
#7198=CARTESIAN_POINT('',(-0.013,0.0115898059694083,-0.0198929551116061));
#7199=CARTESIAN_POINT('',(0.00133333333333342,0.0113376484240499,-0.0227953034077375));
#7200=CARTESIAN_POINT('',(0.0156666666666667,0.0110854908786916,-0.0256976517038687));
#7201=CARTESIAN_POINT('',(0.03,0.0108333333333333,-0.0286));
#7202=CARTESIAN_POINT('',(-0.013258162015601,0.0125595449183838,-0.0206381346596729));
#7203=CARTESIAN_POINT('',(-0.0131721080104007,0.0125582660326004,-0.0206539732984286));
#7204=CARTESIAN_POINT('',(-0.0130860540052003,0.0125569871468171,-0.0206698119371843));
#7205=CARTESIAN_POINT('',(-0.013,0.0125557082610337,-0.02068565057594));
#7206=CARTESIAN_POINT('',(0.00133333333333333,0.0123426943962447,-0.0233237670506266));
#7207=CARTESIAN_POINT('',(0.0156666666666666,0.0121296805314557,-0.0259618835253133));
#7208=CARTESIAN_POINT('',(0.03,0.0119166666666667,-0.0286));
#7209=CARTESIAN_POINT('',(-0.013258162015601,0.013437640654703,-0.0215227344777801));
#7210=CARTESIAN_POINT('',(-0.0131721080104007,0.01343677005065,-0.0215368133710034));
#7211=CARTESIAN_POINT('',(-0.0130860540052003,0.013435899446597,-0.0215508922642267));
#7212=CARTESIAN_POINT('',(-0.013,0.013435028842544,-0.02156497115745));
#7213=CARTESIAN_POINT('',(0.00133333333333333,0.0132900192283627,-0.0239099807716333));
#7214=CARTESIAN_POINT('',(0.0156666666666666,0.0131450096141813,-0.0262549903858166));
#7215=CARTESIAN_POINT('',(0.03,0.013,-0.0286));
#7216=CARTESIAN_POINT('',(0.03,-0.013,-0.0286));
#7217=CARTESIAN_POINT('',(0.0306171738657768,-0.0195277777785711,-0.055));
#7218=CARTESIAN_POINT('',(0.0306171738657768,-0.0195277777785711,-0.028));
#7219=CARTESIAN_POINT('',(0.027,-0.0195277777785307,-0.028));
#7220=CARTESIAN_POINT('',(0.0254199999999994,-0.0195277777784411,-0.028));
#7221=CARTESIAN_POINT('',(0.0254199999992062,-0.0195277777785711,-0.055));
#7222=CARTESIAN_POINT('',(0.0254199999999994,-0.0195277777784411,-0.054));
#7223=CARTESIAN_POINT('',(-0.018,-0.0195277777785711,-0.054));
#7224=CARTESIAN_POINT('',(0.03,-0.0195277777787011,-0.054));
#7225=CARTESIAN_POINT('',(0.03,-0.0195277777785711,-0.055));
#7226=CARTESIAN_POINT('',(0.03,-0.019527777778701,-0.025));
#7227=CARTESIAN_POINT('',(0.0153085869328884,-0.0195277777785711,-0.0396914130671116));
#7228=CARTESIAN_POINT('',(-0.028,-0.02,-0.012));
#7229=CARTESIAN_POINT('',(0.012,-0.02,-0.012));
#7230=CARTESIAN_POINT('',(0.012,-0.02,-0.012));
#7231=CARTESIAN_POINT('',(0.012,-0.03025,-0.012));
#7232=CARTESIAN_POINT('',(-0.028,-0.03025,-0.012));
#7233=CARTESIAN_POINT('',(-0.028,-0.03025,-0.012));
#7234=CARTESIAN_POINT('',(-0.028,-0.02,-0.012));
#7235=CARTESIAN_POINT('',(-0.028,-0.02,-0.012));
#7236=CARTESIAN_POINT('',(-0.028,-0.02,-0.012));
#7237=CARTESIAN_POINT('',(0.012,7.29575130468E-18,-0.034));
#7238=CARTESIAN_POINT('',(0.012,-0.03025,-0.034));
#7239=CARTESIAN_POINT('',(0.012,-0.02,-0.056));
#7240=CARTESIAN_POINT('',(-0.028,0.,0.));
#7241=CARTESIAN_POINT('',(-0.028,0.026,0.));
#7242=CARTESIAN_POINT('',(-0.028,0.286317621135332,-0.054));
#7243=CARTESIAN_POINT('',(-0.028,0.03025,-0.03215));
#7244=CARTESIAN_POINT('',(-0.028,0.02,0.));
#7245=CARTESIAN_POINT('',(-0.028,-0.02,0.));
#7246=CARTESIAN_POINT('',(-0.028,-0.03025,0.));
#7247=CARTESIAN_POINT('',(-0.028,-0.286317621135332,-0.054));
#7248=CARTESIAN_POINT('',(0.0285,-0.023,-0.0265));
#7249=CARTESIAN_POINT('',(0.027,-0.023,-0.028));
#7250=CARTESIAN_POINT('',(0.03,-0.023,-0.025));
#7251=CARTESIAN_POINT('',(0.03,0.,0.));
#7252=CARTESIAN_POINT('',(0.03,0.021,0.013));
#7253=CARTESIAN_POINT('',(0.03,0.021,0.023));
#7254=CARTESIAN_POINT('',(0.03,1.1990408665955E-17,-0.054));
#7255=CARTESIAN_POINT('',(0.03,0.0195277777787031,-0.054));
#7256=CARTESIAN_POINT('',(0.03,0.0195277777785741,0.));
#7257=CARTESIAN_POINT('',(0.03,0.026,-0.02573008849557));
#7258=CARTESIAN_POINT('',(0.03,0.026,0.023));
#7259=CARTESIAN_POINT('',(0.03,0.021,0.023));
#7260=CARTESIAN_POINT('',(0.03,0.013,-0.0526));
#7261=CARTESIAN_POINT('',(-0.018,3.330669073875E-18,-0.015));
#7262=CARTESIAN_POINT('',(-0.018,1.1990408665955E-17,-0.054));
#7263=CARTESIAN_POINT('',(-0.018,0.02,-0.015));
#7264=CARTESIAN_POINT('',(-0.028,-0.02,-0.056));
#7265=CARTESIAN_POINT('',(0.0249477777777773,-0.02,-0.056));
#7266=CARTESIAN_POINT('',(0.012,-0.02,-0.056));
#7267=CARTESIAN_POINT('',(0.002769911504425,0.026,-0.02573008849557));
#7268=CARTESIAN_POINT('',(0.02,0.026,0.013));
#7269=CARTESIAN_POINT('',(0.02,0.026,0.02));
#7270=CARTESIAN_POINT('',(-0.0114800884955725,0.026,-0.0114800884955725));
#7271=CARTESIAN_POINT('',(0.023,0.026,0.023));
#7272=CARTESIAN_POINT('',(0.025,0.026,0.023));
#7273=CARTESIAN_POINT('',(0.021887897220515,0.026,-0.028));
#7274=CARTESIAN_POINT('',(0.0189777777777101,0.026,-0.028));
#7275=CARTESIAN_POINT('',(0.0189777777777794,0.026,-0.02573008849557));
#7276=CARTESIAN_POINT('',(0.022,0.026,0.018));
#7277=CARTESIAN_POINT('',(0.022,0.026,0.019));
#7278=CARTESIAN_POINT('',(0.028,0.026,0.018));
#7279=CARTESIAN_POINT('',(0.028,0.026,0.021));
#7280=CARTESIAN_POINT('',(0.025,0.026,0.021));
#7281=CARTESIAN_POINT('',(0.024,0.026,0.021));
#7282=CARTESIAN_POINT('',(0.024,0.026,0.021));
#7283=CARTESIAN_POINT('',(-0.013,0.013435028842544,-0.04843502884254));
#7284=CARTESIAN_POINT('',(0.00133333333333333,0.0132900192283627,-0.0498233525616933));
#7285=CARTESIAN_POINT('',(0.0156666666666666,0.0131450096141813,-0.0512116762808467));
#7286=CARTESIAN_POINT('',(0.03,0.013,-0.0526));
#7287=CARTESIAN_POINT('',(-0.013,0.0125557082610337,-0.04931434942405));
#7288=CARTESIAN_POINT('',(0.00133333333333333,0.0123426943962447,-0.0504095662827));
#7289=CARTESIAN_POINT('',(0.0156666666666666,0.0121296805314557,-0.05150478314135));
#7290=CARTESIAN_POINT('',(0.03,0.0119166666666667,-0.0526));
#7291=CARTESIAN_POINT('',(-0.013,0.0115898059694083,-0.0501070448883839));
#7292=CARTESIAN_POINT('',(0.00133333333333333,0.0113376484240499,-0.0509380299255892));
#7293=CARTESIAN_POINT('',(0.0156666666666666,0.0110854908786916,-0.0517690149627946));
#7294=CARTESIAN_POINT('',(0.03,0.0108333333333333,-0.0526));
#7295=CARTESIAN_POINT('',(-0.013,0.00952186281073863,-0.0514888003797142));
#7296=CARTESIAN_POINT('',(0.00133333333333333,0.00923679742938131,-0.0518592002531428));
#7297=CARTESIAN_POINT('',(0.0156666666666666,0.00895173204802399,-0.0522296001265714));
#7298=CARTESIAN_POINT('',(0.03,0.00866666666666667,-0.0526));
#7299=CARTESIAN_POINT('',(-0.013,0.00841987297311173,-0.0520778262463487));
#7300=CARTESIAN_POINT('',(0.00133333333333333,0.00814102642651893,-0.0522518841642325));
#7301=CARTESIAN_POINT('',(0.0156666666666666,0.00786217987992613,-0.0524259420821162));
#7302=CARTESIAN_POINT('',(0.03,0.00758333333333333,-0.0526));
#7303=CARTESIAN_POINT('',(-0.013,0.00612209754157525,-0.0530295959880374));
#7304=CARTESIAN_POINT('',(0.00133333333333333,0.00588695391660572,-0.0528863973253583));
#7305=CARTESIAN_POINT('',(0.0156666666666666,0.00565181029163619,-0.0527431986626791));
#7306=CARTESIAN_POINT('',(0.03,0.00541666666666667,-0.0526));
#7307=CARTESIAN_POINT('',(-0.013,0.00492636878495774,-0.0533923163269334));
#7308=CARTESIAN_POINT('',(0.00133333333333333,0.00472869030108294,-0.0531282108846223));
#7309=CARTESIAN_POINT('',(0.0156666666666666,0.00453101181720814,-0.0528641054423111));
#7310=CARTESIAN_POINT('',(0.03,0.00433333333333334,-0.0526));
#7311=CARTESIAN_POINT('',(-0.013,0.0024870633848142,-0.0538775243306252));
#7312=CARTESIAN_POINT('',(0.00133333333333333,0.00238026447876502,-0.0534516828870835));
#7313=CARTESIAN_POINT('',(0.0156666666666666,0.00227346557271584,-0.0530258414435417));
#7314=CARTESIAN_POINT('',(0.03,0.00216666666666667,-0.0526));
#7315=CARTESIAN_POINT('',(-0.013,0.0012435470633051,-0.053999999998567));
#7316=CARTESIAN_POINT('',(0.00133333333333333,0.00119014248664784,-0.053533333332378));
#7317=CARTESIAN_POINT('',(0.0156666666666666,0.00113673790999059,-0.053066666666189));
#7318=CARTESIAN_POINT('',(0.03,0.00108333333333334,-0.0526));
#7319=CARTESIAN_POINT('',(-0.013,-0.00124354706330491,-0.053999999998567));
#7320=CARTESIAN_POINT('',(0.00133333333333333,-0.00119014248664772,-0.053533333332378));
#7321=CARTESIAN_POINT('',(0.0156666666666666,-0.00113673790999052,-0.053066666666189));
#7322=CARTESIAN_POINT('',(0.03,-0.00108333333333333,-0.0526));
#7323=CARTESIAN_POINT('',(-0.013,-0.00248706338481394,-0.0538775243306252));
#7324=CARTESIAN_POINT('',(0.00133333333333333,-0.00238026447876485,-0.0534516828870835));
#7325=CARTESIAN_POINT('',(0.0156666666666666,-0.00227346557271576,-0.0530258414435417));
#7326=CARTESIAN_POINT('',(0.03,-0.00216666666666667,-0.0526));
#7327=CARTESIAN_POINT('',(-0.013,-0.00492636878495716,-0.0533923163269334));
#7328=CARTESIAN_POINT('',(0.00133333333333333,-0.00472869030108255,-0.0531282108846223));
#7329=CARTESIAN_POINT('',(0.0156666666666666,-0.00453101181720794,-0.0528641054423111));
#7330=CARTESIAN_POINT('',(0.03,-0.00433333333333333,-0.0526));
#7331=CARTESIAN_POINT('',(-0.013,-0.00612209754157442,-0.0530295959880374));
#7332=CARTESIAN_POINT('',(0.00133333333333333,-0.00588695391660517,-0.0528863973253583));
#7333=CARTESIAN_POINT('',(0.0156666666666666,-0.00565181029163591,-0.0527431986626791));
#7334=CARTESIAN_POINT('',(0.03,-0.00541666666666666,-0.0526));
#7335=CARTESIAN_POINT('',(-0.013,-0.00841987297311018,-0.0520778262463487));
#7336=CARTESIAN_POINT('',(0.00133333333333333,-0.0081410264265179,-0.0522518841642325));
#7337=CARTESIAN_POINT('',(0.0156666666666666,-0.00786217987992561,-0.0524259420821162));
#7338=CARTESIAN_POINT('',(0.03,-0.00758333333333333,-0.0526));
#7339=CARTESIAN_POINT('',(-0.013,-0.0095218628107366,-0.0514888003797142));
#7340=CARTESIAN_POINT('',(0.00133333333333333,-0.00923679742937996,-0.0518592002531428));
#7341=CARTESIAN_POINT('',(0.0156666666666666,-0.00895173204802331,-0.0522296001265714));
#7342=CARTESIAN_POINT('',(0.03,-0.00866666666666667,-0.0526));
#7343=CARTESIAN_POINT('',(-0.013,-0.0115898059694052,-0.0501070448883839));
#7344=CARTESIAN_POINT('',(0.00133333333333333,-0.0113376484240479,-0.0509380299255892));
#7345=CARTESIAN_POINT('',(0.0156666666666666,-0.0110854908786906,-0.0517690149627946));
#7346=CARTESIAN_POINT('',(0.03,-0.0108333333333333,-0.0526));
#7347=CARTESIAN_POINT('',(-0.013,-0.01255570826103,-0.04931434942405));
#7348=CARTESIAN_POINT('',(0.00133333333333333,-0.0123426943962422,-0.0504095662827));
#7349=CARTESIAN_POINT('',(0.0156666666666666,-0.0121296805314544,-0.05150478314135));
#7350=CARTESIAN_POINT('',(0.03,-0.0119166666666667,-0.0526));
#7351=CARTESIAN_POINT('',(-0.013,-0.01343502884254,-0.04843502884254));
#7352=CARTESIAN_POINT('',(0.00133333333333333,-0.01329001922836,-0.0498233525616933));
#7353=CARTESIAN_POINT('',(0.0156666666666666,-0.01314500961418,-0.0512116762808467));
#7354=CARTESIAN_POINT('',(0.03,-0.013,-0.0526));
#7355=CARTESIAN_POINT('',(0.021887897220515,0.001982970459151,-0.028));
#7356=CARTESIAN_POINT('',(0.0119356321735079,0.0195277777785741,-0.028));
#7357=CARTESIAN_POINT('',(0.02545,0.0195277777784448,-0.028));
#7358=CARTESIAN_POINT('',(0.0324413522695718,0.0125364255082077,-0.028));
#7359=CARTESIAN_POINT('',(-0.028,0.02,-0.012));
#7360=CARTESIAN_POINT('',(0.0119356321735079,0.0195277777785741,-0.055));
#7361=CARTESIAN_POINT('',(-0.018,0.0195277777785741,-0.054));
#7362=CARTESIAN_POINT('',(0.02545,0.0195277777784448,-0.054));
#7363=CARTESIAN_POINT('',(0.0254499999992054,0.0195277777785741,-0.055));
#7364=CARTESIAN_POINT('',(0.021887897220515,0.001982970459151,-0.028));
#7365=CARTESIAN_POINT('',(0.0344093227287217,-0.0105384550490556,-0.028));
#7366=CARTESIAN_POINT('',(0.0254499999996673,0.0195277777781122,-0.055));
#7367=CARTESIAN_POINT('',(0.0134888888888897,0.0314888888888898,-0.054));
#7368=CARTESIAN_POINT('',(0.0149777777777795,0.03,-0.055));
#7369=CARTESIAN_POINT('',(0.0149777777772561,0.03,-0.054));
#7370=CARTESIAN_POINT('',(0.0134888888888897,0.0314888888888898,-0.054));
#7371=CARTESIAN_POINT('',(-0.018,1.1990408665955E-17,-0.054));
#7372=CARTESIAN_POINT('',(-0.0144,-0.03,-0.054));
#7373=CARTESIAN_POINT('',(0.0149477777772554,-0.03,-0.054));
#7374=CARTESIAN_POINT('',(0.0134738888888887,-0.0314738888888887,-0.054));
#7375=CARTESIAN_POINT('',(-0.0144,-0.03,-0.0592935069961737));
#7376=CARTESIAN_POINT('',(-0.0144,-0.03,-0.0645870139923474));
#7377=CARTESIAN_POINT('',(0.0149477777777773,-0.03,-0.03215));
#7378=CARTESIAN_POINT('',(-0.0144,-0.0254015899260809,-0.0671541290981148));
#7379=CARTESIAN_POINT('',(-0.0144,-0.0208031798521618,-0.0697212442038822));
#7380=CARTESIAN_POINT('',(-0.0144,-0.0162542570988638,-0.0628283045819946));
#7381=CARTESIAN_POINT('',(-0.0144,-0.0195085141977275,-0.0595740474831309));
#7382=CARTESIAN_POINT('',(-0.0144,-0.013,-0.0660825616808584));
#7383=CARTESIAN_POINT('',(-0.0144,-0.0197523471800921,-0.0567870237415655));
#7384=CARTESIAN_POINT('',(-0.0144,-0.0199961801624567,-0.054));
#7385=CARTESIAN_POINT('',(-0.0144,0.03,-0.0592935069961737));
#7386=CARTESIAN_POINT('',(-0.0144,0.03,-0.054));
#7387=CARTESIAN_POINT('',(-0.0144,0.03,-0.0645870139923474));
#7388=CARTESIAN_POINT('',(-0.0144,0.0254015899260809,-0.0671541290981148));
#7389=CARTESIAN_POINT('',(-0.0144,0.0208031798521618,-0.0697212442038822));
#7390=CARTESIAN_POINT('',(-0.0144,0.0162542570988638,-0.0628283045819946));
#7391=CARTESIAN_POINT('',(-0.0144,0.013,-0.0660825616808584));
#7392=CARTESIAN_POINT('',(-0.0144,0.0195085141977275,-0.0595740474831309));
#7393=CARTESIAN_POINT('',(-0.0144,0.0197523471800921,-0.0567870237415655));
#7394=CARTESIAN_POINT('',(-0.0144,0.0199961801624567,-0.054));
#7395=CARTESIAN_POINT('',(-0.0144,-0.0134822363009933,-0.0663074321610511));
#7396=CARTESIAN_POINT('',(-0.0144,0.0134822363009933,-0.0663074321610511));
#7397=CARTESIAN_POINT('',(0.0137000000003316,-0.0312477777774457,-0.03215));
#7398=CARTESIAN_POINT('',(0.0146977777777773,-0.03025,-0.03215));
#7399=CARTESIAN_POINT('',(0.0134738888888887,-0.0314738888888887,-0.054));
#7400=CARTESIAN_POINT('',(0.012,7.29575130468E-18,-0.034));
#7401=CARTESIAN_POINT('',(0.012,-0.03025,-0.034));
#7402=CARTESIAN_POINT('',(-0.018,1.1990408665955E-17,-0.054));
#7403=CARTESIAN_POINT('',(-0.018,1.1990408665955E-17,-0.054));
#7404=CARTESIAN_POINT('',(0.003,1.24999999999952E-6,-0.0167474552710814));
#7405=CARTESIAN_POINT('',(0.003,1.2499999999997E-6,-0.01975));
#7406=CARTESIAN_POINT('',(0.003,-0.00825,-0.01975));
#7407=CARTESIAN_POINT('',(0.003,-0.00825,-0.0167474552710814));
#7408=CARTESIAN_POINT('',(0.0034,1.24999999999952E-6,-0.0167474552710814));
#7409=CARTESIAN_POINT('',(0.0034,-0.01175,-0.0167474552710814));
#7410=CARTESIAN_POINT('',(0.0034,-0.01175,-0.01625));
#7411=CARTESIAN_POINT('',(0.0034,1.24999999999942E-6,-0.01625));
#7412=CARTESIAN_POINT('',(0.0034,-0.00825,-0.01625));
#7413=CARTESIAN_POINT('',(0.0034,-0.00825,-0.0167474552710814));
#7414=CARTESIAN_POINT('',(0.003,1.24999999999952E-6,-0.0167474552710814));
#7415=CARTESIAN_POINT('',(0.003,-0.01175,-0.0167474552710814));
#7416=CARTESIAN_POINT('',(0.003,-0.01175,-0.01975));
#7417=CARTESIAN_POINT('',(0.003,1.2499999999997E-6,-0.01975));
#7418=CARTESIAN_POINT('',(0.0034,1.24999999999952E-6,-0.0167474552710814));
#7419=CARTESIAN_POINT('',(0.0034,-0.01175,-0.0167474552710814));
#7420=CARTESIAN_POINT('',(0.0034,-0.01175,-0.01975));
#7421=CARTESIAN_POINT('',(0.0034,-0.00825,-0.0167474552710814));
#7422=CARTESIAN_POINT('',(0.0034,-0.00825,-0.01975));
#7423=CARTESIAN_POINT('',(0.0034,1.2499999999997E-6,-0.01975));
#7424=CARTESIAN_POINT('',(0.003,1.24999999999952E-6,-0.0167474552710814));
#7425=CARTESIAN_POINT('',(0.003,1.24999999999942E-6,-0.01625));
#7426=CARTESIAN_POINT('',(0.003,-0.00825,-0.01625));
#7427=CARTESIAN_POINT('',(0.003,-0.00825,-0.0167474552710814));
#7428=CARTESIAN_POINT('',(0.003,1.24999999999952E-6,-0.0167474552710814));
#7429=CARTESIAN_POINT('',(0.003,1.24999999999942E-6,-0.01625));
#7430=CARTESIAN_POINT('',(0.003,-0.01175,-0.01625));
#7431=CARTESIAN_POINT('',(0.003,-0.01175,-0.0167474552710814));
#7432=CARTESIAN_POINT('',(0.0038,1.24999999999952E-6,-0.0167474552710814));
#7433=CARTESIAN_POINT('',(0.0038,-0.00825,-0.0167474552710814));
#7434=CARTESIAN_POINT('',(0.0038,1.24999999999952E-6,-0.0167474552710814));
#7435=CARTESIAN_POINT('',(0.0038,-0.01175,-0.0167474552710814));
#7436=CARTESIAN_POINT('',(0.003,1.2499999999997E-6,-0.01975));
#7437=CARTESIAN_POINT('',(0.003,-0.01175,-0.01975));
#7438=CARTESIAN_POINT('',(0.003,-0.00825,-0.01975));
#7439=CARTESIAN_POINT('',(0.003,1.24999999999942E-6,-0.01625));
#7440=CARTESIAN_POINT('',(0.003,-0.00825,-0.01625));
#7441=CARTESIAN_POINT('',(0.003,-0.01175,-0.01625));
#7442=CARTESIAN_POINT('',(0.003,-0.00825,-0.0167474552710814));
#7443=CARTESIAN_POINT('',(0.003,-0.01175,-0.0167474552710814));
#7444=CARTESIAN_POINT('',(0.003,1.24999999999952E-6,-0.0167474552710814));
#7445=CARTESIAN_POINT('',(0.003,1.2499999999997E-6,-0.01975));
#7446=CARTESIAN_POINT('',(0.003,0.01175,-0.01975));
#7447=CARTESIAN_POINT('',(0.003,0.01175,-0.0167474552710814));
#7448=CARTESIAN_POINT('',(0.0034,1.24999999999952E-6,-0.0167474552710814));
#7449=CARTESIAN_POINT('',(0.0034,0.00825,-0.0167474552710814));
#7450=CARTESIAN_POINT('',(0.0034,0.00825,-0.01625));
#7451=CARTESIAN_POINT('',(0.0034,1.24999999999942E-6,-0.01625));
#7452=CARTESIAN_POINT('',(0.0034,0.01175,-0.01625));
#7453=CARTESIAN_POINT('',(0.0034,0.01175,-0.0167474552710814));
#7454=CARTESIAN_POINT('',(0.003,1.24999999999952E-6,-0.0167474552710814));
#7455=CARTESIAN_POINT('',(0.003,0.00825,-0.0167474552710814));
#7456=CARTESIAN_POINT('',(0.003,0.00825,-0.01975));
#7457=CARTESIAN_POINT('',(0.003,1.2499999999997E-6,-0.01975));
#7458=CARTESIAN_POINT('',(0.0034,1.24999999999952E-6,-0.0167474552710814));
#7459=CARTESIAN_POINT('',(0.0034,0.00825,-0.0167474552710814));
#7460=CARTESIAN_POINT('',(0.0034,0.00825,-0.01975));
#7461=CARTESIAN_POINT('',(0.0034,0.01175,-0.0167474552710814));
#7462=CARTESIAN_POINT('',(0.0034,0.01175,-0.01975));
#7463=CARTESIAN_POINT('',(0.0034,1.2499999999997E-6,-0.01975));
#7464=CARTESIAN_POINT('',(0.003,1.24999999999952E-6,-0.0167474552710814));
#7465=CARTESIAN_POINT('',(0.003,1.24999999999942E-6,-0.01625));
#7466=CARTESIAN_POINT('',(0.003,0.01175,-0.01625));
#7467=CARTESIAN_POINT('',(0.003,0.01175,-0.0167474552710814));
#7468=CARTESIAN_POINT('',(0.003,1.24999999999952E-6,-0.0167474552710814));
#7469=CARTESIAN_POINT('',(0.003,1.24999999999942E-6,-0.01625));
#7470=CARTESIAN_POINT('',(0.003,0.00825,-0.01625));
#7471=CARTESIAN_POINT('',(0.003,0.00825,-0.0167474552710814));
#7472=CARTESIAN_POINT('',(0.0038,1.24999999999952E-6,-0.0167474552710814));
#7473=CARTESIAN_POINT('',(0.0038,0.01175,-0.0167474552710814));
#7474=CARTESIAN_POINT('',(0.0038,1.24999999999952E-6,-0.0167474552710814));
#7475=CARTESIAN_POINT('',(0.0038,0.00825,-0.0167474552710814));
#7476=CARTESIAN_POINT('',(0.003,1.2499999999997E-6,-0.01975));
#7477=CARTESIAN_POINT('',(0.003,0.00825,-0.01975));
#7478=CARTESIAN_POINT('',(0.003,0.01175,-0.01975));
#7479=CARTESIAN_POINT('',(0.003,1.24999999999942E-6,-0.01625));
#7480=CARTESIAN_POINT('',(0.003,0.01175,-0.01625));
#7481=CARTESIAN_POINT('',(0.003,0.00825,-0.01625));
#7482=CARTESIAN_POINT('',(0.003,0.01175,-0.0167474552710814));
#7483=CARTESIAN_POINT('',(0.003,0.00825,-0.0167474552710814));
#7484=CARTESIAN_POINT('',(-0.00715,-0.03025,-0.03215));
#7485=CARTESIAN_POINT('',(-0.00715,0.03025,-0.03215));
#7486=CARTESIAN_POINT('',(0.0215,-0.01,-0.005));
#7487=CARTESIAN_POINT('',(0.0215,-0.01,-0.005));
#7488=CARTESIAN_POINT('',(0.0215,-0.01,-0.005));
#7489=CARTESIAN_POINT('',(0.0215,-0.01,-0.006));
#7490=CARTESIAN_POINT('',(0.0215,-0.01,-0.006));
#7491=CARTESIAN_POINT('',(0.0249641016151378,-0.01,-0.006));
#7492=CARTESIAN_POINT('',(0.0180358983848622,-0.01,-0.006));
#7493=CARTESIAN_POINT('',(0.001,0.0015,0.012));
#7494=CARTESIAN_POINT('',(0.02175,0.003,0.012));
#7495=CARTESIAN_POINT('',(0.02175,0.003,0.012));
#7496=CARTESIAN_POINT('',(0.02175,-2.66453525909999E-18,0.012));
#7497=CARTESIAN_POINT('',(0.001,0.0015,0.012));
#7498=CARTESIAN_POINT('',(-0.02175,0.003,0.012));
#7499=CARTESIAN_POINT('',(-0.02175,0.003,0.012));
#7500=CARTESIAN_POINT('',(-0.02175,-2.6645352591E-18,0.012));
#7501=CARTESIAN_POINT('',(-0.02175,0.,0.));
#7502=CARTESIAN_POINT('',(0.02175,0.,0.));
#7503=CARTESIAN_POINT('',(0.001,-0.00049875,0.009));
#7504=CARTESIAN_POINT('',(0.01875,-0.013,0.009));
#7505=CARTESIAN_POINT('',(0.001,-0.00049875,0.012));
#7506=CARTESIAN_POINT('',(0.01875,-0.013,0.012));
#7507=CARTESIAN_POINT('',(0.01875,-0.013,0.009));
#7508=CARTESIAN_POINT('',(0.001,-0.00049875,0.009));
#7509=CARTESIAN_POINT('',(-0.02175,0.003,0.009));
#7510=CARTESIAN_POINT('',(-0.02175,0.003,0.009));
#7511=CARTESIAN_POINT('',(-0.02175,0.003,0.009));
#7512=CARTESIAN_POINT('',(-0.02175,0.003,0.009));
#7513=CARTESIAN_POINT('',(0.02175,0.003,0.009));
#7514=CARTESIAN_POINT('',(0.02175,0.003,0.009));
#7515=CARTESIAN_POINT('',(0.02175,0.003,0.009));
#7516=CARTESIAN_POINT('',(0.02175,0.003,0.009));
#7517=CARTESIAN_POINT('',(0.001,-0.00049875,0.009));
#7518=CARTESIAN_POINT('',(0.0180358983848622,-0.01,-0.025502));
#7519=CARTESIAN_POINT('',(0.0249641016151378,-0.01,-0.025502));
#7520=CARTESIAN_POINT('',(-0.013625,0.024719170058634,-0.000101387818865866));
#7521=CARTESIAN_POINT('',(-0.013625,0.024719170058634,0.00530000000000013));
#7522=CARTESIAN_POINT('',(-0.013625,0.008,0.00530000000000013));
#7523=CARTESIAN_POINT('',(-0.013625,0.008,0.01015));
#7524=CARTESIAN_POINT('',(-0.013625,0.005,-0.000101387818865866));
#7525=CARTESIAN_POINT('',(-0.013625,0.005,-0.000699999999999869));
#7526=CARTESIAN_POINT('',(-0.013625,0.024719170058634,-0.000699999999999869));
#7527=CARTESIAN_POINT('',(-0.013026387818866,0.024719170058634,-0.000699999999999869));
#7528=CARTESIAN_POINT('',(-0.013026387818866,0.005,-0.000699999999999869));
#7529=CARTESIAN_POINT('',(-0.007625,0.005,-0.000699999999999869));
#7530=CARTESIAN_POINT('',(-0.007625,0.024719170058634,-0.000699999999999869));
#7531=CARTESIAN_POINT('',(0.001,0.005,-0.0065));
#7532=CARTESIAN_POINT('',(-0.007625,0.005,0.00470138781886613));
#7533=CARTESIAN_POINT('',(-0.013026387818866,0.024719170058634,0.00530000000000013));
#7534=CARTESIAN_POINT('',(-0.007625,0.024719170058634,0.00530000000000013));
#7535=CARTESIAN_POINT('',(-0.007625,0.008,0.00530000000000013));
#7536=CARTESIAN_POINT('',(-0.013026387818866,0.008,0.00530000000000013));
#7537=CARTESIAN_POINT('',(-0.007625,0.024719170058634,0.00470138781886613));
#7538=CARTESIAN_POINT('',(-0.007625,0.008,0.01015));
#7539=CARTESIAN_POINT('',(0.001,0.003,-0.0065));
#7540=CARTESIAN_POINT('',(-0.0136560889132455,0.003,0.00405000000000015));
#7541=CARTESIAN_POINT('',(-0.0146664518843274,0.003,0.00230000000000015));
#7542=CARTESIAN_POINT('',(-0.00693932713659397,0.003,-0.011083772659497));
#7543=CARTESIAN_POINT('',(-0.010625,0.008,0.00715));
#7544=CARTESIAN_POINT('',(-0.0136560889132455,0.002997,0.000550000000000137));
#7545=CARTESIAN_POINT('',(-0.0146664518843274,0.002997,0.00230000000000014));
#7546=CARTESIAN_POINT('',(-0.0136560889132455,0.002997,0.00405000000000015));
#7547=CARTESIAN_POINT('',(-0.0021650635094611,-0.00125,-0.009997));
#7548=CARTESIAN_POINT('',(-0.00288675134594813,2.38524477946811E-18,-0.009997));
#7549=CARTESIAN_POINT('',(-0.0021650635094611,0.00125,-0.009997));
#7550=CARTESIAN_POINT('',(-0.0144,-0.024,-0.0610649300382635));
#7551=CARTESIAN_POINT('',(-0.0084,0.024,-0.0610649300382635));
#7552=CARTESIAN_POINT('',(0.02,0.021,0.013));
#7553=CARTESIAN_POINT('',(0.02,0.021,0.013));
#7554=CARTESIAN_POINT('',(0.02,0.021,0.02));
#7555=CARTESIAN_POINT('',(0.02,0.021,0.02));
#7556=CARTESIAN_POINT('',(0.001,0.021,-0.0025));
#7557=CARTESIAN_POINT('',(0.025,0.021,0.023));
#7558=CARTESIAN_POINT('',(0.023,0.021,0.023));
#7559=CARTESIAN_POINT('',(0.02,0.021,0.02));
#7560=CARTESIAN_POINT('',(0.022,0.021,0.018));
#7561=CARTESIAN_POINT('',(0.022,0.021,0.019));
#7562=CARTESIAN_POINT('',(0.000750000000000013,0.021,-0.00225));
#7563=CARTESIAN_POINT('',(0.024,0.021,0.021));
#7564=CARTESIAN_POINT('',(0.025,0.021,0.021));
#7565=CARTESIAN_POINT('',(0.028,0.021,0.021));
#7566=CARTESIAN_POINT('',(0.028,0.021,0.018));
#7567=CARTESIAN_POINT('',(0.022,0.021,0.018));
#7568=CARTESIAN_POINT('',(0.022,0.021,0.019));
#7569=CARTESIAN_POINT('',(0.028,0.021,0.018));
#7570=CARTESIAN_POINT('',(0.028,0.021,0.021));
#7571=CARTESIAN_POINT('',(0.025,0.021,0.023));
#7572=CARTESIAN_POINT('',(0.023,0.021,0.023));
#7573=CARTESIAN_POINT('',(0.025,0.021,0.021));
#7574=CARTESIAN_POINT('',(0.024,0.021,0.021));
#7575=CARTESIAN_POINT('',(0.024,0.021,0.021));
#7576=CARTESIAN_POINT('',(0.02,0.021,0.02));
#7577=MECHANICAL_DESIGN_GEOMETRIC_PRESENTATION_REPRESENTATION('',(#4382),
#7578);
#7578=(
GEOMETRIC_REPRESENTATION_CONTEXT(3)
GLOBAL_UNCERTAINTY_ASSIGNED_CONTEXT((#7579))
GLOBAL_UNIT_ASSIGNED_CONTEXT((#7582,#7581,#7580))
REPRESENTATION_CONTEXT('Toolhead','TOP_LEVEL_ASSEMBLY_PART')
);
#7579=UNCERTAINTY_MEASURE_WITH_UNIT(LENGTH_MEASURE(2.6975966861217E-5),
#7582,'DISTANCE_ACCURACY_VALUE','Maximum Tolerance applied to model');
#7580=(
NAMED_UNIT(*)
SI_UNIT($,.STERADIAN.)
SOLID_ANGLE_UNIT()
);
#7581=(
NAMED_UNIT(*)
PLANE_ANGLE_UNIT()
SI_UNIT($,.RADIAN.)
);
#7582=(
LENGTH_UNIT()
NAMED_UNIT(*)
SI_UNIT($,.METRE.)
);
#7583=PRODUCT_DEFINITION_SHAPE('','',#7584);
#7584=PRODUCT_DEFINITION('','',#7586,#7585);
#7585=PRODUCT_DEFINITION_CONTEXT('',#7592,'design');
#7586=PRODUCT_DEFINITION_FORMATION_WITH_SPECIFIED_SOURCE('','',#7588,
 .NOT_KNOWN.);
#7587=PRODUCT_RELATED_PRODUCT_CATEGORY('','',(#7588));
#7588=PRODUCT('Toolhead','Toolhead','Toolhead',(#7590));
#7589=PRODUCT_CATEGORY('','');
#7590=PRODUCT_CONTEXT('',#7592,'mechanical');
#7591=APPLICATION_PROTOCOL_DEFINITION('international standard',
'ap242_managed_model_based_3d_engineering',2020,#7592);
#7592=APPLICATION_CONTEXT('managed model based 3d engineering');
ENDSEC;
END-ISO-10303-21;
