ISO-10303-21;
HEADER;
/* Generated by software containing ST-Developer
 * from STEP Tools, Inc. (www.steptools.com) 
 */
/* OPTION: using custom renumber hook */

FILE_DESCRIPTION(
/* description */ ('STEP AP242 Edition 2',
'CAx-IF Rec.Pracs.---Representation and Presentation of Product Manufa
cturing Information (PMI)---4.0---2014-10-13',
'CAx-IF Rec.Pracs.---3D Tessellated Geometry---0.4---2014-09-14','2;1',
'CAx-IF Rec.Pracs.---User Defined Attributes---1.5---2016-08-15'),
/* implementation_level */ '2;1');

FILE_NAME(
/* name */ 'Base and Z Axis - Back Left Top Plate',
/* time_stamp */ '2026-01-10T06:34:49Z',
/* author */ (''),
/* organization */ (''),
/* preprocessor_version */ 'ST-DEVELOPER v20',
/* originating_system */ 'ONSHAPE BY PTC INC, 1.209',
/* authorisation */ '  ');

FILE_SCHEMA (('AP242_MANAGED_MODEL_BASED_3D_ENGINEERING_MIM_LF { 1 0 10303 442 3 1 4 }'));
ENDSEC;

DATA;
#10=SHAPE_REPRESENTATION_RELATIONSHIP('','',#1537,#11);
#11=ADVANCED_BREP_SHAPE_REPRESENTATION('',(#1535),#2457);
#12=CYLINDRICAL_SURFACE('',#1598,0.002);
#13=CYLINDRICAL_SURFACE('',#1600,0.002);
#14=CYLINDRICAL_SURFACE('',#1620,0.003);
#15=CYLINDRICAL_SURFACE('',#1622,0.003);
#16=CYLINDRICAL_SURFACE('',#1623,0.003);
#17=CYLINDRICAL_SURFACE('',#1624,0.003);
#18=CIRCLE('',#1554,0.002);
#19=CIRCLE('',#1556,0.002);
#20=CIRCLE('',#1559,0.002);
#21=CIRCLE('',#1563,0.002);
#22=CIRCLE('',#1581,0.002);
#23=CIRCLE('',#1583,0.002);
#24=CIRCLE('',#1586,0.002);
#25=CIRCLE('',#1590,0.002);
#26=CIRCLE('',#1594,0.003);
#27=CIRCLE('',#1595,0.003);
#28=CIRCLE('',#1596,0.003);
#29=CIRCLE('',#1597,0.003);
#30=CIRCLE('',#1599,0.002);
#31=CIRCLE('',#1601,0.002);
#32=CIRCLE('',#1605,0.003);
#33=CIRCLE('',#1606,0.003);
#34=CIRCLE('',#1607,0.003);
#35=CIRCLE('',#1608,0.003);
#36=ORIENTED_EDGE('',*,*,#448,.F.);
#37=ORIENTED_EDGE('',*,*,#449,.F.);
#38=ORIENTED_EDGE('',*,*,#450,.T.);
#39=ORIENTED_EDGE('',*,*,#451,.T.);
#40=ORIENTED_EDGE('',*,*,#452,.T.);
#41=ORIENTED_EDGE('',*,*,#453,.F.);
#42=ORIENTED_EDGE('',*,*,#454,.F.);
#43=ORIENTED_EDGE('',*,*,#455,.T.);
#44=ORIENTED_EDGE('',*,*,#456,.T.);
#45=ORIENTED_EDGE('',*,*,#457,.T.);
#46=ORIENTED_EDGE('',*,*,#458,.F.);
#47=ORIENTED_EDGE('',*,*,#459,.F.);
#48=ORIENTED_EDGE('',*,*,#460,.T.);
#49=ORIENTED_EDGE('',*,*,#461,.T.);
#50=ORIENTED_EDGE('',*,*,#449,.T.);
#51=ORIENTED_EDGE('',*,*,#462,.F.);
#52=ORIENTED_EDGE('',*,*,#457,.F.);
#53=ORIENTED_EDGE('',*,*,#463,.T.);
#54=ORIENTED_EDGE('',*,*,#464,.T.);
#55=ORIENTED_EDGE('',*,*,#465,.T.);
#56=ORIENTED_EDGE('',*,*,#466,.T.);
#57=ORIENTED_EDGE('',*,*,#467,.F.);
#58=ORIENTED_EDGE('',*,*,#468,.F.);
#59=ORIENTED_EDGE('',*,*,#451,.F.);
#60=ORIENTED_EDGE('',*,*,#469,.F.);
#61=ORIENTED_EDGE('',*,*,#452,.F.);
#62=ORIENTED_EDGE('',*,*,#470,.T.);
#63=ORIENTED_EDGE('',*,*,#471,.T.);
#64=ORIENTED_EDGE('',*,*,#472,.F.);
#65=ORIENTED_EDGE('',*,*,#471,.F.);
#66=ORIENTED_EDGE('',*,*,#473,.T.);
#67=ORIENTED_EDGE('',*,*,#454,.T.);
#68=ORIENTED_EDGE('',*,*,#474,.T.);
#69=ORIENTED_EDGE('',*,*,#455,.F.);
#70=ORIENTED_EDGE('',*,*,#475,.F.);
#71=ORIENTED_EDGE('',*,*,#476,.T.);
#72=ORIENTED_EDGE('',*,*,#477,.F.);
#73=ORIENTED_EDGE('',*,*,#478,.F.);
#74=ORIENTED_EDGE('',*,*,#479,.T.);
#75=ORIENTED_EDGE('',*,*,#459,.T.);
#76=ORIENTED_EDGE('',*,*,#480,.T.);
#77=ORIENTED_EDGE('',*,*,#460,.F.);
#78=ORIENTED_EDGE('',*,*,#481,.F.);
#79=ORIENTED_EDGE('',*,*,#482,.T.);
#80=ORIENTED_EDGE('',*,*,#483,.T.);
#81=ORIENTED_EDGE('',*,*,#484,.F.);
#82=ORIENTED_EDGE('',*,*,#485,.F.);
#83=ORIENTED_EDGE('',*,*,#464,.F.);
#84=ORIENTED_EDGE('',*,*,#486,.F.);
#85=ORIENTED_EDGE('',*,*,#465,.F.);
#86=ORIENTED_EDGE('',*,*,#487,.T.);
#87=ORIENTED_EDGE('',*,*,#478,.T.);
#88=ORIENTED_EDGE('',*,*,#488,.F.);
#89=ORIENTED_EDGE('',*,*,#489,.T.);
#90=ORIENTED_EDGE('',*,*,#463,.F.);
#91=ORIENTED_EDGE('',*,*,#456,.F.);
#92=ORIENTED_EDGE('',*,*,#490,.T.);
#93=ORIENTED_EDGE('',*,*,#461,.F.);
#94=ORIENTED_EDGE('',*,*,#491,.T.);
#95=ORIENTED_EDGE('',*,*,#492,.T.);
#96=ORIENTED_EDGE('',*,*,#493,.T.);
#97=ORIENTED_EDGE('',*,*,#450,.F.);
#98=ORIENTED_EDGE('',*,*,#462,.T.);
#99=ORIENTED_EDGE('',*,*,#486,.T.);
#100=ORIENTED_EDGE('',*,*,#494,.T.);
#101=ORIENTED_EDGE('',*,*,#495,.T.);
#102=ORIENTED_EDGE('',*,*,#477,.T.);
#103=ORIENTED_EDGE('',*,*,#458,.T.);
#104=ORIENTED_EDGE('',*,*,#496,.F.);
#105=ORIENTED_EDGE('',*,*,#475,.T.);
#106=ORIENTED_EDGE('',*,*,#473,.F.);
#107=ORIENTED_EDGE('',*,*,#470,.F.);
#108=ORIENTED_EDGE('',*,*,#468,.T.);
#109=ORIENTED_EDGE('',*,*,#472,.T.);
#110=ORIENTED_EDGE('',*,*,#453,.T.);
#111=ORIENTED_EDGE('',*,*,#497,.T.);
#112=ORIENTED_EDGE('',*,*,#487,.F.);
#113=ORIENTED_EDGE('',*,*,#485,.T.);
#114=ORIENTED_EDGE('',*,*,#498,.T.);
#115=ORIENTED_EDGE('',*,*,#481,.T.);
#116=ORIENTED_EDGE('',*,*,#479,.F.);
#117=ORIENTED_EDGE('',*,*,#491,.F.);
#118=ORIENTED_EDGE('',*,*,#480,.F.);
#119=ORIENTED_EDGE('',*,*,#499,.T.);
#120=ORIENTED_EDGE('',*,*,#500,.T.);
#121=ORIENTED_EDGE('',*,*,#448,.T.);
#122=ORIENTED_EDGE('',*,*,#469,.T.);
#123=ORIENTED_EDGE('',*,*,#501,.T.);
#124=ORIENTED_EDGE('',*,*,#489,.F.);
#125=ORIENTED_EDGE('',*,*,#502,.F.);
#126=ORIENTED_EDGE('',*,*,#503,.T.);
#127=ORIENTED_EDGE('',*,*,#483,.F.);
#128=ORIENTED_EDGE('',*,*,#474,.F.);
#129=ORIENTED_EDGE('',*,*,#504,.F.);
#130=ORIENTED_EDGE('',*,*,#505,.F.);
#131=ORIENTED_EDGE('',*,*,#490,.F.);
#132=ORIENTED_EDGE('',*,*,#506,.F.);
#133=ORIENTED_EDGE('',*,*,#507,.F.);
#134=ORIENTED_EDGE('',*,*,#508,.T.);
#135=ORIENTED_EDGE('',*,*,#509,.T.);
#136=ORIENTED_EDGE('',*,*,#510,.T.);
#137=ORIENTED_EDGE('',*,*,#511,.F.);
#138=ORIENTED_EDGE('',*,*,#512,.F.);
#139=ORIENTED_EDGE('',*,*,#513,.T.);
#140=ORIENTED_EDGE('',*,*,#514,.T.);
#141=ORIENTED_EDGE('',*,*,#515,.T.);
#142=ORIENTED_EDGE('',*,*,#516,.F.);
#143=ORIENTED_EDGE('',*,*,#517,.F.);
#144=ORIENTED_EDGE('',*,*,#518,.T.);
#145=ORIENTED_EDGE('',*,*,#519,.T.);
#146=ORIENTED_EDGE('',*,*,#507,.T.);
#147=ORIENTED_EDGE('',*,*,#520,.F.);
#148=ORIENTED_EDGE('',*,*,#515,.F.);
#149=ORIENTED_EDGE('',*,*,#521,.T.);
#150=ORIENTED_EDGE('',*,*,#522,.T.);
#151=ORIENTED_EDGE('',*,*,#523,.T.);
#152=ORIENTED_EDGE('',*,*,#524,.T.);
#153=ORIENTED_EDGE('',*,*,#525,.F.);
#154=ORIENTED_EDGE('',*,*,#526,.F.);
#155=ORIENTED_EDGE('',*,*,#509,.F.);
#156=ORIENTED_EDGE('',*,*,#527,.F.);
#157=ORIENTED_EDGE('',*,*,#510,.F.);
#158=ORIENTED_EDGE('',*,*,#528,.T.);
#159=ORIENTED_EDGE('',*,*,#529,.T.);
#160=ORIENTED_EDGE('',*,*,#530,.F.);
#161=ORIENTED_EDGE('',*,*,#529,.F.);
#162=ORIENTED_EDGE('',*,*,#531,.T.);
#163=ORIENTED_EDGE('',*,*,#512,.T.);
#164=ORIENTED_EDGE('',*,*,#532,.T.);
#165=ORIENTED_EDGE('',*,*,#513,.F.);
#166=ORIENTED_EDGE('',*,*,#533,.F.);
#167=ORIENTED_EDGE('',*,*,#534,.T.);
#168=ORIENTED_EDGE('',*,*,#535,.F.);
#169=ORIENTED_EDGE('',*,*,#536,.F.);
#170=ORIENTED_EDGE('',*,*,#537,.T.);
#171=ORIENTED_EDGE('',*,*,#517,.T.);
#172=ORIENTED_EDGE('',*,*,#538,.T.);
#173=ORIENTED_EDGE('',*,*,#518,.F.);
#174=ORIENTED_EDGE('',*,*,#539,.F.);
#175=ORIENTED_EDGE('',*,*,#540,.T.);
#176=ORIENTED_EDGE('',*,*,#541,.T.);
#177=ORIENTED_EDGE('',*,*,#542,.F.);
#178=ORIENTED_EDGE('',*,*,#543,.F.);
#179=ORIENTED_EDGE('',*,*,#522,.F.);
#180=ORIENTED_EDGE('',*,*,#544,.F.);
#181=ORIENTED_EDGE('',*,*,#523,.F.);
#182=ORIENTED_EDGE('',*,*,#545,.T.);
#183=ORIENTED_EDGE('',*,*,#536,.T.);
#184=ORIENTED_EDGE('',*,*,#546,.F.);
#185=ORIENTED_EDGE('',*,*,#547,.T.);
#186=ORIENTED_EDGE('',*,*,#521,.F.);
#187=ORIENTED_EDGE('',*,*,#514,.F.);
#188=ORIENTED_EDGE('',*,*,#548,.T.);
#189=ORIENTED_EDGE('',*,*,#519,.F.);
#190=ORIENTED_EDGE('',*,*,#549,.T.);
#191=ORIENTED_EDGE('',*,*,#550,.T.);
#192=ORIENTED_EDGE('',*,*,#551,.T.);
#193=ORIENTED_EDGE('',*,*,#508,.F.);
#194=ORIENTED_EDGE('',*,*,#520,.T.);
#195=ORIENTED_EDGE('',*,*,#544,.T.);
#196=ORIENTED_EDGE('',*,*,#552,.T.);
#197=ORIENTED_EDGE('',*,*,#553,.T.);
#198=ORIENTED_EDGE('',*,*,#535,.T.);
#199=ORIENTED_EDGE('',*,*,#516,.T.);
#200=ORIENTED_EDGE('',*,*,#554,.F.);
#201=ORIENTED_EDGE('',*,*,#533,.T.);
#202=ORIENTED_EDGE('',*,*,#531,.F.);
#203=ORIENTED_EDGE('',*,*,#528,.F.);
#204=ORIENTED_EDGE('',*,*,#526,.T.);
#205=ORIENTED_EDGE('',*,*,#530,.T.);
#206=ORIENTED_EDGE('',*,*,#511,.T.);
#207=ORIENTED_EDGE('',*,*,#555,.T.);
#208=ORIENTED_EDGE('',*,*,#545,.F.);
#209=ORIENTED_EDGE('',*,*,#543,.T.);
#210=ORIENTED_EDGE('',*,*,#556,.T.);
#211=ORIENTED_EDGE('',*,*,#539,.T.);
#212=ORIENTED_EDGE('',*,*,#537,.F.);
#213=ORIENTED_EDGE('',*,*,#549,.F.);
#214=ORIENTED_EDGE('',*,*,#538,.F.);
#215=ORIENTED_EDGE('',*,*,#557,.T.);
#216=ORIENTED_EDGE('',*,*,#558,.T.);
#217=ORIENTED_EDGE('',*,*,#506,.T.);
#218=ORIENTED_EDGE('',*,*,#527,.T.);
#219=ORIENTED_EDGE('',*,*,#559,.T.);
#220=ORIENTED_EDGE('',*,*,#547,.F.);
#221=ORIENTED_EDGE('',*,*,#560,.F.);
#222=ORIENTED_EDGE('',*,*,#561,.T.);
#223=ORIENTED_EDGE('',*,*,#541,.F.);
#224=ORIENTED_EDGE('',*,*,#532,.F.);
#225=ORIENTED_EDGE('',*,*,#562,.F.);
#226=ORIENTED_EDGE('',*,*,#563,.F.);
#227=ORIENTED_EDGE('',*,*,#548,.F.);
#228=ORIENTED_EDGE('',*,*,#564,.T.);
#229=ORIENTED_EDGE('',*,*,#565,.T.);
#230=ORIENTED_EDGE('',*,*,#566,.F.);
#231=ORIENTED_EDGE('',*,*,#567,.F.);
#232=ORIENTED_EDGE('',*,*,#568,.T.);
#233=ORIENTED_EDGE('',*,*,#569,.T.);
#234=ORIENTED_EDGE('',*,*,#570,.T.);
#235=ORIENTED_EDGE('',*,*,#571,.F.);
#236=ORIENTED_EDGE('',*,*,#572,.T.);
#237=ORIENTED_EDGE('',*,*,#573,.F.);
#238=ORIENTED_EDGE('',*,*,#574,.F.);
#239=ORIENTED_EDGE('',*,*,#575,.F.);
#240=ORIENTED_EDGE('',*,*,#576,.T.);
#241=ORIENTED_EDGE('',*,*,#577,.T.);
#242=ORIENTED_EDGE('',*,*,#578,.T.);
#243=ORIENTED_EDGE('',*,*,#579,.F.);
#244=ORIENTED_EDGE('',*,*,#580,.F.);
#245=ORIENTED_EDGE('',*,*,#581,.T.);
#246=ORIENTED_EDGE('',*,*,#582,.T.);
#247=ORIENTED_EDGE('',*,*,#583,.T.);
#248=ORIENTED_EDGE('',*,*,#584,.T.);
#249=ORIENTED_EDGE('',*,*,#585,.T.);
#250=ORIENTED_EDGE('',*,*,#586,.T.);
#251=ORIENTED_EDGE('',*,*,#587,.T.);
#252=ORIENTED_EDGE('',*,*,#588,.F.);
#253=ORIENTED_EDGE('',*,*,#589,.F.);
#254=ORIENTED_EDGE('',*,*,#590,.T.);
#255=ORIENTED_EDGE('',*,*,#495,.F.);
#256=ORIENTED_EDGE('',*,*,#501,.F.);
#257=ORIENTED_EDGE('',*,*,#497,.F.);
#258=ORIENTED_EDGE('',*,*,#494,.F.);
#259=ORIENTED_EDGE('',*,*,#591,.T.);
#260=ORIENTED_EDGE('',*,*,#553,.F.);
#261=ORIENTED_EDGE('',*,*,#559,.F.);
#262=ORIENTED_EDGE('',*,*,#555,.F.);
#263=ORIENTED_EDGE('',*,*,#552,.F.);
#264=ORIENTED_EDGE('',*,*,#592,.F.);
#265=ORIENTED_EDGE('',*,*,#593,.T.);
#266=ORIENTED_EDGE('',*,*,#594,.T.);
#267=ORIENTED_EDGE('',*,*,#582,.F.);
#268=ORIENTED_EDGE('',*,*,#595,.F.);
#269=ORIENTED_EDGE('',*,*,#596,.T.);
#270=ORIENTED_EDGE('',*,*,#597,.T.);
#271=ORIENTED_EDGE('',*,*,#598,.T.);
#272=ORIENTED_EDGE('',*,*,#599,.T.);
#273=ORIENTED_EDGE('',*,*,#595,.T.);
#274=ORIENTED_EDGE('',*,*,#581,.F.);
#275=ORIENTED_EDGE('',*,*,#600,.F.);
#276=ORIENTED_EDGE('',*,*,#601,.F.);
#277=ORIENTED_EDGE('',*,*,#596,.F.);
#278=ORIENTED_EDGE('',*,*,#599,.F.);
#279=ORIENTED_EDGE('',*,*,#602,.T.);
#280=ORIENTED_EDGE('',*,*,#603,.F.);
#281=ORIENTED_EDGE('',*,*,#604,.T.);
#282=ORIENTED_EDGE('',*,*,#605,.T.);
#283=ORIENTED_EDGE('',*,*,#606,.F.);
#284=ORIENTED_EDGE('',*,*,#607,.F.);
#285=ORIENTED_EDGE('',*,*,#608,.F.);
#286=ORIENTED_EDGE('',*,*,#609,.T.);
#287=ORIENTED_EDGE('',*,*,#610,.T.);
#288=ORIENTED_EDGE('',*,*,#611,.T.);
#289=ORIENTED_EDGE('',*,*,#612,.F.);
#290=ORIENTED_EDGE('',*,*,#613,.T.);
#291=ORIENTED_EDGE('',*,*,#614,.F.);
#292=ORIENTED_EDGE('',*,*,#615,.F.);
#293=ORIENTED_EDGE('',*,*,#616,.F.);
#294=ORIENTED_EDGE('',*,*,#617,.F.);
#295=ORIENTED_EDGE('',*,*,#618,.F.);
#296=ORIENTED_EDGE('',*,*,#619,.F.);
#297=ORIENTED_EDGE('',*,*,#620,.F.);
#298=ORIENTED_EDGE('',*,*,#570,.F.);
#299=ORIENTED_EDGE('',*,*,#621,.F.);
#300=ORIENTED_EDGE('',*,*,#614,.T.);
#301=ORIENTED_EDGE('',*,*,#622,.T.);
#302=ORIENTED_EDGE('',*,*,#623,.F.);
#303=ORIENTED_EDGE('',*,*,#615,.T.);
#304=ORIENTED_EDGE('',*,*,#621,.T.);
#305=ORIENTED_EDGE('',*,*,#583,.F.);
#306=ORIENTED_EDGE('',*,*,#594,.F.);
#307=ORIENTED_EDGE('',*,*,#624,.T.);
#308=ORIENTED_EDGE('',*,*,#604,.F.);
#309=ORIENTED_EDGE('',*,*,#625,.T.);
#310=ORIENTED_EDGE('',*,*,#626,.F.);
#311=ORIENTED_EDGE('',*,*,#600,.T.);
#312=ORIENTED_EDGE('',*,*,#580,.T.);
#313=ORIENTED_EDGE('',*,*,#627,.F.);
#314=ORIENTED_EDGE('',*,*,#579,.T.);
#315=ORIENTED_EDGE('',*,*,#628,.F.);
#316=ORIENTED_EDGE('',*,*,#605,.F.);
#317=ORIENTED_EDGE('',*,*,#627,.T.);
#318=ORIENTED_EDGE('',*,*,#578,.F.);
#319=ORIENTED_EDGE('',*,*,#629,.F.);
#320=ORIENTED_EDGE('',*,*,#606,.T.);
#321=ORIENTED_EDGE('',*,*,#628,.T.);
#322=ORIENTED_EDGE('',*,*,#577,.F.);
#323=ORIENTED_EDGE('',*,*,#630,.F.);
#324=ORIENTED_EDGE('',*,*,#607,.T.);
#325=ORIENTED_EDGE('',*,*,#629,.T.);
#326=ORIENTED_EDGE('',*,*,#576,.F.);
#327=ORIENTED_EDGE('',*,*,#631,.F.);
#328=ORIENTED_EDGE('',*,*,#608,.T.);
#329=ORIENTED_EDGE('',*,*,#630,.T.);
#330=ORIENTED_EDGE('',*,*,#575,.T.);
#331=ORIENTED_EDGE('',*,*,#632,.F.);
#332=ORIENTED_EDGE('',*,*,#609,.F.);
#333=ORIENTED_EDGE('',*,*,#631,.T.);
#334=ORIENTED_EDGE('',*,*,#574,.T.);
#335=ORIENTED_EDGE('',*,*,#633,.F.);
#336=ORIENTED_EDGE('',*,*,#610,.F.);
#337=ORIENTED_EDGE('',*,*,#632,.T.);
#338=ORIENTED_EDGE('',*,*,#573,.T.);
#339=ORIENTED_EDGE('',*,*,#634,.F.);
#340=ORIENTED_EDGE('',*,*,#611,.F.);
#341=ORIENTED_EDGE('',*,*,#633,.T.);
#342=ORIENTED_EDGE('',*,*,#572,.F.);
#343=ORIENTED_EDGE('',*,*,#635,.F.);
#344=ORIENTED_EDGE('',*,*,#612,.T.);
#345=ORIENTED_EDGE('',*,*,#634,.T.);
#346=ORIENTED_EDGE('',*,*,#619,.T.);
#347=ORIENTED_EDGE('',*,*,#584,.F.);
#348=ORIENTED_EDGE('',*,*,#571,.T.);
#349=ORIENTED_EDGE('',*,*,#622,.F.);
#350=ORIENTED_EDGE('',*,*,#613,.F.);
#351=ORIENTED_EDGE('',*,*,#635,.T.);
#352=ORIENTED_EDGE('',*,*,#618,.T.);
#353=ORIENTED_EDGE('',*,*,#569,.F.);
#354=ORIENTED_EDGE('',*,*,#617,.T.);
#355=ORIENTED_EDGE('',*,*,#568,.F.);
#356=ORIENTED_EDGE('',*,*,#620,.T.);
#357=ORIENTED_EDGE('',*,*,#585,.F.);
#358=ORIENTED_EDGE('',*,*,#603,.T.);
#359=ORIENTED_EDGE('',*,*,#636,.F.);
#360=ORIENTED_EDGE('',*,*,#637,.F.);
#361=ORIENTED_EDGE('',*,*,#625,.F.);
#362=ORIENTED_EDGE('',*,*,#591,.F.);
#363=ORIENTED_EDGE('',*,*,#626,.T.);
#364=ORIENTED_EDGE('',*,*,#637,.T.);
#365=ORIENTED_EDGE('',*,*,#638,.F.);
#366=ORIENTED_EDGE('',*,*,#597,.F.);
#367=ORIENTED_EDGE('',*,*,#602,.F.);
#368=ORIENTED_EDGE('',*,*,#598,.F.);
#369=ORIENTED_EDGE('',*,*,#638,.T.);
#370=ORIENTED_EDGE('',*,*,#636,.T.);
#371=ORIENTED_EDGE('',*,*,#601,.T.);
#372=ORIENTED_EDGE('',*,*,#639,.F.);
#373=ORIENTED_EDGE('',*,*,#640,.F.);
#374=ORIENTED_EDGE('',*,*,#592,.T.);
#375=ORIENTED_EDGE('',*,*,#623,.T.);
#376=ORIENTED_EDGE('',*,*,#641,.F.);
#377=ORIENTED_EDGE('',*,*,#639,.T.);
#378=ORIENTED_EDGE('',*,*,#616,.T.);
#379=ORIENTED_EDGE('',*,*,#590,.F.);
#380=ORIENTED_EDGE('',*,*,#593,.F.);
#381=ORIENTED_EDGE('',*,*,#640,.T.);
#382=ORIENTED_EDGE('',*,*,#641,.T.);
#383=ORIENTED_EDGE('',*,*,#624,.F.);
#384=ORIENTED_EDGE('',*,*,#551,.F.);
#385=ORIENTED_EDGE('',*,*,#642,.T.);
#386=ORIENTED_EDGE('',*,*,#643,.F.);
#387=ORIENTED_EDGE('',*,*,#524,.F.);
#388=ORIENTED_EDGE('',*,*,#586,.F.);
#389=ORIENTED_EDGE('',*,*,#644,.F.);
#390=ORIENTED_EDGE('',*,*,#560,.T.);
#391=ORIENTED_EDGE('',*,*,#546,.T.);
#392=ORIENTED_EDGE('',*,*,#563,.T.);
#393=ORIENTED_EDGE('',*,*,#645,.T.);
#394=ORIENTED_EDGE('',*,*,#589,.T.);
#395=ORIENTED_EDGE('',*,*,#646,.F.);
#396=ORIENTED_EDGE('',*,*,#557,.F.);
#397=ORIENTED_EDGE('',*,*,#540,.F.);
#398=ORIENTED_EDGE('',*,*,#556,.F.);
#399=ORIENTED_EDGE('',*,*,#542,.T.);
#400=ORIENTED_EDGE('',*,*,#561,.F.);
#401=ORIENTED_EDGE('',*,*,#644,.T.);
#402=ORIENTED_EDGE('',*,*,#588,.T.);
#403=ORIENTED_EDGE('',*,*,#647,.F.);
#404=ORIENTED_EDGE('',*,*,#642,.F.);
#405=ORIENTED_EDGE('',*,*,#550,.F.);
#406=ORIENTED_EDGE('',*,*,#558,.F.);
#407=ORIENTED_EDGE('',*,*,#646,.T.);
#408=ORIENTED_EDGE('',*,*,#587,.F.);
#409=ORIENTED_EDGE('',*,*,#645,.F.);
#410=ORIENTED_EDGE('',*,*,#562,.T.);
#411=ORIENTED_EDGE('',*,*,#534,.F.);
#412=ORIENTED_EDGE('',*,*,#554,.T.);
#413=ORIENTED_EDGE('',*,*,#525,.T.);
#414=ORIENTED_EDGE('',*,*,#643,.T.);
#415=ORIENTED_EDGE('',*,*,#647,.T.);
#416=ORIENTED_EDGE('',*,*,#493,.F.);
#417=ORIENTED_EDGE('',*,*,#648,.T.);
#418=ORIENTED_EDGE('',*,*,#649,.F.);
#419=ORIENTED_EDGE('',*,*,#466,.F.);
#420=ORIENTED_EDGE('',*,*,#564,.F.);
#421=ORIENTED_EDGE('',*,*,#650,.F.);
#422=ORIENTED_EDGE('',*,*,#502,.T.);
#423=ORIENTED_EDGE('',*,*,#488,.T.);
#424=ORIENTED_EDGE('',*,*,#505,.T.);
#425=ORIENTED_EDGE('',*,*,#651,.T.);
#426=ORIENTED_EDGE('',*,*,#567,.T.);
#427=ORIENTED_EDGE('',*,*,#652,.F.);
#428=ORIENTED_EDGE('',*,*,#499,.F.);
#429=ORIENTED_EDGE('',*,*,#482,.F.);
#430=ORIENTED_EDGE('',*,*,#498,.F.);
#431=ORIENTED_EDGE('',*,*,#484,.T.);
#432=ORIENTED_EDGE('',*,*,#503,.F.);
#433=ORIENTED_EDGE('',*,*,#650,.T.);
#434=ORIENTED_EDGE('',*,*,#566,.T.);
#435=ORIENTED_EDGE('',*,*,#653,.F.);
#436=ORIENTED_EDGE('',*,*,#648,.F.);
#437=ORIENTED_EDGE('',*,*,#492,.F.);
#438=ORIENTED_EDGE('',*,*,#500,.F.);
#439=ORIENTED_EDGE('',*,*,#652,.T.);
#440=ORIENTED_EDGE('',*,*,#565,.F.);
#441=ORIENTED_EDGE('',*,*,#651,.F.);
#442=ORIENTED_EDGE('',*,*,#504,.T.);
#443=ORIENTED_EDGE('',*,*,#476,.F.);
#444=ORIENTED_EDGE('',*,*,#496,.T.);
#445=ORIENTED_EDGE('',*,*,#467,.T.);
#446=ORIENTED_EDGE('',*,*,#649,.T.);
#447=ORIENTED_EDGE('',*,*,#653,.T.);
#448=EDGE_CURVE('',#654,#655,#784,.T.);
#449=EDGE_CURVE('',#656,#654,#785,.F.);
#450=EDGE_CURVE('',#656,#657,#786,.T.);
#451=EDGE_CURVE('',#657,#658,#787,.F.);
#452=EDGE_CURVE('',#658,#655,#788,.F.);
#453=EDGE_CURVE('',#659,#660,#789,.T.);
#454=EDGE_CURVE('',#661,#659,#790,.T.);
#455=EDGE_CURVE('',#661,#662,#791,.F.);
#456=EDGE_CURVE('',#662,#663,#792,.T.);
#457=EDGE_CURVE('',#663,#660,#793,.F.);
#458=EDGE_CURVE('',#664,#654,#794,.T.);
#459=EDGE_CURVE('',#665,#664,#795,.T.);
#460=EDGE_CURVE('',#665,#666,#796,.F.);
#461=EDGE_CURVE('',#666,#656,#797,.T.);
#462=EDGE_CURVE('',#660,#667,#798,.T.);
#463=EDGE_CURVE('',#663,#668,#799,.T.);
#464=EDGE_CURVE('',#668,#669,#800,.F.);
#465=EDGE_CURVE('',#669,#667,#801,.F.);
#466=EDGE_CURVE('',#657,#670,#802,.F.);
#467=EDGE_CURVE('',#671,#670,#803,.F.);
#468=EDGE_CURVE('',#658,#671,#804,.F.);
#469=EDGE_CURVE('',#655,#672,#805,.T.);
#470=EDGE_CURVE('',#658,#673,#806,.T.);
#471=EDGE_CURVE('',#673,#672,#807,.F.);
#472=EDGE_CURVE('',#672,#659,#808,.T.);
#473=EDGE_CURVE('',#673,#661,#809,.T.);
#474=EDGE_CURVE('',#674,#662,#810,.F.);
#475=EDGE_CURVE('',#675,#661,#811,.F.);
#476=EDGE_CURVE('',#675,#674,#812,.T.);
#477=EDGE_CURVE('',#676,#664,#813,.T.);
#478=EDGE_CURVE('',#677,#676,#814,.F.);
#479=EDGE_CURVE('',#677,#665,#815,.T.);
#480=EDGE_CURVE('',#678,#666,#816,.F.);
#481=EDGE_CURVE('',#679,#665,#817,.F.);
#482=EDGE_CURVE('',#679,#678,#818,.F.);
#483=EDGE_CURVE('',#668,#680,#819,.F.);
#484=EDGE_CURVE('',#681,#680,#820,.T.);
#485=EDGE_CURVE('',#669,#681,#821,.F.);
#486=EDGE_CURVE('',#667,#676,#822,.T.);
#487=EDGE_CURVE('',#669,#677,#823,.T.);
#488=EDGE_CURVE('',#682,#683,#824,.T.);
#489=EDGE_CURVE('',#682,#668,#825,.T.);
#490=EDGE_CURVE('',#662,#683,#826,.F.);
#491=EDGE_CURVE('',#666,#684,#827,.T.);
#492=EDGE_CURVE('',#684,#685,#828,.T.);
#493=EDGE_CURVE('',#685,#657,#829,.F.);
#494=EDGE_CURVE('',#676,#660,#18,.F.);
#495=EDGE_CURVE('',#654,#676,#19,.F.);
#496=EDGE_CURVE('',#675,#671,#830,.T.);
#497=EDGE_CURVE('',#660,#672,#20,.F.);
#498=EDGE_CURVE('',#681,#679,#831,.T.);
#499=EDGE_CURVE('',#678,#686,#832,.T.);
#500=EDGE_CURVE('',#686,#684,#833,.T.);
#501=EDGE_CURVE('',#672,#654,#21,.F.);
#502=EDGE_CURVE('',#687,#682,#834,.T.);
#503=EDGE_CURVE('',#687,#680,#835,.T.);
#504=EDGE_CURVE('',#688,#674,#836,.T.);
#505=EDGE_CURVE('',#683,#688,#837,.T.);
#506=EDGE_CURVE('',#689,#690,#838,.T.);
#507=EDGE_CURVE('',#691,#689,#839,.F.);
#508=EDGE_CURVE('',#691,#692,#840,.T.);
#509=EDGE_CURVE('',#692,#693,#841,.F.);
#510=EDGE_CURVE('',#693,#690,#842,.F.);
#511=EDGE_CURVE('',#694,#695,#843,.T.);
#512=EDGE_CURVE('',#696,#694,#844,.T.);
#513=EDGE_CURVE('',#696,#697,#845,.F.);
#514=EDGE_CURVE('',#697,#698,#846,.T.);
#515=EDGE_CURVE('',#698,#695,#847,.F.);
#516=EDGE_CURVE('',#699,#689,#848,.T.);
#517=EDGE_CURVE('',#700,#699,#849,.T.);
#518=EDGE_CURVE('',#700,#701,#850,.F.);
#519=EDGE_CURVE('',#701,#691,#851,.T.);
#520=EDGE_CURVE('',#695,#702,#852,.T.);
#521=EDGE_CURVE('',#698,#703,#853,.T.);
#522=EDGE_CURVE('',#703,#704,#854,.F.);
#523=EDGE_CURVE('',#704,#702,#855,.F.);
#524=EDGE_CURVE('',#692,#705,#856,.F.);
#525=EDGE_CURVE('',#706,#705,#857,.F.);
#526=EDGE_CURVE('',#693,#706,#858,.F.);
#527=EDGE_CURVE('',#690,#707,#859,.T.);
#528=EDGE_CURVE('',#693,#708,#860,.T.);
#529=EDGE_CURVE('',#708,#707,#861,.F.);
#530=EDGE_CURVE('',#707,#694,#862,.T.);
#531=EDGE_CURVE('',#708,#696,#863,.T.);
#532=EDGE_CURVE('',#709,#697,#864,.F.);
#533=EDGE_CURVE('',#710,#696,#865,.F.);
#534=EDGE_CURVE('',#710,#709,#866,.T.);
#535=EDGE_CURVE('',#711,#699,#867,.T.);
#536=EDGE_CURVE('',#712,#711,#868,.F.);
#537=EDGE_CURVE('',#712,#700,#869,.T.);
#538=EDGE_CURVE('',#713,#701,#870,.F.);
#539=EDGE_CURVE('',#714,#700,#871,.F.);
#540=EDGE_CURVE('',#714,#713,#872,.F.);
#541=EDGE_CURVE('',#703,#715,#873,.F.);
#542=EDGE_CURVE('',#716,#715,#874,.T.);
#543=EDGE_CURVE('',#704,#716,#875,.F.);
#544=EDGE_CURVE('',#702,#711,#876,.T.);
#545=EDGE_CURVE('',#704,#712,#877,.T.);
#546=EDGE_CURVE('',#717,#718,#878,.T.);
#547=EDGE_CURVE('',#717,#703,#879,.T.);
#548=EDGE_CURVE('',#697,#718,#880,.F.);
#549=EDGE_CURVE('',#701,#719,#881,.T.);
#550=EDGE_CURVE('',#719,#720,#882,.T.);
#551=EDGE_CURVE('',#720,#692,#883,.F.);
#552=EDGE_CURVE('',#711,#695,#22,.F.);
#553=EDGE_CURVE('',#689,#711,#23,.F.);
#554=EDGE_CURVE('',#710,#706,#884,.T.);
#555=EDGE_CURVE('',#695,#707,#24,.F.);
#556=EDGE_CURVE('',#716,#714,#885,.T.);
#557=EDGE_CURVE('',#713,#721,#886,.T.);
#558=EDGE_CURVE('',#721,#719,#887,.T.);
#559=EDGE_CURVE('',#707,#689,#25,.F.);
#560=EDGE_CURVE('',#722,#717,#888,.T.);
#561=EDGE_CURVE('',#722,#715,#889,.T.);
#562=EDGE_CURVE('',#723,#709,#890,.T.);
#563=EDGE_CURVE('',#718,#723,#891,.T.);
#564=EDGE_CURVE('',#724,#725,#892,.T.);
#565=EDGE_CURVE('',#725,#726,#893,.T.);
#566=EDGE_CURVE('',#727,#726,#894,.T.);
#567=EDGE_CURVE('',#724,#727,#895,.T.);
#568=EDGE_CURVE('',#728,#728,#26,.T.);
#569=EDGE_CURVE('',#729,#729,#27,.T.);
#570=EDGE_CURVE('',#730,#731,#896,.T.);
#571=EDGE_CURVE('',#732,#731,#897,.T.);
#572=EDGE_CURVE('',#732,#733,#898,.T.);
#573=EDGE_CURVE('',#734,#733,#899,.T.);
#574=EDGE_CURVE('',#735,#734,#900,.T.);
#575=EDGE_CURVE('',#736,#735,#901,.T.);
#576=EDGE_CURVE('',#736,#737,#902,.T.);
#577=EDGE_CURVE('',#737,#738,#903,.T.);
#578=EDGE_CURVE('',#738,#739,#904,.T.);
#579=EDGE_CURVE('',#740,#739,#905,.T.);
#580=EDGE_CURVE('',#741,#740,#906,.T.);
#581=EDGE_CURVE('',#741,#742,#907,.T.);
#582=EDGE_CURVE('',#742,#743,#908,.T.);
#583=EDGE_CURVE('',#743,#730,#909,.T.);
#584=EDGE_CURVE('',#744,#744,#28,.T.);
#585=EDGE_CURVE('',#745,#745,#29,.T.);
#586=EDGE_CURVE('',#746,#747,#910,.T.);
#587=EDGE_CURVE('',#747,#748,#911,.T.);
#588=EDGE_CURVE('',#749,#748,#912,.T.);
#589=EDGE_CURVE('',#746,#749,#913,.T.);
#590=EDGE_CURVE('',#750,#750,#30,.T.);
#591=EDGE_CURVE('',#751,#751,#31,.T.);
#592=EDGE_CURVE('',#752,#753,#914,.T.);
#593=EDGE_CURVE('',#752,#754,#915,.T.);
#594=EDGE_CURVE('',#754,#743,#916,.T.);
#595=EDGE_CURVE('',#755,#742,#917,.T.);
#596=EDGE_CURVE('',#755,#753,#918,.T.);
#597=EDGE_CURVE('',#756,#757,#919,.T.);
#598=EDGE_CURVE('',#757,#758,#920,.T.);
#599=EDGE_CURVE('',#758,#755,#921,.T.);
#600=EDGE_CURVE('',#756,#741,#922,.T.);
#601=EDGE_CURVE('',#753,#759,#923,.T.);
#602=EDGE_CURVE('',#758,#760,#924,.T.);
#603=EDGE_CURVE('',#761,#760,#925,.T.);
#604=EDGE_CURVE('',#761,#762,#926,.T.);
#605=EDGE_CURVE('',#762,#763,#927,.T.);
#606=EDGE_CURVE('',#764,#763,#928,.T.);
#607=EDGE_CURVE('',#765,#764,#929,.T.);
#608=EDGE_CURVE('',#766,#765,#930,.T.);
#609=EDGE_CURVE('',#766,#767,#931,.T.);
#610=EDGE_CURVE('',#767,#768,#932,.T.);
#611=EDGE_CURVE('',#768,#769,#933,.T.);
#612=EDGE_CURVE('',#770,#769,#934,.T.);
#613=EDGE_CURVE('',#770,#771,#935,.T.);
#614=EDGE_CURVE('',#772,#771,#936,.T.);
#615=EDGE_CURVE('',#773,#772,#937,.T.);
#616=EDGE_CURVE('',#759,#773,#938,.T.);
#617=EDGE_CURVE('',#774,#774,#32,.T.);
#618=EDGE_CURVE('',#775,#775,#33,.T.);
#619=EDGE_CURVE('',#776,#776,#34,.T.);
#620=EDGE_CURVE('',#777,#777,#35,.T.);
#621=EDGE_CURVE('',#772,#730,#939,.T.);
#622=EDGE_CURVE('',#771,#731,#940,.T.);
#623=EDGE_CURVE('',#773,#778,#941,.T.);
#624=EDGE_CURVE('',#754,#778,#942,.T.);
#625=EDGE_CURVE('',#761,#779,#943,.T.);
#626=EDGE_CURVE('',#756,#779,#944,.T.);
#627=EDGE_CURVE('',#762,#740,#945,.T.);
#628=EDGE_CURVE('',#763,#739,#946,.T.);
#629=EDGE_CURVE('',#764,#738,#947,.T.);
#630=EDGE_CURVE('',#765,#737,#948,.T.);
#631=EDGE_CURVE('',#766,#736,#949,.T.);
#632=EDGE_CURVE('',#767,#735,#950,.T.);
#633=EDGE_CURVE('',#768,#734,#951,.T.);
#634=EDGE_CURVE('',#769,#733,#952,.T.);
#635=EDGE_CURVE('',#770,#732,#953,.T.);
#636=EDGE_CURVE('',#780,#760,#954,.T.);
#637=EDGE_CURVE('',#779,#780,#955,.T.);
#638=EDGE_CURVE('',#757,#780,#956,.T.);
#639=EDGE_CURVE('',#781,#759,#957,.T.);
#640=EDGE_CURVE('',#752,#781,#958,.T.);
#641=EDGE_CURVE('',#781,#778,#959,.T.);
#642=EDGE_CURVE('',#720,#782,#960,.T.);
#643=EDGE_CURVE('',#705,#782,#961,.T.);
#644=EDGE_CURVE('',#722,#746,#962,.T.);
#645=EDGE_CURVE('',#723,#747,#963,.T.);
#646=EDGE_CURVE('',#721,#749,#964,.T.);
#647=EDGE_CURVE('',#782,#748,#965,.T.);
#648=EDGE_CURVE('',#685,#783,#966,.T.);
#649=EDGE_CURVE('',#670,#783,#967,.T.);
#650=EDGE_CURVE('',#687,#724,#968,.T.);
#651=EDGE_CURVE('',#688,#725,#969,.T.);
#652=EDGE_CURVE('',#686,#727,#970,.T.);
#653=EDGE_CURVE('',#783,#726,#971,.T.);
#654=VERTEX_POINT('',#2038);
#655=VERTEX_POINT('',#2039);
#656=VERTEX_POINT('',#2041);
#657=VERTEX_POINT('',#2043);
#658=VERTEX_POINT('',#2045);
#659=VERTEX_POINT('',#2049);
#660=VERTEX_POINT('',#2050);
#661=VERTEX_POINT('',#2052);
#662=VERTEX_POINT('',#2054);
#663=VERTEX_POINT('',#2056);
#664=VERTEX_POINT('',#2060);
#665=VERTEX_POINT('',#2062);
#666=VERTEX_POINT('',#2064);
#667=VERTEX_POINT('',#2068);
#668=VERTEX_POINT('',#2070);
#669=VERTEX_POINT('',#2072);
#670=VERTEX_POINT('',#2076);
#671=VERTEX_POINT('',#2078);
#672=VERTEX_POINT('',#2082);
#673=VERTEX_POINT('',#2084);
#674=VERTEX_POINT('',#2091);
#675=VERTEX_POINT('',#2093);
#676=VERTEX_POINT('',#2097);
#677=VERTEX_POINT('',#2099);
#678=VERTEX_POINT('',#2103);
#679=VERTEX_POINT('',#2105);
#680=VERTEX_POINT('',#2109);
#681=VERTEX_POINT('',#2111);
#682=VERTEX_POINT('',#2118);
#683=VERTEX_POINT('',#2119);
#684=VERTEX_POINT('',#2124);
#685=VERTEX_POINT('',#2126);
#686=VERTEX_POINT('',#2140);
#687=VERTEX_POINT('',#2146);
#688=VERTEX_POINT('',#2150);
#689=VERTEX_POINT('',#2154);
#690=VERTEX_POINT('',#2155);
#691=VERTEX_POINT('',#2157);
#692=VERTEX_POINT('',#2159);
#693=VERTEX_POINT('',#2161);
#694=VERTEX_POINT('',#2165);
#695=VERTEX_POINT('',#2166);
#696=VERTEX_POINT('',#2168);
#697=VERTEX_POINT('',#2170);
#698=VERTEX_POINT('',#2172);
#699=VERTEX_POINT('',#2176);
#700=VERTEX_POINT('',#2178);
#701=VERTEX_POINT('',#2180);
#702=VERTEX_POINT('',#2184);
#703=VERTEX_POINT('',#2186);
#704=VERTEX_POINT('',#2188);
#705=VERTEX_POINT('',#2192);
#706=VERTEX_POINT('',#2194);
#707=VERTEX_POINT('',#2198);
#708=VERTEX_POINT('',#2200);
#709=VERTEX_POINT('',#2207);
#710=VERTEX_POINT('',#2209);
#711=VERTEX_POINT('',#2213);
#712=VERTEX_POINT('',#2215);
#713=VERTEX_POINT('',#2219);
#714=VERTEX_POINT('',#2221);
#715=VERTEX_POINT('',#2225);
#716=VERTEX_POINT('',#2227);
#717=VERTEX_POINT('',#2234);
#718=VERTEX_POINT('',#2235);
#719=VERTEX_POINT('',#2240);
#720=VERTEX_POINT('',#2242);
#721=VERTEX_POINT('',#2256);
#722=VERTEX_POINT('',#2262);
#723=VERTEX_POINT('',#2266);
#724=VERTEX_POINT('',#2270);
#725=VERTEX_POINT('',#2271);
#726=VERTEX_POINT('',#2273);
#727=VERTEX_POINT('',#2275);
#728=VERTEX_POINT('',#2278);
#729=VERTEX_POINT('',#2280);
#730=VERTEX_POINT('',#2282);
#731=VERTEX_POINT('',#2283);
#732=VERTEX_POINT('',#2285);
#733=VERTEX_POINT('',#2287);
#734=VERTEX_POINT('',#2289);
#735=VERTEX_POINT('',#2291);
#736=VERTEX_POINT('',#2293);
#737=VERTEX_POINT('',#2295);
#738=VERTEX_POINT('',#2297);
#739=VERTEX_POINT('',#2299);
#740=VERTEX_POINT('',#2301);
#741=VERTEX_POINT('',#2303);
#742=VERTEX_POINT('',#2305);
#743=VERTEX_POINT('',#2307);
#744=VERTEX_POINT('',#2310);
#745=VERTEX_POINT('',#2312);
#746=VERTEX_POINT('',#2314);
#747=VERTEX_POINT('',#2315);
#748=VERTEX_POINT('',#2317);
#749=VERTEX_POINT('',#2319);
#750=VERTEX_POINT('',#2323);
#751=VERTEX_POINT('',#2326);
#752=VERTEX_POINT('',#2329);
#753=VERTEX_POINT('',#2330);
#754=VERTEX_POINT('',#2332);
#755=VERTEX_POINT('',#2335);
#756=VERTEX_POINT('',#2339);
#757=VERTEX_POINT('',#2340);
#758=VERTEX_POINT('',#2342);
#759=VERTEX_POINT('',#2347);
#760=VERTEX_POINT('',#2349);
#761=VERTEX_POINT('',#2351);
#762=VERTEX_POINT('',#2353);
#763=VERTEX_POINT('',#2355);
#764=VERTEX_POINT('',#2357);
#765=VERTEX_POINT('',#2359);
#766=VERTEX_POINT('',#2361);
#767=VERTEX_POINT('',#2363);
#768=VERTEX_POINT('',#2365);
#769=VERTEX_POINT('',#2367);
#770=VERTEX_POINT('',#2369);
#771=VERTEX_POINT('',#2371);
#772=VERTEX_POINT('',#2373);
#773=VERTEX_POINT('',#2375);
#774=VERTEX_POINT('',#2378);
#775=VERTEX_POINT('',#2380);
#776=VERTEX_POINT('',#2382);
#777=VERTEX_POINT('',#2384);
#778=VERTEX_POINT('',#2390);
#779=VERTEX_POINT('',#2394);
#780=VERTEX_POINT('',#2420);
#781=VERTEX_POINT('',#2427);
#782=VERTEX_POINT('',#2434);
#783=VERTEX_POINT('',#2446);
#784=LINE('',#2037,#972);
#785=LINE('',#2040,#973);
#786=LINE('',#2042,#974);
#787=LINE('',#2044,#975);
#788=LINE('',#2046,#976);
#789=LINE('',#2048,#977);
#790=LINE('',#2051,#978);
#791=LINE('',#2053,#979);
#792=LINE('',#2055,#980);
#793=LINE('',#2057,#981);
#794=LINE('',#2059,#982);
#795=LINE('',#2061,#983);
#796=LINE('',#2063,#984);
#797=LINE('',#2065,#985);
#798=LINE('',#2067,#986);
#799=LINE('',#2069,#987);
#800=LINE('',#2071,#988);
#801=LINE('',#2073,#989);
#802=LINE('',#2075,#990);
#803=LINE('',#2077,#991);
#804=LINE('',#2079,#992);
#805=LINE('',#2081,#993);
#806=LINE('',#2083,#994);
#807=LINE('',#2085,#995);
#808=LINE('',#2087,#996);
#809=LINE('',#2088,#997);
#810=LINE('',#2090,#998);
#811=LINE('',#2092,#999);
#812=LINE('',#2094,#1000);
#813=LINE('',#2096,#1001);
#814=LINE('',#2098,#1002);
#815=LINE('',#2100,#1003);
#816=LINE('',#2102,#1004);
#817=LINE('',#2104,#1005);
#818=LINE('',#2106,#1006);
#819=LINE('',#2108,#1007);
#820=LINE('',#2110,#1008);
#821=LINE('',#2112,#1009);
#822=LINE('',#2114,#1010);
#823=LINE('',#2115,#1011);
#824=LINE('',#2117,#1012);
#825=LINE('',#2120,#1013);
#826=LINE('',#2121,#1014);
#827=LINE('',#2123,#1015);
#828=LINE('',#2125,#1016);
#829=LINE('',#2127,#1017);
#830=LINE('',#2133,#1018);
#831=LINE('',#2137,#1019);
#832=LINE('',#2139,#1020);
#833=LINE('',#2141,#1021);
#834=LINE('',#2145,#1022);
#835=LINE('',#2147,#1023);
#836=LINE('',#2149,#1024);
#837=LINE('',#2151,#1025);
#838=LINE('',#2153,#1026);
#839=LINE('',#2156,#1027);
#840=LINE('',#2158,#1028);
#841=LINE('',#2160,#1029);
#842=LINE('',#2162,#1030);
#843=LINE('',#2164,#1031);
#844=LINE('',#2167,#1032);
#845=LINE('',#2169,#1033);
#846=LINE('',#2171,#1034);
#847=LINE('',#2173,#1035);
#848=LINE('',#2175,#1036);
#849=LINE('',#2177,#1037);
#850=LINE('',#2179,#1038);
#851=LINE('',#2181,#1039);
#852=LINE('',#2183,#1040);
#853=LINE('',#2185,#1041);
#854=LINE('',#2187,#1042);
#855=LINE('',#2189,#1043);
#856=LINE('',#2191,#1044);
#857=LINE('',#2193,#1045);
#858=LINE('',#2195,#1046);
#859=LINE('',#2197,#1047);
#860=LINE('',#2199,#1048);
#861=LINE('',#2201,#1049);
#862=LINE('',#2203,#1050);
#863=LINE('',#2204,#1051);
#864=LINE('',#2206,#1052);
#865=LINE('',#2208,#1053);
#866=LINE('',#2210,#1054);
#867=LINE('',#2212,#1055);
#868=LINE('',#2214,#1056);
#869=LINE('',#2216,#1057);
#870=LINE('',#2218,#1058);
#871=LINE('',#2220,#1059);
#872=LINE('',#2222,#1060);
#873=LINE('',#2224,#1061);
#874=LINE('',#2226,#1062);
#875=LINE('',#2228,#1063);
#876=LINE('',#2230,#1064);
#877=LINE('',#2231,#1065);
#878=LINE('',#2233,#1066);
#879=LINE('',#2236,#1067);
#880=LINE('',#2237,#1068);
#881=LINE('',#2239,#1069);
#882=LINE('',#2241,#1070);
#883=LINE('',#2243,#1071);
#884=LINE('',#2249,#1072);
#885=LINE('',#2253,#1073);
#886=LINE('',#2255,#1074);
#887=LINE('',#2257,#1075);
#888=LINE('',#2261,#1076);
#889=LINE('',#2263,#1077);
#890=LINE('',#2265,#1078);
#891=LINE('',#2267,#1079);
#892=LINE('',#2269,#1080);
#893=LINE('',#2272,#1081);
#894=LINE('',#2274,#1082);
#895=LINE('',#2276,#1083);
#896=LINE('',#2281,#1084);
#897=LINE('',#2284,#1085);
#898=LINE('',#2286,#1086);
#899=LINE('',#2288,#1087);
#900=LINE('',#2290,#1088);
#901=LINE('',#2292,#1089);
#902=LINE('',#2294,#1090);
#903=LINE('',#2296,#1091);
#904=LINE('',#2298,#1092);
#905=LINE('',#2300,#1093);
#906=LINE('',#2302,#1094);
#907=LINE('',#2304,#1095);
#908=LINE('',#2306,#1096);
#909=LINE('',#2308,#1097);
#910=LINE('',#2313,#1098);
#911=LINE('',#2316,#1099);
#912=LINE('',#2318,#1100);
#913=LINE('',#2320,#1101);
#914=LINE('',#2328,#1102);
#915=LINE('',#2331,#1103);
#916=LINE('',#2333,#1104);
#917=LINE('',#2334,#1105);
#918=LINE('',#2336,#1106);
#919=LINE('',#2338,#1107);
#920=LINE('',#2341,#1108);
#921=LINE('',#2343,#1109);
#922=LINE('',#2344,#1110);
#923=LINE('',#2346,#1111);
#924=LINE('',#2348,#1112);
#925=LINE('',#2350,#1113);
#926=LINE('',#2352,#1114);
#927=LINE('',#2354,#1115);
#928=LINE('',#2356,#1116);
#929=LINE('',#2358,#1117);
#930=LINE('',#2360,#1118);
#931=LINE('',#2362,#1119);
#932=LINE('',#2364,#1120);
#933=LINE('',#2366,#1121);
#934=LINE('',#2368,#1122);
#935=LINE('',#2370,#1123);
#936=LINE('',#2372,#1124);
#937=LINE('',#2374,#1125);
#938=LINE('',#2376,#1126);
#939=LINE('',#2386,#1127);
#940=LINE('',#2387,#1128);
#941=LINE('',#2389,#1129);
#942=LINE('',#2391,#1130);
#943=LINE('',#2393,#1131);
#944=LINE('',#2395,#1132);
#945=LINE('',#2396,#1133);
#946=LINE('',#2398,#1134);
#947=LINE('',#2400,#1135);
#948=LINE('',#2402,#1136);
#949=LINE('',#2404,#1137);
#950=LINE('',#2406,#1138);
#951=LINE('',#2408,#1139);
#952=LINE('',#2410,#1140);
#953=LINE('',#2412,#1141);
#954=LINE('',#2419,#1142);
#955=LINE('',#2421,#1143);
#956=LINE('',#2423,#1144);
#957=LINE('',#2426,#1145);
#958=LINE('',#2428,#1146);
#959=LINE('',#2430,#1147);
#960=LINE('',#2433,#1148);
#961=LINE('',#2435,#1149);
#962=LINE('',#2437,#1150);
#963=LINE('',#2438,#1151);
#964=LINE('',#2440,#1152);
#965=LINE('',#2442,#1153);
#966=LINE('',#2445,#1154);
#967=LINE('',#2447,#1155);
#968=LINE('',#2449,#1156);
#969=LINE('',#2450,#1157);
#970=LINE('',#2452,#1158);
#971=LINE('',#2454,#1159);
#972=VECTOR('',#1645,1.);
#973=VECTOR('',#1646,1.);
#974=VECTOR('',#1647,1.);
#975=VECTOR('',#1648,1.);
#976=VECTOR('',#1649,1.);
#977=VECTOR('',#1652,1.);
#978=VECTOR('',#1653,1.);
#979=VECTOR('',#1654,1.);
#980=VECTOR('',#1655,1.);
#981=VECTOR('',#1656,1.);
#982=VECTOR('',#1659,1.);
#983=VECTOR('',#1660,1.);
#984=VECTOR('',#1661,1.);
#985=VECTOR('',#1662,1.);
#986=VECTOR('',#1665,1.);
#987=VECTOR('',#1666,1.);
#988=VECTOR('',#1667,1.);
#989=VECTOR('',#1668,1.);
#990=VECTOR('',#1671,1.);
#991=VECTOR('',#1672,1.);
#992=VECTOR('',#1673,1.);
#993=VECTOR('',#1676,1.);
#994=VECTOR('',#1677,1.);
#995=VECTOR('',#1678,1.);
#996=VECTOR('',#1681,1.);
#997=VECTOR('',#1682,1.);
#998=VECTOR('',#1685,1.);
#999=VECTOR('',#1686,1.);
#1000=VECTOR('',#1687,1.);
#1001=VECTOR('',#1690,1.);
#1002=VECTOR('',#1691,1.);
#1003=VECTOR('',#1692,1.);
#1004=VECTOR('',#1695,1.);
#1005=VECTOR('',#1696,1.);
#1006=VECTOR('',#1697,1.);
#1007=VECTOR('',#1700,1.);
#1008=VECTOR('',#1701,1.);
#1009=VECTOR('',#1702,1.);
#1010=VECTOR('',#1705,1.);
#1011=VECTOR('',#1706,1.);
#1012=VECTOR('',#1709,1.);
#1013=VECTOR('',#1710,1.);
#1014=VECTOR('',#1711,1.);
#1015=VECTOR('',#1714,1.);
#1016=VECTOR('',#1715,1.);
#1017=VECTOR('',#1716,1.);
#1018=VECTOR('',#1727,1.);
#1019=VECTOR('',#1734,1.);
#1020=VECTOR('',#1737,1.);
#1021=VECTOR('',#1738,1.);
#1022=VECTOR('',#1745,1.);
#1023=VECTOR('',#1746,1.);
#1024=VECTOR('',#1749,1.);
#1025=VECTOR('',#1750,1.);
#1026=VECTOR('',#1753,1.);
#1027=VECTOR('',#1754,1.);
#1028=VECTOR('',#1755,1.);
#1029=VECTOR('',#1756,1.);
#1030=VECTOR('',#1757,1.);
#1031=VECTOR('',#1760,1.);
#1032=VECTOR('',#1761,1.);
#1033=VECTOR('',#1762,1.);
#1034=VECTOR('',#1763,1.);
#1035=VECTOR('',#1764,1.);
#1036=VECTOR('',#1767,1.);
#1037=VECTOR('',#1768,1.);
#1038=VECTOR('',#1769,1.);
#1039=VECTOR('',#1770,1.);
#1040=VECTOR('',#1773,1.);
#1041=VECTOR('',#1774,1.);
#1042=VECTOR('',#1775,1.);
#1043=VECTOR('',#1776,1.);
#1044=VECTOR('',#1779,1.);
#1045=VECTOR('',#1780,1.);
#1046=VECTOR('',#1781,1.);
#1047=VECTOR('',#1784,1.);
#1048=VECTOR('',#1785,1.);
#1049=VECTOR('',#1786,1.);
#1050=VECTOR('',#1789,1.);
#1051=VECTOR('',#1790,1.);
#1052=VECTOR('',#1793,1.);
#1053=VECTOR('',#1794,1.);
#1054=VECTOR('',#1795,1.);
#1055=VECTOR('',#1798,1.);
#1056=VECTOR('',#1799,1.);
#1057=VECTOR('',#1800,1.);
#1058=VECTOR('',#1803,1.);
#1059=VECTOR('',#1804,1.);
#1060=VECTOR('',#1805,1.);
#1061=VECTOR('',#1808,1.);
#1062=VECTOR('',#1809,1.);
#1063=VECTOR('',#1810,1.);
#1064=VECTOR('',#1813,1.);
#1065=VECTOR('',#1814,1.);
#1066=VECTOR('',#1817,1.);
#1067=VECTOR('',#1818,1.);
#1068=VECTOR('',#1819,1.);
#1069=VECTOR('',#1822,1.);
#1070=VECTOR('',#1823,1.);
#1071=VECTOR('',#1824,1.);
#1072=VECTOR('',#1835,1.);
#1073=VECTOR('',#1842,1.);
#1074=VECTOR('',#1845,1.);
#1075=VECTOR('',#1846,1.);
#1076=VECTOR('',#1853,1.);
#1077=VECTOR('',#1854,1.);
#1078=VECTOR('',#1857,1.);
#1079=VECTOR('',#1858,1.);
#1080=VECTOR('',#1861,1.);
#1081=VECTOR('',#1862,1.);
#1082=VECTOR('',#1863,1.);
#1083=VECTOR('',#1864,1.);
#1084=VECTOR('',#1869,1.);
#1085=VECTOR('',#1870,1.);
#1086=VECTOR('',#1871,1.);
#1087=VECTOR('',#1872,1.);
#1088=VECTOR('',#1873,1.);
#1089=VECTOR('',#1874,1.);
#1090=VECTOR('',#1875,1.);
#1091=VECTOR('',#1876,1.);
#1092=VECTOR('',#1877,1.);
#1093=VECTOR('',#1878,1.);
#1094=VECTOR('',#1879,1.);
#1095=VECTOR('',#1880,1.);
#1096=VECTOR('',#1881,1.);
#1097=VECTOR('',#1882,1.);
#1098=VECTOR('',#1887,1.);
#1099=VECTOR('',#1888,1.);
#1100=VECTOR('',#1889,1.);
#1101=VECTOR('',#1890,1.);
#1102=VECTOR('',#1901,1.);
#1103=VECTOR('',#1902,1.);
#1104=VECTOR('',#1903,1.);
#1105=VECTOR('',#1904,1.);
#1106=VECTOR('',#1905,1.);
#1107=VECTOR('',#1908,1.);
#1108=VECTOR('',#1909,1.);
#1109=VECTOR('',#1910,1.);
#1110=VECTOR('',#1911,1.);
#1111=VECTOR('',#1914,1.);
#1112=VECTOR('',#1915,1.);
#1113=VECTOR('',#1916,1.);
#1114=VECTOR('',#1917,1.);
#1115=VECTOR('',#1918,1.);
#1116=VECTOR('',#1919,1.);
#1117=VECTOR('',#1920,1.);
#1118=VECTOR('',#1921,1.);
#1119=VECTOR('',#1922,1.);
#1120=VECTOR('',#1923,1.);
#1121=VECTOR('',#1924,1.);
#1122=VECTOR('',#1925,1.);
#1123=VECTOR('',#1926,1.);
#1124=VECTOR('',#1927,1.);
#1125=VECTOR('',#1928,1.);
#1126=VECTOR('',#1929,1.);
#1127=VECTOR('',#1940,1.);
#1128=VECTOR('',#1941,1.);
#1129=VECTOR('',#1944,1.);
#1130=VECTOR('',#1945,1.);
#1131=VECTOR('',#1948,1.);
#1132=VECTOR('',#1949,1.);
#1133=VECTOR('',#1950,1.);
#1134=VECTOR('',#1953,1.);
#1135=VECTOR('',#1956,1.);
#1136=VECTOR('',#1959,1.);
#1137=VECTOR('',#1962,1.);
#1138=VECTOR('',#1965,1.);
#1139=VECTOR('',#1968,1.);
#1140=VECTOR('',#1971,1.);
#1141=VECTOR('',#1974,1.);
#1142=VECTOR('',#1987,1.);
#1143=VECTOR('',#1988,1.);
#1144=VECTOR('',#1991,1.);
#1145=VECTOR('',#1996,1.);
#1146=VECTOR('',#1997,1.);
#1147=VECTOR('',#2000,1.);
#1148=VECTOR('',#2005,1.);
#1149=VECTOR('',#2006,1.);
#1150=VECTOR('',#2009,1.);
#1151=VECTOR('',#2010,1.);
#1152=VECTOR('',#2013,1.);
#1153=VECTOR('',#2016,1.);
#1154=VECTOR('',#2021,1.);
#1155=VECTOR('',#2022,1.);
#1156=VECTOR('',#2025,1.);
#1157=VECTOR('',#2026,1.);
#1158=VECTOR('',#2029,1.);
#1159=VECTOR('',#2032,1.);
#1160=EDGE_LOOP('',(#36,#37,#38,#39,#40));
#1161=EDGE_LOOP('',(#41,#42,#43,#44,#45));
#1162=EDGE_LOOP('',(#46,#47,#48,#49,#50));
#1163=EDGE_LOOP('',(#51,#52,#53,#54,#55));
#1164=EDGE_LOOP('',(#56,#57,#58,#59));
#1165=EDGE_LOOP('',(#60,#61,#62,#63));
#1166=EDGE_LOOP('',(#64,#65,#66,#67));
#1167=EDGE_LOOP('',(#68,#69,#70,#71));
#1168=EDGE_LOOP('',(#72,#73,#74,#75));
#1169=EDGE_LOOP('',(#76,#77,#78,#79));
#1170=EDGE_LOOP('',(#80,#81,#82,#83));
#1171=EDGE_LOOP('',(#84,#85,#86,#87));
#1172=EDGE_LOOP('',(#88,#89,#90,#91,#92));
#1173=EDGE_LOOP('',(#93,#94,#95,#96,#97));
#1174=EDGE_LOOP('',(#98,#99,#100));
#1175=EDGE_LOOP('',(#101,#102,#103));
#1176=EDGE_LOOP('',(#104,#105,#106,#107,#108));
#1177=EDGE_LOOP('',(#109,#110,#111));
#1178=EDGE_LOOP('',(#112,#113,#114,#115,#116));
#1179=EDGE_LOOP('',(#117,#118,#119,#120));
#1180=EDGE_LOOP('',(#121,#122,#123));
#1181=EDGE_LOOP('',(#124,#125,#126,#127));
#1182=EDGE_LOOP('',(#128,#129,#130,#131));
#1183=EDGE_LOOP('',(#132,#133,#134,#135,#136));
#1184=EDGE_LOOP('',(#137,#138,#139,#140,#141));
#1185=EDGE_LOOP('',(#142,#143,#144,#145,#146));
#1186=EDGE_LOOP('',(#147,#148,#149,#150,#151));
#1187=EDGE_LOOP('',(#152,#153,#154,#155));
#1188=EDGE_LOOP('',(#156,#157,#158,#159));
#1189=EDGE_LOOP('',(#160,#161,#162,#163));
#1190=EDGE_LOOP('',(#164,#165,#166,#167));
#1191=EDGE_LOOP('',(#168,#169,#170,#171));
#1192=EDGE_LOOP('',(#172,#173,#174,#175));
#1193=EDGE_LOOP('',(#176,#177,#178,#179));
#1194=EDGE_LOOP('',(#180,#181,#182,#183));
#1195=EDGE_LOOP('',(#184,#185,#186,#187,#188));
#1196=EDGE_LOOP('',(#189,#190,#191,#192,#193));
#1197=EDGE_LOOP('',(#194,#195,#196));
#1198=EDGE_LOOP('',(#197,#198,#199));
#1199=EDGE_LOOP('',(#200,#201,#202,#203,#204));
#1200=EDGE_LOOP('',(#205,#206,#207));
#1201=EDGE_LOOP('',(#208,#209,#210,#211,#212));
#1202=EDGE_LOOP('',(#213,#214,#215,#216));
#1203=EDGE_LOOP('',(#217,#218,#219));
#1204=EDGE_LOOP('',(#220,#221,#222,#223));
#1205=EDGE_LOOP('',(#224,#225,#226,#227));
#1206=EDGE_LOOP('',(#228,#229,#230,#231));
#1207=EDGE_LOOP('',(#232));
#1208=EDGE_LOOP('',(#233));
#1209=EDGE_LOOP('',(#234,#235,#236,#237,#238,#239,#240,#241,#242,#243,#244,
#245,#246,#247));
#1210=EDGE_LOOP('',(#248));
#1211=EDGE_LOOP('',(#249));
#1212=EDGE_LOOP('',(#250,#251,#252,#253));
#1213=EDGE_LOOP('',(#254));
#1214=EDGE_LOOP('',(#255,#256,#257,#258));
#1215=EDGE_LOOP('',(#259));
#1216=EDGE_LOOP('',(#260,#261,#262,#263));
#1217=EDGE_LOOP('',(#264,#265,#266,#267,#268,#269));
#1218=EDGE_LOOP('',(#270,#271,#272,#273,#274,#275));
#1219=EDGE_LOOP('',(#276,#277,#278,#279,#280,#281,#282,#283,#284,#285,#286,
#287,#288,#289,#290,#291,#292,#293));
#1220=EDGE_LOOP('',(#294));
#1221=EDGE_LOOP('',(#295));
#1222=EDGE_LOOP('',(#296));
#1223=EDGE_LOOP('',(#297));
#1224=EDGE_LOOP('',(#298,#299,#300,#301));
#1225=EDGE_LOOP('',(#302,#303,#304,#305,#306,#307));
#1226=EDGE_LOOP('',(#308,#309,#310,#311,#312,#313));
#1227=EDGE_LOOP('',(#314,#315,#316,#317));
#1228=EDGE_LOOP('',(#318,#319,#320,#321));
#1229=EDGE_LOOP('',(#322,#323,#324,#325));
#1230=EDGE_LOOP('',(#326,#327,#328,#329));
#1231=EDGE_LOOP('',(#330,#331,#332,#333));
#1232=EDGE_LOOP('',(#334,#335,#336,#337));
#1233=EDGE_LOOP('',(#338,#339,#340,#341));
#1234=EDGE_LOOP('',(#342,#343,#344,#345));
#1235=EDGE_LOOP('',(#346));
#1236=EDGE_LOOP('',(#347));
#1237=EDGE_LOOP('',(#348,#349,#350,#351));
#1238=EDGE_LOOP('',(#352));
#1239=EDGE_LOOP('',(#353));
#1240=EDGE_LOOP('',(#354));
#1241=EDGE_LOOP('',(#355));
#1242=EDGE_LOOP('',(#356));
#1243=EDGE_LOOP('',(#357));
#1244=EDGE_LOOP('',(#358,#359,#360,#361));
#1245=EDGE_LOOP('',(#362));
#1246=EDGE_LOOP('',(#363,#364,#365,#366));
#1247=EDGE_LOOP('',(#367,#368,#369,#370));
#1248=EDGE_LOOP('',(#371,#372,#373,#374));
#1249=EDGE_LOOP('',(#375,#376,#377,#378));
#1250=EDGE_LOOP('',(#379));
#1251=EDGE_LOOP('',(#380,#381,#382,#383));
#1252=EDGE_LOOP('',(#384,#385,#386,#387));
#1253=EDGE_LOOP('',(#388,#389,#390,#391,#392,#393));
#1254=EDGE_LOOP('',(#394,#395,#396,#397,#398,#399,#400,#401));
#1255=EDGE_LOOP('',(#402,#403,#404,#405,#406,#407));
#1256=EDGE_LOOP('',(#408,#409,#410,#411,#412,#413,#414,#415));
#1257=EDGE_LOOP('',(#416,#417,#418,#419));
#1258=EDGE_LOOP('',(#420,#421,#422,#423,#424,#425));
#1259=EDGE_LOOP('',(#426,#427,#428,#429,#430,#431,#432,#433));
#1260=EDGE_LOOP('',(#434,#435,#436,#437,#438,#439));
#1261=EDGE_LOOP('',(#440,#441,#442,#443,#444,#445,#446,#447));
#1262=FACE_BOUND('',#1160,.T.);
#1263=FACE_BOUND('',#1161,.T.);
#1264=FACE_BOUND('',#1162,.T.);
#1265=FACE_BOUND('',#1163,.T.);
#1266=FACE_BOUND('',#1164,.T.);
#1267=FACE_BOUND('',#1165,.T.);
#1268=FACE_BOUND('',#1166,.T.);
#1269=FACE_BOUND('',#1167,.T.);
#1270=FACE_BOUND('',#1168,.T.);
#1271=FACE_BOUND('',#1169,.T.);
#1272=FACE_BOUND('',#1170,.T.);
#1273=FACE_BOUND('',#1171,.T.);
#1274=FACE_BOUND('',#1172,.T.);
#1275=FACE_BOUND('',#1173,.T.);
#1276=FACE_BOUND('',#1174,.T.);
#1277=FACE_BOUND('',#1175,.T.);
#1278=FACE_BOUND('',#1176,.T.);
#1279=FACE_BOUND('',#1177,.T.);
#1280=FACE_BOUND('',#1178,.T.);
#1281=FACE_BOUND('',#1179,.T.);
#1282=FACE_BOUND('',#1180,.T.);
#1283=FACE_BOUND('',#1181,.T.);
#1284=FACE_BOUND('',#1182,.T.);
#1285=FACE_BOUND('',#1183,.T.);
#1286=FACE_BOUND('',#1184,.T.);
#1287=FACE_BOUND('',#1185,.T.);
#1288=FACE_BOUND('',#1186,.T.);
#1289=FACE_BOUND('',#1187,.T.);
#1290=FACE_BOUND('',#1188,.T.);
#1291=FACE_BOUND('',#1189,.T.);
#1292=FACE_BOUND('',#1190,.T.);
#1293=FACE_BOUND('',#1191,.T.);
#1294=FACE_BOUND('',#1192,.T.);
#1295=FACE_BOUND('',#1193,.T.);
#1296=FACE_BOUND('',#1194,.T.);
#1297=FACE_BOUND('',#1195,.T.);
#1298=FACE_BOUND('',#1196,.T.);
#1299=FACE_BOUND('',#1197,.T.);
#1300=FACE_BOUND('',#1198,.T.);
#1301=FACE_BOUND('',#1199,.T.);
#1302=FACE_BOUND('',#1200,.T.);
#1303=FACE_BOUND('',#1201,.T.);
#1304=FACE_BOUND('',#1202,.T.);
#1305=FACE_BOUND('',#1203,.T.);
#1306=FACE_BOUND('',#1204,.T.);
#1307=FACE_BOUND('',#1205,.T.);
#1308=FACE_BOUND('',#1206,.T.);
#1309=FACE_BOUND('',#1207,.T.);
#1310=FACE_BOUND('',#1208,.T.);
#1311=FACE_BOUND('',#1209,.T.);
#1312=FACE_BOUND('',#1210,.T.);
#1313=FACE_BOUND('',#1211,.T.);
#1314=FACE_BOUND('',#1212,.T.);
#1315=FACE_BOUND('',#1213,.T.);
#1316=FACE_BOUND('',#1214,.T.);
#1317=FACE_BOUND('',#1215,.T.);
#1318=FACE_BOUND('',#1216,.T.);
#1319=FACE_BOUND('',#1217,.T.);
#1320=FACE_BOUND('',#1218,.T.);
#1321=FACE_BOUND('',#1219,.T.);
#1322=FACE_BOUND('',#1220,.T.);
#1323=FACE_BOUND('',#1221,.T.);
#1324=FACE_BOUND('',#1222,.T.);
#1325=FACE_BOUND('',#1223,.T.);
#1326=FACE_BOUND('',#1224,.T.);
#1327=FACE_BOUND('',#1225,.T.);
#1328=FACE_BOUND('',#1226,.T.);
#1329=FACE_BOUND('',#1227,.T.);
#1330=FACE_BOUND('',#1228,.T.);
#1331=FACE_BOUND('',#1229,.T.);
#1332=FACE_BOUND('',#1230,.T.);
#1333=FACE_BOUND('',#1231,.T.);
#1334=FACE_BOUND('',#1232,.T.);
#1335=FACE_BOUND('',#1233,.T.);
#1336=FACE_BOUND('',#1234,.T.);
#1337=FACE_BOUND('',#1235,.T.);
#1338=FACE_BOUND('',#1236,.T.);
#1339=FACE_BOUND('',#1237,.T.);
#1340=FACE_BOUND('',#1238,.T.);
#1341=FACE_BOUND('',#1239,.T.);
#1342=FACE_BOUND('',#1240,.T.);
#1343=FACE_BOUND('',#1241,.T.);
#1344=FACE_BOUND('',#1242,.T.);
#1345=FACE_BOUND('',#1243,.T.);
#1346=FACE_BOUND('',#1244,.T.);
#1347=FACE_BOUND('',#1245,.T.);
#1348=FACE_BOUND('',#1246,.T.);
#1349=FACE_BOUND('',#1247,.T.);
#1350=FACE_BOUND('',#1248,.T.);
#1351=FACE_BOUND('',#1249,.T.);
#1352=FACE_BOUND('',#1250,.T.);
#1353=FACE_BOUND('',#1251,.T.);
#1354=FACE_BOUND('',#1252,.T.);
#1355=FACE_BOUND('',#1253,.T.);
#1356=FACE_BOUND('',#1254,.T.);
#1357=FACE_BOUND('',#1255,.T.);
#1358=FACE_BOUND('',#1256,.T.);
#1359=FACE_BOUND('',#1257,.T.);
#1360=FACE_BOUND('',#1258,.T.);
#1361=FACE_BOUND('',#1259,.T.);
#1362=FACE_BOUND('',#1260,.T.);
#1363=FACE_BOUND('',#1261,.T.);
#1364=PLANE('',#1539);
#1365=PLANE('',#1540);
#1366=PLANE('',#1541);
#1367=PLANE('',#1542);
#1368=PLANE('',#1543);
#1369=PLANE('',#1544);
#1370=PLANE('',#1545);
#1371=PLANE('',#1546);
#1372=PLANE('',#1547);
#1373=PLANE('',#1548);
#1374=PLANE('',#1549);
#1375=PLANE('',#1550);
#1376=PLANE('',#1551);
#1377=PLANE('',#1552);
#1378=PLANE('',#1553);
#1379=PLANE('',#1555);
#1380=PLANE('',#1557);
#1381=PLANE('',#1558);
#1382=PLANE('',#1560);
#1383=PLANE('',#1561);
#1384=PLANE('',#1562);
#1385=PLANE('',#1564);
#1386=PLANE('',#1565);
#1387=PLANE('',#1566);
#1388=PLANE('',#1567);
#1389=PLANE('',#1568);
#1390=PLANE('',#1569);
#1391=PLANE('',#1570);
#1392=PLANE('',#1571);
#1393=PLANE('',#1572);
#1394=PLANE('',#1573);
#1395=PLANE('',#1574);
#1396=PLANE('',#1575);
#1397=PLANE('',#1576);
#1398=PLANE('',#1577);
#1399=PLANE('',#1578);
#1400=PLANE('',#1579);
#1401=PLANE('',#1580);
#1402=PLANE('',#1582);
#1403=PLANE('',#1584);
#1404=PLANE('',#1585);
#1405=PLANE('',#1587);
#1406=PLANE('',#1588);
#1407=PLANE('',#1589);
#1408=PLANE('',#1591);
#1409=PLANE('',#1592);
#1410=PLANE('',#1593);
#1411=PLANE('',#1602);
#1412=PLANE('',#1603);
#1413=PLANE('',#1604);
#1414=PLANE('',#1609);
#1415=PLANE('',#1610);
#1416=PLANE('',#1611);
#1417=PLANE('',#1612);
#1418=PLANE('',#1613);
#1419=PLANE('',#1614);
#1420=PLANE('',#1615);
#1421=PLANE('',#1616);
#1422=PLANE('',#1617);
#1423=PLANE('',#1618);
#1424=PLANE('',#1619);
#1425=PLANE('',#1621);
#1426=PLANE('',#1625);
#1427=PLANE('',#1626);
#1428=PLANE('',#1627);
#1429=PLANE('',#1628);
#1430=PLANE('',#1629);
#1431=PLANE('',#1630);
#1432=PLANE('',#1631);
#1433=PLANE('',#1632);
#1434=PLANE('',#1633);
#1435=PLANE('',#1634);
#1436=PLANE('',#1635);
#1437=PLANE('',#1636);
#1438=PLANE('',#1637);
#1439=PLANE('',#1638);
#1440=PLANE('',#1639);
#1441=PLANE('',#1640);
#1442=ADVANCED_FACE('',(#1262),#1364,.F.);
#1443=ADVANCED_FACE('',(#1263),#1365,.F.);
#1444=ADVANCED_FACE('',(#1264),#1366,.F.);
#1445=ADVANCED_FACE('',(#1265),#1367,.F.);
#1446=ADVANCED_FACE('',(#1266),#1368,.F.);
#1447=ADVANCED_FACE('',(#1267),#1369,.F.);
#1448=ADVANCED_FACE('',(#1268),#1370,.F.);
#1449=ADVANCED_FACE('',(#1269),#1371,.F.);
#1450=ADVANCED_FACE('',(#1270),#1372,.F.);
#1451=ADVANCED_FACE('',(#1271),#1373,.F.);
#1452=ADVANCED_FACE('',(#1272),#1374,.F.);
#1453=ADVANCED_FACE('',(#1273),#1375,.F.);
#1454=ADVANCED_FACE('',(#1274),#1376,.T.);
#1455=ADVANCED_FACE('',(#1275),#1377,.T.);
#1456=ADVANCED_FACE('',(#1276),#1378,.T.);
#1457=ADVANCED_FACE('',(#1277),#1379,.T.);
#1458=ADVANCED_FACE('',(#1278),#1380,.T.);
#1459=ADVANCED_FACE('',(#1279),#1381,.T.);
#1460=ADVANCED_FACE('',(#1280),#1382,.T.);
#1461=ADVANCED_FACE('',(#1281),#1383,.T.);
#1462=ADVANCED_FACE('',(#1282),#1384,.T.);
#1463=ADVANCED_FACE('',(#1283),#1385,.T.);
#1464=ADVANCED_FACE('',(#1284),#1386,.T.);
#1465=ADVANCED_FACE('',(#1285),#1387,.F.);
#1466=ADVANCED_FACE('',(#1286),#1388,.F.);
#1467=ADVANCED_FACE('',(#1287),#1389,.F.);
#1468=ADVANCED_FACE('',(#1288),#1390,.F.);
#1469=ADVANCED_FACE('',(#1289),#1391,.F.);
#1470=ADVANCED_FACE('',(#1290),#1392,.F.);
#1471=ADVANCED_FACE('',(#1291),#1393,.F.);
#1472=ADVANCED_FACE('',(#1292),#1394,.F.);
#1473=ADVANCED_FACE('',(#1293),#1395,.F.);
#1474=ADVANCED_FACE('',(#1294),#1396,.F.);
#1475=ADVANCED_FACE('',(#1295),#1397,.F.);
#1476=ADVANCED_FACE('',(#1296),#1398,.F.);
#1477=ADVANCED_FACE('',(#1297),#1399,.T.);
#1478=ADVANCED_FACE('',(#1298),#1400,.T.);
#1479=ADVANCED_FACE('',(#1299),#1401,.T.);
#1480=ADVANCED_FACE('',(#1300),#1402,.T.);
#1481=ADVANCED_FACE('',(#1301),#1403,.T.);
#1482=ADVANCED_FACE('',(#1302),#1404,.T.);
#1483=ADVANCED_FACE('',(#1303),#1405,.T.);
#1484=ADVANCED_FACE('',(#1304),#1406,.T.);
#1485=ADVANCED_FACE('',(#1305),#1407,.T.);
#1486=ADVANCED_FACE('',(#1306),#1408,.T.);
#1487=ADVANCED_FACE('',(#1307),#1409,.T.);
#1488=ADVANCED_FACE('',(#1308,#1309,#1310,#1311,#1312,#1313,#1314),#1410,
 .F.);
#1489=ADVANCED_FACE('',(#1315,#1316),#12,.F.);
#1490=ADVANCED_FACE('',(#1317,#1318),#13,.F.);
#1491=ADVANCED_FACE('',(#1319),#1411,.T.);
#1492=ADVANCED_FACE('',(#1320),#1412,.T.);
#1493=ADVANCED_FACE('',(#1321,#1322,#1323,#1324,#1325),#1413,.T.);
#1494=ADVANCED_FACE('',(#1326),#1414,.T.);
#1495=ADVANCED_FACE('',(#1327),#1415,.T.);
#1496=ADVANCED_FACE('',(#1328),#1416,.F.);
#1497=ADVANCED_FACE('',(#1329),#1417,.F.);
#1498=ADVANCED_FACE('',(#1330),#1418,.T.);
#1499=ADVANCED_FACE('',(#1331),#1419,.T.);
#1500=ADVANCED_FACE('',(#1332),#1420,.T.);
#1501=ADVANCED_FACE('',(#1333),#1421,.F.);
#1502=ADVANCED_FACE('',(#1334),#1422,.F.);
#1503=ADVANCED_FACE('',(#1335),#1423,.F.);
#1504=ADVANCED_FACE('',(#1336),#1424,.T.);
#1505=ADVANCED_FACE('',(#1337,#1338),#14,.F.);
#1506=ADVANCED_FACE('',(#1339),#1425,.F.);
#1507=ADVANCED_FACE('',(#1340,#1341),#15,.F.);
#1508=ADVANCED_FACE('',(#1342,#1343),#16,.F.);
#1509=ADVANCED_FACE('',(#1344,#1345),#17,.F.);
#1510=ADVANCED_FACE('',(#1346),#1426,.F.);
#1511=ADVANCED_FACE('',(#1347,#1348),#1427,.T.);
#1512=ADVANCED_FACE('',(#1349),#1428,.T.);
#1513=ADVANCED_FACE('',(#1350),#1429,.F.);
#1514=ADVANCED_FACE('',(#1351),#1430,.F.);
#1515=ADVANCED_FACE('',(#1352,#1353),#1431,.T.);
#1516=ADVANCED_FACE('',(#1354),#1432,.T.);
#1517=ADVANCED_FACE('',(#1355),#1433,.T.);
#1518=ADVANCED_FACE('',(#1356),#1434,.F.);
#1519=ADVANCED_FACE('',(#1357),#1435,.F.);
#1520=ADVANCED_FACE('',(#1358),#1436,.T.);
#1521=ADVANCED_FACE('',(#1359),#1437,.T.);
#1522=ADVANCED_FACE('',(#1360),#1438,.T.);
#1523=ADVANCED_FACE('',(#1361),#1439,.F.);
#1524=ADVANCED_FACE('',(#1362),#1440,.F.);
#1525=ADVANCED_FACE('',(#1363),#1441,.T.);
#1526=CLOSED_SHELL('',(#1442,#1443,#1444,#1445,#1446,#1447,#1448,#1449,
#1450,#1451,#1452,#1453,#1454,#1455,#1456,#1457,#1458,#1459,#1460,#1461,
#1462,#1463,#1464,#1465,#1466,#1467,#1468,#1469,#1470,#1471,#1472,#1473,
#1474,#1475,#1476,#1477,#1478,#1479,#1480,#1481,#1482,#1483,#1484,#1485,
#1486,#1487,#1488,#1489,#1490,#1491,#1492,#1493,#1494,#1495,#1496,#1497,
#1498,#1499,#1500,#1501,#1502,#1503,#1504,#1505,#1506,#1507,#1508,#1509,
#1510,#1511,#1512,#1513,#1514,#1515,#1516,#1517,#1518,#1519,#1520,#1521,
#1522,#1523,#1524,#1525));
#1527=STYLED_ITEM('',(#1528),#1535);
#1528=PRESENTATION_STYLE_ASSIGNMENT((#1529));
#1529=SURFACE_STYLE_USAGE(.BOTH.,#1530);
#1530=SURFACE_SIDE_STYLE('',(#1531));
#1531=SURFACE_STYLE_FILL_AREA(#1532);
#1532=FILL_AREA_STYLE('',(#1533));
#1533=FILL_AREA_STYLE_COLOUR('',#1534);
#1534=COLOUR_RGB('',0.129411764705882,0.341176470588236,0.352941176470589);
#1535=MANIFOLD_SOLID_BREP('Back Left Top Plate',#1526);
#1536=SHAPE_DEFINITION_REPRESENTATION(#2462,#1537);
#1537=SHAPE_REPRESENTATION('Back Left Top Plate',(#1538),#2457);
#1538=AXIS2_PLACEMENT_3D('',#2035,#1641,#1642);
#1539=AXIS2_PLACEMENT_3D('',#2036,#1643,#1644);
#1540=AXIS2_PLACEMENT_3D('',#2047,#1650,#1651);
#1541=AXIS2_PLACEMENT_3D('',#2058,#1657,#1658);
#1542=AXIS2_PLACEMENT_3D('',#2066,#1663,#1664);
#1543=AXIS2_PLACEMENT_3D('',#2074,#1669,#1670);
#1544=AXIS2_PLACEMENT_3D('',#2080,#1674,#1675);
#1545=AXIS2_PLACEMENT_3D('',#2086,#1679,#1680);
#1546=AXIS2_PLACEMENT_3D('',#2089,#1683,#1684);
#1547=AXIS2_PLACEMENT_3D('',#2095,#1688,#1689);
#1548=AXIS2_PLACEMENT_3D('',#2101,#1693,#1694);
#1549=AXIS2_PLACEMENT_3D('',#2107,#1698,#1699);
#1550=AXIS2_PLACEMENT_3D('',#2113,#1703,#1704);
#1551=AXIS2_PLACEMENT_3D('',#2116,#1707,#1708);
#1552=AXIS2_PLACEMENT_3D('',#2122,#1712,#1713);
#1553=AXIS2_PLACEMENT_3D('',#2128,#1717,#1718);
#1554=AXIS2_PLACEMENT_3D('',#2129,#1719,#1720);
#1555=AXIS2_PLACEMENT_3D('',#2130,#1721,#1722);
#1556=AXIS2_PLACEMENT_3D('',#2131,#1723,#1724);
#1557=AXIS2_PLACEMENT_3D('',#2132,#1725,#1726);
#1558=AXIS2_PLACEMENT_3D('',#2134,#1728,#1729);
#1559=AXIS2_PLACEMENT_3D('',#2135,#1730,#1731);
#1560=AXIS2_PLACEMENT_3D('',#2136,#1732,#1733);
#1561=AXIS2_PLACEMENT_3D('',#2138,#1735,#1736);
#1562=AXIS2_PLACEMENT_3D('',#2142,#1739,#1740);
#1563=AXIS2_PLACEMENT_3D('',#2143,#1741,#1742);
#1564=AXIS2_PLACEMENT_3D('',#2144,#1743,#1744);
#1565=AXIS2_PLACEMENT_3D('',#2148,#1747,#1748);
#1566=AXIS2_PLACEMENT_3D('',#2152,#1751,#1752);
#1567=AXIS2_PLACEMENT_3D('',#2163,#1758,#1759);
#1568=AXIS2_PLACEMENT_3D('',#2174,#1765,#1766);
#1569=AXIS2_PLACEMENT_3D('',#2182,#1771,#1772);
#1570=AXIS2_PLACEMENT_3D('',#2190,#1777,#1778);
#1571=AXIS2_PLACEMENT_3D('',#2196,#1782,#1783);
#1572=AXIS2_PLACEMENT_3D('',#2202,#1787,#1788);
#1573=AXIS2_PLACEMENT_3D('',#2205,#1791,#1792);
#1574=AXIS2_PLACEMENT_3D('',#2211,#1796,#1797);
#1575=AXIS2_PLACEMENT_3D('',#2217,#1801,#1802);
#1576=AXIS2_PLACEMENT_3D('',#2223,#1806,#1807);
#1577=AXIS2_PLACEMENT_3D('',#2229,#1811,#1812);
#1578=AXIS2_PLACEMENT_3D('',#2232,#1815,#1816);
#1579=AXIS2_PLACEMENT_3D('',#2238,#1820,#1821);
#1580=AXIS2_PLACEMENT_3D('',#2244,#1825,#1826);
#1581=AXIS2_PLACEMENT_3D('',#2245,#1827,#1828);
#1582=AXIS2_PLACEMENT_3D('',#2246,#1829,#1830);
#1583=AXIS2_PLACEMENT_3D('',#2247,#1831,#1832);
#1584=AXIS2_PLACEMENT_3D('',#2248,#1833,#1834);
#1585=AXIS2_PLACEMENT_3D('',#2250,#1836,#1837);
#1586=AXIS2_PLACEMENT_3D('',#2251,#1838,#1839);
#1587=AXIS2_PLACEMENT_3D('',#2252,#1840,#1841);
#1588=AXIS2_PLACEMENT_3D('',#2254,#1843,#1844);
#1589=AXIS2_PLACEMENT_3D('',#2258,#1847,#1848);
#1590=AXIS2_PLACEMENT_3D('',#2259,#1849,#1850);
#1591=AXIS2_PLACEMENT_3D('',#2260,#1851,#1852);
#1592=AXIS2_PLACEMENT_3D('',#2264,#1855,#1856);
#1593=AXIS2_PLACEMENT_3D('',#2268,#1859,#1860);
#1594=AXIS2_PLACEMENT_3D('',#2277,#1865,#1866);
#1595=AXIS2_PLACEMENT_3D('',#2279,#1867,#1868);
#1596=AXIS2_PLACEMENT_3D('',#2309,#1883,#1884);
#1597=AXIS2_PLACEMENT_3D('',#2311,#1885,#1886);
#1598=AXIS2_PLACEMENT_3D('',#2321,#1891,#1892);
#1599=AXIS2_PLACEMENT_3D('',#2322,#1893,#1894);
#1600=AXIS2_PLACEMENT_3D('',#2324,#1895,#1896);
#1601=AXIS2_PLACEMENT_3D('',#2325,#1897,#1898);
#1602=AXIS2_PLACEMENT_3D('',#2327,#1899,#1900);
#1603=AXIS2_PLACEMENT_3D('',#2337,#1906,#1907);
#1604=AXIS2_PLACEMENT_3D('',#2345,#1912,#1913);
#1605=AXIS2_PLACEMENT_3D('',#2377,#1930,#1931);
#1606=AXIS2_PLACEMENT_3D('',#2379,#1932,#1933);
#1607=AXIS2_PLACEMENT_3D('',#2381,#1934,#1935);
#1608=AXIS2_PLACEMENT_3D('',#2383,#1936,#1937);
#1609=AXIS2_PLACEMENT_3D('',#2385,#1938,#1939);
#1610=AXIS2_PLACEMENT_3D('',#2388,#1942,#1943);
#1611=AXIS2_PLACEMENT_3D('',#2392,#1946,#1947);
#1612=AXIS2_PLACEMENT_3D('',#2397,#1951,#1952);
#1613=AXIS2_PLACEMENT_3D('',#2399,#1954,#1955);
#1614=AXIS2_PLACEMENT_3D('',#2401,#1957,#1958);
#1615=AXIS2_PLACEMENT_3D('',#2403,#1960,#1961);
#1616=AXIS2_PLACEMENT_3D('',#2405,#1963,#1964);
#1617=AXIS2_PLACEMENT_3D('',#2407,#1966,#1967);
#1618=AXIS2_PLACEMENT_3D('',#2409,#1969,#1970);
#1619=AXIS2_PLACEMENT_3D('',#2411,#1972,#1973);
#1620=AXIS2_PLACEMENT_3D('',#2413,#1975,#1976);
#1621=AXIS2_PLACEMENT_3D('',#2414,#1977,#1978);
#1622=AXIS2_PLACEMENT_3D('',#2415,#1979,#1980);
#1623=AXIS2_PLACEMENT_3D('',#2416,#1981,#1982);
#1624=AXIS2_PLACEMENT_3D('',#2417,#1983,#1984);
#1625=AXIS2_PLACEMENT_3D('',#2418,#1985,#1986);
#1626=AXIS2_PLACEMENT_3D('',#2422,#1989,#1990);
#1627=AXIS2_PLACEMENT_3D('',#2424,#1992,#1993);
#1628=AXIS2_PLACEMENT_3D('',#2425,#1994,#1995);
#1629=AXIS2_PLACEMENT_3D('',#2429,#1998,#1999);
#1630=AXIS2_PLACEMENT_3D('',#2431,#2001,#2002);
#1631=AXIS2_PLACEMENT_3D('',#2432,#2003,#2004);
#1632=AXIS2_PLACEMENT_3D('',#2436,#2007,#2008);
#1633=AXIS2_PLACEMENT_3D('',#2439,#2011,#2012);
#1634=AXIS2_PLACEMENT_3D('',#2441,#2014,#2015);
#1635=AXIS2_PLACEMENT_3D('',#2443,#2017,#2018);
#1636=AXIS2_PLACEMENT_3D('',#2444,#2019,#2020);
#1637=AXIS2_PLACEMENT_3D('',#2448,#2023,#2024);
#1638=AXIS2_PLACEMENT_3D('',#2451,#2027,#2028);
#1639=AXIS2_PLACEMENT_3D('',#2453,#2030,#2031);
#1640=AXIS2_PLACEMENT_3D('',#2455,#2033,#2034);
#1641=DIRECTION('',(0.,0.,1.));
#1642=DIRECTION('',(1.,0.,0.));
#1643=DIRECTION('',(1.,0.,-1.82602471155453E-16));
#1644=DIRECTION('',(0.,-1.,0.));
#1645=DIRECTION('',(0.,-1.,0.));
#1646=DIRECTION('',(-1.82602471155453E-16,0.,-1.));
#1647=DIRECTION('',(0.,-1.,0.));
#1648=DIRECTION('',(-1.82602471155453E-16,0.,-1.));
#1649=DIRECTION('',(-1.82602471155453E-16,0.,-1.));
#1650=DIRECTION('',(-1.,-1.22464679914735E-16,1.82602471155453E-16));
#1651=DIRECTION('',(-1.22464679914735E-16,1.,2.23623531816922E-32));
#1652=DIRECTION('',(-1.22464679914735E-16,1.,2.23623531816922E-32));
#1653=DIRECTION('',(1.82602471155453E-16,0.,1.));
#1654=DIRECTION('',(1.82602471155453E-16,0.,1.));
#1655=DIRECTION('',(-1.22464679914735E-16,1.,2.23623531816922E-32));
#1656=DIRECTION('',(-1.82602471155453E-16,0.,-1.));
#1657=DIRECTION('',(1.,0.,-1.82602471155453E-16));
#1658=DIRECTION('',(0.,-1.,0.));
#1659=DIRECTION('',(0.,-1.,0.));
#1660=DIRECTION('',(1.82602471155453E-16,0.,1.));
#1661=DIRECTION('',(1.82602471155453E-16,0.,1.));
#1662=DIRECTION('',(0.,-1.,0.));
#1663=DIRECTION('',(-1.,-1.22464679914735E-16,1.82602471155453E-16));
#1664=DIRECTION('',(-1.22464679914735E-16,1.,2.23623531816922E-32));
#1665=DIRECTION('',(-1.22464679914735E-16,1.,2.23623531816922E-32));
#1666=DIRECTION('',(-1.22464679914735E-16,1.,2.23623531816922E-32));
#1667=DIRECTION('',(-1.82602471155453E-16,0.,-1.));
#1668=DIRECTION('',(-1.82602471155453E-16,0.,-1.));
#1669=DIRECTION('',(1.,0.,-1.82602471155453E-16));
#1670=DIRECTION('',(0.,-1.,0.));
#1671=DIRECTION('',(0.,1.,0.));
#1672=DIRECTION('',(1.82602471155453E-16,0.,1.));
#1673=DIRECTION('',(0.,1.,0.));
#1674=DIRECTION('',(6.12323399573677E-17,-1.,-1.11811765908461E-32));
#1675=DIRECTION('',(-1.,-6.12323399573677E-17,1.82602471155453E-16));
#1676=DIRECTION('',(-1.,-6.12323399573677E-17,1.82602471155453E-16));
#1677=DIRECTION('',(-1.,-6.12323399573677E-17,1.82602471155453E-16));
#1678=DIRECTION('',(-1.82602471155453E-16,0.,-1.));
#1679=DIRECTION('',(6.12323399573677E-17,-1.,-1.11811765908461E-32));
#1680=DIRECTION('',(-1.,-6.12323399573677E-17,1.82602471155453E-16));
#1681=DIRECTION('',(-1.,-6.12323399573677E-17,1.82602471155453E-16));
#1682=DIRECTION('',(-1.,-6.12323399573677E-17,1.82602471155453E-16));
#1683=DIRECTION('',(-1.,-1.22464679914735E-16,1.82602471155453E-16));
#1684=DIRECTION('',(-1.22464679914735E-16,1.,2.23623531816922E-32));
#1685=DIRECTION('',(1.22464679914735E-16,-1.,-2.23623531816922E-32));
#1686=DIRECTION('',(1.22464679914735E-16,-1.,-2.23623531816922E-32));
#1687=DIRECTION('',(-1.82602471155453E-16,0.,-1.));
#1688=DIRECTION('',(-1.83697019872103E-16,1.,3.35435297725383E-32));
#1689=DIRECTION('',(1.,1.83697019872103E-16,-1.82602471155453E-16));
#1690=DIRECTION('',(1.,1.83697019872103E-16,-1.82602471155453E-16));
#1691=DIRECTION('',(-1.82602471155453E-16,0.,-1.));
#1692=DIRECTION('',(1.,1.83697019872103E-16,-1.82602471155453E-16));
#1693=DIRECTION('',(1.,0.,-1.82602471155453E-16));
#1694=DIRECTION('',(0.,-1.,0.));
#1695=DIRECTION('',(0.,1.,0.));
#1696=DIRECTION('',(0.,1.,0.));
#1697=DIRECTION('',(1.82602471155453E-16,0.,1.));
#1698=DIRECTION('',(-1.,-1.22464679914735E-16,1.82602471155453E-16));
#1699=DIRECTION('',(-1.22464679914735E-16,1.,2.23623531816922E-32));
#1700=DIRECTION('',(1.22464679914735E-16,-1.,-2.23623531816922E-32));
#1701=DIRECTION('',(-1.82602471155453E-16,0.,-1.));
#1702=DIRECTION('',(1.22464679914735E-16,-1.,-2.23623531816922E-32));
#1703=DIRECTION('',(-1.83697019872103E-16,1.,3.35435297725383E-32));
#1704=DIRECTION('',(1.,1.83697019872103E-16,-1.82602471155453E-16));
#1705=DIRECTION('',(1.,1.83697019872103E-16,-1.82602471155453E-16));
#1706=DIRECTION('',(1.,1.83697019872103E-16,-1.82602471155453E-16));
#1707=DIRECTION('',(-1.82602471155453E-16,0.,-1.));
#1708=DIRECTION('',(1.,0.,-1.82602471155453E-16));
#1709=DIRECTION('',(0.,-1.,0.));
#1710=DIRECTION('',(1.,0.,-1.82602471155453E-16));
#1711=DIRECTION('',(1.,0.,-1.82602471155453E-16));
#1712=DIRECTION('',(-1.82602471155453E-16,0.,-1.));
#1713=DIRECTION('',(1.,0.,-1.82602471155453E-16));
#1714=DIRECTION('',(1.,0.,-1.82602471155453E-16));
#1715=DIRECTION('',(0.,-1.,0.));
#1716=DIRECTION('',(1.,0.,-1.82602471155453E-16));
#1717=DIRECTION('',(-1.82602471155453E-16,0.,-1.));
#1718=DIRECTION('',(1.,0.,-1.82602471155453E-16));
#1719=DIRECTION('',(-1.82602471155453E-16,0.,-1.));
#1720=DIRECTION('',(-1.,0.,1.82602471155453E-16));
#1721=DIRECTION('',(-1.82602471155453E-16,0.,-1.));
#1722=DIRECTION('',(1.,0.,-1.82602471155453E-16));
#1723=DIRECTION('',(-1.82602471155453E-16,0.,-1.));
#1724=DIRECTION('',(-1.,0.,1.82602471155453E-16));
#1725=DIRECTION('',(-1.82602471155453E-16,0.,-1.));
#1726=DIRECTION('',(1.,0.,-1.82602471155453E-16));
#1727=DIRECTION('',(1.,0.,-1.82602471155453E-16));
#1728=DIRECTION('',(-1.82602471155453E-16,0.,-1.));
#1729=DIRECTION('',(1.,0.,-1.82602471155453E-16));
#1730=DIRECTION('',(-1.82602471155453E-16,0.,-1.));
#1731=DIRECTION('',(-1.,0.,1.82602471155453E-16));
#1732=DIRECTION('',(-1.82602471155453E-16,0.,-1.));
#1733=DIRECTION('',(1.,0.,-1.82602471155453E-16));
#1734=DIRECTION('',(1.,0.,-1.82602471155453E-16));
#1735=DIRECTION('',(-1.82602471155453E-16,0.,-1.));
#1736=DIRECTION('',(1.,0.,-1.82602471155453E-16));
#1737=DIRECTION('',(1.,0.,-1.82602471155453E-16));
#1738=DIRECTION('',(0.,-1.,0.));
#1739=DIRECTION('',(-1.82602471155453E-16,0.,-1.));
#1740=DIRECTION('',(1.,0.,-1.82602471155453E-16));
#1741=DIRECTION('',(-1.82602471155453E-16,0.,-1.));
#1742=DIRECTION('',(-1.,0.,1.82602471155453E-16));
#1743=DIRECTION('',(-1.82602471155453E-16,0.,-1.));
#1744=DIRECTION('',(1.,0.,-1.82602471155453E-16));
#1745=DIRECTION('',(0.,-1.,0.));
#1746=DIRECTION('',(1.,0.,-1.82602471155453E-16));
#1747=DIRECTION('',(-1.82602471155453E-16,0.,-1.));
#1748=DIRECTION('',(1.,0.,-1.82602471155453E-16));
#1749=DIRECTION('',(1.,0.,-1.82602471155453E-16));
#1750=DIRECTION('',(0.,-1.,0.));
#1751=DIRECTION('',(1.,0.,-1.82602471155453E-16));
#1752=DIRECTION('',(0.,-1.,0.));
#1753=DIRECTION('',(0.,-1.,0.));
#1754=DIRECTION('',(-1.82602471155453E-16,0.,-1.));
#1755=DIRECTION('',(0.,-1.,0.));
#1756=DIRECTION('',(-1.82602471155453E-16,0.,-1.));
#1757=DIRECTION('',(-1.82602471155453E-16,0.,-1.));
#1758=DIRECTION('',(-1.,-1.22464679914735E-16,1.82602471155453E-16));
#1759=DIRECTION('',(-1.22464679914735E-16,1.,2.23623531816922E-32));
#1760=DIRECTION('',(-1.22464679914735E-16,1.,2.23623531816922E-32));
#1761=DIRECTION('',(1.82602471155453E-16,0.,1.));
#1762=DIRECTION('',(1.82602471155453E-16,0.,1.));
#1763=DIRECTION('',(-1.22464679914735E-16,1.,2.23623531816922E-32));
#1764=DIRECTION('',(-1.82602471155453E-16,0.,-1.));
#1765=DIRECTION('',(1.,0.,-1.82602471155453E-16));
#1766=DIRECTION('',(0.,-1.,0.));
#1767=DIRECTION('',(0.,-1.,0.));
#1768=DIRECTION('',(1.82602471155453E-16,0.,1.));
#1769=DIRECTION('',(1.82602471155453E-16,0.,1.));
#1770=DIRECTION('',(0.,-1.,0.));
#1771=DIRECTION('',(-1.,-1.22464679914735E-16,1.82602471155453E-16));
#1772=DIRECTION('',(-1.22464679914735E-16,1.,2.23623531816922E-32));
#1773=DIRECTION('',(-1.22464679914735E-16,1.,2.23623531816922E-32));
#1774=DIRECTION('',(-1.22464679914735E-16,1.,2.23623531816922E-32));
#1775=DIRECTION('',(-1.82602471155453E-16,0.,-1.));
#1776=DIRECTION('',(-1.82602471155453E-16,0.,-1.));
#1777=DIRECTION('',(1.,0.,-1.82602471155453E-16));
#1778=DIRECTION('',(0.,-1.,0.));
#1779=DIRECTION('',(0.,1.,0.));
#1780=DIRECTION('',(1.82602471155453E-16,0.,1.));
#1781=DIRECTION('',(0.,1.,0.));
#1782=DIRECTION('',(6.12323399573677E-17,-1.,-1.11811765908461E-32));
#1783=DIRECTION('',(-1.,-6.12323399573677E-17,1.82602471155453E-16));
#1784=DIRECTION('',(-1.,-6.12323399573677E-17,1.82602471155453E-16));
#1785=DIRECTION('',(-1.,-6.12323399573677E-17,1.82602471155453E-16));
#1786=DIRECTION('',(-1.82602471155453E-16,0.,-1.));
#1787=DIRECTION('',(6.12323399573677E-17,-1.,-1.11811765908461E-32));
#1788=DIRECTION('',(-1.,-6.12323399573677E-17,1.82602471155453E-16));
#1789=DIRECTION('',(-1.,-6.12323399573677E-17,1.82602471155453E-16));
#1790=DIRECTION('',(-1.,-6.12323399573677E-17,1.82602471155453E-16));
#1791=DIRECTION('',(-1.,-1.22464679914735E-16,1.82602471155453E-16));
#1792=DIRECTION('',(-1.22464679914735E-16,1.,2.23623531816922E-32));
#1793=DIRECTION('',(1.22464679914735E-16,-1.,-2.23623531816922E-32));
#1794=DIRECTION('',(1.22464679914735E-16,-1.,-2.23623531816922E-32));
#1795=DIRECTION('',(-1.82602471155453E-16,0.,-1.));
#1796=DIRECTION('',(-1.83697019872103E-16,1.,3.35435297725383E-32));
#1797=DIRECTION('',(1.,1.83697019872103E-16,-1.82602471155453E-16));
#1798=DIRECTION('',(1.,1.83697019872103E-16,-1.82602471155453E-16));
#1799=DIRECTION('',(-1.82602471155453E-16,0.,-1.));
#1800=DIRECTION('',(1.,1.83697019872103E-16,-1.82602471155453E-16));
#1801=DIRECTION('',(1.,0.,-1.82602471155453E-16));
#1802=DIRECTION('',(0.,-1.,0.));
#1803=DIRECTION('',(0.,1.,0.));
#1804=DIRECTION('',(0.,1.,0.));
#1805=DIRECTION('',(1.82602471155453E-16,0.,1.));
#1806=DIRECTION('',(-1.,-1.22464679914735E-16,1.82602471155453E-16));
#1807=DIRECTION('',(-1.22464679914735E-16,1.,2.23623531816922E-32));
#1808=DIRECTION('',(1.22464679914735E-16,-1.,-2.23623531816922E-32));
#1809=DIRECTION('',(-1.82602471155453E-16,0.,-1.));
#1810=DIRECTION('',(1.22464679914735E-16,-1.,-2.23623531816922E-32));
#1811=DIRECTION('',(-1.83697019872103E-16,1.,3.35435297725383E-32));
#1812=DIRECTION('',(1.,1.83697019872103E-16,-1.82602471155453E-16));
#1813=DIRECTION('',(1.,1.83697019872103E-16,-1.82602471155453E-16));
#1814=DIRECTION('',(1.,1.83697019872103E-16,-1.82602471155453E-16));
#1815=DIRECTION('',(-1.82602471155453E-16,0.,-1.));
#1816=DIRECTION('',(1.,0.,-1.82602471155453E-16));
#1817=DIRECTION('',(0.,-1.,0.));
#1818=DIRECTION('',(1.,0.,-1.82602471155453E-16));
#1819=DIRECTION('',(1.,0.,-1.82602471155453E-16));
#1820=DIRECTION('',(-1.82602471155453E-16,0.,-1.));
#1821=DIRECTION('',(1.,0.,-1.82602471155453E-16));
#1822=DIRECTION('',(1.,0.,-1.82602471155453E-16));
#1823=DIRECTION('',(0.,-1.,0.));
#1824=DIRECTION('',(1.,0.,-1.82602471155453E-16));
#1825=DIRECTION('',(-1.82602471155453E-16,0.,-1.));
#1826=DIRECTION('',(1.,0.,-1.82602471155453E-16));
#1827=DIRECTION('',(-1.82602471155453E-16,0.,-1.));
#1828=DIRECTION('',(-1.,0.,1.82602471155453E-16));
#1829=DIRECTION('',(-1.82602471155453E-16,0.,-1.));
#1830=DIRECTION('',(1.,0.,-1.82602471155453E-16));
#1831=DIRECTION('',(-1.82602471155453E-16,0.,-1.));
#1832=DIRECTION('',(-1.,0.,1.82602471155453E-16));
#1833=DIRECTION('',(-1.82602471155453E-16,0.,-1.));
#1834=DIRECTION('',(1.,0.,-1.82602471155453E-16));
#1835=DIRECTION('',(1.,0.,-1.82602471155453E-16));
#1836=DIRECTION('',(-1.82602471155453E-16,0.,-1.));
#1837=DIRECTION('',(1.,0.,-1.82602471155453E-16));
#1838=DIRECTION('',(-1.82602471155453E-16,0.,-1.));
#1839=DIRECTION('',(-1.,0.,1.82602471155453E-16));
#1840=DIRECTION('',(-1.82602471155453E-16,0.,-1.));
#1841=DIRECTION('',(1.,0.,-1.82602471155453E-16));
#1842=DIRECTION('',(1.,0.,-1.82602471155453E-16));
#1843=DIRECTION('',(-1.82602471155453E-16,0.,-1.));
#1844=DIRECTION('',(1.,0.,-1.82602471155453E-16));
#1845=DIRECTION('',(1.,0.,-1.82602471155453E-16));
#1846=DIRECTION('',(0.,-1.,0.));
#1847=DIRECTION('',(-1.82602471155453E-16,0.,-1.));
#1848=DIRECTION('',(1.,0.,-1.82602471155453E-16));
#1849=DIRECTION('',(-1.82602471155453E-16,0.,-1.));
#1850=DIRECTION('',(-1.,0.,1.82602471155453E-16));
#1851=DIRECTION('',(-1.82602471155453E-16,0.,-1.));
#1852=DIRECTION('',(1.,0.,-1.82602471155453E-16));
#1853=DIRECTION('',(0.,-1.,0.));
#1854=DIRECTION('',(1.,0.,-1.82602471155453E-16));
#1855=DIRECTION('',(-1.82602471155453E-16,0.,-1.));
#1856=DIRECTION('',(1.,0.,-1.82602471155453E-16));
#1857=DIRECTION('',(1.,0.,-1.82602471155453E-16));
#1858=DIRECTION('',(0.,-1.,0.));
#1859=DIRECTION('',(1.82602471155453E-16,0.,1.));
#1860=DIRECTION('',(1.,0.,-1.82602471155453E-16));
#1861=DIRECTION('',(0.,-1.,0.));
#1862=DIRECTION('',(1.,0.,-1.82602471155453E-16));
#1863=DIRECTION('',(0.,-1.,0.));
#1864=DIRECTION('',(1.,0.,-1.82602471155453E-16));
#1865=DIRECTION('',(1.82602471155453E-16,0.,1.));
#1866=DIRECTION('',(1.,0.,-1.82602471155453E-16));
#1867=DIRECTION('',(1.82602471155453E-16,0.,1.));
#1868=DIRECTION('',(1.,0.,-1.82602471155453E-16));
#1869=DIRECTION('',(0.,1.,0.));
#1870=DIRECTION('',(-1.,0.,1.82602471155453E-16));
#1871=DIRECTION('',(0.,1.,0.));
#1872=DIRECTION('',(-1.,0.,1.82602471155453E-16));
#1873=DIRECTION('',(0.,1.,0.));
#1874=DIRECTION('',(1.,0.,-1.82602471155453E-16));
#1875=DIRECTION('',(0.,-1.,0.));
#1876=DIRECTION('',(1.,0.,-1.82602471155453E-16));
#1877=DIRECTION('',(0.,1.,0.));
#1878=DIRECTION('',(-1.,0.,1.82602471155453E-16));
#1879=DIRECTION('',(0.,1.,0.));
#1880=DIRECTION('',(-1.,0.,1.82602471155453E-16));
#1881=DIRECTION('',(0.,-1.,0.));
#1882=DIRECTION('',(-1.,-6.25830340825906E-16,1.82602471155453E-16));
#1883=DIRECTION('',(1.82602471155453E-16,0.,1.));
#1884=DIRECTION('',(1.,0.,-1.82602471155453E-16));
#1885=DIRECTION('',(1.82602471155453E-16,0.,1.));
#1886=DIRECTION('',(1.,0.,-1.82602471155453E-16));
#1887=DIRECTION('',(0.,-1.,0.));
#1888=DIRECTION('',(1.,0.,-1.82602471155453E-16));
#1889=DIRECTION('',(0.,-1.,0.));
#1890=DIRECTION('',(1.,0.,-1.82602471155453E-16));
#1891=DIRECTION('',(1.82602471155453E-16,0.,1.));
#1892=DIRECTION('',(1.,0.,-1.82602471155453E-16));
#1893=DIRECTION('',(1.82602471155453E-16,0.,1.));
#1894=DIRECTION('',(1.,0.,-1.82602471155453E-16));
#1895=DIRECTION('',(1.82602471155453E-16,0.,1.));
#1896=DIRECTION('',(1.,0.,-1.82602471155453E-16));
#1897=DIRECTION('',(1.82602471155453E-16,0.,1.));
#1898=DIRECTION('',(1.,0.,-1.82602471155453E-16));
#1899=DIRECTION('',(1.,0.,-1.82602471155453E-16));
#1900=DIRECTION('',(-1.82602471155453E-16,0.,-1.));
#1901=DIRECTION('',(1.82602471155453E-16,0.,1.));
#1902=DIRECTION('',(0.,-1.,0.));
#1903=DIRECTION('',(-1.82602471155453E-16,0.,-1.));
#1904=DIRECTION('',(-1.82602471155453E-16,0.,-1.));
#1905=DIRECTION('',(0.,-1.,0.));
#1906=DIRECTION('',(0.,-1.,0.));
#1907=DIRECTION('',(0.,0.,-1.));
#1908=DIRECTION('',(-1.,0.,1.82602471155453E-16));
#1909=DIRECTION('',(1.82602471155453E-16,0.,1.));
#1910=DIRECTION('',(-1.,0.,1.82602471155453E-16));
#1911=DIRECTION('',(-1.82602471155453E-16,0.,-1.));
#1912=DIRECTION('',(1.82602471155453E-16,0.,1.));
#1913=DIRECTION('',(1.,0.,-1.82602471155453E-16));
#1914=DIRECTION('',(-1.,0.,1.82602471155453E-16));
#1915=DIRECTION('',(0.,1.,0.));
#1916=DIRECTION('',(-1.,0.,1.82602471155453E-16));
#1917=DIRECTION('',(0.,1.,0.));
#1918=DIRECTION('',(-1.,0.,1.82602471155453E-16));
#1919=DIRECTION('',(0.,1.,0.));
#1920=DIRECTION('',(1.,0.,-1.82602471155453E-16));
#1921=DIRECTION('',(0.,-1.,0.));
#1922=DIRECTION('',(1.,0.,-1.82602471155453E-16));
#1923=DIRECTION('',(0.,1.,0.));
#1924=DIRECTION('',(-1.,0.,1.82602471155453E-16));
#1925=DIRECTION('',(0.,1.,0.));
#1926=DIRECTION('',(-1.,0.,1.82602471155453E-16));
#1927=DIRECTION('',(0.,1.,0.));
#1928=DIRECTION('',(-1.,-6.25830340825906E-16,1.82602471155453E-16));
#1929=DIRECTION('',(0.,-1.,0.));
#1930=DIRECTION('',(1.82602471155453E-16,0.,1.));
#1931=DIRECTION('',(1.,0.,-1.82602471155453E-16));
#1932=DIRECTION('',(1.82602471155453E-16,0.,1.));
#1933=DIRECTION('',(1.,0.,-1.82602471155453E-16));
#1934=DIRECTION('',(1.82602471155453E-16,0.,1.));
#1935=DIRECTION('',(1.,0.,-1.82602471155453E-16));
#1936=DIRECTION('',(1.82602471155453E-16,0.,1.));
#1937=DIRECTION('',(1.,0.,-1.82602471155453E-16));
#1938=DIRECTION('',(-1.,0.,1.82602471155453E-16));
#1939=DIRECTION('',(1.82602471155453E-16,0.,1.));
#1940=DIRECTION('',(-1.82602471155453E-16,0.,-1.));
#1941=DIRECTION('',(-1.82602471155453E-16,0.,-1.));
#1942=DIRECTION('',(6.25830340825906E-16,-1.,-1.1427816675887E-31));
#1943=DIRECTION('',(1.,6.25830340825906E-16,0.));
#1944=DIRECTION('',(-1.82602471155453E-16,-2.18952885050752E-47,-1.));
#1945=DIRECTION('',(-1.,-6.25830340825906E-16,1.82602471155453E-16));
#1946=DIRECTION('',(-1.,0.,1.82602471155453E-16));
#1947=DIRECTION('',(1.82602471155453E-16,0.,1.));
#1948=DIRECTION('',(-1.82602471155453E-16,0.,-1.));
#1949=DIRECTION('',(0.,1.,0.));
#1950=DIRECTION('',(-1.82602471155453E-16,0.,-1.));
#1951=DIRECTION('',(0.,-1.,0.));
#1952=DIRECTION('',(0.,0.,-1.));
#1953=DIRECTION('',(-1.82602471155453E-16,0.,-1.));
#1954=DIRECTION('',(-1.,0.,1.82602471155453E-16));
#1955=DIRECTION('',(1.82602471155453E-16,0.,1.));
#1956=DIRECTION('',(-1.82602471155453E-16,0.,-1.));
#1957=DIRECTION('',(0.,1.,0.));
#1958=DIRECTION('',(0.,0.,1.));
#1959=DIRECTION('',(-1.82602471155453E-16,0.,-1.));
#1960=DIRECTION('',(1.,0.,-1.82602471155453E-16));
#1961=DIRECTION('',(-1.82602471155453E-16,0.,-1.));
#1962=DIRECTION('',(-1.82602471155453E-16,0.,-1.));
#1963=DIRECTION('',(0.,1.,0.));
#1964=DIRECTION('',(0.,0.,1.));
#1965=DIRECTION('',(-1.82602471155453E-16,0.,-1.));
#1966=DIRECTION('',(-1.,0.,1.82602471155453E-16));
#1967=DIRECTION('',(1.82602471155453E-16,0.,1.));
#1968=DIRECTION('',(-1.82602471155453E-16,0.,-1.));
#1969=DIRECTION('',(0.,-1.,0.));
#1970=DIRECTION('',(0.,0.,-1.));
#1971=DIRECTION('',(-1.82602471155453E-16,0.,-1.));
#1972=DIRECTION('',(-1.,0.,1.82602471155453E-16));
#1973=DIRECTION('',(1.82602471155453E-16,0.,1.));
#1974=DIRECTION('',(-1.82602471155453E-16,0.,-1.));
#1975=DIRECTION('',(-1.82602471155453E-16,0.,-1.));
#1976=DIRECTION('',(-1.,0.,1.82602471155453E-16));
#1977=DIRECTION('',(0.,-1.,0.));
#1978=DIRECTION('',(0.,0.,-1.));
#1979=DIRECTION('',(-1.82602471155453E-16,0.,-1.));
#1980=DIRECTION('',(-1.,0.,1.82602471155453E-16));
#1981=DIRECTION('',(-1.82602471155453E-16,0.,-1.));
#1982=DIRECTION('',(-1.,0.,1.82602471155453E-16));
#1983=DIRECTION('',(-1.82602471155453E-16,0.,-1.));
#1984=DIRECTION('',(-1.,0.,1.82602471155453E-16));
#1985=DIRECTION('',(0.,1.,0.));
#1986=DIRECTION('',(0.,0.,1.));
#1987=DIRECTION('',(1.82602471155453E-16,0.,1.));
#1988=DIRECTION('',(-1.,0.,1.82602471155453E-16));
#1989=DIRECTION('',(1.82602471155453E-16,0.,1.));
#1990=DIRECTION('',(1.,0.,-1.82602471155453E-16));
#1991=DIRECTION('',(0.,1.,0.));
#1992=DIRECTION('',(1.,0.,-1.82602471155453E-16));
#1993=DIRECTION('',(-1.82602471155453E-16,0.,-1.));
#1994=DIRECTION('',(0.,1.,0.));
#1995=DIRECTION('',(0.,0.,1.));
#1996=DIRECTION('',(1.82602471155453E-16,0.,1.));
#1997=DIRECTION('',(-1.,0.,1.82602471155453E-16));
#1998=DIRECTION('',(-1.,0.,1.82602471155453E-16));
#1999=DIRECTION('',(1.82602471155453E-16,0.,1.));
#2000=DIRECTION('',(0.,-1.,0.));
#2001=DIRECTION('',(1.82602471155453E-16,0.,1.));
#2002=DIRECTION('',(1.,0.,-1.82602471155453E-16));
#2003=DIRECTION('',(-1.82602471155453E-16,0.,-1.));
#2004=DIRECTION('',(1.,0.,-1.82602471155453E-16));
#2005=DIRECTION('',(0.,-1.,0.));
#2006=DIRECTION('',(1.,0.,-1.82602471155453E-16));
#2007=DIRECTION('',(1.,0.,-1.82602471155453E-16));
#2008=DIRECTION('',(-1.82602471155453E-16,0.,-1.));
#2009=DIRECTION('',(-1.82602471155453E-16,0.,-1.));
#2010=DIRECTION('',(-1.82602471155453E-16,0.,-1.));
#2011=DIRECTION('',(0.,1.,0.));
#2012=DIRECTION('',(0.,0.,1.));
#2013=DIRECTION('',(-1.82602471155453E-16,0.,-1.));
#2014=DIRECTION('',(1.,0.,-1.82602471155453E-16));
#2015=DIRECTION('',(-1.82602471155453E-16,0.,-1.));
#2016=DIRECTION('',(-1.82602471155453E-16,0.,-1.));
#2017=DIRECTION('',(0.,1.,0.));
#2018=DIRECTION('',(0.,0.,1.));
#2019=DIRECTION('',(-1.82602471155453E-16,0.,-1.));
#2020=DIRECTION('',(1.,0.,-1.82602471155453E-16));
#2021=DIRECTION('',(0.,-1.,0.));
#2022=DIRECTION('',(1.,0.,-1.82602471155453E-16));
#2023=DIRECTION('',(1.,0.,-1.82602471155453E-16));
#2024=DIRECTION('',(-1.82602471155453E-16,0.,-1.));
#2025=DIRECTION('',(-1.82602471155453E-16,0.,-1.));
#2026=DIRECTION('',(-1.82602471155453E-16,0.,-1.));
#2027=DIRECTION('',(0.,1.,0.));
#2028=DIRECTION('',(0.,0.,1.));
#2029=DIRECTION('',(-1.82602471155453E-16,0.,-1.));
#2030=DIRECTION('',(1.,0.,-1.82602471155453E-16));
#2031=DIRECTION('',(-1.82602471155453E-16,0.,-1.));
#2032=DIRECTION('',(-1.82602471155453E-16,0.,-1.));
#2033=DIRECTION('',(0.,1.,0.));
#2034=DIRECTION('',(0.,0.,1.));
#2035=CARTESIAN_POINT('',(0.,0.,0.));
#2036=CARTESIAN_POINT('',(-0.2848,0.2215,0.021));
#2037=CARTESIAN_POINT('',(-0.2848,0.2215,0.021));
#2038=CARTESIAN_POINT('',(-0.2848,0.2655,0.021));
#2039=CARTESIAN_POINT('',(-0.2848,0.2635,0.021));
#2040=CARTESIAN_POINT('',(-0.2848,0.2655,0.021));
#2041=CARTESIAN_POINT('',(-0.2848,0.2655,0.0206));
#2042=CARTESIAN_POINT('',(-0.2848,0.2215,0.0206));
#2043=CARTESIAN_POINT('',(-0.2848,0.2635,0.0206));
#2044=CARTESIAN_POINT('',(-0.2848,0.2635,0.021));
#2045=CARTESIAN_POINT('',(-0.2848,0.2635,0.0208));
#2046=CARTESIAN_POINT('',(-0.2848,0.2635,0.021));
#2047=CARTESIAN_POINT('',(-0.2888,0.2215,0.021));
#2048=CARTESIAN_POINT('',(-0.2888,0.2215,0.021));
#2049=CARTESIAN_POINT('',(-0.2888,0.2635,0.021));
#2050=CARTESIAN_POINT('',(-0.2888,0.2655,0.021));
#2051=CARTESIAN_POINT('',(-0.2888,0.2635,0.021));
#2052=CARTESIAN_POINT('',(-0.2888,0.2635,0.0208));
#2053=CARTESIAN_POINT('',(-0.2888,0.2635,0.021));
#2054=CARTESIAN_POINT('',(-0.2888,0.2635,0.0206));
#2055=CARTESIAN_POINT('',(-0.2888,0.2215,0.0206));
#2056=CARTESIAN_POINT('',(-0.2888,0.2655,0.0206));
#2057=CARTESIAN_POINT('',(-0.2888,0.2655,0.021));
#2058=CARTESIAN_POINT('',(-0.2848,0.2215,0.021));
#2059=CARTESIAN_POINT('',(-0.2848,0.2215,0.021));
#2060=CARTESIAN_POINT('',(-0.2848,0.2675,0.021));
#2061=CARTESIAN_POINT('',(-0.2848,0.2675,0.021));
#2062=CARTESIAN_POINT('',(-0.2848,0.2675,0.0208));
#2063=CARTESIAN_POINT('',(-0.2848,0.2675,0.021));
#2064=CARTESIAN_POINT('',(-0.2848,0.2675,0.0206));
#2065=CARTESIAN_POINT('',(-0.2848,0.2215,0.0206));
#2066=CARTESIAN_POINT('',(-0.2888,0.2215,0.021));
#2067=CARTESIAN_POINT('',(-0.2888,0.2215,0.021));
#2068=CARTESIAN_POINT('',(-0.2888,0.2675,0.021));
#2069=CARTESIAN_POINT('',(-0.2888,0.2215,0.0206));
#2070=CARTESIAN_POINT('',(-0.2888,0.2675,0.0206));
#2071=CARTESIAN_POINT('',(-0.2888,0.2675,0.021));
#2072=CARTESIAN_POINT('',(-0.2888,0.2675,0.0208));
#2073=CARTESIAN_POINT('',(-0.2888,0.2675,0.021));
#2074=CARTESIAN_POINT('',(-0.2848,0.2215,0.021));
#2075=CARTESIAN_POINT('',(-0.2848,0.2215,0.0206));
#2076=CARTESIAN_POINT('',(-0.2848,0.2625,0.0206));
#2077=CARTESIAN_POINT('',(-0.2848,0.2625,0.021));
#2078=CARTESIAN_POINT('',(-0.2848,0.2625,0.0208));
#2079=CARTESIAN_POINT('',(-0.2848,0.2215,0.0208));
#2080=CARTESIAN_POINT('',(-0.23575,0.2635,0.021));
#2081=CARTESIAN_POINT('',(-0.23575,0.2635,0.021));
#2082=CARTESIAN_POINT('',(-0.2868,0.2635,0.021));
#2083=CARTESIAN_POINT('',(-0.23575,0.2635,0.0208));
#2084=CARTESIAN_POINT('',(-0.2868,0.2635,0.0208));
#2085=CARTESIAN_POINT('',(-0.2868,0.2635,0.021));
#2086=CARTESIAN_POINT('',(-0.23575,0.2635,0.021));
#2087=CARTESIAN_POINT('',(-0.23575,0.2635,0.021));
#2088=CARTESIAN_POINT('',(-0.23575,0.2635,0.0208));
#2089=CARTESIAN_POINT('',(-0.2888,0.2215,0.021));
#2090=CARTESIAN_POINT('',(-0.2888,0.2215,0.0206));
#2091=CARTESIAN_POINT('',(-0.2888,0.2625,0.0206));
#2092=CARTESIAN_POINT('',(-0.2888,0.2215,0.0208));
#2093=CARTESIAN_POINT('',(-0.2888,0.2625,0.0208));
#2094=CARTESIAN_POINT('',(-0.2888,0.2625,0.021));
#2095=CARTESIAN_POINT('',(-0.23575,0.2675,0.021));
#2096=CARTESIAN_POINT('',(-0.23575,0.2675,0.021));
#2097=CARTESIAN_POINT('',(-0.2868,0.2675,0.021));
#2098=CARTESIAN_POINT('',(-0.2868,0.2675,0.021));
#2099=CARTESIAN_POINT('',(-0.2868,0.2675,0.0208));
#2100=CARTESIAN_POINT('',(-0.23575,0.2675,0.0208));
#2101=CARTESIAN_POINT('',(-0.2848,0.2215,0.021));
#2102=CARTESIAN_POINT('',(-0.2848,0.2215,0.0206));
#2103=CARTESIAN_POINT('',(-0.2848,0.2685,0.0206));
#2104=CARTESIAN_POINT('',(-0.2848,0.2215,0.0208));
#2105=CARTESIAN_POINT('',(-0.2848,0.2685,0.0208));
#2106=CARTESIAN_POINT('',(-0.2848,0.2685,0.021));
#2107=CARTESIAN_POINT('',(-0.2888,0.2215,0.021));
#2108=CARTESIAN_POINT('',(-0.2888,0.2215,0.0206));
#2109=CARTESIAN_POINT('',(-0.2888,0.2685,0.0206));
#2110=CARTESIAN_POINT('',(-0.2888,0.2685,0.021));
#2111=CARTESIAN_POINT('',(-0.2888,0.2685,0.0208));
#2112=CARTESIAN_POINT('',(-0.2888,0.2215,0.0208));
#2113=CARTESIAN_POINT('',(-0.23575,0.2675,0.021));
#2114=CARTESIAN_POINT('',(-0.23575,0.2675,0.021));
#2115=CARTESIAN_POINT('',(-0.23575,0.2675,0.0208));
#2116=CARTESIAN_POINT('',(-0.23575,0.2215,0.0206));
#2117=CARTESIAN_POINT('',(-0.2898,0.2215,0.0206));
#2118=CARTESIAN_POINT('',(-0.2898,0.2675,0.0206));
#2119=CARTESIAN_POINT('',(-0.2898,0.2635,0.0206));
#2120=CARTESIAN_POINT('',(-0.23575,0.2675,0.0206));
#2121=CARTESIAN_POINT('',(-0.23575,0.2635,0.0206));
#2122=CARTESIAN_POINT('',(-0.23575,0.2215,0.0206));
#2123=CARTESIAN_POINT('',(-0.23575,0.2675,0.0206));
#2124=CARTESIAN_POINT('',(-0.2838,0.2675,0.0206));
#2125=CARTESIAN_POINT('',(-0.2838,0.2215,0.0206));
#2126=CARTESIAN_POINT('',(-0.2838,0.2635,0.0206));
#2127=CARTESIAN_POINT('',(-0.23575,0.2635,0.0206));
#2128=CARTESIAN_POINT('',(-0.23575,0.2215,0.021));
#2129=CARTESIAN_POINT('',(-0.2868,0.2655,0.021));
#2130=CARTESIAN_POINT('',(-0.23575,0.2215,0.021));
#2131=CARTESIAN_POINT('',(-0.2868,0.2655,0.021));
#2132=CARTESIAN_POINT('',(-0.23575,0.2215,0.0208));
#2133=CARTESIAN_POINT('',(-0.23575,0.2625,0.0208));
#2134=CARTESIAN_POINT('',(-0.23575,0.2215,0.021));
#2135=CARTESIAN_POINT('',(-0.2868,0.2655,0.021));
#2136=CARTESIAN_POINT('',(-0.23575,0.2215,0.0208));
#2137=CARTESIAN_POINT('',(-0.23575,0.2685,0.0208));
#2138=CARTESIAN_POINT('',(-0.23575,0.2215,0.0206));
#2139=CARTESIAN_POINT('',(-0.23575,0.2685,0.0206));
#2140=CARTESIAN_POINT('',(-0.2838,0.2685,0.0206));
#2141=CARTESIAN_POINT('',(-0.2838,0.2215,0.0206));
#2142=CARTESIAN_POINT('',(-0.23575,0.2215,0.021));
#2143=CARTESIAN_POINT('',(-0.2868,0.2655,0.021));
#2144=CARTESIAN_POINT('',(-0.23575,0.2215,0.0206));
#2145=CARTESIAN_POINT('',(-0.2898,0.2215,0.0206));
#2146=CARTESIAN_POINT('',(-0.2898,0.2685,0.0206));
#2147=CARTESIAN_POINT('',(-0.23575,0.2685,0.0206));
#2148=CARTESIAN_POINT('',(-0.23575,0.2215,0.0206));
#2149=CARTESIAN_POINT('',(-0.23575,0.2625,0.0206));
#2150=CARTESIAN_POINT('',(-0.2898,0.2625,0.0206));
#2151=CARTESIAN_POINT('',(-0.2898,0.2215,0.0206));
#2152=CARTESIAN_POINT('',(-0.2435,0.2215,0.021));
#2153=CARTESIAN_POINT('',(-0.2435,0.2215,0.021));
#2154=CARTESIAN_POINT('',(-0.2435,0.3355,0.021));
#2155=CARTESIAN_POINT('',(-0.2435,0.3335,0.021));
#2156=CARTESIAN_POINT('',(-0.2435,0.3355,0.021));
#2157=CARTESIAN_POINT('',(-0.2435,0.3355,0.0206));
#2158=CARTESIAN_POINT('',(-0.2435,0.2215,0.0206));
#2159=CARTESIAN_POINT('',(-0.2435,0.3335,0.0206));
#2160=CARTESIAN_POINT('',(-0.2435,0.3335,0.021));
#2161=CARTESIAN_POINT('',(-0.2435,0.3335,0.0208));
#2162=CARTESIAN_POINT('',(-0.2435,0.3335,0.021));
#2163=CARTESIAN_POINT('',(-0.2475,0.2215,0.021));
#2164=CARTESIAN_POINT('',(-0.2475,0.2215,0.021));
#2165=CARTESIAN_POINT('',(-0.2475,0.3335,0.021));
#2166=CARTESIAN_POINT('',(-0.2475,0.3355,0.021));
#2167=CARTESIAN_POINT('',(-0.2475,0.3335,0.021));
#2168=CARTESIAN_POINT('',(-0.2475,0.3335,0.0208));
#2169=CARTESIAN_POINT('',(-0.2475,0.3335,0.021));
#2170=CARTESIAN_POINT('',(-0.2475,0.3335,0.0206));
#2171=CARTESIAN_POINT('',(-0.2475,0.2215,0.0206));
#2172=CARTESIAN_POINT('',(-0.2475,0.3355,0.0206));
#2173=CARTESIAN_POINT('',(-0.2475,0.3355,0.021));
#2174=CARTESIAN_POINT('',(-0.2435,0.2215,0.021));
#2175=CARTESIAN_POINT('',(-0.2435,0.2215,0.021));
#2176=CARTESIAN_POINT('',(-0.2435,0.3375,0.021));
#2177=CARTESIAN_POINT('',(-0.2435,0.3375,0.021));
#2178=CARTESIAN_POINT('',(-0.2435,0.3375,0.0208));
#2179=CARTESIAN_POINT('',(-0.2435,0.3375,0.021));
#2180=CARTESIAN_POINT('',(-0.2435,0.3375,0.0206));
#2181=CARTESIAN_POINT('',(-0.2435,0.2215,0.0206));
#2182=CARTESIAN_POINT('',(-0.2475,0.2215,0.021));
#2183=CARTESIAN_POINT('',(-0.2475,0.2215,0.021));
#2184=CARTESIAN_POINT('',(-0.2475,0.3375,0.021));
#2185=CARTESIAN_POINT('',(-0.2475,0.2215,0.0206));
#2186=CARTESIAN_POINT('',(-0.2475,0.3375,0.0206));
#2187=CARTESIAN_POINT('',(-0.2475,0.3375,0.021));
#2188=CARTESIAN_POINT('',(-0.2475,0.3375,0.0208));
#2189=CARTESIAN_POINT('',(-0.2475,0.3375,0.021));
#2190=CARTESIAN_POINT('',(-0.2435,0.2215,0.021));
#2191=CARTESIAN_POINT('',(-0.2435,0.2215,0.0206));
#2192=CARTESIAN_POINT('',(-0.2435,0.3325,0.0206));
#2193=CARTESIAN_POINT('',(-0.2435,0.3325,0.021));
#2194=CARTESIAN_POINT('',(-0.2435,0.3325,0.0208));
#2195=CARTESIAN_POINT('',(-0.2435,0.2215,0.0208));
#2196=CARTESIAN_POINT('',(-0.23575,0.3335,0.021));
#2197=CARTESIAN_POINT('',(-0.23575,0.3335,0.021));
#2198=CARTESIAN_POINT('',(-0.2455,0.3335,0.021));
#2199=CARTESIAN_POINT('',(-0.23575,0.3335,0.0208));
#2200=CARTESIAN_POINT('',(-0.2455,0.3335,0.0208));
#2201=CARTESIAN_POINT('',(-0.2455,0.3335,0.021));
#2202=CARTESIAN_POINT('',(-0.23575,0.3335,0.021));
#2203=CARTESIAN_POINT('',(-0.23575,0.3335,0.021));
#2204=CARTESIAN_POINT('',(-0.23575,0.3335,0.0208));
#2205=CARTESIAN_POINT('',(-0.2475,0.2215,0.021));
#2206=CARTESIAN_POINT('',(-0.2475,0.2215,0.0206));
#2207=CARTESIAN_POINT('',(-0.2475,0.3325,0.0206));
#2208=CARTESIAN_POINT('',(-0.2475,0.2215,0.0208));
#2209=CARTESIAN_POINT('',(-0.2475,0.3325,0.0208));
#2210=CARTESIAN_POINT('',(-0.2475,0.3325,0.021));
#2211=CARTESIAN_POINT('',(-0.23575,0.3375,0.021));
#2212=CARTESIAN_POINT('',(-0.23575,0.3375,0.021));
#2213=CARTESIAN_POINT('',(-0.2455,0.3375,0.021));
#2214=CARTESIAN_POINT('',(-0.2455,0.3375,0.021));
#2215=CARTESIAN_POINT('',(-0.2455,0.3375,0.0208));
#2216=CARTESIAN_POINT('',(-0.23575,0.3375,0.0208));
#2217=CARTESIAN_POINT('',(-0.2435,0.2215,0.021));
#2218=CARTESIAN_POINT('',(-0.2435,0.2215,0.0206));
#2219=CARTESIAN_POINT('',(-0.2435,0.3385,0.0206));
#2220=CARTESIAN_POINT('',(-0.2435,0.2215,0.0208));
#2221=CARTESIAN_POINT('',(-0.2435,0.3385,0.0208));
#2222=CARTESIAN_POINT('',(-0.2435,0.3385,0.021));
#2223=CARTESIAN_POINT('',(-0.2475,0.2215,0.021));
#2224=CARTESIAN_POINT('',(-0.2475,0.2215,0.0206));
#2225=CARTESIAN_POINT('',(-0.2475,0.3385,0.0206));
#2226=CARTESIAN_POINT('',(-0.2475,0.3385,0.021));
#2227=CARTESIAN_POINT('',(-0.2475,0.3385,0.0208));
#2228=CARTESIAN_POINT('',(-0.2475,0.2215,0.0208));
#2229=CARTESIAN_POINT('',(-0.23575,0.3375,0.021));
#2230=CARTESIAN_POINT('',(-0.23575,0.3375,0.021));
#2231=CARTESIAN_POINT('',(-0.23575,0.3375,0.0208));
#2232=CARTESIAN_POINT('',(-0.23575,0.2215,0.0206));
#2233=CARTESIAN_POINT('',(-0.2485,0.2215,0.0206));
#2234=CARTESIAN_POINT('',(-0.2485,0.3375,0.0206));
#2235=CARTESIAN_POINT('',(-0.2485,0.3335,0.0206));
#2236=CARTESIAN_POINT('',(-0.23575,0.3375,0.0206));
#2237=CARTESIAN_POINT('',(-0.23575,0.3335,0.0206));
#2238=CARTESIAN_POINT('',(-0.23575,0.2215,0.0206));
#2239=CARTESIAN_POINT('',(-0.23575,0.3375,0.0206));
#2240=CARTESIAN_POINT('',(-0.2425,0.3375,0.0206));
#2241=CARTESIAN_POINT('',(-0.2425,0.2215,0.0206));
#2242=CARTESIAN_POINT('',(-0.2425,0.3335,0.0206));
#2243=CARTESIAN_POINT('',(-0.23575,0.3335,0.0206));
#2244=CARTESIAN_POINT('',(-0.23575,0.2215,0.021));
#2245=CARTESIAN_POINT('',(-0.2455,0.3355,0.021));
#2246=CARTESIAN_POINT('',(-0.23575,0.2215,0.021));
#2247=CARTESIAN_POINT('',(-0.2455,0.3355,0.021));
#2248=CARTESIAN_POINT('',(-0.23575,0.2215,0.0208));
#2249=CARTESIAN_POINT('',(-0.23575,0.3325,0.0208));
#2250=CARTESIAN_POINT('',(-0.23575,0.2215,0.021));
#2251=CARTESIAN_POINT('',(-0.2455,0.3355,0.021));
#2252=CARTESIAN_POINT('',(-0.23575,0.2215,0.0208));
#2253=CARTESIAN_POINT('',(-0.23575,0.3385,0.0208));
#2254=CARTESIAN_POINT('',(-0.23575,0.2215,0.0206));
#2255=CARTESIAN_POINT('',(-0.23575,0.3385,0.0206));
#2256=CARTESIAN_POINT('',(-0.2425,0.3385,0.0206));
#2257=CARTESIAN_POINT('',(-0.2425,0.2215,0.0206));
#2258=CARTESIAN_POINT('',(-0.23575,0.2215,0.021));
#2259=CARTESIAN_POINT('',(-0.2455,0.3355,0.021));
#2260=CARTESIAN_POINT('',(-0.23575,0.2215,0.0206));
#2261=CARTESIAN_POINT('',(-0.2485,0.2215,0.0206));
#2262=CARTESIAN_POINT('',(-0.2485,0.3385,0.0206));
#2263=CARTESIAN_POINT('',(-0.23575,0.3385,0.0206));
#2264=CARTESIAN_POINT('',(-0.23575,0.2215,0.0206));
#2265=CARTESIAN_POINT('',(-0.23575,0.3325,0.0206));
#2266=CARTESIAN_POINT('',(-0.2485,0.3325,0.0206));
#2267=CARTESIAN_POINT('',(-0.2485,0.2215,0.0206));
#2268=CARTESIAN_POINT('',(-0.175,0.20499875,0.02));
#2269=CARTESIAN_POINT('',(-0.2898,0.2655,0.02));
#2270=CARTESIAN_POINT('',(-0.2898,0.2685,0.02));
#2271=CARTESIAN_POINT('',(-0.2898,0.2625,0.02));
#2272=CARTESIAN_POINT('',(-0.2868,0.2625,0.02));
#2273=CARTESIAN_POINT('',(-0.2838,0.2625,0.02));
#2274=CARTESIAN_POINT('',(-0.2838,0.2655,0.02));
#2275=CARTESIAN_POINT('',(-0.2838,0.2685,0.02));
#2276=CARTESIAN_POINT('',(-0.2868,0.2685,0.02));
#2277=CARTESIAN_POINT('',(-0.36,0.36,0.02));
#2278=CARTESIAN_POINT('',(-0.357,0.36,0.02));
#2279=CARTESIAN_POINT('',(-0.36,0.27,0.02));
#2280=CARTESIAN_POINT('',(-0.357,0.27,0.02));
#2281=CARTESIAN_POINT('',(-0.37,0.315,0.02));
#2282=CARTESIAN_POINT('',(-0.37,0.26,0.02));
#2283=CARTESIAN_POINT('',(-0.37,0.37,0.02));
#2284=CARTESIAN_POINT('',(-0.36,0.37,0.02));
#2285=CARTESIAN_POINT('',(-0.35,0.37,0.02));
#2286=CARTESIAN_POINT('',(-0.35,0.38,0.02));
#2287=CARTESIAN_POINT('',(-0.35,0.39,0.02));
#2288=CARTESIAN_POINT('',(-0.34,0.39,0.02));
#2289=CARTESIAN_POINT('',(-0.33,0.39,0.02));
#2290=CARTESIAN_POINT('',(-0.33,0.378,0.02));
#2291=CARTESIAN_POINT('',(-0.33,0.366,0.02));
#2292=CARTESIAN_POINT('',(-0.338,0.366,0.02));
#2293=CARTESIAN_POINT('',(-0.346,0.366,0.02));
#2294=CARTESIAN_POINT('',(-0.346,0.3585,0.02));
#2295=CARTESIAN_POINT('',(-0.346,0.351,0.02));
#2296=CARTESIAN_POINT('',(-0.331,0.351,0.02));
#2297=CARTESIAN_POINT('',(-0.316,0.351,0.02));
#2298=CARTESIAN_POINT('',(-0.316,0.378,0.02));
#2299=CARTESIAN_POINT('',(-0.316,0.39,0.02));
#2300=CARTESIAN_POINT('',(-0.278,0.39,0.02));
#2301=CARTESIAN_POINT('',(-0.24,0.39,0.02));
#2302=CARTESIAN_POINT('',(-0.24,0.36,0.02));
#2303=CARTESIAN_POINT('',(-0.24,0.33,0.02));
#2304=CARTESIAN_POINT('',(-0.26065,0.33,0.02));
#2305=CARTESIAN_POINT('',(-0.2813,0.33,0.02));
#2306=CARTESIAN_POINT('',(-0.2813,0.295,0.02));
#2307=CARTESIAN_POINT('',(-0.2813,0.26,0.02));
#2308=CARTESIAN_POINT('',(-0.32565,0.26,0.02));
#2309=CARTESIAN_POINT('',(-0.34,0.379999999999993,0.02));
#2310=CARTESIAN_POINT('',(-0.337,0.379999999999993,0.02));
#2311=CARTESIAN_POINT('',(-0.25,0.379999999999993,0.02));
#2312=CARTESIAN_POINT('',(-0.247,0.379999999999993,0.02));
#2313=CARTESIAN_POINT('',(-0.2485,0.3355,0.02));
#2314=CARTESIAN_POINT('',(-0.2485,0.3385,0.02));
#2315=CARTESIAN_POINT('',(-0.2485,0.3325,0.02));
#2316=CARTESIAN_POINT('',(-0.2455,0.3325,0.02));
#2317=CARTESIAN_POINT('',(-0.2425,0.3325,0.02));
#2318=CARTESIAN_POINT('',(-0.2425,0.3355,0.02));
#2319=CARTESIAN_POINT('',(-0.2425,0.3385,0.02));
#2320=CARTESIAN_POINT('',(-0.2455,0.3385,0.02));
#2321=CARTESIAN_POINT('',(-0.2868,0.2655,0.019998));
#2322=CARTESIAN_POINT('',(-0.2868,0.2655,0.022));
#2323=CARTESIAN_POINT('',(-0.2848,0.2655,0.022));
#2324=CARTESIAN_POINT('',(-0.2455,0.3355,0.019998));
#2325=CARTESIAN_POINT('',(-0.2455,0.3355,0.022));
#2326=CARTESIAN_POINT('',(-0.2435,0.3355,0.022));
#2327=CARTESIAN_POINT('',(-0.2813,0.295,0.024));
#2328=CARTESIAN_POINT('',(-0.2813,0.2705,0.022));
#2329=CARTESIAN_POINT('',(-0.2813,0.2705,0.022));
#2330=CARTESIAN_POINT('',(-0.2813,0.2705,0.024));
#2331=CARTESIAN_POINT('',(-0.2813,0.26,0.022));
#2332=CARTESIAN_POINT('',(-0.2813,0.26,0.022));
#2333=CARTESIAN_POINT('',(-0.2813,0.26,0.024));
#2334=CARTESIAN_POINT('',(-0.2813,0.33,0.024));
#2335=CARTESIAN_POINT('',(-0.2813,0.33,0.024));
#2336=CARTESIAN_POINT('',(-0.2813,0.295,0.024));
#2337=CARTESIAN_POINT('',(-0.26065,0.33,0.024));
#2338=CARTESIAN_POINT('',(-0.24,0.33,0.022));
#2339=CARTESIAN_POINT('',(-0.24,0.33,0.022));
#2340=CARTESIAN_POINT('',(-0.2505,0.33,0.022));
#2341=CARTESIAN_POINT('',(-0.2505,0.33,0.022));
#2342=CARTESIAN_POINT('',(-0.2505,0.33,0.024));
#2343=CARTESIAN_POINT('',(-0.26065,0.33,0.024));
#2344=CARTESIAN_POINT('',(-0.24,0.33,0.024));
#2345=CARTESIAN_POINT('',(-0.175,0.20499875,0.024));
#2346=CARTESIAN_POINT('',(-0.2868,0.2705,0.024));
#2347=CARTESIAN_POINT('',(-0.2923,0.2705,0.024));
#2348=CARTESIAN_POINT('',(-0.2505,0.3355,0.024));
#2349=CARTESIAN_POINT('',(-0.2505,0.341,0.024));
#2350=CARTESIAN_POINT('',(-0.24,0.341,0.024));
#2351=CARTESIAN_POINT('',(-0.24,0.341,0.024));
#2352=CARTESIAN_POINT('',(-0.24,0.36,0.024));
#2353=CARTESIAN_POINT('',(-0.24,0.39,0.024));
#2354=CARTESIAN_POINT('',(-0.278,0.39,0.024));
#2355=CARTESIAN_POINT('',(-0.316,0.39,0.024));
#2356=CARTESIAN_POINT('',(-0.316,0.378,0.024));
#2357=CARTESIAN_POINT('',(-0.316,0.351,0.024));
#2358=CARTESIAN_POINT('',(-0.331,0.351,0.024));
#2359=CARTESIAN_POINT('',(-0.346,0.351,0.024));
#2360=CARTESIAN_POINT('',(-0.346,0.3585,0.024));
#2361=CARTESIAN_POINT('',(-0.346,0.366,0.024));
#2362=CARTESIAN_POINT('',(-0.338,0.366,0.024));
#2363=CARTESIAN_POINT('',(-0.33,0.366,0.024));
#2364=CARTESIAN_POINT('',(-0.33,0.378,0.024));
#2365=CARTESIAN_POINT('',(-0.33,0.39,0.024));
#2366=CARTESIAN_POINT('',(-0.34,0.39,0.024));
#2367=CARTESIAN_POINT('',(-0.35,0.39,0.024));
#2368=CARTESIAN_POINT('',(-0.35,0.38,0.024));
#2369=CARTESIAN_POINT('',(-0.35,0.37,0.024));
#2370=CARTESIAN_POINT('',(-0.36,0.37,0.024));
#2371=CARTESIAN_POINT('',(-0.37,0.37,0.024));
#2372=CARTESIAN_POINT('',(-0.37,0.315,0.024));
#2373=CARTESIAN_POINT('',(-0.37,0.26,0.024));
#2374=CARTESIAN_POINT('',(-0.32565,0.26,0.024));
#2375=CARTESIAN_POINT('',(-0.2923,0.26,0.024));
#2376=CARTESIAN_POINT('',(-0.2923,0.26,0.024));
#2377=CARTESIAN_POINT('',(-0.36,0.36,0.024));
#2378=CARTESIAN_POINT('',(-0.357,0.36,0.024));
#2379=CARTESIAN_POINT('',(-0.36,0.27,0.024));
#2380=CARTESIAN_POINT('',(-0.357,0.27,0.024));
#2381=CARTESIAN_POINT('',(-0.34,0.379999999999993,0.024));
#2382=CARTESIAN_POINT('',(-0.337,0.379999999999993,0.024));
#2383=CARTESIAN_POINT('',(-0.25,0.379999999999993,0.024));
#2384=CARTESIAN_POINT('',(-0.247,0.379999999999993,0.024));
#2385=CARTESIAN_POINT('',(-0.37,0.315,0.024));
#2386=CARTESIAN_POINT('',(-0.37,0.26,0.024));
#2387=CARTESIAN_POINT('',(-0.37,0.37,0.024));
#2388=CARTESIAN_POINT('',(-0.32565,0.26,0.024));
#2389=CARTESIAN_POINT('',(-0.2923,0.26,0.024));
#2390=CARTESIAN_POINT('',(-0.2923,0.26,0.022));
#2391=CARTESIAN_POINT('',(-0.32565,0.26,0.022));
#2392=CARTESIAN_POINT('',(-0.24,0.36,0.024));
#2393=CARTESIAN_POINT('',(-0.24,0.341,0.024));
#2394=CARTESIAN_POINT('',(-0.24,0.341,0.022));
#2395=CARTESIAN_POINT('',(-0.24,0.36,0.022));
#2396=CARTESIAN_POINT('',(-0.24,0.39,0.024));
#2397=CARTESIAN_POINT('',(-0.278,0.39,0.024));
#2398=CARTESIAN_POINT('',(-0.316,0.39,0.024));
#2399=CARTESIAN_POINT('',(-0.316,0.378,0.024));
#2400=CARTESIAN_POINT('',(-0.316,0.351,0.024));
#2401=CARTESIAN_POINT('',(-0.331,0.351,0.024));
#2402=CARTESIAN_POINT('',(-0.346,0.351,0.024));
#2403=CARTESIAN_POINT('',(-0.346,0.3585,0.024));
#2404=CARTESIAN_POINT('',(-0.346,0.366,0.024));
#2405=CARTESIAN_POINT('',(-0.338,0.366,0.024));
#2406=CARTESIAN_POINT('',(-0.33,0.366,0.024));
#2407=CARTESIAN_POINT('',(-0.33,0.378,0.024));
#2408=CARTESIAN_POINT('',(-0.33,0.39,0.024));
#2409=CARTESIAN_POINT('',(-0.34,0.39,0.024));
#2410=CARTESIAN_POINT('',(-0.35,0.39,0.024));
#2411=CARTESIAN_POINT('',(-0.35,0.38,0.024));
#2412=CARTESIAN_POINT('',(-0.35,0.37,0.024));
#2413=CARTESIAN_POINT('',(-0.34,0.379999999999993,0.024));
#2414=CARTESIAN_POINT('',(-0.36,0.37,0.024));
#2415=CARTESIAN_POINT('',(-0.36,0.27,0.024));
#2416=CARTESIAN_POINT('',(-0.36,0.36,0.024));
#2417=CARTESIAN_POINT('',(-0.25,0.379999999999993,0.024));
#2418=CARTESIAN_POINT('',(-0.24,0.341,0.022));
#2419=CARTESIAN_POINT('',(-0.2505,0.341,0.022));
#2420=CARTESIAN_POINT('',(-0.2505,0.341,0.022));
#2421=CARTESIAN_POINT('',(-0.24,0.341,0.022));
#2422=CARTESIAN_POINT('',(-0.2128500125,0.2460000125,0.022));
#2423=CARTESIAN_POINT('',(-0.2505,0.3355,0.022));
#2424=CARTESIAN_POINT('',(-0.2505,0.3355,0.022));
#2425=CARTESIAN_POINT('',(-0.2868,0.2705,0.022));
#2426=CARTESIAN_POINT('',(-0.2923,0.2705,0.022));
#2427=CARTESIAN_POINT('',(-0.2923,0.2705,0.022));
#2428=CARTESIAN_POINT('',(-0.2868,0.2705,0.022));
#2429=CARTESIAN_POINT('',(-0.2923,0.26,0.022));
#2430=CARTESIAN_POINT('',(-0.2923,0.26,0.022));
#2431=CARTESIAN_POINT('',(-0.2128500125,0.2460000125,0.022));
#2432=CARTESIAN_POINT('',(-0.23575,0.2215,0.0206));
#2433=CARTESIAN_POINT('',(-0.2425,0.2215,0.0206));
#2434=CARTESIAN_POINT('',(-0.2425,0.3325,0.0206));
#2435=CARTESIAN_POINT('',(-0.23575,0.3325,0.0206));
#2436=CARTESIAN_POINT('',(-0.2485,0.3355,0.021));
#2437=CARTESIAN_POINT('',(-0.2485,0.3385,0.021));
#2438=CARTESIAN_POINT('',(-0.2485,0.3325,0.021));
#2439=CARTESIAN_POINT('',(-0.2455,0.3385,0.021));
#2440=CARTESIAN_POINT('',(-0.2425,0.3385,0.021));
#2441=CARTESIAN_POINT('',(-0.2425,0.3355,0.021));
#2442=CARTESIAN_POINT('',(-0.2425,0.3325,0.021));
#2443=CARTESIAN_POINT('',(-0.2455,0.3325,0.021));
#2444=CARTESIAN_POINT('',(-0.23575,0.2215,0.0206));
#2445=CARTESIAN_POINT('',(-0.2838,0.2215,0.0206));
#2446=CARTESIAN_POINT('',(-0.2838,0.2625,0.0206));
#2447=CARTESIAN_POINT('',(-0.23575,0.2625,0.0206));
#2448=CARTESIAN_POINT('',(-0.2898,0.2655,0.021));
#2449=CARTESIAN_POINT('',(-0.2898,0.2685,0.021));
#2450=CARTESIAN_POINT('',(-0.2898,0.2625,0.021));
#2451=CARTESIAN_POINT('',(-0.2868,0.2685,0.021));
#2452=CARTESIAN_POINT('',(-0.2838,0.2685,0.021));
#2453=CARTESIAN_POINT('',(-0.2838,0.2655,0.021));
#2454=CARTESIAN_POINT('',(-0.2838,0.2625,0.021));
#2455=CARTESIAN_POINT('',(-0.2868,0.2625,0.021));
#2456=MECHANICAL_DESIGN_GEOMETRIC_PRESENTATION_REPRESENTATION('',(#1527),
#2457);
#2457=(
GEOMETRIC_REPRESENTATION_CONTEXT(3)
GLOBAL_UNCERTAINTY_ASSIGNED_CONTEXT((#2458))
GLOBAL_UNIT_ASSIGNED_CONTEXT((#2461,#2460,#2459))
REPRESENTATION_CONTEXT('Back Left Top Plate','TOP_LEVEL_ASSEMBLY_PART')
);
#2458=UNCERTAINTY_MEASURE_WITH_UNIT(LENGTH_MEASURE(2.2E-7),#2461,
'DISTANCE_ACCURACY_VALUE','Maximum Tolerance applied to model');
#2459=(
NAMED_UNIT(*)
SI_UNIT($,.STERADIAN.)
SOLID_ANGLE_UNIT()
);
#2460=(
NAMED_UNIT(*)
PLANE_ANGLE_UNIT()
SI_UNIT($,.RADIAN.)
);
#2461=(
LENGTH_UNIT()
NAMED_UNIT(*)
SI_UNIT($,.METRE.)
);
#2462=PRODUCT_DEFINITION_SHAPE('','',#2463);
#2463=PRODUCT_DEFINITION('','',#2465,#2464);
#2464=PRODUCT_DEFINITION_CONTEXT('',#2471,'design');
#2465=PRODUCT_DEFINITION_FORMATION_WITH_SPECIFIED_SOURCE('','',#2467,
 .NOT_KNOWN.);
#2466=PRODUCT_RELATED_PRODUCT_CATEGORY('','',(#2467));
#2467=PRODUCT('Back Left Top Plate','Back Left Top Plate',
'Back Left Top Plate',(#2469));
#2468=PRODUCT_CATEGORY('','');
#2469=PRODUCT_CONTEXT('',#2471,'mechanical');
#2470=APPLICATION_PROTOCOL_DEFINITION('international standard',
'ap242_managed_model_based_3d_engineering',2020,#2471);
#2471=APPLICATION_CONTEXT('managed model based 3d engineering');
ENDSEC;
END-ISO-10303-21;
