ISO-10303-21;
HEADER;
/* Generated by software containing ST-Developer
 * from STEP Tools, Inc. (www.steptools.com) 
 */
/* OPTION: using custom renumber hook */

FILE_DESCRIPTION(
/* description */ ('STEP AP242 Edition 2',
'CAx-IF Rec.Pracs.---Representation and Presentation of Product Manufa
cturing Information (PMI)---4.0---2014-10-13',
'CAx-IF Rec.Pracs.---3D Tessellated Geometry---0.4---2014-09-14','2;1',
'CAx-IF Rec.Pracs.---User Defined Attributes---1.5---2016-08-15'),
/* implementation_level */ '2;1');

FILE_NAME(
/* name */ 'Base and Z Axis - Back Right Top Plate',
/* time_stamp */ '2026-01-10T06:34:50Z',
/* author */ (''),
/* organization */ (''),
/* preprocessor_version */ 'ST-DEVELOPER v20',
/* originating_system */ 'ONSHAPE BY PTC INC, 1.209',
/* authorisation */ '  ');

FILE_SCHEMA (('AP242_MANAGED_MODEL_BASED_3D_ENGINEERING_MIM_LF { 1 0 10303 442 3 1 4 }'));
ENDSEC;

DATA;
#10=SHAPE_REPRESENTATION_RELATIONSHIP('','',#2058,#11);
#11=ADVANCED_BREP_SHAPE_REPRESENTATION('',(#2056),#3391);
#12=B_SPLINE_CURVE_WITH_KNOTS('',3,(#3312,#3313,#3314,#3315),
 .UNSPECIFIED.,.F.,.F.,(4,4),(0.,0.00465720626848372),.UNSPECIFIED.);
#13=CONICAL_SURFACE('',#2191,0.016,0.785398163397446);
#14=CONICAL_SURFACE('',#2205,0.0135,0.785398163397449);
#15=CONICAL_SURFACE('',#2206,0.00500000000000046,0.78539816339745);
#16=CYLINDRICAL_SURFACE('',#2148,0.002);
#17=CYLINDRICAL_SURFACE('',#2159,0.003);
#18=CYLINDRICAL_SURFACE('',#2160,0.003);
#19=CYLINDRICAL_SURFACE('',#2161,0.003);
#20=CYLINDRICAL_SURFACE('',#2163,0.003);
#21=CYLINDRICAL_SURFACE('',#2172,0.016);
#22=CYLINDRICAL_SURFACE('',#2174,0.00175);
#23=CYLINDRICAL_SURFACE('',#2175,0.00175);
#24=CYLINDRICAL_SURFACE('',#2176,0.00175);
#25=CYLINDRICAL_SURFACE('',#2177,0.00175);
#26=CYLINDRICAL_SURFACE('',#2182,0.00500000000000046);
#27=CYLINDRICAL_SURFACE('',#2184,0.018);
#28=CYLINDRICAL_SURFACE('',#2208,0.013);
#29=CYLINDRICAL_SURFACE('',#2209,0.013);
#30=CYLINDRICAL_SURFACE('',#2210,0.013);
#31=CYLINDRICAL_SURFACE('',#2211,0.013);
#32=CYLINDRICAL_SURFACE('',#2212,0.013);
#33=CYLINDRICAL_SURFACE('',#2213,0.013);
#34=CYLINDRICAL_SURFACE('',#2214,0.013);
#35=CYLINDRICAL_SURFACE('',#2216,0.013);
#36=CYLINDRICAL_SURFACE('',#2221,0.013);
#37=CYLINDRICAL_SURFACE('',#2223,0.013);
#38=CYLINDRICAL_SURFACE('',#2228,0.013);
#39=CIRCLE('',#2062,0.013);
#40=CIRCLE('',#2066,0.013);
#41=CIRCLE('',#2070,0.013);
#42=CIRCLE('',#2074,0.013);
#43=CIRCLE('',#2078,0.013);
#44=CIRCLE('',#2082,0.013);
#45=CIRCLE('',#2085,0.013);
#46=CIRCLE('',#2086,0.013);
#47=CIRCLE('',#2088,0.013);
#48=CIRCLE('',#2089,0.013);
#49=CIRCLE('',#2091,0.013);
#50=CIRCLE('',#2092,0.013);
#51=CIRCLE('',#2093,0.013);
#52=CIRCLE('',#2094,0.013);
#53=CIRCLE('',#2095,0.013);
#54=CIRCLE('',#2096,0.013);
#55=CIRCLE('',#2097,0.013);
#56=CIRCLE('',#2098,0.013);
#57=CIRCLE('',#2100,0.00175);
#58=CIRCLE('',#2101,0.00175);
#59=CIRCLE('',#2102,0.00175);
#60=CIRCLE('',#2103,0.00175);
#61=CIRCLE('',#2104,0.003);
#62=CIRCLE('',#2105,0.003);
#63=CIRCLE('',#2106,0.003);
#64=CIRCLE('',#2107,0.003);
#65=CIRCLE('',#2108,0.016);
#66=CIRCLE('',#2109,0.018);
#67=CIRCLE('',#2110,0.00500000000000046);
#68=CIRCLE('',#2126,0.002);
#69=CIRCLE('',#2128,0.002);
#70=CIRCLE('',#2131,0.002);
#71=CIRCLE('',#2135,0.002);
#72=CIRCLE('',#2139,0.00175);
#73=CIRCLE('',#2140,0.00175);
#74=CIRCLE('',#2141,0.00175);
#75=CIRCLE('',#2142,0.00175);
#76=CIRCLE('',#2143,0.016);
#77=CIRCLE('',#2144,0.003);
#78=CIRCLE('',#2145,0.003);
#79=CIRCLE('',#2146,0.003);
#80=CIRCLE('',#2147,0.003);
#81=CIRCLE('',#2149,0.002);
#82=CIRCLE('',#2173,0.016);
#83=CIRCLE('',#2183,0.00500000000000046);
#84=CIRCLE('',#2185,0.018);
#85=CIRCLE('',#2188,0.00950000000000047);
#86=CIRCLE('',#2189,0.0135);
#87=CIRCLE('',#2192,0.013);
#88=CIRCLE('',#2193,0.013);
#89=CIRCLE('',#2194,0.013);
#90=CIRCLE('',#2195,0.013);
#91=CIRCLE('',#2196,0.013);
#92=CIRCLE('',#2197,0.013);
#93=CIRCLE('',#2198,0.013);
#94=CIRCLE('',#2199,0.013);
#95=CIRCLE('',#2200,0.013);
#96=CIRCLE('',#2201,0.013);
#97=CIRCLE('',#2202,0.013);
#98=CIRCLE('',#2215,0.013);
#99=CIRCLE('',#2217,0.013);
#100=CIRCLE('',#2222,0.013);
#101=CIRCLE('',#2224,0.013);
#102=CIRCLE('',#2229,0.013);
#103=ORIENTED_EDGE('',*,*,#665,.F.);
#104=ORIENTED_EDGE('',*,*,#666,.T.);
#105=ORIENTED_EDGE('',*,*,#667,.T.);
#106=ORIENTED_EDGE('',*,*,#668,.F.);
#107=ORIENTED_EDGE('',*,*,#669,.F.);
#108=ORIENTED_EDGE('',*,*,#668,.T.);
#109=ORIENTED_EDGE('',*,*,#670,.T.);
#110=ORIENTED_EDGE('',*,*,#671,.T.);
#111=ORIENTED_EDGE('',*,*,#672,.F.);
#112=ORIENTED_EDGE('',*,*,#671,.F.);
#113=ORIENTED_EDGE('',*,*,#673,.T.);
#114=ORIENTED_EDGE('',*,*,#674,.T.);
#115=ORIENTED_EDGE('',*,*,#675,.F.);
#116=ORIENTED_EDGE('',*,*,#676,.T.);
#117=ORIENTED_EDGE('',*,*,#677,.T.);
#118=ORIENTED_EDGE('',*,*,#678,.F.);
#119=ORIENTED_EDGE('',*,*,#679,.F.);
#120=ORIENTED_EDGE('',*,*,#678,.T.);
#121=ORIENTED_EDGE('',*,*,#680,.T.);
#122=ORIENTED_EDGE('',*,*,#681,.T.);
#123=ORIENTED_EDGE('',*,*,#682,.F.);
#124=ORIENTED_EDGE('',*,*,#681,.F.);
#125=ORIENTED_EDGE('',*,*,#683,.T.);
#126=ORIENTED_EDGE('',*,*,#684,.T.);
#127=ORIENTED_EDGE('',*,*,#685,.F.);
#128=ORIENTED_EDGE('',*,*,#686,.T.);
#129=ORIENTED_EDGE('',*,*,#687,.T.);
#130=ORIENTED_EDGE('',*,*,#688,.F.);
#131=ORIENTED_EDGE('',*,*,#689,.F.);
#132=ORIENTED_EDGE('',*,*,#688,.T.);
#133=ORIENTED_EDGE('',*,*,#690,.T.);
#134=ORIENTED_EDGE('',*,*,#691,.T.);
#135=ORIENTED_EDGE('',*,*,#692,.F.);
#136=ORIENTED_EDGE('',*,*,#691,.F.);
#137=ORIENTED_EDGE('',*,*,#693,.T.);
#138=ORIENTED_EDGE('',*,*,#694,.T.);
#139=ORIENTED_EDGE('',*,*,#695,.F.);
#140=ORIENTED_EDGE('',*,*,#696,.T.);
#141=ORIENTED_EDGE('',*,*,#697,.T.);
#142=ORIENTED_EDGE('',*,*,#698,.F.);
#143=ORIENTED_EDGE('',*,*,#699,.F.);
#144=ORIENTED_EDGE('',*,*,#698,.T.);
#145=ORIENTED_EDGE('',*,*,#700,.T.);
#146=ORIENTED_EDGE('',*,*,#701,.T.);
#147=ORIENTED_EDGE('',*,*,#702,.F.);
#148=ORIENTED_EDGE('',*,*,#701,.F.);
#149=ORIENTED_EDGE('',*,*,#703,.T.);
#150=ORIENTED_EDGE('',*,*,#704,.T.);
#151=ORIENTED_EDGE('',*,*,#705,.F.);
#152=ORIENTED_EDGE('',*,*,#706,.T.);
#153=ORIENTED_EDGE('',*,*,#707,.T.);
#154=ORIENTED_EDGE('',*,*,#708,.F.);
#155=ORIENTED_EDGE('',*,*,#709,.F.);
#156=ORIENTED_EDGE('',*,*,#708,.T.);
#157=ORIENTED_EDGE('',*,*,#710,.T.);
#158=ORIENTED_EDGE('',*,*,#711,.T.);
#159=ORIENTED_EDGE('',*,*,#712,.F.);
#160=ORIENTED_EDGE('',*,*,#711,.F.);
#161=ORIENTED_EDGE('',*,*,#713,.T.);
#162=ORIENTED_EDGE('',*,*,#714,.T.);
#163=ORIENTED_EDGE('',*,*,#715,.F.);
#164=ORIENTED_EDGE('',*,*,#716,.T.);
#165=ORIENTED_EDGE('',*,*,#717,.T.);
#166=ORIENTED_EDGE('',*,*,#718,.F.);
#167=ORIENTED_EDGE('',*,*,#719,.F.);
#168=ORIENTED_EDGE('',*,*,#718,.T.);
#169=ORIENTED_EDGE('',*,*,#720,.T.);
#170=ORIENTED_EDGE('',*,*,#721,.T.);
#171=ORIENTED_EDGE('',*,*,#722,.F.);
#172=ORIENTED_EDGE('',*,*,#721,.F.);
#173=ORIENTED_EDGE('',*,*,#723,.T.);
#174=ORIENTED_EDGE('',*,*,#724,.T.);
#175=ORIENTED_EDGE('',*,*,#725,.F.);
#176=ORIENTED_EDGE('',*,*,#726,.T.);
#177=ORIENTED_EDGE('',*,*,#727,.F.);
#178=ORIENTED_EDGE('',*,*,#728,.T.);
#179=ORIENTED_EDGE('',*,*,#729,.F.);
#180=ORIENTED_EDGE('',*,*,#730,.T.);
#181=ORIENTED_EDGE('',*,*,#731,.F.);
#182=ORIENTED_EDGE('',*,*,#732,.T.);
#183=ORIENTED_EDGE('',*,*,#686,.F.);
#184=ORIENTED_EDGE('',*,*,#733,.T.);
#185=ORIENTED_EDGE('',*,*,#694,.F.);
#186=ORIENTED_EDGE('',*,*,#734,.T.);
#187=ORIENTED_EDGE('',*,*,#676,.F.);
#188=ORIENTED_EDGE('',*,*,#735,.T.);
#189=ORIENTED_EDGE('',*,*,#684,.F.);
#190=ORIENTED_EDGE('',*,*,#736,.T.);
#191=ORIENTED_EDGE('',*,*,#737,.F.);
#192=ORIENTED_EDGE('',*,*,#738,.T.);
#193=ORIENTED_EDGE('',*,*,#739,.T.);
#194=ORIENTED_EDGE('',*,*,#740,.F.);
#195=ORIENTED_EDGE('',*,*,#741,.T.);
#196=ORIENTED_EDGE('',*,*,#742,.T.);
#197=ORIENTED_EDGE('',*,*,#696,.F.);
#198=ORIENTED_EDGE('',*,*,#743,.T.);
#199=ORIENTED_EDGE('',*,*,#704,.F.);
#200=ORIENTED_EDGE('',*,*,#744,.T.);
#201=ORIENTED_EDGE('',*,*,#706,.F.);
#202=ORIENTED_EDGE('',*,*,#745,.T.);
#203=ORIENTED_EDGE('',*,*,#714,.F.);
#204=ORIENTED_EDGE('',*,*,#746,.T.);
#205=ORIENTED_EDGE('',*,*,#716,.F.);
#206=ORIENTED_EDGE('',*,*,#747,.T.);
#207=ORIENTED_EDGE('',*,*,#724,.F.);
#208=ORIENTED_EDGE('',*,*,#748,.T.);
#209=ORIENTED_EDGE('',*,*,#666,.F.);
#210=ORIENTED_EDGE('',*,*,#749,.T.);
#211=ORIENTED_EDGE('',*,*,#674,.F.);
#212=ORIENTED_EDGE('',*,*,#750,.T.);
#213=ORIENTED_EDGE('',*,*,#751,.T.);
#214=ORIENTED_EDGE('',*,*,#752,.T.);
#215=ORIENTED_EDGE('',*,*,#753,.T.);
#216=ORIENTED_EDGE('',*,*,#754,.T.);
#217=ORIENTED_EDGE('',*,*,#755,.F.);
#218=ORIENTED_EDGE('',*,*,#756,.T.);
#219=ORIENTED_EDGE('',*,*,#757,.F.);
#220=ORIENTED_EDGE('',*,*,#758,.F.);
#221=ORIENTED_EDGE('',*,*,#759,.F.);
#222=ORIENTED_EDGE('',*,*,#760,.F.);
#223=ORIENTED_EDGE('',*,*,#761,.T.);
#224=ORIENTED_EDGE('',*,*,#762,.T.);
#225=ORIENTED_EDGE('',*,*,#763,.F.);
#226=ORIENTED_EDGE('',*,*,#764,.F.);
#227=ORIENTED_EDGE('',*,*,#765,.F.);
#228=ORIENTED_EDGE('',*,*,#766,.T.);
#229=ORIENTED_EDGE('',*,*,#767,.T.);
#230=ORIENTED_EDGE('',*,*,#768,.T.);
#231=ORIENTED_EDGE('',*,*,#769,.F.);
#232=ORIENTED_EDGE('',*,*,#770,.F.);
#233=ORIENTED_EDGE('',*,*,#771,.F.);
#234=ORIENTED_EDGE('',*,*,#772,.T.);
#235=ORIENTED_EDGE('',*,*,#773,.T.);
#236=ORIENTED_EDGE('',*,*,#774,.F.);
#237=ORIENTED_EDGE('',*,*,#775,.F.);
#238=ORIENTED_EDGE('',*,*,#776,.T.);
#239=ORIENTED_EDGE('',*,*,#777,.T.);
#240=ORIENTED_EDGE('',*,*,#778,.F.);
#241=ORIENTED_EDGE('',*,*,#779,.F.);
#242=ORIENTED_EDGE('',*,*,#780,.F.);
#243=ORIENTED_EDGE('',*,*,#781,.F.);
#244=ORIENTED_EDGE('',*,*,#782,.T.);
#245=ORIENTED_EDGE('',*,*,#783,.T.);
#246=ORIENTED_EDGE('',*,*,#784,.T.);
#247=ORIENTED_EDGE('',*,*,#785,.F.);
#248=ORIENTED_EDGE('',*,*,#786,.F.);
#249=ORIENTED_EDGE('',*,*,#787,.T.);
#250=ORIENTED_EDGE('',*,*,#788,.T.);
#251=ORIENTED_EDGE('',*,*,#789,.T.);
#252=ORIENTED_EDGE('',*,*,#790,.F.);
#253=ORIENTED_EDGE('',*,*,#784,.F.);
#254=ORIENTED_EDGE('',*,*,#791,.T.);
#255=ORIENTED_EDGE('',*,*,#792,.T.);
#256=ORIENTED_EDGE('',*,*,#793,.T.);
#257=ORIENTED_EDGE('',*,*,#794,.F.);
#258=ORIENTED_EDGE('',*,*,#795,.F.);
#259=ORIENTED_EDGE('',*,*,#796,.T.);
#260=ORIENTED_EDGE('',*,*,#797,.T.);
#261=ORIENTED_EDGE('',*,*,#786,.T.);
#262=ORIENTED_EDGE('',*,*,#798,.T.);
#263=ORIENTED_EDGE('',*,*,#799,.F.);
#264=ORIENTED_EDGE('',*,*,#800,.F.);
#265=ORIENTED_EDGE('',*,*,#788,.F.);
#266=ORIENTED_EDGE('',*,*,#801,.F.);
#267=ORIENTED_EDGE('',*,*,#789,.F.);
#268=ORIENTED_EDGE('',*,*,#802,.T.);
#269=ORIENTED_EDGE('',*,*,#803,.T.);
#270=ORIENTED_EDGE('',*,*,#804,.F.);
#271=ORIENTED_EDGE('',*,*,#803,.F.);
#272=ORIENTED_EDGE('',*,*,#805,.T.);
#273=ORIENTED_EDGE('',*,*,#781,.T.);
#274=ORIENTED_EDGE('',*,*,#806,.T.);
#275=ORIENTED_EDGE('',*,*,#782,.F.);
#276=ORIENTED_EDGE('',*,*,#807,.F.);
#277=ORIENTED_EDGE('',*,*,#808,.T.);
#278=ORIENTED_EDGE('',*,*,#809,.F.);
#279=ORIENTED_EDGE('',*,*,#810,.F.);
#280=ORIENTED_EDGE('',*,*,#811,.T.);
#281=ORIENTED_EDGE('',*,*,#795,.T.);
#282=ORIENTED_EDGE('',*,*,#812,.T.);
#283=ORIENTED_EDGE('',*,*,#796,.F.);
#284=ORIENTED_EDGE('',*,*,#813,.F.);
#285=ORIENTED_EDGE('',*,*,#814,.T.);
#286=ORIENTED_EDGE('',*,*,#815,.T.);
#287=ORIENTED_EDGE('',*,*,#816,.F.);
#288=ORIENTED_EDGE('',*,*,#817,.F.);
#289=ORIENTED_EDGE('',*,*,#792,.F.);
#290=ORIENTED_EDGE('',*,*,#818,.F.);
#291=ORIENTED_EDGE('',*,*,#793,.F.);
#292=ORIENTED_EDGE('',*,*,#819,.T.);
#293=ORIENTED_EDGE('',*,*,#810,.T.);
#294=ORIENTED_EDGE('',*,*,#820,.F.);
#295=ORIENTED_EDGE('',*,*,#821,.T.);
#296=ORIENTED_EDGE('',*,*,#791,.F.);
#297=ORIENTED_EDGE('',*,*,#783,.F.);
#298=ORIENTED_EDGE('',*,*,#822,.T.);
#299=ORIENTED_EDGE('',*,*,#797,.F.);
#300=ORIENTED_EDGE('',*,*,#823,.T.);
#301=ORIENTED_EDGE('',*,*,#824,.T.);
#302=ORIENTED_EDGE('',*,*,#825,.T.);
#303=ORIENTED_EDGE('',*,*,#787,.F.);
#304=ORIENTED_EDGE('',*,*,#790,.T.);
#305=ORIENTED_EDGE('',*,*,#818,.T.);
#306=ORIENTED_EDGE('',*,*,#826,.T.);
#307=ORIENTED_EDGE('',*,*,#827,.T.);
#308=ORIENTED_EDGE('',*,*,#809,.T.);
#309=ORIENTED_EDGE('',*,*,#794,.T.);
#310=ORIENTED_EDGE('',*,*,#828,.T.);
#311=ORIENTED_EDGE('',*,*,#807,.T.);
#312=ORIENTED_EDGE('',*,*,#805,.F.);
#313=ORIENTED_EDGE('',*,*,#802,.F.);
#314=ORIENTED_EDGE('',*,*,#800,.T.);
#315=ORIENTED_EDGE('',*,*,#804,.T.);
#316=ORIENTED_EDGE('',*,*,#780,.T.);
#317=ORIENTED_EDGE('',*,*,#829,.T.);
#318=ORIENTED_EDGE('',*,*,#819,.F.);
#319=ORIENTED_EDGE('',*,*,#817,.T.);
#320=ORIENTED_EDGE('',*,*,#830,.F.);
#321=ORIENTED_EDGE('',*,*,#813,.T.);
#322=ORIENTED_EDGE('',*,*,#811,.F.);
#323=ORIENTED_EDGE('',*,*,#823,.F.);
#324=ORIENTED_EDGE('',*,*,#812,.F.);
#325=ORIENTED_EDGE('',*,*,#831,.F.);
#326=ORIENTED_EDGE('',*,*,#832,.T.);
#327=ORIENTED_EDGE('',*,*,#785,.T.);
#328=ORIENTED_EDGE('',*,*,#801,.T.);
#329=ORIENTED_EDGE('',*,*,#833,.T.);
#330=ORIENTED_EDGE('',*,*,#821,.F.);
#331=ORIENTED_EDGE('',*,*,#834,.F.);
#332=ORIENTED_EDGE('',*,*,#835,.F.);
#333=ORIENTED_EDGE('',*,*,#815,.F.);
#334=ORIENTED_EDGE('',*,*,#806,.F.);
#335=ORIENTED_EDGE('',*,*,#836,.T.);
#336=ORIENTED_EDGE('',*,*,#837,.F.);
#337=ORIENTED_EDGE('',*,*,#822,.F.);
#338=ORIENTED_EDGE('',*,*,#838,.T.);
#339=ORIENTED_EDGE('',*,*,#839,.T.);
#340=ORIENTED_EDGE('',*,*,#840,.T.);
#341=ORIENTED_EDGE('',*,*,#841,.T.);
#342=ORIENTED_EDGE('',*,*,#842,.F.);
#343=ORIENTED_EDGE('',*,*,#843,.T.);
#344=ORIENTED_EDGE('',*,*,#844,.T.);
#345=ORIENTED_EDGE('',*,*,#845,.F.);
#346=ORIENTED_EDGE('',*,*,#846,.F.);
#347=ORIENTED_EDGE('',*,*,#847,.T.);
#348=ORIENTED_EDGE('',*,*,#848,.T.);
#349=ORIENTED_EDGE('',*,*,#849,.T.);
#350=ORIENTED_EDGE('',*,*,#850,.T.);
#351=ORIENTED_EDGE('',*,*,#851,.F.);
#352=ORIENTED_EDGE('',*,*,#852,.T.);
#353=ORIENTED_EDGE('',*,*,#853,.T.);
#354=ORIENTED_EDGE('',*,*,#854,.T.);
#355=ORIENTED_EDGE('',*,*,#855,.F.);
#356=ORIENTED_EDGE('',*,*,#856,.F.);
#357=ORIENTED_EDGE('',*,*,#857,.T.);
#358=ORIENTED_EDGE('',*,*,#858,.T.);
#359=ORIENTED_EDGE('',*,*,#859,.F.);
#360=ORIENTED_EDGE('',*,*,#860,.F.);
#361=ORIENTED_EDGE('',*,*,#861,.T.);
#362=ORIENTED_EDGE('',*,*,#827,.F.);
#363=ORIENTED_EDGE('',*,*,#833,.F.);
#364=ORIENTED_EDGE('',*,*,#829,.F.);
#365=ORIENTED_EDGE('',*,*,#826,.F.);
#366=ORIENTED_EDGE('',*,*,#862,.T.);
#367=ORIENTED_EDGE('',*,*,#863,.T.);
#368=ORIENTED_EDGE('',*,*,#765,.T.);
#369=ORIENTED_EDGE('',*,*,#864,.T.);
#370=ORIENTED_EDGE('',*,*,#852,.F.);
#371=ORIENTED_EDGE('',*,*,#865,.F.);
#372=ORIENTED_EDGE('',*,*,#847,.F.);
#373=ORIENTED_EDGE('',*,*,#866,.F.);
#374=ORIENTED_EDGE('',*,*,#760,.T.);
#375=ORIENTED_EDGE('',*,*,#867,.T.);
#376=ORIENTED_EDGE('',*,*,#856,.T.);
#377=ORIENTED_EDGE('',*,*,#868,.F.);
#378=ORIENTED_EDGE('',*,*,#761,.F.);
#379=ORIENTED_EDGE('',*,*,#866,.T.);
#380=ORIENTED_EDGE('',*,*,#855,.T.);
#381=ORIENTED_EDGE('',*,*,#869,.F.);
#382=ORIENTED_EDGE('',*,*,#762,.F.);
#383=ORIENTED_EDGE('',*,*,#868,.T.);
#384=ORIENTED_EDGE('',*,*,#854,.F.);
#385=ORIENTED_EDGE('',*,*,#870,.F.);
#386=ORIENTED_EDGE('',*,*,#763,.T.);
#387=ORIENTED_EDGE('',*,*,#869,.T.);
#388=ORIENTED_EDGE('',*,*,#853,.F.);
#389=ORIENTED_EDGE('',*,*,#864,.F.);
#390=ORIENTED_EDGE('',*,*,#764,.T.);
#391=ORIENTED_EDGE('',*,*,#870,.T.);
#392=ORIENTED_EDGE('',*,*,#756,.F.);
#393=ORIENTED_EDGE('',*,*,#871,.T.);
#394=ORIENTED_EDGE('',*,*,#872,.F.);
#395=ORIENTED_EDGE('',*,*,#865,.T.);
#396=ORIENTED_EDGE('',*,*,#851,.T.);
#397=ORIENTED_EDGE('',*,*,#873,.F.);
#398=ORIENTED_EDGE('',*,*,#850,.F.);
#399=ORIENTED_EDGE('',*,*,#874,.F.);
#400=ORIENTED_EDGE('',*,*,#757,.T.);
#401=ORIENTED_EDGE('',*,*,#873,.T.);
#402=ORIENTED_EDGE('',*,*,#849,.F.);
#403=ORIENTED_EDGE('',*,*,#875,.F.);
#404=ORIENTED_EDGE('',*,*,#758,.T.);
#405=ORIENTED_EDGE('',*,*,#874,.T.);
#406=ORIENTED_EDGE('',*,*,#769,.T.);
#407=ORIENTED_EDGE('',*,*,#844,.F.);
#408=ORIENTED_EDGE('',*,*,#768,.F.);
#409=ORIENTED_EDGE('',*,*,#845,.T.);
#410=ORIENTED_EDGE('',*,*,#767,.F.);
#411=ORIENTED_EDGE('',*,*,#846,.T.);
#412=ORIENTED_EDGE('',*,*,#848,.F.);
#413=ORIENTED_EDGE('',*,*,#867,.F.);
#414=ORIENTED_EDGE('',*,*,#759,.T.);
#415=ORIENTED_EDGE('',*,*,#875,.T.);
#416=ORIENTED_EDGE('',*,*,#770,.T.);
#417=ORIENTED_EDGE('',*,*,#843,.F.);
#418=ORIENTED_EDGE('',*,*,#755,.T.);
#419=ORIENTED_EDGE('',*,*,#876,.F.);
#420=ORIENTED_EDGE('',*,*,#877,.F.);
#421=ORIENTED_EDGE('',*,*,#871,.F.);
#422=ORIENTED_EDGE('',*,*,#878,.T.);
#423=ORIENTED_EDGE('',*,*,#876,.T.);
#424=ORIENTED_EDGE('',*,*,#766,.F.);
#425=ORIENTED_EDGE('',*,*,#863,.F.);
#426=ORIENTED_EDGE('',*,*,#861,.F.);
#427=ORIENTED_EDGE('',*,*,#872,.T.);
#428=ORIENTED_EDGE('',*,*,#877,.T.);
#429=ORIENTED_EDGE('',*,*,#878,.F.);
#430=ORIENTED_EDGE('',*,*,#862,.F.);
#431=ORIENTED_EDGE('',*,*,#825,.F.);
#432=ORIENTED_EDGE('',*,*,#879,.T.);
#433=ORIENTED_EDGE('',*,*,#880,.T.);
#434=ORIENTED_EDGE('',*,*,#798,.F.);
#435=ORIENTED_EDGE('',*,*,#857,.F.);
#436=ORIENTED_EDGE('',*,*,#881,.F.);
#437=ORIENTED_EDGE('',*,*,#831,.T.);
#438=ORIENTED_EDGE('',*,*,#814,.F.);
#439=ORIENTED_EDGE('',*,*,#830,.T.);
#440=ORIENTED_EDGE('',*,*,#816,.T.);
#441=ORIENTED_EDGE('',*,*,#835,.T.);
#442=ORIENTED_EDGE('',*,*,#882,.T.);
#443=ORIENTED_EDGE('',*,*,#860,.T.);
#444=ORIENTED_EDGE('',*,*,#883,.F.);
#445=ORIENTED_EDGE('',*,*,#879,.F.);
#446=ORIENTED_EDGE('',*,*,#824,.F.);
#447=ORIENTED_EDGE('',*,*,#832,.F.);
#448=ORIENTED_EDGE('',*,*,#881,.T.);
#449=ORIENTED_EDGE('',*,*,#859,.T.);
#450=ORIENTED_EDGE('',*,*,#884,.F.);
#451=ORIENTED_EDGE('',*,*,#836,.F.);
#452=ORIENTED_EDGE('',*,*,#808,.F.);
#453=ORIENTED_EDGE('',*,*,#828,.F.);
#454=ORIENTED_EDGE('',*,*,#799,.T.);
#455=ORIENTED_EDGE('',*,*,#880,.F.);
#456=ORIENTED_EDGE('',*,*,#883,.T.);
#457=ORIENTED_EDGE('',*,*,#858,.F.);
#458=ORIENTED_EDGE('',*,*,#882,.F.);
#459=ORIENTED_EDGE('',*,*,#834,.T.);
#460=ORIENTED_EDGE('',*,*,#820,.T.);
#461=ORIENTED_EDGE('',*,*,#837,.T.);
#462=ORIENTED_EDGE('',*,*,#884,.T.);
#463=ORIENTED_EDGE('',*,*,#842,.T.);
#464=ORIENTED_EDGE('',*,*,#885,.F.);
#465=ORIENTED_EDGE('',*,*,#886,.T.);
#466=ORIENTED_EDGE('',*,*,#887,.T.);
#467=ORIENTED_EDGE('',*,*,#771,.T.);
#468=ORIENTED_EDGE('',*,*,#754,.F.);
#469=ORIENTED_EDGE('',*,*,#841,.F.);
#470=ORIENTED_EDGE('',*,*,#753,.F.);
#471=ORIENTED_EDGE('',*,*,#840,.F.);
#472=ORIENTED_EDGE('',*,*,#752,.F.);
#473=ORIENTED_EDGE('',*,*,#839,.F.);
#474=ORIENTED_EDGE('',*,*,#751,.F.);
#475=ORIENTED_EDGE('',*,*,#838,.F.);
#476=ORIENTED_EDGE('',*,*,#887,.F.);
#477=ORIENTED_EDGE('',*,*,#888,.T.);
#478=ORIENTED_EDGE('',*,*,#889,.T.);
#479=ORIENTED_EDGE('',*,*,#772,.F.);
#480=ORIENTED_EDGE('',*,*,#890,.F.);
#481=ORIENTED_EDGE('',*,*,#891,.T.);
#482=ORIENTED_EDGE('',*,*,#885,.T.);
#483=ORIENTED_EDGE('',*,*,#779,.T.);
#484=ORIENTED_EDGE('',*,*,#740,.T.);
#485=ORIENTED_EDGE('',*,*,#892,.T.);
#486=ORIENTED_EDGE('',*,*,#890,.T.);
#487=ORIENTED_EDGE('',*,*,#778,.T.);
#488=ORIENTED_EDGE('',*,*,#893,.F.);
#489=ORIENTED_EDGE('',*,*,#894,.T.);
#490=ORIENTED_EDGE('',*,*,#895,.F.);
#491=ORIENTED_EDGE('',*,*,#896,.T.);
#492=ORIENTED_EDGE('',*,*,#897,.T.);
#493=ORIENTED_EDGE('',*,*,#773,.F.);
#494=ORIENTED_EDGE('',*,*,#889,.F.);
#495=ORIENTED_EDGE('',*,*,#898,.T.);
#496=ORIENTED_EDGE('',*,*,#899,.F.);
#497=ORIENTED_EDGE('',*,*,#900,.T.);
#498=ORIENTED_EDGE('',*,*,#893,.T.);
#499=ORIENTED_EDGE('',*,*,#777,.F.);
#500=ORIENTED_EDGE('',*,*,#901,.F.);
#501=ORIENTED_EDGE('',*,*,#902,.T.);
#502=ORIENTED_EDGE('',*,*,#899,.T.);
#503=ORIENTED_EDGE('',*,*,#776,.F.);
#504=ORIENTED_EDGE('',*,*,#903,.F.);
#505=ORIENTED_EDGE('',*,*,#904,.T.);
#506=ORIENTED_EDGE('',*,*,#901,.T.);
#507=ORIENTED_EDGE('',*,*,#775,.T.);
#508=ORIENTED_EDGE('',*,*,#897,.F.);
#509=ORIENTED_EDGE('',*,*,#905,.T.);
#510=ORIENTED_EDGE('',*,*,#903,.T.);
#511=ORIENTED_EDGE('',*,*,#774,.T.);
#512=ORIENTED_EDGE('',*,*,#895,.T.);
#513=ORIENTED_EDGE('',*,*,#906,.T.);
#514=ORIENTED_EDGE('',*,*,#907,.T.);
#515=ORIENTED_EDGE('',*,*,#908,.T.);
#516=ORIENTED_EDGE('',*,*,#909,.T.);
#517=ORIENTED_EDGE('',*,*,#898,.F.);
#518=ORIENTED_EDGE('',*,*,#888,.F.);
#519=ORIENTED_EDGE('',*,*,#910,.F.);
#520=ORIENTED_EDGE('',*,*,#741,.F.);
#521=ORIENTED_EDGE('',*,*,#910,.T.);
#522=ORIENTED_EDGE('',*,*,#886,.F.);
#523=ORIENTED_EDGE('',*,*,#911,.F.);
#524=ORIENTED_EDGE('',*,*,#738,.F.);
#525=ORIENTED_EDGE('',*,*,#912,.F.);
#526=ORIENTED_EDGE('',*,*,#732,.F.);
#527=ORIENTED_EDGE('',*,*,#913,.F.);
#528=ORIENTED_EDGE('',*,*,#726,.F.);
#529=ORIENTED_EDGE('',*,*,#914,.F.);
#530=ORIENTED_EDGE('',*,*,#728,.F.);
#531=ORIENTED_EDGE('',*,*,#915,.F.);
#532=ORIENTED_EDGE('',*,*,#730,.F.);
#533=ORIENTED_EDGE('',*,*,#916,.F.);
#534=ORIENTED_EDGE('',*,*,#736,.F.);
#535=ORIENTED_EDGE('',*,*,#917,.F.);
#536=ORIENTED_EDGE('',*,*,#734,.F.);
#537=ORIENTED_EDGE('',*,*,#918,.F.);
#538=ORIENTED_EDGE('',*,*,#750,.F.);
#539=ORIENTED_EDGE('',*,*,#919,.F.);
#540=ORIENTED_EDGE('',*,*,#748,.F.);
#541=ORIENTED_EDGE('',*,*,#920,.F.);
#542=ORIENTED_EDGE('',*,*,#746,.F.);
#543=ORIENTED_EDGE('',*,*,#921,.F.);
#544=ORIENTED_EDGE('',*,*,#744,.F.);
#545=ORIENTED_EDGE('',*,*,#922,.F.);
#546=ORIENTED_EDGE('',*,*,#742,.F.);
#547=ORIENTED_EDGE('',*,*,#911,.T.);
#548=ORIENTED_EDGE('',*,*,#891,.F.);
#549=ORIENTED_EDGE('',*,*,#892,.F.);
#550=ORIENTED_EDGE('',*,*,#739,.F.);
#551=ORIENTED_EDGE('',*,*,#896,.F.);
#552=ORIENTED_EDGE('',*,*,#909,.F.);
#553=ORIENTED_EDGE('',*,*,#923,.F.);
#554=ORIENTED_EDGE('',*,*,#905,.F.);
#555=ORIENTED_EDGE('',*,*,#923,.T.);
#556=ORIENTED_EDGE('',*,*,#908,.F.);
#557=ORIENTED_EDGE('',*,*,#924,.F.);
#558=ORIENTED_EDGE('',*,*,#904,.F.);
#559=ORIENTED_EDGE('',*,*,#924,.T.);
#560=ORIENTED_EDGE('',*,*,#907,.F.);
#561=ORIENTED_EDGE('',*,*,#925,.F.);
#562=ORIENTED_EDGE('',*,*,#902,.F.);
#563=ORIENTED_EDGE('',*,*,#925,.T.);
#564=ORIENTED_EDGE('',*,*,#906,.F.);
#565=ORIENTED_EDGE('',*,*,#894,.F.);
#566=ORIENTED_EDGE('',*,*,#900,.F.);
#567=ORIENTED_EDGE('',*,*,#670,.F.);
#568=ORIENTED_EDGE('',*,*,#667,.F.);
#569=ORIENTED_EDGE('',*,*,#919,.T.);
#570=ORIENTED_EDGE('',*,*,#673,.F.);
#571=ORIENTED_EDGE('',*,*,#680,.F.);
#572=ORIENTED_EDGE('',*,*,#677,.F.);
#573=ORIENTED_EDGE('',*,*,#917,.T.);
#574=ORIENTED_EDGE('',*,*,#683,.F.);
#575=ORIENTED_EDGE('',*,*,#690,.F.);
#576=ORIENTED_EDGE('',*,*,#687,.F.);
#577=ORIENTED_EDGE('',*,*,#918,.T.);
#578=ORIENTED_EDGE('',*,*,#693,.F.);
#579=ORIENTED_EDGE('',*,*,#700,.F.);
#580=ORIENTED_EDGE('',*,*,#697,.F.);
#581=ORIENTED_EDGE('',*,*,#922,.T.);
#582=ORIENTED_EDGE('',*,*,#703,.F.);
#583=ORIENTED_EDGE('',*,*,#710,.F.);
#584=ORIENTED_EDGE('',*,*,#707,.F.);
#585=ORIENTED_EDGE('',*,*,#921,.T.);
#586=ORIENTED_EDGE('',*,*,#713,.F.);
#587=ORIENTED_EDGE('',*,*,#720,.F.);
#588=ORIENTED_EDGE('',*,*,#717,.F.);
#589=ORIENTED_EDGE('',*,*,#920,.T.);
#590=ORIENTED_EDGE('',*,*,#723,.F.);
#591=ORIENTED_EDGE('',*,*,#913,.T.);
#592=ORIENTED_EDGE('',*,*,#926,.F.);
#593=ORIENTED_EDGE('',*,*,#927,.F.);
#594=ORIENTED_EDGE('',*,*,#928,.F.);
#595=ORIENTED_EDGE('',*,*,#929,.F.);
#596=ORIENTED_EDGE('',*,*,#930,.F.);
#597=ORIENTED_EDGE('',*,*,#915,.T.);
#598=ORIENTED_EDGE('',*,*,#931,.F.);
#599=ORIENTED_EDGE('',*,*,#932,.T.);
#600=ORIENTED_EDGE('',*,*,#929,.T.);
#601=ORIENTED_EDGE('',*,*,#933,.T.);
#602=ORIENTED_EDGE('',*,*,#927,.T.);
#603=ORIENTED_EDGE('',*,*,#930,.T.);
#604=ORIENTED_EDGE('',*,*,#932,.F.);
#605=ORIENTED_EDGE('',*,*,#926,.T.);
#606=ORIENTED_EDGE('',*,*,#731,.T.);
#607=ORIENTED_EDGE('',*,*,#928,.T.);
#608=ORIENTED_EDGE('',*,*,#933,.F.);
#609=ORIENTED_EDGE('',*,*,#931,.T.);
#610=ORIENTED_EDGE('',*,*,#727,.T.);
#611=ORIENTED_EDGE('',*,*,#934,.F.);
#612=ORIENTED_EDGE('',*,*,#935,.F.);
#613=ORIENTED_EDGE('',*,*,#916,.T.);
#614=ORIENTED_EDGE('',*,*,#936,.F.);
#615=ORIENTED_EDGE('',*,*,#912,.T.);
#616=ORIENTED_EDGE('',*,*,#937,.F.);
#617=ORIENTED_EDGE('',*,*,#938,.F.);
#618=ORIENTED_EDGE('',*,*,#939,.F.);
#619=ORIENTED_EDGE('',*,*,#940,.T.);
#620=ORIENTED_EDGE('',*,*,#934,.T.);
#621=ORIENTED_EDGE('',*,*,#941,.T.);
#622=ORIENTED_EDGE('',*,*,#938,.T.);
#623=ORIENTED_EDGE('',*,*,#935,.T.);
#624=ORIENTED_EDGE('',*,*,#940,.F.);
#625=ORIENTED_EDGE('',*,*,#937,.T.);
#626=ORIENTED_EDGE('',*,*,#737,.T.);
#627=ORIENTED_EDGE('',*,*,#939,.T.);
#628=ORIENTED_EDGE('',*,*,#941,.F.);
#629=ORIENTED_EDGE('',*,*,#936,.T.);
#630=ORIENTED_EDGE('',*,*,#729,.T.);
#631=ORIENTED_EDGE('',*,*,#914,.T.);
#632=ORIENTED_EDGE('',*,*,#942,.F.);
#633=ORIENTED_EDGE('',*,*,#943,.F.);
#634=ORIENTED_EDGE('',*,*,#944,.F.);
#635=ORIENTED_EDGE('',*,*,#945,.T.);
#636=ORIENTED_EDGE('',*,*,#943,.T.);
#637=ORIENTED_EDGE('',*,*,#944,.T.);
#638=ORIENTED_EDGE('',*,*,#945,.F.);
#639=ORIENTED_EDGE('',*,*,#942,.T.);
#640=ORIENTED_EDGE('',*,*,#725,.T.);
#641=ORIENTED_EDGE('',*,*,#715,.T.);
#642=ORIENTED_EDGE('',*,*,#719,.T.);
#643=ORIENTED_EDGE('',*,*,#722,.T.);
#644=ORIENTED_EDGE('',*,*,#747,.F.);
#645=ORIENTED_EDGE('',*,*,#705,.T.);
#646=ORIENTED_EDGE('',*,*,#709,.T.);
#647=ORIENTED_EDGE('',*,*,#712,.T.);
#648=ORIENTED_EDGE('',*,*,#745,.F.);
#649=ORIENTED_EDGE('',*,*,#695,.T.);
#650=ORIENTED_EDGE('',*,*,#699,.T.);
#651=ORIENTED_EDGE('',*,*,#702,.T.);
#652=ORIENTED_EDGE('',*,*,#743,.F.);
#653=ORIENTED_EDGE('',*,*,#685,.T.);
#654=ORIENTED_EDGE('',*,*,#689,.T.);
#655=ORIENTED_EDGE('',*,*,#692,.T.);
#656=ORIENTED_EDGE('',*,*,#733,.F.);
#657=ORIENTED_EDGE('',*,*,#675,.T.);
#658=ORIENTED_EDGE('',*,*,#679,.T.);
#659=ORIENTED_EDGE('',*,*,#682,.T.);
#660=ORIENTED_EDGE('',*,*,#735,.F.);
#661=ORIENTED_EDGE('',*,*,#665,.T.);
#662=ORIENTED_EDGE('',*,*,#669,.T.);
#663=ORIENTED_EDGE('',*,*,#672,.T.);
#664=ORIENTED_EDGE('',*,*,#749,.F.);
#665=EDGE_CURVE('',#946,#947,#1125,.T.);
#666=EDGE_CURVE('',#946,#948,#1126,.T.);
#667=EDGE_CURVE('',#948,#949,#1127,.F.);
#668=EDGE_CURVE('',#947,#949,#1128,.T.);
#669=EDGE_CURVE('',#947,#950,#1129,.T.);
#670=EDGE_CURVE('',#949,#951,#39,.F.);
#671=EDGE_CURVE('',#951,#950,#1130,.T.);
#672=EDGE_CURVE('',#950,#952,#1131,.T.);
#673=EDGE_CURVE('',#951,#953,#1132,.T.);
#674=EDGE_CURVE('',#953,#952,#1133,.T.);
#675=EDGE_CURVE('',#954,#955,#1134,.T.);
#676=EDGE_CURVE('',#954,#956,#1135,.T.);
#677=EDGE_CURVE('',#956,#957,#1136,.F.);
#678=EDGE_CURVE('',#955,#957,#1137,.T.);
#679=EDGE_CURVE('',#955,#958,#1138,.T.);
#680=EDGE_CURVE('',#957,#959,#40,.F.);
#681=EDGE_CURVE('',#959,#958,#1139,.T.);
#682=EDGE_CURVE('',#958,#960,#1140,.T.);
#683=EDGE_CURVE('',#959,#961,#1141,.T.);
#684=EDGE_CURVE('',#961,#960,#1142,.T.);
#685=EDGE_CURVE('',#962,#963,#1143,.T.);
#686=EDGE_CURVE('',#962,#964,#1144,.T.);
#687=EDGE_CURVE('',#964,#965,#1145,.F.);
#688=EDGE_CURVE('',#963,#965,#1146,.T.);
#689=EDGE_CURVE('',#963,#966,#1147,.T.);
#690=EDGE_CURVE('',#965,#967,#41,.F.);
#691=EDGE_CURVE('',#967,#966,#1148,.T.);
#692=EDGE_CURVE('',#966,#968,#1149,.T.);
#693=EDGE_CURVE('',#967,#969,#1150,.T.);
#694=EDGE_CURVE('',#969,#968,#1151,.T.);
#695=EDGE_CURVE('',#970,#971,#1152,.T.);
#696=EDGE_CURVE('',#970,#972,#1153,.T.);
#697=EDGE_CURVE('',#972,#973,#1154,.F.);
#698=EDGE_CURVE('',#971,#973,#1155,.T.);
#699=EDGE_CURVE('',#971,#974,#1156,.T.);
#700=EDGE_CURVE('',#973,#975,#42,.F.);
#701=EDGE_CURVE('',#975,#974,#1157,.T.);
#702=EDGE_CURVE('',#974,#976,#1158,.T.);
#703=EDGE_CURVE('',#975,#977,#1159,.T.);
#704=EDGE_CURVE('',#977,#976,#1160,.T.);
#705=EDGE_CURVE('',#978,#979,#1161,.T.);
#706=EDGE_CURVE('',#978,#980,#1162,.T.);
#707=EDGE_CURVE('',#980,#981,#1163,.F.);
#708=EDGE_CURVE('',#979,#981,#1164,.T.);
#709=EDGE_CURVE('',#979,#982,#1165,.T.);
#710=EDGE_CURVE('',#981,#983,#43,.F.);
#711=EDGE_CURVE('',#983,#982,#1166,.T.);
#712=EDGE_CURVE('',#982,#984,#1167,.T.);
#713=EDGE_CURVE('',#983,#985,#1168,.T.);
#714=EDGE_CURVE('',#985,#984,#1169,.T.);
#715=EDGE_CURVE('',#986,#987,#1170,.T.);
#716=EDGE_CURVE('',#986,#988,#1171,.T.);
#717=EDGE_CURVE('',#988,#989,#1172,.F.);
#718=EDGE_CURVE('',#987,#989,#1173,.T.);
#719=EDGE_CURVE('',#987,#990,#1174,.T.);
#720=EDGE_CURVE('',#989,#991,#44,.F.);
#721=EDGE_CURVE('',#991,#990,#1175,.T.);
#722=EDGE_CURVE('',#990,#992,#1176,.T.);
#723=EDGE_CURVE('',#991,#993,#1177,.T.);
#724=EDGE_CURVE('',#993,#992,#1178,.T.);
#725=EDGE_CURVE('',#994,#995,#1179,.T.);
#726=EDGE_CURVE('',#994,#996,#45,.F.);
#727=EDGE_CURVE('',#997,#996,#1180,.T.);
#728=EDGE_CURVE('',#997,#995,#46,.F.);
#729=EDGE_CURVE('',#998,#999,#1181,.T.);
#730=EDGE_CURVE('',#998,#1000,#47,.F.);
#731=EDGE_CURVE('',#1001,#1000,#1182,.T.);
#732=EDGE_CURVE('',#1001,#999,#48,.F.);
#733=EDGE_CURVE('',#962,#968,#1183,.T.);
#734=EDGE_CURVE('',#969,#956,#49,.F.);
#735=EDGE_CURVE('',#954,#960,#1184,.T.);
#736=EDGE_CURVE('',#961,#1002,#50,.F.);
#737=EDGE_CURVE('',#1003,#1002,#1185,.T.);
#738=EDGE_CURVE('',#1003,#1004,#51,.F.);
#739=EDGE_CURVE('',#1004,#1005,#1186,.T.);
#740=EDGE_CURVE('',#1006,#1005,#1187,.T.);
#741=EDGE_CURVE('',#1006,#1007,#1188,.T.);
#742=EDGE_CURVE('',#1007,#972,#52,.F.);
#743=EDGE_CURVE('',#970,#976,#1189,.T.);
#744=EDGE_CURVE('',#977,#980,#53,.F.);
#745=EDGE_CURVE('',#978,#984,#1190,.T.);
#746=EDGE_CURVE('',#985,#988,#54,.F.);
#747=EDGE_CURVE('',#986,#992,#1191,.T.);
#748=EDGE_CURVE('',#993,#948,#55,.F.);
#749=EDGE_CURVE('',#946,#952,#1192,.T.);
#750=EDGE_CURVE('',#953,#964,#56,.F.);
#751=EDGE_CURVE('',#1008,#1008,#57,.F.);
#752=EDGE_CURVE('',#1009,#1009,#58,.F.);
#753=EDGE_CURVE('',#1010,#1010,#59,.F.);
#754=EDGE_CURVE('',#1011,#1011,#60,.F.);
#755=EDGE_CURVE('',#1012,#1013,#1193,.T.);
#756=EDGE_CURVE('',#1012,#1014,#1194,.T.);
#757=EDGE_CURVE('',#1015,#1014,#1195,.T.);
#758=EDGE_CURVE('',#1016,#1015,#1196,.T.);
#759=EDGE_CURVE('',#1017,#1016,#1197,.T.);
#760=EDGE_CURVE('',#1018,#1017,#1198,.T.);
#761=EDGE_CURVE('',#1018,#1019,#1199,.T.);
#762=EDGE_CURVE('',#1019,#1020,#1200,.T.);
#763=EDGE_CURVE('',#1021,#1020,#1201,.T.);
#764=EDGE_CURVE('',#1022,#1021,#1202,.T.);
#765=EDGE_CURVE('',#1023,#1022,#1203,.T.);
#766=EDGE_CURVE('',#1023,#1013,#1204,.T.);
#767=EDGE_CURVE('',#1024,#1024,#61,.T.);
#768=EDGE_CURVE('',#1025,#1025,#62,.T.);
#769=EDGE_CURVE('',#1026,#1026,#63,.T.);
#770=EDGE_CURVE('',#1027,#1027,#64,.T.);
#771=EDGE_CURVE('',#1028,#1029,#65,.T.);
#772=EDGE_CURVE('',#1028,#1030,#1205,.T.);
#773=EDGE_CURVE('',#1030,#1031,#1206,.T.);
#774=EDGE_CURVE('',#1032,#1031,#1207,.T.);
#775=EDGE_CURVE('',#1033,#1032,#66,.T.);
#776=EDGE_CURVE('',#1033,#1034,#67,.T.);
#777=EDGE_CURVE('',#1034,#1035,#1208,.T.);
#778=EDGE_CURVE('',#1036,#1035,#1209,.T.);
#779=EDGE_CURVE('',#1029,#1036,#1210,.T.);
#780=EDGE_CURVE('',#1037,#1038,#1211,.T.);
#781=EDGE_CURVE('',#1039,#1037,#1212,.T.);
#782=EDGE_CURVE('',#1039,#1040,#1213,.F.);
#783=EDGE_CURVE('',#1040,#1041,#1214,.T.);
#784=EDGE_CURVE('',#1041,#1038,#1215,.F.);
#785=EDGE_CURVE('',#1042,#1043,#1216,.T.);
#786=EDGE_CURVE('',#1044,#1042,#1217,.F.);
#787=EDGE_CURVE('',#1044,#1045,#1218,.T.);
#788=EDGE_CURVE('',#1045,#1046,#1219,.F.);
#789=EDGE_CURVE('',#1046,#1043,#1220,.F.);
#790=EDGE_CURVE('',#1038,#1047,#1221,.T.);
#791=EDGE_CURVE('',#1041,#1048,#1222,.T.);
#792=EDGE_CURVE('',#1048,#1049,#1223,.F.);
#793=EDGE_CURVE('',#1049,#1047,#1224,.F.);
#794=EDGE_CURVE('',#1050,#1042,#1225,.T.);
#795=EDGE_CURVE('',#1051,#1050,#1226,.T.);
#796=EDGE_CURVE('',#1051,#1052,#1227,.F.);
#797=EDGE_CURVE('',#1052,#1044,#1228,.T.);
#798=EDGE_CURVE('',#1045,#1053,#1229,.F.);
#799=EDGE_CURVE('',#1054,#1053,#1230,.T.);
#800=EDGE_CURVE('',#1046,#1054,#1231,.F.);
#801=EDGE_CURVE('',#1043,#1055,#1232,.T.);
#802=EDGE_CURVE('',#1046,#1056,#1233,.T.);
#803=EDGE_CURVE('',#1056,#1055,#1234,.F.);
#804=EDGE_CURVE('',#1055,#1037,#1235,.T.);
#805=EDGE_CURVE('',#1056,#1039,#1236,.T.);
#806=EDGE_CURVE('',#1057,#1040,#1237,.F.);
#807=EDGE_CURVE('',#1058,#1039,#1238,.F.);
#808=EDGE_CURVE('',#1058,#1057,#1239,.F.);
#809=EDGE_CURVE('',#1059,#1050,#1240,.T.);
#810=EDGE_CURVE('',#1060,#1059,#1241,.F.);
#811=EDGE_CURVE('',#1060,#1051,#1242,.T.);
#812=EDGE_CURVE('',#1061,#1052,#1243,.F.);
#813=EDGE_CURVE('',#1062,#1051,#1244,.F.);
#814=EDGE_CURVE('',#1062,#1061,#1245,.T.);
#815=EDGE_CURVE('',#1048,#1063,#1246,.F.);
#816=EDGE_CURVE('',#1064,#1063,#1247,.F.);
#817=EDGE_CURVE('',#1049,#1064,#1248,.F.);
#818=EDGE_CURVE('',#1047,#1059,#1249,.T.);
#819=EDGE_CURVE('',#1049,#1060,#1250,.T.);
#820=EDGE_CURVE('',#1065,#1066,#1251,.T.);
#821=EDGE_CURVE('',#1065,#1048,#1252,.T.);
#822=EDGE_CURVE('',#1040,#1066,#1253,.F.);
#823=EDGE_CURVE('',#1052,#1067,#1254,.T.);
#824=EDGE_CURVE('',#1067,#1068,#1255,.T.);
#825=EDGE_CURVE('',#1068,#1045,#1256,.F.);
#826=EDGE_CURVE('',#1059,#1038,#68,.F.);
#827=EDGE_CURVE('',#1042,#1059,#69,.F.);
#828=EDGE_CURVE('',#1054,#1058,#1257,.T.);
#829=EDGE_CURVE('',#1038,#1055,#70,.F.);
#830=EDGE_CURVE('',#1062,#1064,#1258,.T.);
#831=EDGE_CURVE('',#1069,#1061,#1259,.T.);
#832=EDGE_CURVE('',#1069,#1067,#1260,.T.);
#833=EDGE_CURVE('',#1055,#1042,#71,.F.);
#834=EDGE_CURVE('',#1070,#1065,#1261,.T.);
#835=EDGE_CURVE('',#1063,#1070,#1262,.T.);
#836=EDGE_CURVE('',#1057,#1071,#1263,.T.);
#837=EDGE_CURVE('',#1066,#1071,#1264,.T.);
#838=EDGE_CURVE('',#1072,#1072,#72,.T.);
#839=EDGE_CURVE('',#1073,#1073,#73,.T.);
#840=EDGE_CURVE('',#1074,#1074,#74,.T.);
#841=EDGE_CURVE('',#1075,#1075,#75,.T.);
#842=EDGE_CURVE('',#1076,#1076,#76,.F.);
#843=EDGE_CURVE('',#1077,#1077,#77,.T.);
#844=EDGE_CURVE('',#1078,#1078,#78,.T.);
#845=EDGE_CURVE('',#1079,#1079,#79,.T.);
#846=EDGE_CURVE('',#1080,#1080,#80,.T.);
#847=EDGE_CURVE('',#1081,#1082,#1265,.T.);
#848=EDGE_CURVE('',#1082,#1083,#1266,.T.);
#849=EDGE_CURVE('',#1083,#1084,#1267,.T.);
#850=EDGE_CURVE('',#1084,#1085,#1268,.T.);
#851=EDGE_CURVE('',#1086,#1085,#1269,.T.);
#852=EDGE_CURVE('',#1086,#1087,#1270,.T.);
#853=EDGE_CURVE('',#1087,#1088,#1271,.T.);
#854=EDGE_CURVE('',#1088,#1089,#1272,.T.);
#855=EDGE_CURVE('',#1090,#1089,#1273,.T.);
#856=EDGE_CURVE('',#1081,#1090,#1274,.T.);
#857=EDGE_CURVE('',#1091,#1092,#1275,.T.);
#858=EDGE_CURVE('',#1092,#1093,#1276,.T.);
#859=EDGE_CURVE('',#1094,#1093,#1277,.T.);
#860=EDGE_CURVE('',#1091,#1094,#1278,.T.);
#861=EDGE_CURVE('',#1095,#1095,#81,.T.);
#862=EDGE_CURVE('',#1096,#1097,#1279,.T.);
#863=EDGE_CURVE('',#1097,#1023,#1280,.T.);
#864=EDGE_CURVE('',#1022,#1087,#1281,.T.);
#865=EDGE_CURVE('',#1096,#1086,#1282,.T.);
#866=EDGE_CURVE('',#1018,#1081,#1283,.T.);
#867=EDGE_CURVE('',#1017,#1082,#1284,.T.);
#868=EDGE_CURVE('',#1019,#1090,#1285,.T.);
#869=EDGE_CURVE('',#1020,#1089,#1286,.T.);
#870=EDGE_CURVE('',#1021,#1088,#1287,.T.);
#871=EDGE_CURVE('',#1012,#1098,#1288,.T.);
#872=EDGE_CURVE('',#1096,#1098,#1289,.T.);
#873=EDGE_CURVE('',#1014,#1085,#1290,.T.);
#874=EDGE_CURVE('',#1015,#1084,#1291,.T.);
#875=EDGE_CURVE('',#1016,#1083,#1292,.T.);
#876=EDGE_CURVE('',#1099,#1013,#1293,.T.);
#877=EDGE_CURVE('',#1098,#1099,#1294,.T.);
#878=EDGE_CURVE('',#1097,#1099,#1295,.T.);
#879=EDGE_CURVE('',#1068,#1100,#1296,.T.);
#880=EDGE_CURVE('',#1100,#1053,#1297,.T.);
#881=EDGE_CURVE('',#1069,#1091,#1298,.T.);
#882=EDGE_CURVE('',#1070,#1092,#1299,.T.);
#883=EDGE_CURVE('',#1100,#1094,#1300,.T.);
#884=EDGE_CURVE('',#1071,#1093,#1301,.T.);
#885=EDGE_CURVE('',#1101,#1029,#1302,.T.);
#886=EDGE_CURVE('',#1101,#1102,#82,.T.);
#887=EDGE_CURVE('',#1102,#1028,#1303,.T.);
#888=EDGE_CURVE('',#1102,#1103,#1304,.T.);
#889=EDGE_CURVE('',#1103,#1030,#1305,.T.);
#890=EDGE_CURVE('',#1104,#1036,#1306,.T.);
#891=EDGE_CURVE('',#1104,#1101,#1307,.T.);
#892=EDGE_CURVE('',#1005,#1104,#1308,.F.);
#893=EDGE_CURVE('',#1105,#1035,#1309,.T.);
#894=EDGE_CURVE('',#1105,#1106,#1310,.F.);
#895=EDGE_CURVE('',#1107,#1106,#1311,.T.);
#896=EDGE_CURVE('',#1107,#1108,#1312,.T.);
#897=EDGE_CURVE('',#1108,#1031,#1313,.T.);
#898=EDGE_CURVE('',#1103,#1006,#1314,.T.);
#899=EDGE_CURVE('',#1109,#1034,#1315,.T.);
#900=EDGE_CURVE('',#1109,#1105,#1316,.T.);
#901=EDGE_CURVE('',#1110,#1033,#1317,.T.);
#902=EDGE_CURVE('',#1110,#1109,#83,.T.);
#903=EDGE_CURVE('',#1111,#1032,#1318,.T.);
#904=EDGE_CURVE('',#1111,#1110,#84,.F.);
#905=EDGE_CURVE('',#1108,#1111,#1319,.T.);
#906=EDGE_CURVE('',#1106,#1112,#1320,.T.);
#907=EDGE_CURVE('',#1112,#1113,#85,.F.);
#908=EDGE_CURVE('',#1113,#1114,#86,.T.);
#909=EDGE_CURVE('',#1114,#1107,#1321,.T.);
#910=EDGE_CURVE('',#1007,#1102,#1322,.T.);
#911=EDGE_CURVE('',#1004,#1101,#12,.F.);
#912=EDGE_CURVE('',#999,#1003,#87,.F.);
#913=EDGE_CURVE('',#996,#1001,#88,.F.);
#914=EDGE_CURVE('',#995,#994,#89,.F.);
#915=EDGE_CURVE('',#1000,#997,#90,.F.);
#916=EDGE_CURVE('',#1002,#998,#91,.F.);
#917=EDGE_CURVE('',#956,#961,#92,.F.);
#918=EDGE_CURVE('',#964,#969,#93,.F.);
#919=EDGE_CURVE('',#948,#953,#94,.F.);
#920=EDGE_CURVE('',#988,#993,#95,.F.);
#921=EDGE_CURVE('',#980,#985,#96,.F.);
#922=EDGE_CURVE('',#972,#977,#97,.F.);
#923=EDGE_CURVE('',#1111,#1114,#1323,.T.);
#924=EDGE_CURVE('',#1110,#1113,#1324,.T.);
#925=EDGE_CURVE('',#1109,#1112,#1325,.T.);
#926=EDGE_CURVE('',#1115,#1001,#1326,.T.);
#927=EDGE_CURVE('',#1116,#1115,#98,.F.);
#928=EDGE_CURVE('',#996,#1116,#1327,.F.);
#929=EDGE_CURVE('',#1117,#1118,#99,.F.);
#930=EDGE_CURVE('',#1000,#1117,#1328,.F.);
#931=EDGE_CURVE('',#1118,#997,#1329,.T.);
#932=EDGE_CURVE('',#1115,#1117,#1330,.T.);
#933=EDGE_CURVE('',#1118,#1116,#1331,.T.);
#934=EDGE_CURVE('',#1119,#1120,#100,.F.);
#935=EDGE_CURVE('',#1002,#1119,#1332,.F.);
#936=EDGE_CURVE('',#1120,#998,#1333,.T.);
#937=EDGE_CURVE('',#1121,#1003,#1334,.T.);
#938=EDGE_CURVE('',#1122,#1121,#101,.F.);
#939=EDGE_CURVE('',#999,#1122,#1335,.F.);
#940=EDGE_CURVE('',#1121,#1119,#1336,.T.);
#941=EDGE_CURVE('',#1120,#1122,#1337,.T.);
#942=EDGE_CURVE('',#1123,#994,#1338,.T.);
#943=EDGE_CURVE('',#1124,#1123,#102,.F.);
#944=EDGE_CURVE('',#995,#1124,#1339,.F.);
#945=EDGE_CURVE('',#1123,#1124,#1340,.T.);
#946=VERTEX_POINT('',#2815);
#947=VERTEX_POINT('',#2816);
#948=VERTEX_POINT('',#2818);
#949=VERTEX_POINT('',#2820);
#950=VERTEX_POINT('',#2824);
#951=VERTEX_POINT('',#2826);
#952=VERTEX_POINT('',#2830);
#953=VERTEX_POINT('',#2832);
#954=VERTEX_POINT('',#2836);
#955=VERTEX_POINT('',#2837);
#956=VERTEX_POINT('',#2839);
#957=VERTEX_POINT('',#2841);
#958=VERTEX_POINT('',#2845);
#959=VERTEX_POINT('',#2847);
#960=VERTEX_POINT('',#2851);
#961=VERTEX_POINT('',#2853);
#962=VERTEX_POINT('',#2857);
#963=VERTEX_POINT('',#2858);
#964=VERTEX_POINT('',#2860);
#965=VERTEX_POINT('',#2862);
#966=VERTEX_POINT('',#2866);
#967=VERTEX_POINT('',#2868);
#968=VERTEX_POINT('',#2872);
#969=VERTEX_POINT('',#2874);
#970=VERTEX_POINT('',#2878);
#971=VERTEX_POINT('',#2879);
#972=VERTEX_POINT('',#2881);
#973=VERTEX_POINT('',#2883);
#974=VERTEX_POINT('',#2887);
#975=VERTEX_POINT('',#2889);
#976=VERTEX_POINT('',#2893);
#977=VERTEX_POINT('',#2895);
#978=VERTEX_POINT('',#2899);
#979=VERTEX_POINT('',#2900);
#980=VERTEX_POINT('',#2902);
#981=VERTEX_POINT('',#2904);
#982=VERTEX_POINT('',#2908);
#983=VERTEX_POINT('',#2910);
#984=VERTEX_POINT('',#2914);
#985=VERTEX_POINT('',#2916);
#986=VERTEX_POINT('',#2920);
#987=VERTEX_POINT('',#2921);
#988=VERTEX_POINT('',#2923);
#989=VERTEX_POINT('',#2925);
#990=VERTEX_POINT('',#2929);
#991=VERTEX_POINT('',#2931);
#992=VERTEX_POINT('',#2935);
#993=VERTEX_POINT('',#2937);
#994=VERTEX_POINT('',#2941);
#995=VERTEX_POINT('',#2942);
#996=VERTEX_POINT('',#2944);
#997=VERTEX_POINT('',#2946);
#998=VERTEX_POINT('',#2950);
#999=VERTEX_POINT('',#2951);
#1000=VERTEX_POINT('',#2953);
#1001=VERTEX_POINT('',#2955);
#1002=VERTEX_POINT('',#2962);
#1003=VERTEX_POINT('',#2964);
#1004=VERTEX_POINT('',#2966);
#1005=VERTEX_POINT('',#2968);
#1006=VERTEX_POINT('',#2970);
#1007=VERTEX_POINT('',#2972);
#1008=VERTEX_POINT('',#2984);
#1009=VERTEX_POINT('',#2986);
#1010=VERTEX_POINT('',#2988);
#1011=VERTEX_POINT('',#2990);
#1012=VERTEX_POINT('',#2992);
#1013=VERTEX_POINT('',#2993);
#1014=VERTEX_POINT('',#2995);
#1015=VERTEX_POINT('',#2997);
#1016=VERTEX_POINT('',#2999);
#1017=VERTEX_POINT('',#3001);
#1018=VERTEX_POINT('',#3003);
#1019=VERTEX_POINT('',#3005);
#1020=VERTEX_POINT('',#3007);
#1021=VERTEX_POINT('',#3009);
#1022=VERTEX_POINT('',#3011);
#1023=VERTEX_POINT('',#3013);
#1024=VERTEX_POINT('',#3016);
#1025=VERTEX_POINT('',#3018);
#1026=VERTEX_POINT('',#3020);
#1027=VERTEX_POINT('',#3022);
#1028=VERTEX_POINT('',#3024);
#1029=VERTEX_POINT('',#3025);
#1030=VERTEX_POINT('',#3027);
#1031=VERTEX_POINT('',#3029);
#1032=VERTEX_POINT('',#3031);
#1033=VERTEX_POINT('',#3033);
#1034=VERTEX_POINT('',#3035);
#1035=VERTEX_POINT('',#3037);
#1036=VERTEX_POINT('',#3039);
#1037=VERTEX_POINT('',#3043);
#1038=VERTEX_POINT('',#3044);
#1039=VERTEX_POINT('',#3046);
#1040=VERTEX_POINT('',#3048);
#1041=VERTEX_POINT('',#3050);
#1042=VERTEX_POINT('',#3054);
#1043=VERTEX_POINT('',#3055);
#1044=VERTEX_POINT('',#3057);
#1045=VERTEX_POINT('',#3059);
#1046=VERTEX_POINT('',#3061);
#1047=VERTEX_POINT('',#3065);
#1048=VERTEX_POINT('',#3067);
#1049=VERTEX_POINT('',#3069);
#1050=VERTEX_POINT('',#3073);
#1051=VERTEX_POINT('',#3075);
#1052=VERTEX_POINT('',#3077);
#1053=VERTEX_POINT('',#3081);
#1054=VERTEX_POINT('',#3083);
#1055=VERTEX_POINT('',#3087);
#1056=VERTEX_POINT('',#3089);
#1057=VERTEX_POINT('',#3096);
#1058=VERTEX_POINT('',#3098);
#1059=VERTEX_POINT('',#3102);
#1060=VERTEX_POINT('',#3104);
#1061=VERTEX_POINT('',#3108);
#1062=VERTEX_POINT('',#3110);
#1063=VERTEX_POINT('',#3114);
#1064=VERTEX_POINT('',#3116);
#1065=VERTEX_POINT('',#3123);
#1066=VERTEX_POINT('',#3124);
#1067=VERTEX_POINT('',#3129);
#1068=VERTEX_POINT('',#3131);
#1069=VERTEX_POINT('',#3145);
#1070=VERTEX_POINT('',#3151);
#1071=VERTEX_POINT('',#3155);
#1072=VERTEX_POINT('',#3159);
#1073=VERTEX_POINT('',#3161);
#1074=VERTEX_POINT('',#3163);
#1075=VERTEX_POINT('',#3165);
#1076=VERTEX_POINT('',#3167);
#1077=VERTEX_POINT('',#3169);
#1078=VERTEX_POINT('',#3171);
#1079=VERTEX_POINT('',#3173);
#1080=VERTEX_POINT('',#3175);
#1081=VERTEX_POINT('',#3177);
#1082=VERTEX_POINT('',#3178);
#1083=VERTEX_POINT('',#3180);
#1084=VERTEX_POINT('',#3182);
#1085=VERTEX_POINT('',#3184);
#1086=VERTEX_POINT('',#3186);
#1087=VERTEX_POINT('',#3188);
#1088=VERTEX_POINT('',#3190);
#1089=VERTEX_POINT('',#3192);
#1090=VERTEX_POINT('',#3194);
#1091=VERTEX_POINT('',#3197);
#1092=VERTEX_POINT('',#3198);
#1093=VERTEX_POINT('',#3200);
#1094=VERTEX_POINT('',#3202);
#1095=VERTEX_POINT('',#3206);
#1096=VERTEX_POINT('',#3209);
#1097=VERTEX_POINT('',#3210);
#1098=VERTEX_POINT('',#3226);
#1099=VERTEX_POINT('',#3240);
#1100=VERTEX_POINT('',#3247);
#1101=VERTEX_POINT('',#3259);
#1102=VERTEX_POINT('',#3261);
#1103=VERTEX_POINT('',#3269);
#1104=VERTEX_POINT('',#3273);
#1105=VERTEX_POINT('',#3278);
#1106=VERTEX_POINT('',#3280);
#1107=VERTEX_POINT('',#3282);
#1108=VERTEX_POINT('',#3284);
#1109=VERTEX_POINT('',#3289);
#1110=VERTEX_POINT('',#3293);
#1111=VERTEX_POINT('',#3297);
#1112=VERTEX_POINT('',#3303);
#1113=VERTEX_POINT('',#3305);
#1114=VERTEX_POINT('',#3307);
#1115=VERTEX_POINT('',#3343);
#1116=VERTEX_POINT('',#3345);
#1117=VERTEX_POINT('',#3349);
#1118=VERTEX_POINT('',#3350);
#1119=VERTEX_POINT('',#3360);
#1120=VERTEX_POINT('',#3361);
#1121=VERTEX_POINT('',#3366);
#1122=VERTEX_POINT('',#3368);
#1123=VERTEX_POINT('',#3377);
#1124=VERTEX_POINT('',#3379);
#1125=LINE('',#2814,#1341);
#1126=LINE('',#2817,#1342);
#1127=LINE('',#2819,#1343);
#1128=LINE('',#2821,#1344);
#1129=LINE('',#2823,#1345);
#1130=LINE('',#2827,#1346);
#1131=LINE('',#2829,#1347);
#1132=LINE('',#2831,#1348);
#1133=LINE('',#2833,#1349);
#1134=LINE('',#2835,#1350);
#1135=LINE('',#2838,#1351);
#1136=LINE('',#2840,#1352);
#1137=LINE('',#2842,#1353);
#1138=LINE('',#2844,#1354);
#1139=LINE('',#2848,#1355);
#1140=LINE('',#2850,#1356);
#1141=LINE('',#2852,#1357);
#1142=LINE('',#2854,#1358);
#1143=LINE('',#2856,#1359);
#1144=LINE('',#2859,#1360);
#1145=LINE('',#2861,#1361);
#1146=LINE('',#2863,#1362);
#1147=LINE('',#2865,#1363);
#1148=LINE('',#2869,#1364);
#1149=LINE('',#2871,#1365);
#1150=LINE('',#2873,#1366);
#1151=LINE('',#2875,#1367);
#1152=LINE('',#2877,#1368);
#1153=LINE('',#2880,#1369);
#1154=LINE('',#2882,#1370);
#1155=LINE('',#2884,#1371);
#1156=LINE('',#2886,#1372);
#1157=LINE('',#2890,#1373);
#1158=LINE('',#2892,#1374);
#1159=LINE('',#2894,#1375);
#1160=LINE('',#2896,#1376);
#1161=LINE('',#2898,#1377);
#1162=LINE('',#2901,#1378);
#1163=LINE('',#2903,#1379);
#1164=LINE('',#2905,#1380);
#1165=LINE('',#2907,#1381);
#1166=LINE('',#2911,#1382);
#1167=LINE('',#2913,#1383);
#1168=LINE('',#2915,#1384);
#1169=LINE('',#2917,#1385);
#1170=LINE('',#2919,#1386);
#1171=LINE('',#2922,#1387);
#1172=LINE('',#2924,#1388);
#1173=LINE('',#2926,#1389);
#1174=LINE('',#2928,#1390);
#1175=LINE('',#2932,#1391);
#1176=LINE('',#2934,#1392);
#1177=LINE('',#2936,#1393);
#1178=LINE('',#2938,#1394);
#1179=LINE('',#2940,#1395);
#1180=LINE('',#2945,#1396);
#1181=LINE('',#2949,#1397);
#1182=LINE('',#2954,#1398);
#1183=LINE('',#2958,#1399);
#1184=LINE('',#2960,#1400);
#1185=LINE('',#2963,#1401);
#1186=LINE('',#2967,#1402);
#1187=LINE('',#2969,#1403);
#1188=LINE('',#2971,#1404);
#1189=LINE('',#2974,#1405);
#1190=LINE('',#2976,#1406);
#1191=LINE('',#2978,#1407);
#1192=LINE('',#2980,#1408);
#1193=LINE('',#2991,#1409);
#1194=LINE('',#2994,#1410);
#1195=LINE('',#2996,#1411);
#1196=LINE('',#2998,#1412);
#1197=LINE('',#3000,#1413);
#1198=LINE('',#3002,#1414);
#1199=LINE('',#3004,#1415);
#1200=LINE('',#3006,#1416);
#1201=LINE('',#3008,#1417);
#1202=LINE('',#3010,#1418);
#1203=LINE('',#3012,#1419);
#1204=LINE('',#3014,#1420);
#1205=LINE('',#3026,#1421);
#1206=LINE('',#3028,#1422);
#1207=LINE('',#3030,#1423);
#1208=LINE('',#3036,#1424);
#1209=LINE('',#3038,#1425);
#1210=LINE('',#3040,#1426);
#1211=LINE('',#3042,#1427);
#1212=LINE('',#3045,#1428);
#1213=LINE('',#3047,#1429);
#1214=LINE('',#3049,#1430);
#1215=LINE('',#3051,#1431);
#1216=LINE('',#3053,#1432);
#1217=LINE('',#3056,#1433);
#1218=LINE('',#3058,#1434);
#1219=LINE('',#3060,#1435);
#1220=LINE('',#3062,#1436);
#1221=LINE('',#3064,#1437);
#1222=LINE('',#3066,#1438);
#1223=LINE('',#3068,#1439);
#1224=LINE('',#3070,#1440);
#1225=LINE('',#3072,#1441);
#1226=LINE('',#3074,#1442);
#1227=LINE('',#3076,#1443);
#1228=LINE('',#3078,#1444);
#1229=LINE('',#3080,#1445);
#1230=LINE('',#3082,#1446);
#1231=LINE('',#3084,#1447);
#1232=LINE('',#3086,#1448);
#1233=LINE('',#3088,#1449);
#1234=LINE('',#3090,#1450);
#1235=LINE('',#3092,#1451);
#1236=LINE('',#3093,#1452);
#1237=LINE('',#3095,#1453);
#1238=LINE('',#3097,#1454);
#1239=LINE('',#3099,#1455);
#1240=LINE('',#3101,#1456);
#1241=LINE('',#3103,#1457);
#1242=LINE('',#3105,#1458);
#1243=LINE('',#3107,#1459);
#1244=LINE('',#3109,#1460);
#1245=LINE('',#3111,#1461);
#1246=LINE('',#3113,#1462);
#1247=LINE('',#3115,#1463);
#1248=LINE('',#3117,#1464);
#1249=LINE('',#3119,#1465);
#1250=LINE('',#3120,#1466);
#1251=LINE('',#3122,#1467);
#1252=LINE('',#3125,#1468);
#1253=LINE('',#3126,#1469);
#1254=LINE('',#3128,#1470);
#1255=LINE('',#3130,#1471);
#1256=LINE('',#3132,#1472);
#1257=LINE('',#3138,#1473);
#1258=LINE('',#3142,#1474);
#1259=LINE('',#3144,#1475);
#1260=LINE('',#3146,#1476);
#1261=LINE('',#3150,#1477);
#1262=LINE('',#3152,#1478);
#1263=LINE('',#3154,#1479);
#1264=LINE('',#3156,#1480);
#1265=LINE('',#3176,#1481);
#1266=LINE('',#3179,#1482);
#1267=LINE('',#3181,#1483);
#1268=LINE('',#3183,#1484);
#1269=LINE('',#3185,#1485);
#1270=LINE('',#3187,#1486);
#1271=LINE('',#3189,#1487);
#1272=LINE('',#3191,#1488);
#1273=LINE('',#3193,#1489);
#1274=LINE('',#3195,#1490);
#1275=LINE('',#3196,#1491);
#1276=LINE('',#3199,#1492);
#1277=LINE('',#3201,#1493);
#1278=LINE('',#3203,#1494);
#1279=LINE('',#3208,#1495);
#1280=LINE('',#3211,#1496);
#1281=LINE('',#3212,#1497);
#1282=LINE('',#3213,#1498);
#1283=LINE('',#3215,#1499);
#1284=LINE('',#3216,#1500);
#1285=LINE('',#3218,#1501);
#1286=LINE('',#3220,#1502);
#1287=LINE('',#3222,#1503);
#1288=LINE('',#3225,#1504);
#1289=LINE('',#3227,#1505);
#1290=LINE('',#3228,#1506);
#1291=LINE('',#3230,#1507);
#1292=LINE('',#3232,#1508);
#1293=LINE('',#3239,#1509);
#1294=LINE('',#3241,#1510);
#1295=LINE('',#3243,#1511);
#1296=LINE('',#3246,#1512);
#1297=LINE('',#3248,#1513);
#1298=LINE('',#3250,#1514);
#1299=LINE('',#3251,#1515);
#1300=LINE('',#3253,#1516);
#1301=LINE('',#3255,#1517);
#1302=LINE('',#3258,#1518);
#1303=LINE('',#3262,#1519);
#1304=LINE('',#3268,#1520);
#1305=LINE('',#3270,#1521);
#1306=LINE('',#3272,#1522);
#1307=LINE('',#3274,#1523);
#1308=LINE('',#3276,#1524);
#1309=LINE('',#3277,#1525);
#1310=LINE('',#3279,#1526);
#1311=LINE('',#3281,#1527);
#1312=LINE('',#3283,#1528);
#1313=LINE('',#3285,#1529);
#1314=LINE('',#3286,#1530);
#1315=LINE('',#3288,#1531);
#1316=LINE('',#3290,#1532);
#1317=LINE('',#3292,#1533);
#1318=LINE('',#3296,#1534);
#1319=LINE('',#3300,#1535);
#1320=LINE('',#3302,#1536);
#1321=LINE('',#3308,#1537);
#1322=LINE('',#3310,#1538);
#1323=LINE('',#3329,#1539);
#1324=LINE('',#3331,#1540);
#1325=LINE('',#3333,#1541);
#1326=LINE('',#3342,#1542);
#1327=LINE('',#3346,#1543);
#1328=LINE('',#3351,#1544);
#1329=LINE('',#3352,#1545);
#1330=LINE('',#3354,#1546);
#1331=LINE('',#3355,#1547);
#1332=LINE('',#3362,#1548);
#1333=LINE('',#3363,#1549);
#1334=LINE('',#3365,#1550);
#1335=LINE('',#3369,#1551);
#1336=LINE('',#3371,#1552);
#1337=LINE('',#3372,#1553);
#1338=LINE('',#3376,#1554);
#1339=LINE('',#3380,#1555);
#1340=LINE('',#3382,#1556);
#1341=VECTOR('',#2242,1.);
#1342=VECTOR('',#2243,1.);
#1343=VECTOR('',#2244,1.);
#1344=VECTOR('',#2245,1.);
#1345=VECTOR('',#2248,1.);
#1346=VECTOR('',#2251,1.);
#1347=VECTOR('',#2254,1.);
#1348=VECTOR('',#2255,1.);
#1349=VECTOR('',#2256,1.);
#1350=VECTOR('',#2259,1.);
#1351=VECTOR('',#2260,1.);
#1352=VECTOR('',#2261,1.);
#1353=VECTOR('',#2262,1.);
#1354=VECTOR('',#2265,1.);
#1355=VECTOR('',#2268,1.);
#1356=VECTOR('',#2271,1.);
#1357=VECTOR('',#2272,1.);
#1358=VECTOR('',#2273,1.);
#1359=VECTOR('',#2276,1.);
#1360=VECTOR('',#2277,1.);
#1361=VECTOR('',#2278,1.);
#1362=VECTOR('',#2279,1.);
#1363=VECTOR('',#2282,1.);
#1364=VECTOR('',#2285,1.);
#1365=VECTOR('',#2288,1.);
#1366=VECTOR('',#2289,1.);
#1367=VECTOR('',#2290,1.);
#1368=VECTOR('',#2293,1.);
#1369=VECTOR('',#2294,1.);
#1370=VECTOR('',#2295,1.);
#1371=VECTOR('',#2296,1.);
#1372=VECTOR('',#2299,1.);
#1373=VECTOR('',#2302,1.);
#1374=VECTOR('',#2305,1.);
#1375=VECTOR('',#2306,1.);
#1376=VECTOR('',#2307,1.);
#1377=VECTOR('',#2310,1.);
#1378=VECTOR('',#2311,1.);
#1379=VECTOR('',#2312,1.);
#1380=VECTOR('',#2313,1.);
#1381=VECTOR('',#2316,1.);
#1382=VECTOR('',#2319,1.);
#1383=VECTOR('',#2322,1.);
#1384=VECTOR('',#2323,1.);
#1385=VECTOR('',#2324,1.);
#1386=VECTOR('',#2327,1.);
#1387=VECTOR('',#2328,1.);
#1388=VECTOR('',#2329,1.);
#1389=VECTOR('',#2330,1.);
#1390=VECTOR('',#2333,1.);
#1391=VECTOR('',#2336,1.);
#1392=VECTOR('',#2339,1.);
#1393=VECTOR('',#2340,1.);
#1394=VECTOR('',#2341,1.);
#1395=VECTOR('',#2344,1.);
#1396=VECTOR('',#2347,1.);
#1397=VECTOR('',#2352,1.);
#1398=VECTOR('',#2355,1.);
#1399=VECTOR('',#2360,1.);
#1400=VECTOR('',#2363,1.);
#1401=VECTOR('',#2366,1.);
#1402=VECTOR('',#2369,1.);
#1403=VECTOR('',#2370,1.);
#1404=VECTOR('',#2371,1.);
#1405=VECTOR('',#2374,1.);
#1406=VECTOR('',#2377,1.);
#1407=VECTOR('',#2380,1.);
#1408=VECTOR('',#2383,1.);
#1409=VECTOR('',#2396,1.);
#1410=VECTOR('',#2397,1.);
#1411=VECTOR('',#2398,1.);
#1412=VECTOR('',#2399,1.);
#1413=VECTOR('',#2400,1.);
#1414=VECTOR('',#2401,1.);
#1415=VECTOR('',#2402,1.);
#1416=VECTOR('',#2403,1.);
#1417=VECTOR('',#2404,1.);
#1418=VECTOR('',#2405,1.);
#1419=VECTOR('',#2406,1.);
#1420=VECTOR('',#2407,1.);
#1421=VECTOR('',#2418,1.);
#1422=VECTOR('',#2419,1.);
#1423=VECTOR('',#2420,1.);
#1424=VECTOR('',#2425,1.);
#1425=VECTOR('',#2426,1.);
#1426=VECTOR('',#2427,1.);
#1427=VECTOR('',#2430,1.);
#1428=VECTOR('',#2431,1.);
#1429=VECTOR('',#2432,1.);
#1430=VECTOR('',#2433,1.);
#1431=VECTOR('',#2434,1.);
#1432=VECTOR('',#2437,1.);
#1433=VECTOR('',#2438,1.);
#1434=VECTOR('',#2439,1.);
#1435=VECTOR('',#2440,1.);
#1436=VECTOR('',#2441,1.);
#1437=VECTOR('',#2444,1.);
#1438=VECTOR('',#2445,1.);
#1439=VECTOR('',#2446,1.);
#1440=VECTOR('',#2447,1.);
#1441=VECTOR('',#2450,1.);
#1442=VECTOR('',#2451,1.);
#1443=VECTOR('',#2452,1.);
#1444=VECTOR('',#2453,1.);
#1445=VECTOR('',#2456,1.);
#1446=VECTOR('',#2457,1.);
#1447=VECTOR('',#2458,1.);
#1448=VECTOR('',#2461,1.);
#1449=VECTOR('',#2462,1.);
#1450=VECTOR('',#2463,1.);
#1451=VECTOR('',#2466,1.);
#1452=VECTOR('',#2467,1.);
#1453=VECTOR('',#2470,1.);
#1454=VECTOR('',#2471,1.);
#1455=VECTOR('',#2472,1.);
#1456=VECTOR('',#2475,1.);
#1457=VECTOR('',#2476,1.);
#1458=VECTOR('',#2477,1.);
#1459=VECTOR('',#2480,1.);
#1460=VECTOR('',#2481,1.);
#1461=VECTOR('',#2482,1.);
#1462=VECTOR('',#2485,1.);
#1463=VECTOR('',#2486,1.);
#1464=VECTOR('',#2487,1.);
#1465=VECTOR('',#2490,1.);
#1466=VECTOR('',#2491,1.);
#1467=VECTOR('',#2494,1.);
#1468=VECTOR('',#2495,1.);
#1469=VECTOR('',#2496,1.);
#1470=VECTOR('',#2499,1.);
#1471=VECTOR('',#2500,1.);
#1472=VECTOR('',#2501,1.);
#1473=VECTOR('',#2512,1.);
#1474=VECTOR('',#2519,1.);
#1475=VECTOR('',#2522,1.);
#1476=VECTOR('',#2523,1.);
#1477=VECTOR('',#2530,1.);
#1478=VECTOR('',#2531,1.);
#1479=VECTOR('',#2534,1.);
#1480=VECTOR('',#2535,1.);
#1481=VECTOR('',#2556,1.);
#1482=VECTOR('',#2557,1.);
#1483=VECTOR('',#2558,1.);
#1484=VECTOR('',#2559,1.);
#1485=VECTOR('',#2560,1.);
#1486=VECTOR('',#2561,1.);
#1487=VECTOR('',#2562,1.);
#1488=VECTOR('',#2563,1.);
#1489=VECTOR('',#2564,1.);
#1490=VECTOR('',#2565,1.);
#1491=VECTOR('',#2566,1.);
#1492=VECTOR('',#2567,1.);
#1493=VECTOR('',#2568,1.);
#1494=VECTOR('',#2569,1.);
#1495=VECTOR('',#2576,1.);
#1496=VECTOR('',#2577,1.);
#1497=VECTOR('',#2578,1.);
#1498=VECTOR('',#2579,1.);
#1499=VECTOR('',#2582,1.);
#1500=VECTOR('',#2583,1.);
#1501=VECTOR('',#2586,1.);
#1502=VECTOR('',#2589,1.);
#1503=VECTOR('',#2592,1.);
#1504=VECTOR('',#2597,1.);
#1505=VECTOR('',#2598,1.);
#1506=VECTOR('',#2599,1.);
#1507=VECTOR('',#2602,1.);
#1508=VECTOR('',#2605,1.);
#1509=VECTOR('',#2618,1.);
#1510=VECTOR('',#2619,1.);
#1511=VECTOR('',#2622,1.);
#1512=VECTOR('',#2627,1.);
#1513=VECTOR('',#2628,1.);
#1514=VECTOR('',#2631,1.);
#1515=VECTOR('',#2632,1.);
#1516=VECTOR('',#2635,1.);
#1517=VECTOR('',#2638,1.);
#1518=VECTOR('',#2643,1.);
#1519=VECTOR('',#2646,1.);
#1520=VECTOR('',#2657,1.);
#1521=VECTOR('',#2658,1.);
#1522=VECTOR('',#2661,1.);
#1523=VECTOR('',#2662,1.);
#1524=VECTOR('',#2665,1.);
#1525=VECTOR('',#2666,1.);
#1526=VECTOR('',#2667,1.);
#1527=VECTOR('',#2668,1.);
#1528=VECTOR('',#2669,1.);
#1529=VECTOR('',#2670,1.);
#1530=VECTOR('',#2671,1.);
#1531=VECTOR('',#2674,1.);
#1532=VECTOR('',#2675,1.);
#1533=VECTOR('',#2678,1.);
#1534=VECTOR('',#2683,1.);
#1535=VECTOR('',#2688,1.);
#1536=VECTOR('',#2691,1.);
#1537=VECTOR('',#2696,1.);
#1538=VECTOR('',#2699,1.);
#1539=VECTOR('',#2728,1.);
#1540=VECTOR('',#2731,1.);
#1541=VECTOR('',#2734,1.);
#1542=VECTOR('',#2751,1.);
#1543=VECTOR('',#2754,1.);
#1544=VECTOR('',#2759,1.);
#1545=VECTOR('',#2760,1.);
#1546=VECTOR('',#2763,1.);
#1547=VECTOR('',#2764,1.);
#1548=VECTOR('',#2773,1.);
#1549=VECTOR('',#2774,1.);
#1550=VECTOR('',#2777,1.);
#1551=VECTOR('',#2780,1.);
#1552=VECTOR('',#2783,1.);
#1553=VECTOR('',#2784,1.);
#1554=VECTOR('',#2791,1.);
#1555=VECTOR('',#2794,1.);
#1556=VECTOR('',#2797,1.);
#1557=EDGE_LOOP('',(#103,#104,#105,#106));
#1558=EDGE_LOOP('',(#107,#108,#109,#110));
#1559=EDGE_LOOP('',(#111,#112,#113,#114));
#1560=EDGE_LOOP('',(#115,#116,#117,#118));
#1561=EDGE_LOOP('',(#119,#120,#121,#122));
#1562=EDGE_LOOP('',(#123,#124,#125,#126));
#1563=EDGE_LOOP('',(#127,#128,#129,#130));
#1564=EDGE_LOOP('',(#131,#132,#133,#134));
#1565=EDGE_LOOP('',(#135,#136,#137,#138));
#1566=EDGE_LOOP('',(#139,#140,#141,#142));
#1567=EDGE_LOOP('',(#143,#144,#145,#146));
#1568=EDGE_LOOP('',(#147,#148,#149,#150));
#1569=EDGE_LOOP('',(#151,#152,#153,#154));
#1570=EDGE_LOOP('',(#155,#156,#157,#158));
#1571=EDGE_LOOP('',(#159,#160,#161,#162));
#1572=EDGE_LOOP('',(#163,#164,#165,#166));
#1573=EDGE_LOOP('',(#167,#168,#169,#170));
#1574=EDGE_LOOP('',(#171,#172,#173,#174));
#1575=EDGE_LOOP('',(#175,#176,#177,#178));
#1576=EDGE_LOOP('',(#179,#180,#181,#182));
#1577=EDGE_LOOP('',(#183,#184,#185,#186,#187,#188,#189,#190,#191,#192,#193,
#194,#195,#196,#197,#198,#199,#200,#201,#202,#203,#204,#205,#206,#207,#208,
#209,#210,#211,#212));
#1578=EDGE_LOOP('',(#213));
#1579=EDGE_LOOP('',(#214));
#1580=EDGE_LOOP('',(#215));
#1581=EDGE_LOOP('',(#216));
#1582=EDGE_LOOP('',(#217,#218,#219,#220,#221,#222,#223,#224,#225,#226,#227,
#228));
#1583=EDGE_LOOP('',(#229));
#1584=EDGE_LOOP('',(#230));
#1585=EDGE_LOOP('',(#231));
#1586=EDGE_LOOP('',(#232));
#1587=EDGE_LOOP('',(#233,#234,#235,#236,#237,#238,#239,#240,#241));
#1588=EDGE_LOOP('',(#242,#243,#244,#245,#246));
#1589=EDGE_LOOP('',(#247,#248,#249,#250,#251));
#1590=EDGE_LOOP('',(#252,#253,#254,#255,#256));
#1591=EDGE_LOOP('',(#257,#258,#259,#260,#261));
#1592=EDGE_LOOP('',(#262,#263,#264,#265));
#1593=EDGE_LOOP('',(#266,#267,#268,#269));
#1594=EDGE_LOOP('',(#270,#271,#272,#273));
#1595=EDGE_LOOP('',(#274,#275,#276,#277));
#1596=EDGE_LOOP('',(#278,#279,#280,#281));
#1597=EDGE_LOOP('',(#282,#283,#284,#285));
#1598=EDGE_LOOP('',(#286,#287,#288,#289));
#1599=EDGE_LOOP('',(#290,#291,#292,#293));
#1600=EDGE_LOOP('',(#294,#295,#296,#297,#298));
#1601=EDGE_LOOP('',(#299,#300,#301,#302,#303));
#1602=EDGE_LOOP('',(#304,#305,#306));
#1603=EDGE_LOOP('',(#307,#308,#309));
#1604=EDGE_LOOP('',(#310,#311,#312,#313,#314));
#1605=EDGE_LOOP('',(#315,#316,#317));
#1606=EDGE_LOOP('',(#318,#319,#320,#321,#322));
#1607=EDGE_LOOP('',(#323,#324,#325,#326));
#1608=EDGE_LOOP('',(#327,#328,#329));
#1609=EDGE_LOOP('',(#330,#331,#332,#333));
#1610=EDGE_LOOP('',(#334,#335,#336,#337));
#1611=EDGE_LOOP('',(#338));
#1612=EDGE_LOOP('',(#339));
#1613=EDGE_LOOP('',(#340));
#1614=EDGE_LOOP('',(#341));
#1615=EDGE_LOOP('',(#342));
#1616=EDGE_LOOP('',(#343));
#1617=EDGE_LOOP('',(#344));
#1618=EDGE_LOOP('',(#345));
#1619=EDGE_LOOP('',(#346));
#1620=EDGE_LOOP('',(#347,#348,#349,#350,#351,#352,#353,#354,#355,#356));
#1621=EDGE_LOOP('',(#357,#358,#359,#360));
#1622=EDGE_LOOP('',(#361));
#1623=EDGE_LOOP('',(#362,#363,#364,#365));
#1624=EDGE_LOOP('',(#366,#367,#368,#369,#370,#371));
#1625=EDGE_LOOP('',(#372,#373,#374,#375));
#1626=EDGE_LOOP('',(#376,#377,#378,#379));
#1627=EDGE_LOOP('',(#380,#381,#382,#383));
#1628=EDGE_LOOP('',(#384,#385,#386,#387));
#1629=EDGE_LOOP('',(#388,#389,#390,#391));
#1630=EDGE_LOOP('',(#392,#393,#394,#395,#396,#397));
#1631=EDGE_LOOP('',(#398,#399,#400,#401));
#1632=EDGE_LOOP('',(#402,#403,#404,#405));
#1633=EDGE_LOOP('',(#406));
#1634=EDGE_LOOP('',(#407));
#1635=EDGE_LOOP('',(#408));
#1636=EDGE_LOOP('',(#409));
#1637=EDGE_LOOP('',(#410));
#1638=EDGE_LOOP('',(#411));
#1639=EDGE_LOOP('',(#412,#413,#414,#415));
#1640=EDGE_LOOP('',(#416));
#1641=EDGE_LOOP('',(#417));
#1642=EDGE_LOOP('',(#418,#419,#420,#421));
#1643=EDGE_LOOP('',(#422,#423,#424,#425));
#1644=EDGE_LOOP('',(#426));
#1645=EDGE_LOOP('',(#427,#428,#429,#430));
#1646=EDGE_LOOP('',(#431,#432,#433,#434));
#1647=EDGE_LOOP('',(#435,#436,#437,#438,#439,#440,#441,#442));
#1648=EDGE_LOOP('',(#443,#444,#445,#446,#447,#448));
#1649=EDGE_LOOP('',(#449,#450,#451,#452,#453,#454,#455,#456));
#1650=EDGE_LOOP('',(#457,#458,#459,#460,#461,#462));
#1651=EDGE_LOOP('',(#463));
#1652=EDGE_LOOP('',(#464,#465,#466,#467));
#1653=EDGE_LOOP('',(#468));
#1654=EDGE_LOOP('',(#469));
#1655=EDGE_LOOP('',(#470));
#1656=EDGE_LOOP('',(#471));
#1657=EDGE_LOOP('',(#472));
#1658=EDGE_LOOP('',(#473));
#1659=EDGE_LOOP('',(#474));
#1660=EDGE_LOOP('',(#475));
#1661=EDGE_LOOP('',(#476,#477,#478,#479));
#1662=EDGE_LOOP('',(#480,#481,#482,#483));
#1663=EDGE_LOOP('',(#484,#485,#486,#487,#488,#489,#490,#491,#492,#493,#494,
#495));
#1664=EDGE_LOOP('',(#496,#497,#498,#499));
#1665=EDGE_LOOP('',(#500,#501,#502,#503));
#1666=EDGE_LOOP('',(#504,#505,#506,#507));
#1667=EDGE_LOOP('',(#508,#509,#510,#511));
#1668=EDGE_LOOP('',(#512,#513,#514,#515,#516));
#1669=EDGE_LOOP('',(#517,#518,#519,#520));
#1670=EDGE_LOOP('',(#521,#522,#523,#524,#525,#526,#527,#528,#529,#530,#531,
#532,#533,#534,#535,#536,#537,#538,#539,#540,#541,#542,#543,#544,#545,#546));
#1671=EDGE_LOOP('',(#547,#548,#549,#550));
#1672=EDGE_LOOP('',(#551,#552,#553,#554));
#1673=EDGE_LOOP('',(#555,#556,#557,#558));
#1674=EDGE_LOOP('',(#559,#560,#561,#562));
#1675=EDGE_LOOP('',(#563,#564,#565,#566));
#1676=EDGE_LOOP('',(#567,#568,#569,#570));
#1677=EDGE_LOOP('',(#571,#572,#573,#574));
#1678=EDGE_LOOP('',(#575,#576,#577,#578));
#1679=EDGE_LOOP('',(#579,#580,#581,#582));
#1680=EDGE_LOOP('',(#583,#584,#585,#586));
#1681=EDGE_LOOP('',(#587,#588,#589,#590));
#1682=EDGE_LOOP('',(#591,#592,#593,#594));
#1683=EDGE_LOOP('',(#595,#596,#597,#598));
#1684=EDGE_LOOP('',(#599,#600,#601,#602));
#1685=EDGE_LOOP('',(#603,#604,#605,#606));
#1686=EDGE_LOOP('',(#607,#608,#609,#610));
#1687=EDGE_LOOP('',(#611,#612,#613,#614));
#1688=EDGE_LOOP('',(#615,#616,#617,#618));
#1689=EDGE_LOOP('',(#619,#620,#621,#622));
#1690=EDGE_LOOP('',(#623,#624,#625,#626));
#1691=EDGE_LOOP('',(#627,#628,#629,#630));
#1692=EDGE_LOOP('',(#631,#632,#633,#634));
#1693=EDGE_LOOP('',(#635,#636));
#1694=EDGE_LOOP('',(#637,#638,#639,#640));
#1695=EDGE_LOOP('',(#641,#642,#643,#644));
#1696=EDGE_LOOP('',(#645,#646,#647,#648));
#1697=EDGE_LOOP('',(#649,#650,#651,#652));
#1698=EDGE_LOOP('',(#653,#654,#655,#656));
#1699=EDGE_LOOP('',(#657,#658,#659,#660));
#1700=EDGE_LOOP('',(#661,#662,#663,#664));
#1701=FACE_BOUND('',#1557,.T.);
#1702=FACE_BOUND('',#1558,.T.);
#1703=FACE_BOUND('',#1559,.T.);
#1704=FACE_BOUND('',#1560,.T.);
#1705=FACE_BOUND('',#1561,.T.);
#1706=FACE_BOUND('',#1562,.T.);
#1707=FACE_BOUND('',#1563,.T.);
#1708=FACE_BOUND('',#1564,.T.);
#1709=FACE_BOUND('',#1565,.T.);
#1710=FACE_BOUND('',#1566,.T.);
#1711=FACE_BOUND('',#1567,.T.);
#1712=FACE_BOUND('',#1568,.T.);
#1713=FACE_BOUND('',#1569,.T.);
#1714=FACE_BOUND('',#1570,.T.);
#1715=FACE_BOUND('',#1571,.T.);
#1716=FACE_BOUND('',#1572,.T.);
#1717=FACE_BOUND('',#1573,.T.);
#1718=FACE_BOUND('',#1574,.T.);
#1719=FACE_BOUND('',#1575,.T.);
#1720=FACE_BOUND('',#1576,.T.);
#1721=FACE_BOUND('',#1577,.T.);
#1722=FACE_BOUND('',#1578,.T.);
#1723=FACE_BOUND('',#1579,.T.);
#1724=FACE_BOUND('',#1580,.T.);
#1725=FACE_BOUND('',#1581,.T.);
#1726=FACE_BOUND('',#1582,.T.);
#1727=FACE_BOUND('',#1583,.T.);
#1728=FACE_BOUND('',#1584,.T.);
#1729=FACE_BOUND('',#1585,.T.);
#1730=FACE_BOUND('',#1586,.T.);
#1731=FACE_BOUND('',#1587,.T.);
#1732=FACE_BOUND('',#1588,.T.);
#1733=FACE_BOUND('',#1589,.T.);
#1734=FACE_BOUND('',#1590,.T.);
#1735=FACE_BOUND('',#1591,.T.);
#1736=FACE_BOUND('',#1592,.T.);
#1737=FACE_BOUND('',#1593,.T.);
#1738=FACE_BOUND('',#1594,.T.);
#1739=FACE_BOUND('',#1595,.T.);
#1740=FACE_BOUND('',#1596,.T.);
#1741=FACE_BOUND('',#1597,.T.);
#1742=FACE_BOUND('',#1598,.T.);
#1743=FACE_BOUND('',#1599,.T.);
#1744=FACE_BOUND('',#1600,.T.);
#1745=FACE_BOUND('',#1601,.T.);
#1746=FACE_BOUND('',#1602,.T.);
#1747=FACE_BOUND('',#1603,.T.);
#1748=FACE_BOUND('',#1604,.T.);
#1749=FACE_BOUND('',#1605,.T.);
#1750=FACE_BOUND('',#1606,.T.);
#1751=FACE_BOUND('',#1607,.T.);
#1752=FACE_BOUND('',#1608,.T.);
#1753=FACE_BOUND('',#1609,.T.);
#1754=FACE_BOUND('',#1610,.T.);
#1755=FACE_BOUND('',#1611,.T.);
#1756=FACE_BOUND('',#1612,.T.);
#1757=FACE_BOUND('',#1613,.T.);
#1758=FACE_BOUND('',#1614,.T.);
#1759=FACE_BOUND('',#1615,.T.);
#1760=FACE_BOUND('',#1616,.T.);
#1761=FACE_BOUND('',#1617,.T.);
#1762=FACE_BOUND('',#1618,.T.);
#1763=FACE_BOUND('',#1619,.T.);
#1764=FACE_BOUND('',#1620,.T.);
#1765=FACE_BOUND('',#1621,.T.);
#1766=FACE_BOUND('',#1622,.T.);
#1767=FACE_BOUND('',#1623,.T.);
#1768=FACE_BOUND('',#1624,.T.);
#1769=FACE_BOUND('',#1625,.T.);
#1770=FACE_BOUND('',#1626,.T.);
#1771=FACE_BOUND('',#1627,.T.);
#1772=FACE_BOUND('',#1628,.T.);
#1773=FACE_BOUND('',#1629,.T.);
#1774=FACE_BOUND('',#1630,.T.);
#1775=FACE_BOUND('',#1631,.T.);
#1776=FACE_BOUND('',#1632,.T.);
#1777=FACE_BOUND('',#1633,.T.);
#1778=FACE_BOUND('',#1634,.T.);
#1779=FACE_BOUND('',#1635,.T.);
#1780=FACE_BOUND('',#1636,.T.);
#1781=FACE_BOUND('',#1637,.T.);
#1782=FACE_BOUND('',#1638,.T.);
#1783=FACE_BOUND('',#1639,.T.);
#1784=FACE_BOUND('',#1640,.T.);
#1785=FACE_BOUND('',#1641,.T.);
#1786=FACE_BOUND('',#1642,.T.);
#1787=FACE_BOUND('',#1643,.T.);
#1788=FACE_BOUND('',#1644,.T.);
#1789=FACE_BOUND('',#1645,.T.);
#1790=FACE_BOUND('',#1646,.T.);
#1791=FACE_BOUND('',#1647,.T.);
#1792=FACE_BOUND('',#1648,.T.);
#1793=FACE_BOUND('',#1649,.T.);
#1794=FACE_BOUND('',#1650,.T.);
#1795=FACE_BOUND('',#1651,.T.);
#1796=FACE_BOUND('',#1652,.T.);
#1797=FACE_BOUND('',#1653,.T.);
#1798=FACE_BOUND('',#1654,.T.);
#1799=FACE_BOUND('',#1655,.T.);
#1800=FACE_BOUND('',#1656,.T.);
#1801=FACE_BOUND('',#1657,.T.);
#1802=FACE_BOUND('',#1658,.T.);
#1803=FACE_BOUND('',#1659,.T.);
#1804=FACE_BOUND('',#1660,.T.);
#1805=FACE_BOUND('',#1661,.T.);
#1806=FACE_BOUND('',#1662,.T.);
#1807=FACE_BOUND('',#1663,.T.);
#1808=FACE_BOUND('',#1664,.T.);
#1809=FACE_BOUND('',#1665,.T.);
#1810=FACE_BOUND('',#1666,.T.);
#1811=FACE_BOUND('',#1667,.T.);
#1812=FACE_BOUND('',#1668,.T.);
#1813=FACE_BOUND('',#1669,.T.);
#1814=FACE_BOUND('',#1670,.T.);
#1815=FACE_BOUND('',#1671,.T.);
#1816=FACE_BOUND('',#1672,.T.);
#1817=FACE_BOUND('',#1673,.T.);
#1818=FACE_BOUND('',#1674,.T.);
#1819=FACE_BOUND('',#1675,.T.);
#1820=FACE_BOUND('',#1676,.T.);
#1821=FACE_BOUND('',#1677,.T.);
#1822=FACE_BOUND('',#1678,.T.);
#1823=FACE_BOUND('',#1679,.T.);
#1824=FACE_BOUND('',#1680,.T.);
#1825=FACE_BOUND('',#1681,.T.);
#1826=FACE_BOUND('',#1682,.T.);
#1827=FACE_BOUND('',#1683,.T.);
#1828=FACE_BOUND('',#1684,.T.);
#1829=FACE_BOUND('',#1685,.T.);
#1830=FACE_BOUND('',#1686,.T.);
#1831=FACE_BOUND('',#1687,.T.);
#1832=FACE_BOUND('',#1688,.T.);
#1833=FACE_BOUND('',#1689,.T.);
#1834=FACE_BOUND('',#1690,.T.);
#1835=FACE_BOUND('',#1691,.T.);
#1836=FACE_BOUND('',#1692,.T.);
#1837=FACE_BOUND('',#1693,.T.);
#1838=FACE_BOUND('',#1694,.T.);
#1839=FACE_BOUND('',#1695,.T.);
#1840=FACE_BOUND('',#1696,.T.);
#1841=FACE_BOUND('',#1697,.T.);
#1842=FACE_BOUND('',#1698,.T.);
#1843=FACE_BOUND('',#1699,.T.);
#1844=FACE_BOUND('',#1700,.T.);
#1845=PLANE('',#2060);
#1846=PLANE('',#2061);
#1847=PLANE('',#2063);
#1848=PLANE('',#2064);
#1849=PLANE('',#2065);
#1850=PLANE('',#2067);
#1851=PLANE('',#2068);
#1852=PLANE('',#2069);
#1853=PLANE('',#2071);
#1854=PLANE('',#2072);
#1855=PLANE('',#2073);
#1856=PLANE('',#2075);
#1857=PLANE('',#2076);
#1858=PLANE('',#2077);
#1859=PLANE('',#2079);
#1860=PLANE('',#2080);
#1861=PLANE('',#2081);
#1862=PLANE('',#2083);
#1863=PLANE('',#2084);
#1864=PLANE('',#2087);
#1865=PLANE('',#2090);
#1866=PLANE('',#2099);
#1867=PLANE('',#2111);
#1868=PLANE('',#2112);
#1869=PLANE('',#2113);
#1870=PLANE('',#2114);
#1871=PLANE('',#2115);
#1872=PLANE('',#2116);
#1873=PLANE('',#2117);
#1874=PLANE('',#2118);
#1875=PLANE('',#2119);
#1876=PLANE('',#2120);
#1877=PLANE('',#2121);
#1878=PLANE('',#2122);
#1879=PLANE('',#2123);
#1880=PLANE('',#2124);
#1881=PLANE('',#2125);
#1882=PLANE('',#2127);
#1883=PLANE('',#2129);
#1884=PLANE('',#2130);
#1885=PLANE('',#2132);
#1886=PLANE('',#2133);
#1887=PLANE('',#2134);
#1888=PLANE('',#2136);
#1889=PLANE('',#2137);
#1890=PLANE('',#2138);
#1891=PLANE('',#2150);
#1892=PLANE('',#2151);
#1893=PLANE('',#2152);
#1894=PLANE('',#2153);
#1895=PLANE('',#2154);
#1896=PLANE('',#2155);
#1897=PLANE('',#2156);
#1898=PLANE('',#2157);
#1899=PLANE('',#2158);
#1900=PLANE('',#2162);
#1901=PLANE('',#2164);
#1902=PLANE('',#2165);
#1903=PLANE('',#2166);
#1904=PLANE('',#2167);
#1905=PLANE('',#2168);
#1906=PLANE('',#2169);
#1907=PLANE('',#2170);
#1908=PLANE('',#2171);
#1909=PLANE('',#2178);
#1910=PLANE('',#2179);
#1911=PLANE('',#2180);
#1912=PLANE('',#2181);
#1913=PLANE('',#2186);
#1914=PLANE('',#2187);
#1915=PLANE('',#2190);
#1916=PLANE('',#2203);
#1917=PLANE('',#2204);
#1918=PLANE('',#2207);
#1919=PLANE('',#2218);
#1920=PLANE('',#2219);
#1921=PLANE('',#2220);
#1922=PLANE('',#2225);
#1923=PLANE('',#2226);
#1924=PLANE('',#2227);
#1925=PLANE('',#2230);
#1926=PLANE('',#2231);
#1927=PLANE('',#2232);
#1928=PLANE('',#2233);
#1929=PLANE('',#2234);
#1930=PLANE('',#2235);
#1931=PLANE('',#2236);
#1932=PLANE('',#2237);
#1933=ADVANCED_FACE('',(#1701),#1845,.F.);
#1934=ADVANCED_FACE('',(#1702),#1846,.F.);
#1935=ADVANCED_FACE('',(#1703),#1847,.F.);
#1936=ADVANCED_FACE('',(#1704),#1848,.F.);
#1937=ADVANCED_FACE('',(#1705),#1849,.F.);
#1938=ADVANCED_FACE('',(#1706),#1850,.F.);
#1939=ADVANCED_FACE('',(#1707),#1851,.F.);
#1940=ADVANCED_FACE('',(#1708),#1852,.F.);
#1941=ADVANCED_FACE('',(#1709),#1853,.F.);
#1942=ADVANCED_FACE('',(#1710),#1854,.F.);
#1943=ADVANCED_FACE('',(#1711),#1855,.F.);
#1944=ADVANCED_FACE('',(#1712),#1856,.F.);
#1945=ADVANCED_FACE('',(#1713),#1857,.F.);
#1946=ADVANCED_FACE('',(#1714),#1858,.F.);
#1947=ADVANCED_FACE('',(#1715),#1859,.F.);
#1948=ADVANCED_FACE('',(#1716),#1860,.F.);
#1949=ADVANCED_FACE('',(#1717),#1861,.F.);
#1950=ADVANCED_FACE('',(#1718),#1862,.F.);
#1951=ADVANCED_FACE('',(#1719),#1863,.F.);
#1952=ADVANCED_FACE('',(#1720),#1864,.F.);
#1953=ADVANCED_FACE('',(#1721),#1865,.F.);
#1954=ADVANCED_FACE('',(#1722,#1723,#1724,#1725,#1726,#1727,#1728,#1729,
#1730,#1731),#1866,.T.);
#1955=ADVANCED_FACE('',(#1732),#1867,.F.);
#1956=ADVANCED_FACE('',(#1733),#1868,.F.);
#1957=ADVANCED_FACE('',(#1734),#1869,.F.);
#1958=ADVANCED_FACE('',(#1735),#1870,.F.);
#1959=ADVANCED_FACE('',(#1736),#1871,.F.);
#1960=ADVANCED_FACE('',(#1737),#1872,.F.);
#1961=ADVANCED_FACE('',(#1738),#1873,.F.);
#1962=ADVANCED_FACE('',(#1739),#1874,.F.);
#1963=ADVANCED_FACE('',(#1740),#1875,.F.);
#1964=ADVANCED_FACE('',(#1741),#1876,.F.);
#1965=ADVANCED_FACE('',(#1742),#1877,.F.);
#1966=ADVANCED_FACE('',(#1743),#1878,.F.);
#1967=ADVANCED_FACE('',(#1744),#1879,.T.);
#1968=ADVANCED_FACE('',(#1745),#1880,.T.);
#1969=ADVANCED_FACE('',(#1746),#1881,.T.);
#1970=ADVANCED_FACE('',(#1747),#1882,.T.);
#1971=ADVANCED_FACE('',(#1748),#1883,.T.);
#1972=ADVANCED_FACE('',(#1749),#1884,.T.);
#1973=ADVANCED_FACE('',(#1750),#1885,.T.);
#1974=ADVANCED_FACE('',(#1751),#1886,.T.);
#1975=ADVANCED_FACE('',(#1752),#1887,.T.);
#1976=ADVANCED_FACE('',(#1753),#1888,.T.);
#1977=ADVANCED_FACE('',(#1754),#1889,.T.);
#1978=ADVANCED_FACE('',(#1755,#1756,#1757,#1758,#1759,#1760,#1761,#1762,
#1763,#1764,#1765),#1890,.F.);
#1979=ADVANCED_FACE('',(#1766,#1767),#16,.F.);
#1980=ADVANCED_FACE('',(#1768),#1891,.T.);
#1981=ADVANCED_FACE('',(#1769),#1892,.T.);
#1982=ADVANCED_FACE('',(#1770),#1893,.F.);
#1983=ADVANCED_FACE('',(#1771),#1894,.F.);
#1984=ADVANCED_FACE('',(#1772),#1895,.T.);
#1985=ADVANCED_FACE('',(#1773),#1896,.T.);
#1986=ADVANCED_FACE('',(#1774),#1897,.F.);
#1987=ADVANCED_FACE('',(#1775),#1898,.T.);
#1988=ADVANCED_FACE('',(#1776),#1899,.T.);
#1989=ADVANCED_FACE('',(#1777,#1778),#17,.F.);
#1990=ADVANCED_FACE('',(#1779,#1780),#18,.F.);
#1991=ADVANCED_FACE('',(#1781,#1782),#19,.F.);
#1992=ADVANCED_FACE('',(#1783),#1900,.T.);
#1993=ADVANCED_FACE('',(#1784,#1785),#20,.F.);
#1994=ADVANCED_FACE('',(#1786),#1901,.F.);
#1995=ADVANCED_FACE('',(#1787),#1902,.T.);
#1996=ADVANCED_FACE('',(#1788,#1789),#1903,.T.);
#1997=ADVANCED_FACE('',(#1790),#1904,.T.);
#1998=ADVANCED_FACE('',(#1791),#1905,.T.);
#1999=ADVANCED_FACE('',(#1792),#1906,.F.);
#2000=ADVANCED_FACE('',(#1793),#1907,.F.);
#2001=ADVANCED_FACE('',(#1794),#1908,.T.);
#2002=ADVANCED_FACE('',(#1795,#1796),#21,.F.);
#2003=ADVANCED_FACE('',(#1797,#1798),#22,.F.);
#2004=ADVANCED_FACE('',(#1799,#1800),#23,.F.);
#2005=ADVANCED_FACE('',(#1801,#1802),#24,.F.);
#2006=ADVANCED_FACE('',(#1803,#1804),#25,.F.);
#2007=ADVANCED_FACE('',(#1805),#1909,.T.);
#2008=ADVANCED_FACE('',(#1806),#1910,.F.);
#2009=ADVANCED_FACE('',(#1807),#1911,.F.);
#2010=ADVANCED_FACE('',(#1808),#1912,.T.);
#2011=ADVANCED_FACE('',(#1809),#26,.F.);
#2012=ADVANCED_FACE('',(#1810),#27,.T.);
#2013=ADVANCED_FACE('',(#1811),#1913,.F.);
#2014=ADVANCED_FACE('',(#1812),#1914,.T.);
#2015=ADVANCED_FACE('',(#1813),#1915,.F.);
#2016=ADVANCED_FACE('',(#1814),#13,.F.);
#2017=ADVANCED_FACE('',(#1815),#1916,.T.);
#2018=ADVANCED_FACE('',(#1816),#1917,.T.);
#2019=ADVANCED_FACE('',(#1817),#14,.T.);
#2020=ADVANCED_FACE('',(#1818),#15,.F.);
#2021=ADVANCED_FACE('',(#1819),#1918,.F.);
#2022=ADVANCED_FACE('',(#1820),#28,.F.);
#2023=ADVANCED_FACE('',(#1821),#29,.F.);
#2024=ADVANCED_FACE('',(#1822),#30,.F.);
#2025=ADVANCED_FACE('',(#1823),#31,.F.);
#2026=ADVANCED_FACE('',(#1824),#32,.F.);
#2027=ADVANCED_FACE('',(#1825),#33,.F.);
#2028=ADVANCED_FACE('',(#1826),#34,.F.);
#2029=ADVANCED_FACE('',(#1827),#35,.F.);
#2030=ADVANCED_FACE('',(#1828),#1919,.F.);
#2031=ADVANCED_FACE('',(#1829),#1920,.F.);
#2032=ADVANCED_FACE('',(#1830),#1921,.F.);
#2033=ADVANCED_FACE('',(#1831),#36,.F.);
#2034=ADVANCED_FACE('',(#1832),#37,.F.);
#2035=ADVANCED_FACE('',(#1833),#1922,.F.);
#2036=ADVANCED_FACE('',(#1834),#1923,.F.);
#2037=ADVANCED_FACE('',(#1835),#1924,.F.);
#2038=ADVANCED_FACE('',(#1836),#38,.F.);
#2039=ADVANCED_FACE('',(#1837),#1925,.F.);
#2040=ADVANCED_FACE('',(#1838),#1926,.F.);
#2041=ADVANCED_FACE('',(#1839),#1927,.F.);
#2042=ADVANCED_FACE('',(#1840),#1928,.F.);
#2043=ADVANCED_FACE('',(#1841),#1929,.F.);
#2044=ADVANCED_FACE('',(#1842),#1930,.F.);
#2045=ADVANCED_FACE('',(#1843),#1931,.F.);
#2046=ADVANCED_FACE('',(#1844),#1932,.F.);
#2047=CLOSED_SHELL('',(#1933,#1934,#1935,#1936,#1937,#1938,#1939,#1940,
#1941,#1942,#1943,#1944,#1945,#1946,#1947,#1948,#1949,#1950,#1951,#1952,
#1953,#1954,#1955,#1956,#1957,#1958,#1959,#1960,#1961,#1962,#1963,#1964,
#1965,#1966,#1967,#1968,#1969,#1970,#1971,#1972,#1973,#1974,#1975,#1976,
#1977,#1978,#1979,#1980,#1981,#1982,#1983,#1984,#1985,#1986,#1987,#1988,
#1989,#1990,#1991,#1992,#1993,#1994,#1995,#1996,#1997,#1998,#1999,#2000,
#2001,#2002,#2003,#2004,#2005,#2006,#2007,#2008,#2009,#2010,#2011,#2012,
#2013,#2014,#2015,#2016,#2017,#2018,#2019,#2020,#2021,#2022,#2023,#2024,
#2025,#2026,#2027,#2028,#2029,#2030,#2031,#2032,#2033,#2034,#2035,#2036,
#2037,#2038,#2039,#2040,#2041,#2042,#2043,#2044,#2045,#2046));
#2048=STYLED_ITEM('',(#2049),#2056);
#2049=PRESENTATION_STYLE_ASSIGNMENT((#2050));
#2050=SURFACE_STYLE_USAGE(.BOTH.,#2051);
#2051=SURFACE_SIDE_STYLE('',(#2052));
#2052=SURFACE_STYLE_FILL_AREA(#2053);
#2053=FILL_AREA_STYLE('',(#2054));
#2054=FILL_AREA_STYLE_COLOUR('',#2055);
#2055=COLOUR_RGB('',0.129411764705882,0.341176470588236,0.352941176470589);
#2056=MANIFOLD_SOLID_BREP('Back Right Top Plate',#2047);
#2057=SHAPE_DEFINITION_REPRESENTATION(#3396,#2058);
#2058=SHAPE_REPRESENTATION('Back Right Top Plate',(#2059),#3391);
#2059=AXIS2_PLACEMENT_3D('',#2812,#2238,#2239);
#2060=AXIS2_PLACEMENT_3D('',#2813,#2240,#2241);
#2061=AXIS2_PLACEMENT_3D('',#2822,#2246,#2247);
#2062=AXIS2_PLACEMENT_3D('',#2825,#2249,#2250);
#2063=AXIS2_PLACEMENT_3D('',#2828,#2252,#2253);
#2064=AXIS2_PLACEMENT_3D('',#2834,#2257,#2258);
#2065=AXIS2_PLACEMENT_3D('',#2843,#2263,#2264);
#2066=AXIS2_PLACEMENT_3D('',#2846,#2266,#2267);
#2067=AXIS2_PLACEMENT_3D('',#2849,#2269,#2270);
#2068=AXIS2_PLACEMENT_3D('',#2855,#2274,#2275);
#2069=AXIS2_PLACEMENT_3D('',#2864,#2280,#2281);
#2070=AXIS2_PLACEMENT_3D('',#2867,#2283,#2284);
#2071=AXIS2_PLACEMENT_3D('',#2870,#2286,#2287);
#2072=AXIS2_PLACEMENT_3D('',#2876,#2291,#2292);
#2073=AXIS2_PLACEMENT_3D('',#2885,#2297,#2298);
#2074=AXIS2_PLACEMENT_3D('',#2888,#2300,#2301);
#2075=AXIS2_PLACEMENT_3D('',#2891,#2303,#2304);
#2076=AXIS2_PLACEMENT_3D('',#2897,#2308,#2309);
#2077=AXIS2_PLACEMENT_3D('',#2906,#2314,#2315);
#2078=AXIS2_PLACEMENT_3D('',#2909,#2317,#2318);
#2079=AXIS2_PLACEMENT_3D('',#2912,#2320,#2321);
#2080=AXIS2_PLACEMENT_3D('',#2918,#2325,#2326);
#2081=AXIS2_PLACEMENT_3D('',#2927,#2331,#2332);
#2082=AXIS2_PLACEMENT_3D('',#2930,#2334,#2335);
#2083=AXIS2_PLACEMENT_3D('',#2933,#2337,#2338);
#2084=AXIS2_PLACEMENT_3D('',#2939,#2342,#2343);
#2085=AXIS2_PLACEMENT_3D('',#2943,#2345,#2346);
#2086=AXIS2_PLACEMENT_3D('',#2947,#2348,#2349);
#2087=AXIS2_PLACEMENT_3D('',#2948,#2350,#2351);
#2088=AXIS2_PLACEMENT_3D('',#2952,#2353,#2354);
#2089=AXIS2_PLACEMENT_3D('',#2956,#2356,#2357);
#2090=AXIS2_PLACEMENT_3D('',#2957,#2358,#2359);
#2091=AXIS2_PLACEMENT_3D('',#2959,#2361,#2362);
#2092=AXIS2_PLACEMENT_3D('',#2961,#2364,#2365);
#2093=AXIS2_PLACEMENT_3D('',#2965,#2367,#2368);
#2094=AXIS2_PLACEMENT_3D('',#2973,#2372,#2373);
#2095=AXIS2_PLACEMENT_3D('',#2975,#2375,#2376);
#2096=AXIS2_PLACEMENT_3D('',#2977,#2378,#2379);
#2097=AXIS2_PLACEMENT_3D('',#2979,#2381,#2382);
#2098=AXIS2_PLACEMENT_3D('',#2981,#2384,#2385);
#2099=AXIS2_PLACEMENT_3D('',#2982,#2386,#2387);
#2100=AXIS2_PLACEMENT_3D('',#2983,#2388,#2389);
#2101=AXIS2_PLACEMENT_3D('',#2985,#2390,#2391);
#2102=AXIS2_PLACEMENT_3D('',#2987,#2392,#2393);
#2103=AXIS2_PLACEMENT_3D('',#2989,#2394,#2395);
#2104=AXIS2_PLACEMENT_3D('',#3015,#2408,#2409);
#2105=AXIS2_PLACEMENT_3D('',#3017,#2410,#2411);
#2106=AXIS2_PLACEMENT_3D('',#3019,#2412,#2413);
#2107=AXIS2_PLACEMENT_3D('',#3021,#2414,#2415);
#2108=AXIS2_PLACEMENT_3D('',#3023,#2416,#2417);
#2109=AXIS2_PLACEMENT_3D('',#3032,#2421,#2422);
#2110=AXIS2_PLACEMENT_3D('',#3034,#2423,#2424);
#2111=AXIS2_PLACEMENT_3D('',#3041,#2428,#2429);
#2112=AXIS2_PLACEMENT_3D('',#3052,#2435,#2436);
#2113=AXIS2_PLACEMENT_3D('',#3063,#2442,#2443);
#2114=AXIS2_PLACEMENT_3D('',#3071,#2448,#2449);
#2115=AXIS2_PLACEMENT_3D('',#3079,#2454,#2455);
#2116=AXIS2_PLACEMENT_3D('',#3085,#2459,#2460);
#2117=AXIS2_PLACEMENT_3D('',#3091,#2464,#2465);
#2118=AXIS2_PLACEMENT_3D('',#3094,#2468,#2469);
#2119=AXIS2_PLACEMENT_3D('',#3100,#2473,#2474);
#2120=AXIS2_PLACEMENT_3D('',#3106,#2478,#2479);
#2121=AXIS2_PLACEMENT_3D('',#3112,#2483,#2484);
#2122=AXIS2_PLACEMENT_3D('',#3118,#2488,#2489);
#2123=AXIS2_PLACEMENT_3D('',#3121,#2492,#2493);
#2124=AXIS2_PLACEMENT_3D('',#3127,#2497,#2498);
#2125=AXIS2_PLACEMENT_3D('',#3133,#2502,#2503);
#2126=AXIS2_PLACEMENT_3D('',#3134,#2504,#2505);
#2127=AXIS2_PLACEMENT_3D('',#3135,#2506,#2507);
#2128=AXIS2_PLACEMENT_3D('',#3136,#2508,#2509);
#2129=AXIS2_PLACEMENT_3D('',#3137,#2510,#2511);
#2130=AXIS2_PLACEMENT_3D('',#3139,#2513,#2514);
#2131=AXIS2_PLACEMENT_3D('',#3140,#2515,#2516);
#2132=AXIS2_PLACEMENT_3D('',#3141,#2517,#2518);
#2133=AXIS2_PLACEMENT_3D('',#3143,#2520,#2521);
#2134=AXIS2_PLACEMENT_3D('',#3147,#2524,#2525);
#2135=AXIS2_PLACEMENT_3D('',#3148,#2526,#2527);
#2136=AXIS2_PLACEMENT_3D('',#3149,#2528,#2529);
#2137=AXIS2_PLACEMENT_3D('',#3153,#2532,#2533);
#2138=AXIS2_PLACEMENT_3D('',#3157,#2536,#2537);
#2139=AXIS2_PLACEMENT_3D('',#3158,#2538,#2539);
#2140=AXIS2_PLACEMENT_3D('',#3160,#2540,#2541);
#2141=AXIS2_PLACEMENT_3D('',#3162,#2542,#2543);
#2142=AXIS2_PLACEMENT_3D('',#3164,#2544,#2545);
#2143=AXIS2_PLACEMENT_3D('',#3166,#2546,#2547);
#2144=AXIS2_PLACEMENT_3D('',#3168,#2548,#2549);
#2145=AXIS2_PLACEMENT_3D('',#3170,#2550,#2551);
#2146=AXIS2_PLACEMENT_3D('',#3172,#2552,#2553);
#2147=AXIS2_PLACEMENT_3D('',#3174,#2554,#2555);
#2148=AXIS2_PLACEMENT_3D('',#3204,#2570,#2571);
#2149=AXIS2_PLACEMENT_3D('',#3205,#2572,#2573);
#2150=AXIS2_PLACEMENT_3D('',#3207,#2574,#2575);
#2151=AXIS2_PLACEMENT_3D('',#3214,#2580,#2581);
#2152=AXIS2_PLACEMENT_3D('',#3217,#2584,#2585);
#2153=AXIS2_PLACEMENT_3D('',#3219,#2587,#2588);
#2154=AXIS2_PLACEMENT_3D('',#3221,#2590,#2591);
#2155=AXIS2_PLACEMENT_3D('',#3223,#2593,#2594);
#2156=AXIS2_PLACEMENT_3D('',#3224,#2595,#2596);
#2157=AXIS2_PLACEMENT_3D('',#3229,#2600,#2601);
#2158=AXIS2_PLACEMENT_3D('',#3231,#2603,#2604);
#2159=AXIS2_PLACEMENT_3D('',#3233,#2606,#2607);
#2160=AXIS2_PLACEMENT_3D('',#3234,#2608,#2609);
#2161=AXIS2_PLACEMENT_3D('',#3235,#2610,#2611);
#2162=AXIS2_PLACEMENT_3D('',#3236,#2612,#2613);
#2163=AXIS2_PLACEMENT_3D('',#3237,#2614,#2615);
#2164=AXIS2_PLACEMENT_3D('',#3238,#2616,#2617);
#2165=AXIS2_PLACEMENT_3D('',#3242,#2620,#2621);
#2166=AXIS2_PLACEMENT_3D('',#3244,#2623,#2624);
#2167=AXIS2_PLACEMENT_3D('',#3245,#2625,#2626);
#2168=AXIS2_PLACEMENT_3D('',#3249,#2629,#2630);
#2169=AXIS2_PLACEMENT_3D('',#3252,#2633,#2634);
#2170=AXIS2_PLACEMENT_3D('',#3254,#2636,#2637);
#2171=AXIS2_PLACEMENT_3D('',#3256,#2639,#2640);
#2172=AXIS2_PLACEMENT_3D('',#3257,#2641,#2642);
#2173=AXIS2_PLACEMENT_3D('',#3260,#2644,#2645);
#2174=AXIS2_PLACEMENT_3D('',#3263,#2647,#2648);
#2175=AXIS2_PLACEMENT_3D('',#3264,#2649,#2650);
#2176=AXIS2_PLACEMENT_3D('',#3265,#2651,#2652);
#2177=AXIS2_PLACEMENT_3D('',#3266,#2653,#2654);
#2178=AXIS2_PLACEMENT_3D('',#3267,#2655,#2656);
#2179=AXIS2_PLACEMENT_3D('',#3271,#2659,#2660);
#2180=AXIS2_PLACEMENT_3D('',#3275,#2663,#2664);
#2181=AXIS2_PLACEMENT_3D('',#3287,#2672,#2673);
#2182=AXIS2_PLACEMENT_3D('',#3291,#2676,#2677);
#2183=AXIS2_PLACEMENT_3D('',#3294,#2679,#2680);
#2184=AXIS2_PLACEMENT_3D('',#3295,#2681,#2682);
#2185=AXIS2_PLACEMENT_3D('',#3298,#2684,#2685);
#2186=AXIS2_PLACEMENT_3D('',#3299,#2686,#2687);
#2187=AXIS2_PLACEMENT_3D('',#3301,#2689,#2690);
#2188=AXIS2_PLACEMENT_3D('',#3304,#2692,#2693);
#2189=AXIS2_PLACEMENT_3D('',#3306,#2694,#2695);
#2190=AXIS2_PLACEMENT_3D('',#3309,#2697,#2698);
#2191=AXIS2_PLACEMENT_3D('',#3311,#2700,#2701);
#2192=AXIS2_PLACEMENT_3D('',#3316,#2702,#2703);
#2193=AXIS2_PLACEMENT_3D('',#3317,#2704,#2705);
#2194=AXIS2_PLACEMENT_3D('',#3318,#2706,#2707);
#2195=AXIS2_PLACEMENT_3D('',#3319,#2708,#2709);
#2196=AXIS2_PLACEMENT_3D('',#3320,#2710,#2711);
#2197=AXIS2_PLACEMENT_3D('',#3321,#2712,#2713);
#2198=AXIS2_PLACEMENT_3D('',#3322,#2714,#2715);
#2199=AXIS2_PLACEMENT_3D('',#3323,#2716,#2717);
#2200=AXIS2_PLACEMENT_3D('',#3324,#2718,#2719);
#2201=AXIS2_PLACEMENT_3D('',#3325,#2720,#2721);
#2202=AXIS2_PLACEMENT_3D('',#3326,#2722,#2723);
#2203=AXIS2_PLACEMENT_3D('',#3327,#2724,#2725);
#2204=AXIS2_PLACEMENT_3D('',#3328,#2726,#2727);
#2205=AXIS2_PLACEMENT_3D('',#3330,#2729,#2730);
#2206=AXIS2_PLACEMENT_3D('',#3332,#2732,#2733);
#2207=AXIS2_PLACEMENT_3D('',#3334,#2735,#2736);
#2208=AXIS2_PLACEMENT_3D('',#3335,#2737,#2738);
#2209=AXIS2_PLACEMENT_3D('',#3336,#2739,#2740);
#2210=AXIS2_PLACEMENT_3D('',#3337,#2741,#2742);
#2211=AXIS2_PLACEMENT_3D('',#3338,#2743,#2744);
#2212=AXIS2_PLACEMENT_3D('',#3339,#2745,#2746);
#2213=AXIS2_PLACEMENT_3D('',#3340,#2747,#2748);
#2214=AXIS2_PLACEMENT_3D('',#3341,#2749,#2750);
#2215=AXIS2_PLACEMENT_3D('',#3344,#2752,#2753);
#2216=AXIS2_PLACEMENT_3D('',#3347,#2755,#2756);
#2217=AXIS2_PLACEMENT_3D('',#3348,#2757,#2758);
#2218=AXIS2_PLACEMENT_3D('',#3353,#2761,#2762);
#2219=AXIS2_PLACEMENT_3D('',#3356,#2765,#2766);
#2220=AXIS2_PLACEMENT_3D('',#3357,#2767,#2768);
#2221=AXIS2_PLACEMENT_3D('',#3358,#2769,#2770);
#2222=AXIS2_PLACEMENT_3D('',#3359,#2771,#2772);
#2223=AXIS2_PLACEMENT_3D('',#3364,#2775,#2776);
#2224=AXIS2_PLACEMENT_3D('',#3367,#2778,#2779);
#2225=AXIS2_PLACEMENT_3D('',#3370,#2781,#2782);
#2226=AXIS2_PLACEMENT_3D('',#3373,#2785,#2786);
#2227=AXIS2_PLACEMENT_3D('',#3374,#2787,#2788);
#2228=AXIS2_PLACEMENT_3D('',#3375,#2789,#2790);
#2229=AXIS2_PLACEMENT_3D('',#3378,#2792,#2793);
#2230=AXIS2_PLACEMENT_3D('',#3381,#2795,#2796);
#2231=AXIS2_PLACEMENT_3D('',#3383,#2798,#2799);
#2232=AXIS2_PLACEMENT_3D('',#3384,#2800,#2801);
#2233=AXIS2_PLACEMENT_3D('',#3385,#2802,#2803);
#2234=AXIS2_PLACEMENT_3D('',#3386,#2804,#2805);
#2235=AXIS2_PLACEMENT_3D('',#3387,#2806,#2807);
#2236=AXIS2_PLACEMENT_3D('',#3388,#2808,#2809);
#2237=AXIS2_PLACEMENT_3D('',#3389,#2810,#2811);
#2238=DIRECTION('',(0.,0.,1.));
#2239=DIRECTION('',(1.,0.,0.));
#2240=DIRECTION('',(0.,1.,0.));
#2241=DIRECTION('',(0.,0.,1.));
#2242=DIRECTION('',(1.82602471155453E-16,0.,1.));
#2243=DIRECTION('',(1.,0.,-1.82602471155453E-16));
#2244=DIRECTION('',(-1.82602471155453E-16,0.,-1.));
#2245=DIRECTION('',(1.,0.,-1.82602471155453E-16));
#2246=DIRECTION('',(1.82602471155453E-16,0.,1.));
#2247=DIRECTION('',(1.,0.,-1.82602471155453E-16));
#2248=DIRECTION('',(0.,-1.,0.));
#2249=DIRECTION('',(1.82602471155453E-16,0.,1.));
#2250=DIRECTION('',(1.,0.,-1.82602471155453E-16));
#2251=DIRECTION('',(-1.,0.,1.82602471155453E-16));
#2252=DIRECTION('',(0.,-1.,0.));
#2253=DIRECTION('',(0.,0.,-1.));
#2254=DIRECTION('',(-1.82602471155453E-16,0.,-1.));
#2255=DIRECTION('',(-1.82602471155453E-16,0.,-1.));
#2256=DIRECTION('',(-1.,0.,1.82602471155453E-16));
#2257=DIRECTION('',(0.,1.,0.));
#2258=DIRECTION('',(0.,0.,1.));
#2259=DIRECTION('',(1.82602471155453E-16,0.,1.));
#2260=DIRECTION('',(1.,0.,-1.82602471155453E-16));
#2261=DIRECTION('',(-1.82602471155453E-16,0.,-1.));
#2262=DIRECTION('',(1.,0.,-1.82602471155453E-16));
#2263=DIRECTION('',(1.82602471155453E-16,0.,1.));
#2264=DIRECTION('',(1.,0.,-1.82602471155453E-16));
#2265=DIRECTION('',(0.,-1.,0.));
#2266=DIRECTION('',(1.82602471155453E-16,0.,1.));
#2267=DIRECTION('',(1.,0.,-1.82602471155453E-16));
#2268=DIRECTION('',(-1.,0.,1.82602471155453E-16));
#2269=DIRECTION('',(0.,-1.,0.));
#2270=DIRECTION('',(0.,0.,-1.));
#2271=DIRECTION('',(-1.82602471155453E-16,0.,-1.));
#2272=DIRECTION('',(-1.82602471155453E-16,0.,-1.));
#2273=DIRECTION('',(-1.,0.,1.82602471155453E-16));
#2274=DIRECTION('',(0.,1.,0.));
#2275=DIRECTION('',(0.,0.,1.));
#2276=DIRECTION('',(1.82602471155453E-16,0.,1.));
#2277=DIRECTION('',(1.,0.,-1.82602471155453E-16));
#2278=DIRECTION('',(-1.82602471155453E-16,0.,-1.));
#2279=DIRECTION('',(1.,0.,-1.82602471155453E-16));
#2280=DIRECTION('',(1.82602471155453E-16,0.,1.));
#2281=DIRECTION('',(1.,0.,-1.82602471155453E-16));
#2282=DIRECTION('',(0.,-1.,0.));
#2283=DIRECTION('',(1.82602471155453E-16,0.,1.));
#2284=DIRECTION('',(1.,0.,-1.82602471155453E-16));
#2285=DIRECTION('',(-1.,0.,1.82602471155453E-16));
#2286=DIRECTION('',(0.,-1.,0.));
#2287=DIRECTION('',(0.,0.,-1.));
#2288=DIRECTION('',(-1.82602471155453E-16,0.,-1.));
#2289=DIRECTION('',(-1.82602471155453E-16,0.,-1.));
#2290=DIRECTION('',(-1.,0.,1.82602471155453E-16));
#2291=DIRECTION('',(0.,1.,0.));
#2292=DIRECTION('',(0.,0.,1.));
#2293=DIRECTION('',(1.82602471155453E-16,0.,1.));
#2294=DIRECTION('',(1.,0.,-1.82602471155453E-16));
#2295=DIRECTION('',(-1.82602471155453E-16,0.,-1.));
#2296=DIRECTION('',(1.,0.,-1.82602471155453E-16));
#2297=DIRECTION('',(1.82602471155453E-16,0.,1.));
#2298=DIRECTION('',(1.,0.,-1.82602471155453E-16));
#2299=DIRECTION('',(0.,-1.,0.));
#2300=DIRECTION('',(1.82602471155453E-16,0.,1.));
#2301=DIRECTION('',(1.,0.,-1.82602471155453E-16));
#2302=DIRECTION('',(-1.,0.,1.82602471155453E-16));
#2303=DIRECTION('',(0.,-1.,0.));
#2304=DIRECTION('',(0.,0.,-1.));
#2305=DIRECTION('',(-1.82602471155453E-16,0.,-1.));
#2306=DIRECTION('',(-1.82602471155453E-16,0.,-1.));
#2307=DIRECTION('',(-1.,0.,1.82602471155453E-16));
#2308=DIRECTION('',(0.,1.,0.));
#2309=DIRECTION('',(0.,0.,1.));
#2310=DIRECTION('',(1.82602471155453E-16,0.,1.));
#2311=DIRECTION('',(1.,0.,-1.82602471155453E-16));
#2312=DIRECTION('',(-1.82602471155453E-16,0.,-1.));
#2313=DIRECTION('',(1.,0.,-1.82602471155453E-16));
#2314=DIRECTION('',(1.82602471155453E-16,0.,1.));
#2315=DIRECTION('',(1.,0.,-1.82602471155453E-16));
#2316=DIRECTION('',(0.,-1.,0.));
#2317=DIRECTION('',(1.82602471155453E-16,0.,1.));
#2318=DIRECTION('',(1.,0.,-1.82602471155453E-16));
#2319=DIRECTION('',(-1.,0.,1.82602471155453E-16));
#2320=DIRECTION('',(0.,-1.,0.));
#2321=DIRECTION('',(0.,0.,-1.));
#2322=DIRECTION('',(-1.82602471155453E-16,0.,-1.));
#2323=DIRECTION('',(-1.82602471155453E-16,0.,-1.));
#2324=DIRECTION('',(-1.,0.,1.82602471155453E-16));
#2325=DIRECTION('',(0.,1.,0.));
#2326=DIRECTION('',(0.,0.,1.));
#2327=DIRECTION('',(1.82602471155453E-16,0.,1.));
#2328=DIRECTION('',(1.,0.,-1.82602471155453E-16));
#2329=DIRECTION('',(-1.82602471155453E-16,0.,-1.));
#2330=DIRECTION('',(1.,0.,-1.82602471155453E-16));
#2331=DIRECTION('',(1.82602471155453E-16,0.,1.));
#2332=DIRECTION('',(1.,0.,-1.82602471155453E-16));
#2333=DIRECTION('',(0.,-1.,0.));
#2334=DIRECTION('',(1.82602471155453E-16,0.,1.));
#2335=DIRECTION('',(1.,0.,-1.82602471155453E-16));
#2336=DIRECTION('',(-1.,0.,1.82602471155453E-16));
#2337=DIRECTION('',(0.,-1.,0.));
#2338=DIRECTION('',(0.,0.,-1.));
#2339=DIRECTION('',(-1.82602471155453E-16,0.,-1.));
#2340=DIRECTION('',(-1.82602471155453E-16,0.,-1.));
#2341=DIRECTION('',(-1.,0.,1.82602471155453E-16));
#2342=DIRECTION('',(1.82602471155453E-16,0.,1.));
#2343=DIRECTION('',(1.,0.,-1.82602471155453E-16));
#2344=DIRECTION('',(1.,0.,-1.82602471155453E-16));
#2345=DIRECTION('',(1.82602471155453E-16,0.,1.));
#2346=DIRECTION('',(1.,0.,-1.82602471155453E-16));
#2347=DIRECTION('',(-1.,0.,1.82602471155453E-16));
#2348=DIRECTION('',(1.82602471155453E-16,0.,1.));
#2349=DIRECTION('',(1.,0.,-1.82602471155453E-16));
#2350=DIRECTION('',(1.82602471155453E-16,0.,1.));
#2351=DIRECTION('',(1.,0.,-1.82602471155453E-16));
#2352=DIRECTION('',(-1.,0.,1.82602471155453E-16));
#2353=DIRECTION('',(1.82602471155453E-16,0.,1.));
#2354=DIRECTION('',(1.,0.,-1.82602471155453E-16));
#2355=DIRECTION('',(1.,0.,-1.82602471155453E-16));
#2356=DIRECTION('',(1.82602471155453E-16,0.,1.));
#2357=DIRECTION('',(1.,0.,-1.82602471155453E-16));
#2358=DIRECTION('',(1.82602471155453E-16,0.,1.));
#2359=DIRECTION('',(1.,0.,-1.82602471155453E-16));
#2360=DIRECTION('',(0.,-1.,0.));
#2361=DIRECTION('',(1.82602471155453E-16,0.,1.));
#2362=DIRECTION('',(1.,0.,-1.82602471155453E-16));
#2363=DIRECTION('',(0.,-1.,0.));
#2364=DIRECTION('',(1.82602471155453E-16,0.,1.));
#2365=DIRECTION('',(1.,0.,-1.82602471155453E-16));
#2366=DIRECTION('',(1.,0.,-1.82602471155453E-16));
#2367=DIRECTION('',(1.82602471155453E-16,0.,1.));
#2368=DIRECTION('',(1.,0.,-1.82602471155453E-16));
#2369=DIRECTION('',(-1.,0.,1.82602471155453E-16));
#2370=DIRECTION('',(0.,-1.,0.));
#2371=DIRECTION('',(1.,0.,-1.82602471155453E-16));
#2372=DIRECTION('',(1.82602471155453E-16,0.,1.));
#2373=DIRECTION('',(1.,0.,-1.82602471155453E-16));
#2374=DIRECTION('',(0.,-1.,0.));
#2375=DIRECTION('',(1.82602471155453E-16,0.,1.));
#2376=DIRECTION('',(1.,0.,-1.82602471155453E-16));
#2377=DIRECTION('',(0.,-1.,0.));
#2378=DIRECTION('',(1.82602471155453E-16,0.,1.));
#2379=DIRECTION('',(1.,0.,-1.82602471155453E-16));
#2380=DIRECTION('',(0.,-1.,0.));
#2381=DIRECTION('',(1.82602471155453E-16,0.,1.));
#2382=DIRECTION('',(1.,0.,-1.82602471155453E-16));
#2383=DIRECTION('',(0.,-1.,0.));
#2384=DIRECTION('',(1.82602471155453E-16,0.,1.));
#2385=DIRECTION('',(1.,0.,-1.82602471155453E-16));
#2386=DIRECTION('',(1.82602471155453E-16,0.,1.));
#2387=DIRECTION('',(1.,0.,-1.82602471155453E-16));
#2388=DIRECTION('',(1.82602471155453E-16,0.,1.));
#2389=DIRECTION('',(1.,0.,-1.82602471155453E-16));
#2390=DIRECTION('',(1.82602471155453E-16,0.,1.));
#2391=DIRECTION('',(1.,0.,-1.82602471155453E-16));
#2392=DIRECTION('',(1.82602471155453E-16,0.,1.));
#2393=DIRECTION('',(1.,0.,-1.82602471155453E-16));
#2394=DIRECTION('',(1.82602471155453E-16,0.,1.));
#2395=DIRECTION('',(1.,0.,-1.82602471155453E-16));
#2396=DIRECTION('',(0.,1.,0.));
#2397=DIRECTION('',(1.,0.,-1.82602471155453E-16));
#2398=DIRECTION('',(6.93889390390723E-16,-1.,-1.26705917393897E-31));
#2399=DIRECTION('',(1.,0.,-1.82602471155453E-16));
#2400=DIRECTION('',(1.36951853366668E-17,-1.,-2.50077468540728E-33));
#2401=DIRECTION('',(1.,9.25185853854297E-16,-1.82602471155453E-16));
#2402=DIRECTION('',(3.55840713020882E-16,-1.,-6.49773935353316E-32));
#2403=DIRECTION('',(-1.,0.,1.82602471155453E-16));
#2404=DIRECTION('',(0.,-1.,0.));
#2405=DIRECTION('',(1.,1.8503717077086E-15,-1.82602471155453E-16));
#2406=DIRECTION('',(0.,1.,0.));
#2407=DIRECTION('',(1.,0.,-1.82602471155453E-16));
#2408=DIRECTION('',(-1.82602471155453E-16,0.,-1.));
#2409=DIRECTION('',(1.,0.,-1.82602471155453E-16));
#2410=DIRECTION('',(-1.82602471155453E-16,0.,-1.));
#2411=DIRECTION('',(1.,0.,-1.82602471155453E-16));
#2412=DIRECTION('',(1.82602471155453E-16,0.,1.));
#2413=DIRECTION('',(1.,0.,-1.82602471155453E-16));
#2414=DIRECTION('',(1.82602471155453E-16,0.,1.));
#2415=DIRECTION('',(1.,0.,-1.82602471155453E-16));
#2416=DIRECTION('',(1.82602471155453E-16,0.,1.));
#2417=DIRECTION('',(1.,0.,-1.82602471155453E-16));
#2418=DIRECTION('',(-1.,0.,1.82602471155453E-16));
#2419=DIRECTION('',(0.,1.,0.));
#2420=DIRECTION('',(-1.,0.,1.82602471155453E-16));
#2421=DIRECTION('',(1.82602471155453E-16,0.,1.));
#2422=DIRECTION('',(1.,0.,-1.82602471155453E-16));
#2423=DIRECTION('',(1.82602471155453E-16,0.,1.));
#2424=DIRECTION('',(1.,0.,-1.82602471155453E-16));
#2425=DIRECTION('',(-1.,0.,1.82602471155453E-16));
#2426=DIRECTION('',(0.,-1.,0.));
#2427=DIRECTION('',(-1.,0.,1.82602471155453E-16));
#2428=DIRECTION('',(-1.,-1.22464679914735E-16,1.82602471155453E-16));
#2429=DIRECTION('',(-1.22464679914735E-16,1.,2.23623531816922E-32));
#2430=DIRECTION('',(-1.22464679914735E-16,1.,2.23623531816922E-32));
#2431=DIRECTION('',(1.82602471155453E-16,0.,1.));
#2432=DIRECTION('',(1.82602471155453E-16,0.,1.));
#2433=DIRECTION('',(-1.22464679914735E-16,1.,2.23623531816922E-32));
#2434=DIRECTION('',(-1.82602471155453E-16,0.,-1.));
#2435=DIRECTION('',(1.,0.,-1.82602471155453E-16));
#2436=DIRECTION('',(0.,-1.,0.));
#2437=DIRECTION('',(0.,-1.,0.));
#2438=DIRECTION('',(-1.82602471155453E-16,0.,-1.));
#2439=DIRECTION('',(0.,-1.,0.));
#2440=DIRECTION('',(-1.82602471155453E-16,0.,-1.));
#2441=DIRECTION('',(-1.82602471155453E-16,0.,-1.));
#2442=DIRECTION('',(-1.,-1.22464679914735E-16,1.82602471155453E-16));
#2443=DIRECTION('',(-1.22464679914735E-16,1.,2.23623531816922E-32));
#2444=DIRECTION('',(-1.22464679914735E-16,1.,2.23623531816922E-32));
#2445=DIRECTION('',(-1.22464679914735E-16,1.,2.23623531816922E-32));
#2446=DIRECTION('',(-1.82602471155453E-16,0.,-1.));
#2447=DIRECTION('',(-1.82602471155453E-16,0.,-1.));
#2448=DIRECTION('',(1.,0.,-1.82602471155453E-16));
#2449=DIRECTION('',(0.,-1.,0.));
#2450=DIRECTION('',(0.,-1.,0.));
#2451=DIRECTION('',(1.82602471155453E-16,0.,1.));
#2452=DIRECTION('',(1.82602471155453E-16,0.,1.));
#2453=DIRECTION('',(0.,-1.,0.));
#2454=DIRECTION('',(1.,0.,-1.82602471155453E-16));
#2455=DIRECTION('',(0.,-1.,0.));
#2456=DIRECTION('',(0.,1.,0.));
#2457=DIRECTION('',(-1.82602471155453E-16,0.,-1.));
#2458=DIRECTION('',(0.,1.,0.));
#2459=DIRECTION('',(6.12323399573677E-17,-1.,-1.11811765908461E-32));
#2460=DIRECTION('',(-1.,-6.12323399573677E-17,1.82602471155453E-16));
#2461=DIRECTION('',(-1.,-6.12323399573677E-17,1.82602471155453E-16));
#2462=DIRECTION('',(-1.,-6.12323399573677E-17,1.82602471155453E-16));
#2463=DIRECTION('',(-1.82602471155453E-16,0.,-1.));
#2464=DIRECTION('',(6.12323399573677E-17,-1.,-1.11811765908461E-32));
#2465=DIRECTION('',(-1.,-6.12323399573677E-17,1.82602471155453E-16));
#2466=DIRECTION('',(-1.,-6.12323399573677E-17,1.82602471155453E-16));
#2467=DIRECTION('',(-1.,-6.12323399573677E-17,1.82602471155453E-16));
#2468=DIRECTION('',(-1.,-1.22464679914735E-16,1.82602471155453E-16));
#2469=DIRECTION('',(-1.22464679914735E-16,1.,2.23623531816922E-32));
#2470=DIRECTION('',(1.22464679914735E-16,-1.,-2.23623531816922E-32));
#2471=DIRECTION('',(1.22464679914735E-16,-1.,-2.23623531816922E-32));
#2472=DIRECTION('',(1.82602471155453E-16,0.,1.));
#2473=DIRECTION('',(-1.83697019872103E-16,1.,3.35435297725383E-32));
#2474=DIRECTION('',(1.,1.83697019872103E-16,-1.82602471155453E-16));
#2475=DIRECTION('',(1.,1.83697019872103E-16,-1.82602471155453E-16));
#2476=DIRECTION('',(-1.82602471155453E-16,0.,-1.));
#2477=DIRECTION('',(1.,1.83697019872103E-16,-1.82602471155453E-16));
#2478=DIRECTION('',(1.,0.,-1.82602471155453E-16));
#2479=DIRECTION('',(0.,-1.,0.));
#2480=DIRECTION('',(0.,1.,0.));
#2481=DIRECTION('',(0.,1.,0.));
#2482=DIRECTION('',(-1.82602471155453E-16,0.,-1.));
#2483=DIRECTION('',(-1.,-1.22464679914735E-16,1.82602471155453E-16));
#2484=DIRECTION('',(-1.22464679914735E-16,1.,2.23623531816922E-32));
#2485=DIRECTION('',(1.22464679914735E-16,-1.,-2.23623531816922E-32));
#2486=DIRECTION('',(1.82602471155453E-16,0.,1.));
#2487=DIRECTION('',(1.22464679914735E-16,-1.,-2.23623531816922E-32));
#2488=DIRECTION('',(-1.83697019872103E-16,1.,3.35435297725383E-32));
#2489=DIRECTION('',(1.,1.83697019872103E-16,-1.82602471155453E-16));
#2490=DIRECTION('',(1.,1.83697019872103E-16,-1.82602471155453E-16));
#2491=DIRECTION('',(1.,1.83697019872103E-16,-1.82602471155453E-16));
#2492=DIRECTION('',(-1.82602471155453E-16,0.,-1.));
#2493=DIRECTION('',(1.,0.,-1.82602471155453E-16));
#2494=DIRECTION('',(0.,-1.,0.));
#2495=DIRECTION('',(1.,0.,-1.82602471155453E-16));
#2496=DIRECTION('',(1.,0.,-1.82602471155453E-16));
#2497=DIRECTION('',(-1.82602471155453E-16,0.,-1.));
#2498=DIRECTION('',(1.,0.,-1.82602471155453E-16));
#2499=DIRECTION('',(1.,0.,-1.82602471155453E-16));
#2500=DIRECTION('',(0.,-1.,0.));
#2501=DIRECTION('',(1.,0.,-1.82602471155453E-16));
#2502=DIRECTION('',(-1.82602471155453E-16,0.,-1.));
#2503=DIRECTION('',(1.,0.,-1.82602471155453E-16));
#2504=DIRECTION('',(-1.82602471155453E-16,0.,-1.));
#2505=DIRECTION('',(-1.,0.,1.82602471155453E-16));
#2506=DIRECTION('',(-1.82602471155453E-16,0.,-1.));
#2507=DIRECTION('',(1.,0.,-1.82602471155453E-16));
#2508=DIRECTION('',(-1.82602471155453E-16,0.,-1.));
#2509=DIRECTION('',(-1.,0.,1.82602471155453E-16));
#2510=DIRECTION('',(-1.82602471155453E-16,0.,-1.));
#2511=DIRECTION('',(1.,0.,-1.82602471155453E-16));
#2512=DIRECTION('',(-1.,0.,1.82602471155453E-16));
#2513=DIRECTION('',(-1.82602471155453E-16,0.,-1.));
#2514=DIRECTION('',(1.,0.,-1.82602471155453E-16));
#2515=DIRECTION('',(-1.82602471155453E-16,0.,-1.));
#2516=DIRECTION('',(-1.,0.,1.82602471155453E-16));
#2517=DIRECTION('',(-1.82602471155453E-16,0.,-1.));
#2518=DIRECTION('',(1.,0.,-1.82602471155453E-16));
#2519=DIRECTION('',(-1.,0.,1.82602471155453E-16));
#2520=DIRECTION('',(-1.82602471155453E-16,0.,-1.));
#2521=DIRECTION('',(1.,0.,-1.82602471155453E-16));
#2522=DIRECTION('',(-1.,0.,1.82602471155453E-16));
#2523=DIRECTION('',(0.,-1.,0.));
#2524=DIRECTION('',(-1.82602471155453E-16,0.,-1.));
#2525=DIRECTION('',(1.,0.,-1.82602471155453E-16));
#2526=DIRECTION('',(-1.82602471155453E-16,0.,-1.));
#2527=DIRECTION('',(-1.,0.,1.82602471155453E-16));
#2528=DIRECTION('',(-1.82602471155453E-16,0.,-1.));
#2529=DIRECTION('',(1.,0.,-1.82602471155453E-16));
#2530=DIRECTION('',(0.,-1.,0.));
#2531=DIRECTION('',(-1.,0.,1.82602471155453E-16));
#2532=DIRECTION('',(-1.82602471155453E-16,0.,-1.));
#2533=DIRECTION('',(1.,0.,-1.82602471155453E-16));
#2534=DIRECTION('',(-1.,0.,1.82602471155453E-16));
#2535=DIRECTION('',(0.,-1.,0.));
#2536=DIRECTION('',(1.82602471155453E-16,0.,1.));
#2537=DIRECTION('',(1.,0.,-1.82602471155453E-16));
#2538=DIRECTION('',(1.82602471155453E-16,0.,1.));
#2539=DIRECTION('',(1.,0.,-1.82602471155453E-16));
#2540=DIRECTION('',(1.82602471155453E-16,0.,1.));
#2541=DIRECTION('',(1.,0.,-1.82602471155453E-16));
#2542=DIRECTION('',(1.82602471155453E-16,0.,1.));
#2543=DIRECTION('',(1.,0.,-1.82602471155453E-16));
#2544=DIRECTION('',(1.82602471155453E-16,0.,1.));
#2545=DIRECTION('',(1.,0.,-1.82602471155453E-16));
#2546=DIRECTION('',(1.82602471155453E-16,0.,1.));
#2547=DIRECTION('',(1.,0.,-1.82602471155453E-16));
#2548=DIRECTION('',(1.82602471155453E-16,0.,1.));
#2549=DIRECTION('',(1.,0.,-1.82602471155453E-16));
#2550=DIRECTION('',(1.82602471155453E-16,0.,1.));
#2551=DIRECTION('',(1.,0.,-1.82602471155453E-16));
#2552=DIRECTION('',(-1.82602471155453E-16,0.,-1.));
#2553=DIRECTION('',(1.,0.,-1.82602471155453E-16));
#2554=DIRECTION('',(-1.82602471155453E-16,0.,-1.));
#2555=DIRECTION('',(1.,0.,-1.82602471155453E-16));
#2556=DIRECTION('',(1.,9.25185853854297E-16,-1.82602471155453E-16));
#2557=DIRECTION('',(1.36951853366668E-17,-1.,-2.50077468540728E-33));
#2558=DIRECTION('',(1.,0.,-1.82602471155453E-16));
#2559=DIRECTION('',(6.93889390390723E-16,-1.,-1.26705917393897E-31));
#2560=DIRECTION('',(1.,0.,-1.82602471155453E-16));
#2561=DIRECTION('',(0.,1.,0.));
#2562=DIRECTION('',(1.,1.8503717077086E-15,-1.82602471155453E-16));
#2563=DIRECTION('',(0.,-1.,0.));
#2564=DIRECTION('',(-1.,0.,1.82602471155453E-16));
#2565=DIRECTION('',(3.55840713020882E-16,-1.,-6.49773935353316E-32));
#2566=DIRECTION('',(-1.,0.,1.82602471155453E-16));
#2567=DIRECTION('',(0.,-1.,0.));
#2568=DIRECTION('',(-1.,0.,1.82602471155453E-16));
#2569=DIRECTION('',(0.,-1.,0.));
#2570=DIRECTION('',(1.82602471155453E-16,0.,1.));
#2571=DIRECTION('',(1.,0.,-1.82602471155453E-16));
#2572=DIRECTION('',(1.82602471155453E-16,0.,1.));
#2573=DIRECTION('',(1.,0.,-1.82602471155453E-16));
#2574=DIRECTION('',(-1.,0.,1.82602471155453E-16));
#2575=DIRECTION('',(1.82602471155453E-16,0.,1.));
#2576=DIRECTION('',(0.,1.,0.));
#2577=DIRECTION('',(1.82602471155453E-16,0.,1.));
#2578=DIRECTION('',(-1.82602471155453E-16,0.,-1.));
#2579=DIRECTION('',(-1.82602471155453E-16,0.,-1.));
#2580=DIRECTION('',(-9.25185853854298E-16,1.,1.68941223191862E-31));
#2581=DIRECTION('',(-1.,-9.25185853854298E-16,0.));
#2582=DIRECTION('',(-1.82602471155453E-16,0.,-1.));
#2583=DIRECTION('',(-1.82602471155453E-16,0.,-1.));
#2584=DIRECTION('',(1.,3.55840713020882E-16,-1.82602471155453E-16));
#2585=DIRECTION('',(-3.55840713020882E-16,1.,0.));
#2586=DIRECTION('',(-1.82602471155453E-16,0.,-1.));
#2587=DIRECTION('',(0.,-1.,0.));
#2588=DIRECTION('',(0.,0.,-1.));
#2589=DIRECTION('',(-1.82602471155453E-16,0.,-1.));
#2590=DIRECTION('',(1.,0.,-1.82602471155453E-16));
#2591=DIRECTION('',(-1.82602471155453E-16,0.,-1.));
#2592=DIRECTION('',(-1.82602471155453E-16,0.,-1.));
#2593=DIRECTION('',(-1.8503717077086E-15,1.,3.37882446383726E-31));
#2594=DIRECTION('',(-1.,-1.8503717077086E-15,0.));
#2595=DIRECTION('',(0.,1.,0.));
#2596=DIRECTION('',(0.,0.,1.));
#2597=DIRECTION('',(-1.82602471155453E-16,0.,-1.));
#2598=DIRECTION('',(1.,0.,-1.82602471155453E-16));
#2599=DIRECTION('',(-1.82602471155453E-16,0.,-1.));
#2600=DIRECTION('',(1.,6.93889390390723E-16,-1.82602471155453E-16));
#2601=DIRECTION('',(-6.93889390390723E-16,1.,0.));
#2602=DIRECTION('',(-1.82602471155453E-16,0.,-1.));
#2603=DIRECTION('',(0.,1.,0.));
#2604=DIRECTION('',(0.,0.,1.));
#2605=DIRECTION('',(-1.82602471155453E-16,0.,-1.));
#2606=DIRECTION('',(-1.82602471155453E-16,0.,-1.));
#2607=DIRECTION('',(-1.,0.,1.82602471155453E-16));
#2608=DIRECTION('',(-1.82602471155453E-16,0.,-1.));
#2609=DIRECTION('',(-1.,0.,1.82602471155453E-16));
#2610=DIRECTION('',(-1.82602471155453E-16,0.,-1.));
#2611=DIRECTION('',(-1.,0.,1.82602471155453E-16));
#2612=DIRECTION('',(1.,1.36951853366668E-17,-1.82602471155453E-16));
#2613=DIRECTION('',(-1.82602471155453E-16,0.,-1.));
#2614=DIRECTION('',(-1.82602471155453E-16,0.,-1.));
#2615=DIRECTION('',(-1.,0.,1.82602471155453E-16));
#2616=DIRECTION('',(1.,0.,-1.82602471155453E-16));
#2617=DIRECTION('',(-1.82602471155453E-16,0.,-1.));
#2618=DIRECTION('',(1.82602471155453E-16,0.,1.));
#2619=DIRECTION('',(0.,1.,0.));
#2620=DIRECTION('',(0.,-1.,0.));
#2621=DIRECTION('',(0.,0.,-1.));
#2622=DIRECTION('',(1.,0.,-1.82602471155453E-16));
#2623=DIRECTION('',(1.82602471155453E-16,0.,1.));
#2624=DIRECTION('',(1.,0.,-1.82602471155453E-16));
#2625=DIRECTION('',(-1.82602471155453E-16,0.,-1.));
#2626=DIRECTION('',(1.,0.,-1.82602471155453E-16));
#2627=DIRECTION('',(0.,-1.,0.));
#2628=DIRECTION('',(-1.,0.,1.82602471155453E-16));
#2629=DIRECTION('',(0.,-1.,0.));
#2630=DIRECTION('',(0.,0.,-1.));
#2631=DIRECTION('',(-1.82602471155453E-16,0.,-1.));
#2632=DIRECTION('',(-1.82602471155453E-16,0.,-1.));
#2633=DIRECTION('',(1.,0.,-1.82602471155453E-16));
#2634=DIRECTION('',(-1.82602471155453E-16,0.,-1.));
#2635=DIRECTION('',(-1.82602471155453E-16,0.,-1.));
#2636=DIRECTION('',(0.,-1.,0.));
#2637=DIRECTION('',(0.,0.,-1.));
#2638=DIRECTION('',(-1.82602471155453E-16,0.,-1.));
#2639=DIRECTION('',(1.,0.,-1.82602471155453E-16));
#2640=DIRECTION('',(-1.82602471155453E-16,0.,-1.));
#2641=DIRECTION('',(1.82602471155453E-16,0.,1.));
#2642=DIRECTION('',(1.,0.,-1.82602471155453E-16));
#2643=DIRECTION('',(-1.82602471155453E-16,0.,-1.));
#2644=DIRECTION('',(1.15648231731787E-15,0.,1.));
#2645=DIRECTION('',(1.,0.,-1.15648231731787E-15));
#2646=DIRECTION('',(-1.82602471155453E-16,0.,-1.));
#2647=DIRECTION('',(-1.82602471155453E-16,-1.26705917393897E-31,-1.));
#2648=DIRECTION('',(-1.,0.,1.82602471155453E-16));
#2649=DIRECTION('',(-1.82602471155453E-16,-1.26705917393897E-31,-1.));
#2650=DIRECTION('',(-1.,0.,1.82602471155453E-16));
#2651=DIRECTION('',(-1.82602471155453E-16,-1.26705917393897E-31,-1.));
#2652=DIRECTION('',(-1.,0.,1.82602471155453E-16));
#2653=DIRECTION('',(-1.82602471155453E-16,-1.26705917393897E-31,-1.));
#2654=DIRECTION('',(-1.,0.,1.82602471155453E-16));
#2655=DIRECTION('',(0.,-1.,0.));
#2656=DIRECTION('',(0.,0.,-1.));
#2657=DIRECTION('',(-1.,0.,1.82602471155453E-16));
#2658=DIRECTION('',(-1.82602471155453E-16,0.,-1.));
#2659=DIRECTION('',(0.,-1.,0.));
#2660=DIRECTION('',(0.,0.,-1.));
#2661=DIRECTION('',(-1.82602471155453E-16,0.,-1.));
#2662=DIRECTION('',(1.,0.,-1.82602471155453E-16));
#2663=DIRECTION('',(1.,0.,-1.82602471155453E-16));
#2664=DIRECTION('',(-1.82602471155453E-16,0.,-1.));
#2665=DIRECTION('',(1.29119445615442E-16,0.707106781186548,0.707106781186547));
#2666=DIRECTION('',(-1.82602471155453E-16,0.,-1.));
#2667=DIRECTION('',(-1.29119445615442E-16,-0.707106781186548,-0.707106781186547));
#2668=DIRECTION('',(0.,-1.,0.));
#2669=DIRECTION('',(-1.29119445615442E-16,0.707106781186548,-0.707106781186547));
#2670=DIRECTION('',(-1.82602471155453E-16,0.,-1.));
#2671=DIRECTION('',(1.29119445615442E-16,-0.707106781186548,0.707106781186547));
#2672=DIRECTION('',(0.,-1.,0.));
#2673=DIRECTION('',(0.,0.,-1.));
#2674=DIRECTION('',(-1.82602471155453E-16,0.,-1.));
#2675=DIRECTION('',(-1.,0.,1.82602471155453E-16));
#2676=DIRECTION('',(-1.82602471155453E-16,0.,-1.));
#2677=DIRECTION('',(-1.,0.,1.82602471155453E-16));
#2678=DIRECTION('',(-1.82602471155453E-16,0.,-1.));
#2679=DIRECTION('',(0.,0.,1.));
#2680=DIRECTION('',(1.,0.,0.));
#2681=DIRECTION('',(-1.82602471155453E-16,0.,-1.));
#2682=DIRECTION('',(-1.,0.,1.82602471155453E-16));
#2683=DIRECTION('',(-1.82602471155453E-16,0.,-1.));
#2684=DIRECTION('',(0.,0.,1.));
#2685=DIRECTION('',(1.,0.,0.));
#2686=DIRECTION('',(0.,-1.,0.));
#2687=DIRECTION('',(0.,0.,-1.));
#2688=DIRECTION('',(1.,0.,-1.82602471155453E-16));
#2689=DIRECTION('',(1.82602471155453E-16,0.,1.));
#2690=DIRECTION('',(1.,0.,-1.82602471155453E-16));
#2691=DIRECTION('',(1.,0.,-1.82602471155453E-16));
#2692=DIRECTION('',(1.82602471155453E-16,0.,1.));
#2693=DIRECTION('',(1.,0.,-1.82602471155453E-16));
#2694=DIRECTION('',(1.82602471155453E-16,0.,1.));
#2695=DIRECTION('',(1.,0.,-1.82602471155453E-16));
#2696=DIRECTION('',(-1.,0.,1.82602471155453E-16));
#2697=DIRECTION('',(1.29119445615442E-16,0.707106781186547,0.707106781186548));
#2698=DIRECTION('',(-1.,0.,1.82602471155453E-16));
#2699=DIRECTION('',(0.,0.707106781186548,-0.707106781186547));
#2700=DIRECTION('',(-1.15648231731787E-15,0.,-1.));
#2701=DIRECTION('',(-1.,0.,1.15648231731787E-15));
#2702=DIRECTION('',(1.82602471155453E-16,0.,1.));
#2703=DIRECTION('',(1.,0.,-1.82602471155453E-16));
#2704=DIRECTION('',(1.82602471155453E-16,0.,1.));
#2705=DIRECTION('',(1.,0.,-1.82602471155453E-16));
#2706=DIRECTION('',(1.82602471155453E-16,0.,1.));
#2707=DIRECTION('',(1.,0.,-1.82602471155453E-16));
#2708=DIRECTION('',(1.82602471155453E-16,0.,1.));
#2709=DIRECTION('',(1.,0.,-1.82602471155453E-16));
#2710=DIRECTION('',(1.82602471155453E-16,0.,1.));
#2711=DIRECTION('',(1.,0.,-1.82602471155453E-16));
#2712=DIRECTION('',(1.82602471155453E-16,0.,1.));
#2713=DIRECTION('',(1.,0.,-1.82602471155453E-16));
#2714=DIRECTION('',(1.82602471155453E-16,0.,1.));
#2715=DIRECTION('',(1.,0.,-1.82602471155453E-16));
#2716=DIRECTION('',(1.82602471155453E-16,0.,1.));
#2717=DIRECTION('',(1.,0.,-1.82602471155453E-16));
#2718=DIRECTION('',(1.82602471155453E-16,0.,1.));
#2719=DIRECTION('',(1.,0.,-1.82602471155453E-16));
#2720=DIRECTION('',(1.82602471155453E-16,0.,1.));
#2721=DIRECTION('',(1.,0.,-1.82602471155453E-16));
#2722=DIRECTION('',(1.82602471155453E-16,0.,1.));
#2723=DIRECTION('',(1.,0.,-1.82602471155453E-16));
#2724=DIRECTION('',(-1.29119445615442E-16,0.707106781186547,-0.707106781186548));
#2725=DIRECTION('',(1.,0.,-1.82602471155453E-16));
#2726=DIRECTION('',(1.29119445615442E-16,0.707106781186547,0.707106781186548));
#2727=DIRECTION('',(1.,0.,-1.82602471155453E-16));
#2728=DIRECTION('',(-5.45170992598533E-16,-0.707106781186548,0.707106781186547));
#2729=DIRECTION('',(0.,0.,-1.));
#2730=DIRECTION('',(-1.,0.,0.));
#2731=DIRECTION('',(0.546374889474959,0.448859087187981,0.707106781186547));
#2732=DIRECTION('',(0.,0.,1.));
#2733=DIRECTION('',(1.,0.,0.));
#2734=DIRECTION('',(0.,0.707106781186548,0.707106781186547));
#2735=DIRECTION('',(-1.29119445615442E-16,0.707106781186547,-0.707106781186548));
#2736=DIRECTION('',(-1.,0.,1.82602471155453E-16));
#2737=DIRECTION('',(-1.82602471155453E-16,0.,-1.));
#2738=DIRECTION('',(-1.,0.,1.82602471155453E-16));
#2739=DIRECTION('',(-1.82602471155453E-16,0.,-1.));
#2740=DIRECTION('',(-1.,0.,1.82602471155453E-16));
#2741=DIRECTION('',(-1.82602471155453E-16,0.,-1.));
#2742=DIRECTION('',(-1.,0.,1.82602471155453E-16));
#2743=DIRECTION('',(-1.82602471155453E-16,0.,-1.));
#2744=DIRECTION('',(-1.,0.,1.82602471155453E-16));
#2745=DIRECTION('',(-1.82602471155453E-16,0.,-1.));
#2746=DIRECTION('',(-1.,0.,1.82602471155453E-16));
#2747=DIRECTION('',(-1.82602471155453E-16,0.,-1.));
#2748=DIRECTION('',(-1.,0.,1.82602471155453E-16));
#2749=DIRECTION('',(-1.82602471155453E-16,0.,-1.));
#2750=DIRECTION('',(-1.,0.,1.82602471155453E-16));
#2751=DIRECTION('',(-1.82602471155453E-16,0.,-1.));
#2752=DIRECTION('',(1.82602471155453E-16,0.,1.));
#2753=DIRECTION('',(1.,0.,-1.82602471155453E-16));
#2754=DIRECTION('',(-1.82602471155453E-16,0.,-1.));
#2755=DIRECTION('',(-1.82602471155453E-16,0.,-1.));
#2756=DIRECTION('',(-1.,0.,1.82602471155453E-16));
#2757=DIRECTION('',(1.82602471155453E-16,0.,1.));
#2758=DIRECTION('',(1.,0.,-1.82602471155453E-16));
#2759=DIRECTION('',(-1.82602471155453E-16,0.,-1.));
#2760=DIRECTION('',(-1.82602471155453E-16,0.,-1.));
#2761=DIRECTION('',(1.82602471155453E-16,0.,1.));
#2762=DIRECTION('',(1.,0.,-1.82602471155453E-16));
#2763=DIRECTION('',(1.,0.,-1.82602471155453E-16));
#2764=DIRECTION('',(-1.,0.,1.82602471155453E-16));
#2765=DIRECTION('',(0.,1.,0.));
#2766=DIRECTION('',(0.,0.,1.));
#2767=DIRECTION('',(0.,-1.,0.));
#2768=DIRECTION('',(0.,0.,-1.));
#2769=DIRECTION('',(-1.82602471155453E-16,0.,-1.));
#2770=DIRECTION('',(-1.,0.,1.82602471155453E-16));
#2771=DIRECTION('',(1.82602471155453E-16,0.,1.));
#2772=DIRECTION('',(1.,0.,-1.82602471155453E-16));
#2773=DIRECTION('',(-1.82602471155453E-16,0.,-1.));
#2774=DIRECTION('',(-1.82602471155453E-16,0.,-1.));
#2775=DIRECTION('',(-1.82602471155453E-16,0.,-1.));
#2776=DIRECTION('',(-1.,0.,1.82602471155453E-16));
#2777=DIRECTION('',(-1.82602471155453E-16,0.,-1.));
#2778=DIRECTION('',(1.82602471155453E-16,0.,1.));
#2779=DIRECTION('',(1.,0.,-1.82602471155453E-16));
#2780=DIRECTION('',(-1.82602471155453E-16,0.,-1.));
#2781=DIRECTION('',(1.82602471155453E-16,0.,1.));
#2782=DIRECTION('',(1.,0.,-1.82602471155453E-16));
#2783=DIRECTION('',(1.,0.,-1.82602471155453E-16));
#2784=DIRECTION('',(-1.,0.,1.82602471155453E-16));
#2785=DIRECTION('',(0.,1.,0.));
#2786=DIRECTION('',(0.,0.,1.));
#2787=DIRECTION('',(0.,-1.,0.));
#2788=DIRECTION('',(0.,0.,-1.));
#2789=DIRECTION('',(-1.82602471155453E-16,0.,-1.));
#2790=DIRECTION('',(-1.,0.,1.82602471155453E-16));
#2791=DIRECTION('',(-1.82602471155453E-16,0.,-1.));
#2792=DIRECTION('',(1.82602471155453E-16,0.,1.));
#2793=DIRECTION('',(1.,0.,-1.82602471155453E-16));
#2794=DIRECTION('',(-1.82602471155453E-16,0.,-1.));
#2795=DIRECTION('',(1.82602471155453E-16,0.,1.));
#2796=DIRECTION('',(1.,0.,-1.82602471155453E-16));
#2797=DIRECTION('',(1.,0.,-1.82602471155453E-16));
#2798=DIRECTION('',(0.,1.,0.));
#2799=DIRECTION('',(0.,0.,1.));
#2800=DIRECTION('',(-1.,0.,1.82602471155453E-16));
#2801=DIRECTION('',(0.,-1.,0.));
#2802=DIRECTION('',(-1.,0.,1.82602471155453E-16));
#2803=DIRECTION('',(0.,-1.,0.));
#2804=DIRECTION('',(-1.,0.,1.82602471155453E-16));
#2805=DIRECTION('',(0.,-1.,0.));
#2806=DIRECTION('',(-1.,0.,1.82602471155453E-16));
#2807=DIRECTION('',(0.,-1.,0.));
#2808=DIRECTION('',(-1.,0.,1.82602471155453E-16));
#2809=DIRECTION('',(0.,-1.,0.));
#2810=DIRECTION('',(-1.,0.,1.82602471155453E-16));
#2811=DIRECTION('',(0.,-1.,0.));
#2812=CARTESIAN_POINT('',(0.,0.,0.));
#2813=CARTESIAN_POINT('',(-0.022904,0.319722,0.033));
#2814=CARTESIAN_POINT('',(-0.036,0.319722,0.033));
#2815=CARTESIAN_POINT('',(-0.036,0.319722,0.032));
#2816=CARTESIAN_POINT('',(-0.036,0.319722,0.033));
#2817=CARTESIAN_POINT('',(-0.022904,0.319722,0.032));
#2818=CARTESIAN_POINT('',(-0.00760573051769484,0.319722,0.032));
#2819=CARTESIAN_POINT('',(-0.00760573051769484,0.319722,0.033));
#2820=CARTESIAN_POINT('',(-0.00760573051769484,0.319722,0.033));
#2821=CARTESIAN_POINT('',(-0.022904,0.319722,0.033));
#2822=CARTESIAN_POINT('',(-0.0205,0.3158,0.033));
#2823=CARTESIAN_POINT('',(-0.036,0.32,0.033));
#2824=CARTESIAN_POINT('',(-0.036,0.317722,0.033));
#2825=CARTESIAN_POINT('',(-0.02,0.3158,0.033));
#2826=CARTESIAN_POINT('',(-0.00714286517143105,0.317722,0.033));
#2827=CARTESIAN_POINT('',(-0.022904,0.317722,0.033));
#2828=CARTESIAN_POINT('',(-0.022904,0.317722,0.033));
#2829=CARTESIAN_POINT('',(-0.036,0.317722,0.033));
#2830=CARTESIAN_POINT('',(-0.036,0.317722,0.032));
#2831=CARTESIAN_POINT('',(-0.00714286517143105,0.317722,0.033));
#2832=CARTESIAN_POINT('',(-0.00714286517143105,0.317722,0.032));
#2833=CARTESIAN_POINT('',(-0.022904,0.317722,0.032));
#2834=CARTESIAN_POINT('',(-0.022904,0.313722,0.033));
#2835=CARTESIAN_POINT('',(-0.036,0.313722,0.033));
#2836=CARTESIAN_POINT('',(-0.036,0.313722,0.032));
#2837=CARTESIAN_POINT('',(-0.036,0.313722,0.033));
#2838=CARTESIAN_POINT('',(-0.022904,0.313722,0.032));
#2839=CARTESIAN_POINT('',(-0.00716715479716206,0.313722,0.032));
#2840=CARTESIAN_POINT('',(-0.00716715479716206,0.313722,0.033));
#2841=CARTESIAN_POINT('',(-0.00716715479716206,0.313722,0.033));
#2842=CARTESIAN_POINT('',(-0.022904,0.313722,0.033));
#2843=CARTESIAN_POINT('',(-0.0205,0.3158,0.033));
#2844=CARTESIAN_POINT('',(-0.036,0.32,0.033));
#2845=CARTESIAN_POINT('',(-0.036,0.311722,0.033));
#2846=CARTESIAN_POINT('',(-0.02,0.3158,0.033));
#2847=CARTESIAN_POINT('',(-0.007656179035647,0.311722,0.033));
#2848=CARTESIAN_POINT('',(-0.022904,0.311722,0.033));
#2849=CARTESIAN_POINT('',(-0.022904,0.311722,0.033));
#2850=CARTESIAN_POINT('',(-0.036,0.311722,0.033));
#2851=CARTESIAN_POINT('',(-0.036,0.311722,0.032));
#2852=CARTESIAN_POINT('',(-0.007656179035647,0.311722,0.033));
#2853=CARTESIAN_POINT('',(-0.007656179035647,0.311722,0.032));
#2854=CARTESIAN_POINT('',(-0.022904,0.311722,0.032));
#2855=CARTESIAN_POINT('',(-0.022904,0.316722,0.033));
#2856=CARTESIAN_POINT('',(-0.036,0.316722,0.033));
#2857=CARTESIAN_POINT('',(-0.036,0.316722,0.032));
#2858=CARTESIAN_POINT('',(-0.036,0.316722,0.033));
#2859=CARTESIAN_POINT('',(-0.022904,0.316722,0.032));
#2860=CARTESIAN_POINT('',(-0.00703273675751121,0.316722,0.032));
#2861=CARTESIAN_POINT('',(-0.00703273675751121,0.316722,0.033));
#2862=CARTESIAN_POINT('',(-0.00703273675751121,0.316722,0.033));
#2863=CARTESIAN_POINT('',(-0.022904,0.316722,0.033));
#2864=CARTESIAN_POINT('',(-0.0205,0.3158,0.033));
#2865=CARTESIAN_POINT('',(-0.036,0.32,0.033));
#2866=CARTESIAN_POINT('',(-0.036,0.314722,0.033));
#2867=CARTESIAN_POINT('',(-0.02,0.3158,0.033));
#2868=CARTESIAN_POINT('',(-0.00704477263804295,0.314722,0.033));
#2869=CARTESIAN_POINT('',(-0.022904,0.314722,0.033));
#2870=CARTESIAN_POINT('',(-0.022904,0.314722,0.033));
#2871=CARTESIAN_POINT('',(-0.036,0.314722,0.033));
#2872=CARTESIAN_POINT('',(-0.036,0.314722,0.032));
#2873=CARTESIAN_POINT('',(-0.00704477263804295,0.314722,0.033));
#2874=CARTESIAN_POINT('',(-0.00704477263804295,0.314722,0.032));
#2875=CARTESIAN_POINT('',(-0.022904,0.314722,0.032));
#2876=CARTESIAN_POINT('',(-0.022904,0.328722,0.033));
#2877=CARTESIAN_POINT('',(-0.036,0.328722,0.033));
#2878=CARTESIAN_POINT('',(-0.036,0.328722,0.032));
#2879=CARTESIAN_POINT('',(-0.036,0.328722,0.033));
#2880=CARTESIAN_POINT('',(-0.022904,0.328722,0.032));
#2881=CARTESIAN_POINT('',(-0.0185780590729566,0.328722,0.032));
#2882=CARTESIAN_POINT('',(-0.0185780590729566,0.328722,0.033));
#2883=CARTESIAN_POINT('',(-0.0185780590729566,0.328722,0.033));
#2884=CARTESIAN_POINT('',(-0.022904,0.328722,0.033));
#2885=CARTESIAN_POINT('',(-0.0205,0.3158,0.033));
#2886=CARTESIAN_POINT('',(-0.036,0.32,0.033));
#2887=CARTESIAN_POINT('',(-0.036,0.326722,0.033));
#2888=CARTESIAN_POINT('',(-0.02,0.3158,0.033));
#2889=CARTESIAN_POINT('',(-0.0129494740621709,0.326722,0.033));
#2890=CARTESIAN_POINT('',(-0.022904,0.326722,0.033));
#2891=CARTESIAN_POINT('',(-0.022904,0.326722,0.033));
#2892=CARTESIAN_POINT('',(-0.036,0.326722,0.033));
#2893=CARTESIAN_POINT('',(-0.036,0.326722,0.032));
#2894=CARTESIAN_POINT('',(-0.0129494740621709,0.326722,0.033));
#2895=CARTESIAN_POINT('',(-0.0129494740621709,0.326722,0.032));
#2896=CARTESIAN_POINT('',(-0.022904,0.326722,0.032));
#2897=CARTESIAN_POINT('',(-0.022904,0.325722,0.033));
#2898=CARTESIAN_POINT('',(-0.036,0.325722,0.033));
#2899=CARTESIAN_POINT('',(-0.036,0.325722,0.032));
#2900=CARTESIAN_POINT('',(-0.036,0.325722,0.033));
#2901=CARTESIAN_POINT('',(-0.022904,0.325722,0.032));
#2902=CARTESIAN_POINT('',(-0.0116003621506638,0.325722,0.032));
#2903=CARTESIAN_POINT('',(-0.0116003621506638,0.325722,0.033));
#2904=CARTESIAN_POINT('',(-0.0116003621506638,0.325722,0.033));
#2905=CARTESIAN_POINT('',(-0.022904,0.325722,0.033));
#2906=CARTESIAN_POINT('',(-0.0205,0.3158,0.033));
#2907=CARTESIAN_POINT('',(-0.036,0.32,0.033));
#2908=CARTESIAN_POINT('',(-0.036,0.323722,0.033));
#2909=CARTESIAN_POINT('',(-0.02,0.3158,0.033));
#2910=CARTESIAN_POINT('',(-0.00969262807501345,0.323722,0.033));
#2911=CARTESIAN_POINT('',(-0.022904,0.323722,0.033));
#2912=CARTESIAN_POINT('',(-0.022904,0.323722,0.033));
#2913=CARTESIAN_POINT('',(-0.036,0.323722,0.033));
#2914=CARTESIAN_POINT('',(-0.036,0.323722,0.032));
#2915=CARTESIAN_POINT('',(-0.00969262807501345,0.323722,0.033));
#2916=CARTESIAN_POINT('',(-0.00969262807501345,0.323722,0.032));
#2917=CARTESIAN_POINT('',(-0.022904,0.323722,0.032));
#2918=CARTESIAN_POINT('',(-0.022904,0.322722,0.033));
#2919=CARTESIAN_POINT('',(-0.036,0.322722,0.033));
#2920=CARTESIAN_POINT('',(-0.036,0.322722,0.032));
#2921=CARTESIAN_POINT('',(-0.036,0.322722,0.033));
#2922=CARTESIAN_POINT('',(-0.022904,0.322722,0.032));
#2923=CARTESIAN_POINT('',(-0.008996095420261,0.322722,0.032));
#2924=CARTESIAN_POINT('',(-0.008996095420261,0.322722,0.033));
#2925=CARTESIAN_POINT('',(-0.008996095420261,0.322722,0.033));
#2926=CARTESIAN_POINT('',(-0.022904,0.322722,0.033));
#2927=CARTESIAN_POINT('',(-0.0205,0.3158,0.033));
#2928=CARTESIAN_POINT('',(-0.036,0.32,0.033));
#2929=CARTESIAN_POINT('',(-0.036,0.320722,0.033));
#2930=CARTESIAN_POINT('',(-0.02,0.3158,0.033));
#2931=CARTESIAN_POINT('',(-0.00796779671049392,0.320722,0.033));
#2932=CARTESIAN_POINT('',(-0.022904,0.320722,0.033));
#2933=CARTESIAN_POINT('',(-0.022904,0.320722,0.033));
#2934=CARTESIAN_POINT('',(-0.036,0.320722,0.033));
#2935=CARTESIAN_POINT('',(-0.036,0.320722,0.032));
#2936=CARTESIAN_POINT('',(-0.00796779671049392,0.320722,0.033));
#2937=CARTESIAN_POINT('',(-0.00796779671049392,0.320722,0.032));
#2938=CARTESIAN_POINT('',(-0.022904,0.320722,0.032));
#2939=CARTESIAN_POINT('',(-0.0205,0.3158,0.032));
#2940=CARTESIAN_POINT('',(-0.022904,0.304722,0.032));
#2941=CARTESIAN_POINT('',(-0.0268027873698947,0.304722,0.032));
#2942=CARTESIAN_POINT('',(-0.0131972126301052,0.304722,0.032));
#2943=CARTESIAN_POINT('',(-0.02,0.3158,0.032));
#2944=CARTESIAN_POINT('',(-0.0282118156335855,0.305722,0.032));
#2945=CARTESIAN_POINT('',(-0.022904,0.305722,0.032));
#2946=CARTESIAN_POINT('',(-0.0117881843664144,0.305722,0.032));
#2947=CARTESIAN_POINT('',(-0.02,0.3158,0.032));
#2948=CARTESIAN_POINT('',(-0.0205,0.3158,0.032));
#2949=CARTESIAN_POINT('',(-0.022904,0.308722,0.032));
#2950=CARTESIAN_POINT('',(-0.00909578448488841,0.308722,0.032));
#2951=CARTESIAN_POINT('',(-0.0309042155151116,0.308722,0.032));
#2952=CARTESIAN_POINT('',(-0.02,0.3158,0.032));
#2953=CARTESIAN_POINT('',(-0.00981442608391651,0.307722,0.032));
#2954=CARTESIAN_POINT('',(-0.022904,0.307722,0.032));
#2955=CARTESIAN_POINT('',(-0.0301855739160835,0.307722,0.032));
#2956=CARTESIAN_POINT('',(-0.02,0.3158,0.032));
#2957=CARTESIAN_POINT('',(-0.0205,0.3158,0.032));
#2958=CARTESIAN_POINT('',(-0.036,0.320222,0.032));
#2959=CARTESIAN_POINT('',(-0.02,0.3158,0.032));
#2960=CARTESIAN_POINT('',(-0.036,0.320222,0.032));
#2961=CARTESIAN_POINT('',(-0.02,0.3158,0.032));
#2962=CARTESIAN_POINT('',(-0.00803279832208045,0.310722,0.032));
#2963=CARTESIAN_POINT('',(-0.022904,0.310722,0.032));
#2964=CARTESIAN_POINT('',(-0.0319672016779196,0.310722,0.032));
#2965=CARTESIAN_POINT('',(-0.02,0.3158,0.032));
#2966=CARTESIAN_POINT('',(-0.0321589473228566,0.3112,0.032));
#2967=CARTESIAN_POINT('',(-0.039,0.3112,0.032));
#2968=CARTESIAN_POINT('',(-0.039,0.3112,0.032));
#2969=CARTESIAN_POINT('',(-0.039,0.32,0.032));
#2970=CARTESIAN_POINT('',(-0.039,0.3288,0.032));
#2971=CARTESIAN_POINT('',(-0.0205,0.3288,0.032));
#2972=CARTESIAN_POINT('',(-0.02,0.3288,0.032));
#2973=CARTESIAN_POINT('',(-0.02,0.3158,0.032));
#2974=CARTESIAN_POINT('',(-0.036,0.320222,0.032));
#2975=CARTESIAN_POINT('',(-0.02,0.3158,0.032));
#2976=CARTESIAN_POINT('',(-0.036,0.320222,0.032));
#2977=CARTESIAN_POINT('',(-0.02,0.3158,0.032));
#2978=CARTESIAN_POINT('',(-0.036,0.320222,0.032));
#2979=CARTESIAN_POINT('',(-0.02,0.3158,0.032));
#2980=CARTESIAN_POINT('',(-0.036,0.320222,0.032));
#2981=CARTESIAN_POINT('',(-0.02,0.3158,0.032));
#2982=CARTESIAN_POINT('',(-0.175,0.20499875,0.024));
#2983=CARTESIAN_POINT('',(-0.004,0.346,0.024));
#2984=CARTESIAN_POINT('',(-0.00225,0.346,0.024));
#2985=CARTESIAN_POINT('',(-0.036,0.294,0.024));
#2986=CARTESIAN_POINT('',(-0.03425,0.294,0.024));
#2987=CARTESIAN_POINT('',(-0.004,0.294,0.024));
#2988=CARTESIAN_POINT('',(-0.00225,0.294,0.024));
#2989=CARTESIAN_POINT('',(-0.036,0.346,0.024));
#2990=CARTESIAN_POINT('',(-0.03425,0.346,0.024));
#2991=CARTESIAN_POINT('',(-0.0995,0.26,0.024));
#2992=CARTESIAN_POINT('',(-0.0995,0.26,0.024));
#2993=CARTESIAN_POINT('',(-0.0995,0.2705,0.024));
#2994=CARTESIAN_POINT('',(-0.045,0.26,0.024));
#2995=CARTESIAN_POINT('',(0.02,0.26,0.024));
#2996=CARTESIAN_POINT('',(0.02,0.315,0.024));
#2997=CARTESIAN_POINT('',(0.02,0.37,0.024));
#2998=CARTESIAN_POINT('',(0.01,0.37,0.024));
#2999=CARTESIAN_POINT('',(-5.82501882985896E-17,0.37,0.024));
#3000=CARTESIAN_POINT('',(-5.79306339740675E-17,0.38,0.024));
#3001=CARTESIAN_POINT('',(-5.80675858274342E-17,0.39,0.024));
#3002=CARTESIAN_POINT('',(-0.03,0.39,0.024));
#3003=CARTESIAN_POINT('',(-0.06,0.39,0.024));
#3004=CARTESIAN_POINT('',(-0.06,0.3705,0.024));
#3005=CARTESIAN_POINT('',(-0.06,0.351,0.024));
#3006=CARTESIAN_POINT('',(-0.07,0.351,0.024));
#3007=CARTESIAN_POINT('',(-0.08,0.351,0.024));
#3008=CARTESIAN_POINT('',(-0.08,0.3705,0.024));
#3009=CARTESIAN_POINT('',(-0.08,0.39,0.024));
#3010=CARTESIAN_POINT('',(-0.095,0.39,0.024));
#3011=CARTESIAN_POINT('',(-0.11,0.39,0.024));
#3012=CARTESIAN_POINT('',(-0.11,0.325,0.024));
#3013=CARTESIAN_POINT('',(-0.11,0.2705,0.024));
#3014=CARTESIAN_POINT('',(-0.11,0.2705,0.024));
#3015=CARTESIAN_POINT('',(-0.00999999999999989,0.379999999999993,0.024));
#3016=CARTESIAN_POINT('',(-0.00699999999999989,0.379999999999993,0.024));
#3017=CARTESIAN_POINT('',(0.0100000000000001,0.36,0.024));
#3018=CARTESIAN_POINT('',(0.0130000000000001,0.36,0.024));
#3019=CARTESIAN_POINT('',(-0.1,0.379999999999993,0.024));
#3020=CARTESIAN_POINT('',(-0.097,0.379999999999993,0.024));
#3021=CARTESIAN_POINT('',(0.01,0.27,0.024));
#3022=CARTESIAN_POINT('',(0.013,0.27,0.024));
#3023=CARTESIAN_POINT('',(-0.02,0.3158,0.024));
#3024=CARTESIAN_POINT('',(-0.02,0.3318,0.024));
#3025=CARTESIAN_POINT('',(-0.0340797727254385,0.3082,0.024));
#3026=CARTESIAN_POINT('',(-0.0295,0.3318,0.024));
#3027=CARTESIAN_POINT('',(-0.039,0.3318,0.024));
#3028=CARTESIAN_POINT('',(-0.039,0.3328,0.024));
#3029=CARTESIAN_POINT('',(-0.039,0.3338,0.024));
#3030=CARTESIAN_POINT('',(-0.0295,0.3338,0.024));
#3031=CARTESIAN_POINT('',(-0.02,0.3338,0.024));
#3032=CARTESIAN_POINT('',(-0.02,0.3158,0.024));
#3033=CARTESIAN_POINT('',(-0.0339084340190402,0.304373913043479,0.024));
#3034=CARTESIAN_POINT('',(-0.0377718879132185,0.3012,0.024));
#3035=CARTESIAN_POINT('',(-0.0377718879132185,0.3062,0.024));
#3036=CARTESIAN_POINT('',(-0.0383859439566092,0.3062,0.024));
#3037=CARTESIAN_POINT('',(-0.039,0.3062,0.024));
#3038=CARTESIAN_POINT('',(-0.039,0.3072,0.024));
#3039=CARTESIAN_POINT('',(-0.039,0.3082,0.024));
#3040=CARTESIAN_POINT('',(-0.0365398863627193,0.3082,0.024));
#3041=CARTESIAN_POINT('',(-0.1065,0.2215,0.021));
#3042=CARTESIAN_POINT('',(-0.1065,0.2215,0.021));
#3043=CARTESIAN_POINT('',(-0.1065,0.2635,0.021));
#3044=CARTESIAN_POINT('',(-0.1065,0.2655,0.021));
#3045=CARTESIAN_POINT('',(-0.1065,0.2635,0.021));
#3046=CARTESIAN_POINT('',(-0.1065,0.2635,0.0208));
#3047=CARTESIAN_POINT('',(-0.1065,0.2635,0.021));
#3048=CARTESIAN_POINT('',(-0.1065,0.2635,0.0206));
#3049=CARTESIAN_POINT('',(-0.1065,0.2215,0.0206));
#3050=CARTESIAN_POINT('',(-0.1065,0.2655,0.0206));
#3051=CARTESIAN_POINT('',(-0.1065,0.2655,0.021));
#3052=CARTESIAN_POINT('',(-0.1025,0.2215,0.021));
#3053=CARTESIAN_POINT('',(-0.1025,0.2215,0.021));
#3054=CARTESIAN_POINT('',(-0.1025,0.2655,0.021));
#3055=CARTESIAN_POINT('',(-0.1025,0.2635,0.021));
#3056=CARTESIAN_POINT('',(-0.1025,0.2655,0.021));
#3057=CARTESIAN_POINT('',(-0.1025,0.2655,0.0206));
#3058=CARTESIAN_POINT('',(-0.1025,0.2215,0.0206));
#3059=CARTESIAN_POINT('',(-0.1025,0.2635,0.0206));
#3060=CARTESIAN_POINT('',(-0.1025,0.2635,0.021));
#3061=CARTESIAN_POINT('',(-0.1025,0.2635,0.0208));
#3062=CARTESIAN_POINT('',(-0.1025,0.2635,0.021));
#3063=CARTESIAN_POINT('',(-0.1065,0.2215,0.021));
#3064=CARTESIAN_POINT('',(-0.1065,0.2215,0.021));
#3065=CARTESIAN_POINT('',(-0.1065,0.2675,0.021));
#3066=CARTESIAN_POINT('',(-0.1065,0.2215,0.0206));
#3067=CARTESIAN_POINT('',(-0.1065,0.2675,0.0206));
#3068=CARTESIAN_POINT('',(-0.1065,0.2675,0.021));
#3069=CARTESIAN_POINT('',(-0.1065,0.2675,0.0208));
#3070=CARTESIAN_POINT('',(-0.1065,0.2675,0.021));
#3071=CARTESIAN_POINT('',(-0.1025,0.2215,0.021));
#3072=CARTESIAN_POINT('',(-0.1025,0.2215,0.021));
#3073=CARTESIAN_POINT('',(-0.1025,0.2675,0.021));
#3074=CARTESIAN_POINT('',(-0.1025,0.2675,0.021));
#3075=CARTESIAN_POINT('',(-0.1025,0.2675,0.0208));
#3076=CARTESIAN_POINT('',(-0.1025,0.2675,0.021));
#3077=CARTESIAN_POINT('',(-0.1025,0.2675,0.0206));
#3078=CARTESIAN_POINT('',(-0.1025,0.2215,0.0206));
#3079=CARTESIAN_POINT('',(-0.1025,0.2215,0.021));
#3080=CARTESIAN_POINT('',(-0.1025,0.2215,0.0206));
#3081=CARTESIAN_POINT('',(-0.1025,0.2625,0.0206));
#3082=CARTESIAN_POINT('',(-0.1025,0.2625,0.021));
#3083=CARTESIAN_POINT('',(-0.1025,0.2625,0.0208));
#3084=CARTESIAN_POINT('',(-0.1025,0.2215,0.0208));
#3085=CARTESIAN_POINT('',(-0.23575,0.2635,0.021));
#3086=CARTESIAN_POINT('',(-0.23575,0.2635,0.021));
#3087=CARTESIAN_POINT('',(-0.1045,0.2635,0.021));
#3088=CARTESIAN_POINT('',(-0.23575,0.2635,0.0208));
#3089=CARTESIAN_POINT('',(-0.1045,0.2635,0.0208));
#3090=CARTESIAN_POINT('',(-0.1045,0.2635,0.021));
#3091=CARTESIAN_POINT('',(-0.23575,0.2635,0.021));
#3092=CARTESIAN_POINT('',(-0.23575,0.2635,0.021));
#3093=CARTESIAN_POINT('',(-0.23575,0.2635,0.0208));
#3094=CARTESIAN_POINT('',(-0.1065,0.2215,0.021));
#3095=CARTESIAN_POINT('',(-0.1065,0.2215,0.0206));
#3096=CARTESIAN_POINT('',(-0.1065,0.2625,0.0206));
#3097=CARTESIAN_POINT('',(-0.1065,0.2215,0.0208));
#3098=CARTESIAN_POINT('',(-0.1065,0.2625,0.0208));
#3099=CARTESIAN_POINT('',(-0.1065,0.2625,0.021));
#3100=CARTESIAN_POINT('',(-0.23575,0.2675,0.021));
#3101=CARTESIAN_POINT('',(-0.23575,0.2675,0.021));
#3102=CARTESIAN_POINT('',(-0.1045,0.2675,0.021));
#3103=CARTESIAN_POINT('',(-0.1045,0.2675,0.021));
#3104=CARTESIAN_POINT('',(-0.1045,0.2675,0.0208));
#3105=CARTESIAN_POINT('',(-0.23575,0.2675,0.0208));
#3106=CARTESIAN_POINT('',(-0.1025,0.2215,0.021));
#3107=CARTESIAN_POINT('',(-0.1025,0.2215,0.0206));
#3108=CARTESIAN_POINT('',(-0.1025,0.2685,0.0206));
#3109=CARTESIAN_POINT('',(-0.1025,0.2215,0.0208));
#3110=CARTESIAN_POINT('',(-0.1025,0.2685,0.0208));
#3111=CARTESIAN_POINT('',(-0.1025,0.2685,0.021));
#3112=CARTESIAN_POINT('',(-0.1065,0.2215,0.021));
#3113=CARTESIAN_POINT('',(-0.1065,0.2215,0.0206));
#3114=CARTESIAN_POINT('',(-0.1065,0.2685,0.0206));
#3115=CARTESIAN_POINT('',(-0.1065,0.2685,0.021));
#3116=CARTESIAN_POINT('',(-0.1065,0.2685,0.0208));
#3117=CARTESIAN_POINT('',(-0.1065,0.2215,0.0208));
#3118=CARTESIAN_POINT('',(-0.23575,0.2675,0.021));
#3119=CARTESIAN_POINT('',(-0.23575,0.2675,0.021));
#3120=CARTESIAN_POINT('',(-0.23575,0.2675,0.0208));
#3121=CARTESIAN_POINT('',(-0.23575,0.2215,0.0206));
#3122=CARTESIAN_POINT('',(-0.1075,0.2215,0.0206));
#3123=CARTESIAN_POINT('',(-0.1075,0.2675,0.0206));
#3124=CARTESIAN_POINT('',(-0.1075,0.2635,0.0206));
#3125=CARTESIAN_POINT('',(-0.23575,0.2675,0.0206));
#3126=CARTESIAN_POINT('',(-0.23575,0.2635,0.0206));
#3127=CARTESIAN_POINT('',(-0.23575,0.2215,0.0206));
#3128=CARTESIAN_POINT('',(-0.23575,0.2675,0.0206));
#3129=CARTESIAN_POINT('',(-0.1015,0.2675,0.0206));
#3130=CARTESIAN_POINT('',(-0.1015,0.2215,0.0206));
#3131=CARTESIAN_POINT('',(-0.1015,0.2635,0.0206));
#3132=CARTESIAN_POINT('',(-0.23575,0.2635,0.0206));
#3133=CARTESIAN_POINT('',(-0.23575,0.2215,0.021));
#3134=CARTESIAN_POINT('',(-0.1045,0.2655,0.021));
#3135=CARTESIAN_POINT('',(-0.23575,0.2215,0.021));
#3136=CARTESIAN_POINT('',(-0.1045,0.2655,0.021));
#3137=CARTESIAN_POINT('',(-0.23575,0.2215,0.0208));
#3138=CARTESIAN_POINT('',(-0.23575,0.2625,0.0208));
#3139=CARTESIAN_POINT('',(-0.23575,0.2215,0.021));
#3140=CARTESIAN_POINT('',(-0.1045,0.2655,0.021));
#3141=CARTESIAN_POINT('',(-0.23575,0.2215,0.0208));
#3142=CARTESIAN_POINT('',(-0.23575,0.2685,0.0208));
#3143=CARTESIAN_POINT('',(-0.23575,0.2215,0.0206));
#3144=CARTESIAN_POINT('',(-0.23575,0.2685,0.0206));
#3145=CARTESIAN_POINT('',(-0.1015,0.2685,0.0206));
#3146=CARTESIAN_POINT('',(-0.1015,0.2215,0.0206));
#3147=CARTESIAN_POINT('',(-0.23575,0.2215,0.021));
#3148=CARTESIAN_POINT('',(-0.1045,0.2655,0.021));
#3149=CARTESIAN_POINT('',(-0.23575,0.2215,0.0206));
#3150=CARTESIAN_POINT('',(-0.1075,0.2215,0.0206));
#3151=CARTESIAN_POINT('',(-0.1075,0.2685,0.0206));
#3152=CARTESIAN_POINT('',(-0.23575,0.2685,0.0206));
#3153=CARTESIAN_POINT('',(-0.23575,0.2215,0.0206));
#3154=CARTESIAN_POINT('',(-0.23575,0.2625,0.0206));
#3155=CARTESIAN_POINT('',(-0.1075,0.2625,0.0206));
#3156=CARTESIAN_POINT('',(-0.1075,0.2215,0.0206));
#3157=CARTESIAN_POINT('',(-0.175,0.20499875,0.02));
#3158=CARTESIAN_POINT('',(-0.004,0.346,0.02));
#3159=CARTESIAN_POINT('',(-0.00225,0.346,0.02));
#3160=CARTESIAN_POINT('',(-0.036,0.294,0.02));
#3161=CARTESIAN_POINT('',(-0.03425,0.294,0.02));
#3162=CARTESIAN_POINT('',(-0.004,0.294,0.02));
#3163=CARTESIAN_POINT('',(-0.00225,0.294,0.02));
#3164=CARTESIAN_POINT('',(-0.036,0.346,0.02));
#3165=CARTESIAN_POINT('',(-0.03425,0.346,0.02));
#3166=CARTESIAN_POINT('',(-0.02,0.3158,0.02));
#3167=CARTESIAN_POINT('',(-0.004,0.3158,0.02));
#3168=CARTESIAN_POINT('',(0.01,0.27,0.02));
#3169=CARTESIAN_POINT('',(0.013,0.27,0.02));
#3170=CARTESIAN_POINT('',(-0.1,0.379999999999993,0.02));
#3171=CARTESIAN_POINT('',(-0.097,0.379999999999993,0.02));
#3172=CARTESIAN_POINT('',(0.0100000000000001,0.36,0.02));
#3173=CARTESIAN_POINT('',(0.0130000000000001,0.36,0.02));
#3174=CARTESIAN_POINT('',(-0.00999999999999989,0.379999999999993,0.02));
#3175=CARTESIAN_POINT('',(-0.00699999999999989,0.379999999999993,0.02));
#3176=CARTESIAN_POINT('',(-0.03,0.39,0.02));
#3177=CARTESIAN_POINT('',(-0.06,0.39,0.02));
#3178=CARTESIAN_POINT('',(-5.8797995712056E-17,0.39,0.02));
#3179=CARTESIAN_POINT('',(-5.86610438586893E-17,0.38,0.02));
#3180=CARTESIAN_POINT('',(-5.89805981832114E-17,0.37,0.02));
#3181=CARTESIAN_POINT('',(0.01,0.37,0.02));
#3182=CARTESIAN_POINT('',(0.02,0.37,0.02));
#3183=CARTESIAN_POINT('',(0.02,0.315,0.02));
#3184=CARTESIAN_POINT('',(0.02,0.26,0.02));
#3185=CARTESIAN_POINT('',(-0.045,0.26,0.02));
#3186=CARTESIAN_POINT('',(-0.11,0.26,0.02));
#3187=CARTESIAN_POINT('',(-0.11,0.325,0.02));
#3188=CARTESIAN_POINT('',(-0.11,0.39,0.02));
#3189=CARTESIAN_POINT('',(-0.095,0.39,0.02));
#3190=CARTESIAN_POINT('',(-0.08,0.39,0.02));
#3191=CARTESIAN_POINT('',(-0.08,0.3705,0.02));
#3192=CARTESIAN_POINT('',(-0.08,0.351,0.02));
#3193=CARTESIAN_POINT('',(-0.07,0.351,0.02));
#3194=CARTESIAN_POINT('',(-0.06,0.351,0.02));
#3195=CARTESIAN_POINT('',(-0.06,0.3705,0.02));
#3196=CARTESIAN_POINT('',(-0.1045,0.2685,0.02));
#3197=CARTESIAN_POINT('',(-0.1015,0.2685,0.02));
#3198=CARTESIAN_POINT('',(-0.1075,0.2685,0.02));
#3199=CARTESIAN_POINT('',(-0.1075,0.2655,0.02));
#3200=CARTESIAN_POINT('',(-0.1075,0.2625,0.02));
#3201=CARTESIAN_POINT('',(-0.1045,0.2625,0.02));
#3202=CARTESIAN_POINT('',(-0.1015,0.2625,0.02));
#3203=CARTESIAN_POINT('',(-0.1015,0.2655,0.02));
#3204=CARTESIAN_POINT('',(-0.1045,0.2655,0.019998));
#3205=CARTESIAN_POINT('',(-0.1045,0.2655,0.022));
#3206=CARTESIAN_POINT('',(-0.1025,0.2655,0.022));
#3207=CARTESIAN_POINT('',(-0.11,0.325,0.024));
#3208=CARTESIAN_POINT('',(-0.11,0.325,0.022));
#3209=CARTESIAN_POINT('',(-0.11,0.26,0.022));
#3210=CARTESIAN_POINT('',(-0.11,0.2705,0.022));
#3211=CARTESIAN_POINT('',(-0.11,0.2705,0.024));
#3212=CARTESIAN_POINT('',(-0.11,0.39,0.024));
#3213=CARTESIAN_POINT('',(-0.11,0.26,0.024));
#3214=CARTESIAN_POINT('',(-0.03,0.39,0.024));
#3215=CARTESIAN_POINT('',(-0.06,0.39,0.024));
#3216=CARTESIAN_POINT('',(-5.80675858274342E-17,0.39,0.024));
#3217=CARTESIAN_POINT('',(-0.06,0.3705,0.024));
#3218=CARTESIAN_POINT('',(-0.06,0.351,0.024));
#3219=CARTESIAN_POINT('',(-0.07,0.351,0.024));
#3220=CARTESIAN_POINT('',(-0.08,0.351,0.024));
#3221=CARTESIAN_POINT('',(-0.08,0.3705,0.024));
#3222=CARTESIAN_POINT('',(-0.08,0.39,0.024));
#3223=CARTESIAN_POINT('',(-0.095,0.39,0.024));
#3224=CARTESIAN_POINT('',(-0.045,0.26,0.024));
#3225=CARTESIAN_POINT('',(-0.0995,0.26,0.024));
#3226=CARTESIAN_POINT('',(-0.0995,0.26,0.022));
#3227=CARTESIAN_POINT('',(-0.045,0.26,0.022));
#3228=CARTESIAN_POINT('',(0.02,0.26,0.024));
#3229=CARTESIAN_POINT('',(0.02,0.315,0.024));
#3230=CARTESIAN_POINT('',(0.02,0.37,0.024));
#3231=CARTESIAN_POINT('',(0.01,0.37,0.024));
#3232=CARTESIAN_POINT('',(-5.82501882985896E-17,0.37,0.024));
#3233=CARTESIAN_POINT('',(-0.1,0.379999999999993,0.024));
#3234=CARTESIAN_POINT('',(0.0100000000000001,0.36,0.024));
#3235=CARTESIAN_POINT('',(-0.00999999999999989,0.379999999999993,0.024));
#3236=CARTESIAN_POINT('',(-5.79306339740675E-17,0.38,0.024));
#3237=CARTESIAN_POINT('',(0.01,0.27,0.024));
#3238=CARTESIAN_POINT('',(-0.0995,0.26,0.022));
#3239=CARTESIAN_POINT('',(-0.0995,0.2705,0.022));
#3240=CARTESIAN_POINT('',(-0.0995,0.2705,0.022));
#3241=CARTESIAN_POINT('',(-0.0995,0.26,0.022));
#3242=CARTESIAN_POINT('',(-0.11,0.2705,0.022));
#3243=CARTESIAN_POINT('',(-0.11,0.2705,0.022));
#3244=CARTESIAN_POINT('',(-0.2128500125,0.2460000125,0.022));
#3245=CARTESIAN_POINT('',(-0.23575,0.2215,0.0206));
#3246=CARTESIAN_POINT('',(-0.1015,0.2215,0.0206));
#3247=CARTESIAN_POINT('',(-0.1015,0.2625,0.0206));
#3248=CARTESIAN_POINT('',(-0.23575,0.2625,0.0206));
#3249=CARTESIAN_POINT('',(-0.1045,0.2685,0.021));
#3250=CARTESIAN_POINT('',(-0.1015,0.2685,0.021));
#3251=CARTESIAN_POINT('',(-0.1075,0.2685,0.021));
#3252=CARTESIAN_POINT('',(-0.1015,0.2655,0.021));
#3253=CARTESIAN_POINT('',(-0.1015,0.2625,0.021));
#3254=CARTESIAN_POINT('',(-0.1045,0.2625,0.021));
#3255=CARTESIAN_POINT('',(-0.1075,0.2625,0.021));
#3256=CARTESIAN_POINT('',(-0.1075,0.2655,0.021));
#3257=CARTESIAN_POINT('',(-0.02,0.3158,0.019998));
#3258=CARTESIAN_POINT('',(-0.0340797727254385,0.3082,0.032));
#3259=CARTESIAN_POINT('',(-0.0340797727254385,0.3082,0.029));
#3260=CARTESIAN_POINT('',(-0.02,0.3158,0.029));
#3261=CARTESIAN_POINT('',(-0.02,0.3318,0.029));
#3262=CARTESIAN_POINT('',(-0.02,0.3318,0.032));
#3263=CARTESIAN_POINT('',(-0.036,0.346,0.024002));
#3264=CARTESIAN_POINT('',(-0.004,0.294,0.024002));
#3265=CARTESIAN_POINT('',(-0.036,0.294,0.024002));
#3266=CARTESIAN_POINT('',(-0.004,0.346,0.024002));
#3267=CARTESIAN_POINT('',(-0.0295,0.3318,0.032));
#3268=CARTESIAN_POINT('',(-0.0295,0.3318,0.029));
#3269=CARTESIAN_POINT('',(-0.039,0.3318,0.029));
#3270=CARTESIAN_POINT('',(-0.039,0.3318,0.032));
#3271=CARTESIAN_POINT('',(-0.0365398863627193,0.3082,0.032));
#3272=CARTESIAN_POINT('',(-0.039,0.3082,0.032));
#3273=CARTESIAN_POINT('',(-0.039,0.3082,0.029));
#3274=CARTESIAN_POINT('',(-0.0340797727254385,0.3082,0.029));
#3275=CARTESIAN_POINT('',(-0.039,0.3072,0.032));
#3276=CARTESIAN_POINT('',(-0.039,0.3092,0.03));
#3277=CARTESIAN_POINT('',(-0.039,0.3062,0.032));
#3278=CARTESIAN_POINT('',(-0.039,0.3062,0.0295));
#3279=CARTESIAN_POINT('',(-0.039,0.3062,0.0295));
#3280=CARTESIAN_POINT('',(-0.039,0.3107,0.034));
#3281=CARTESIAN_POINT('',(-0.039,0.32,0.034));
#3282=CARTESIAN_POINT('',(-0.039,0.3293,0.034));
#3283=CARTESIAN_POINT('',(-0.039,0.3293,0.034));
#3284=CARTESIAN_POINT('',(-0.039,0.3338,0.0295));
#3285=CARTESIAN_POINT('',(-0.039,0.3338,0.032));
#3286=CARTESIAN_POINT('',(-0.039,0.318,0.0428));
#3287=CARTESIAN_POINT('',(-0.0383859439566092,0.3062,0.032));
#3288=CARTESIAN_POINT('',(-0.0377718879132185,0.3062,0.032));
#3289=CARTESIAN_POINT('',(-0.0377718879132185,0.3062,0.0295));
#3290=CARTESIAN_POINT('',(-0.0383859439566092,0.3062,0.0295));
#3291=CARTESIAN_POINT('',(-0.0377718879132185,0.3012,0.032));
#3292=CARTESIAN_POINT('',(-0.0339084340190402,0.304373913043479,0.032));
#3293=CARTESIAN_POINT('',(-0.0339084340190402,0.304373913043479,0.0295));
#3294=CARTESIAN_POINT('',(-0.0377718879132185,0.3012,0.0295));
#3295=CARTESIAN_POINT('',(-0.02,0.3158,0.032));
#3296=CARTESIAN_POINT('',(-0.02,0.3338,0.032));
#3297=CARTESIAN_POINT('',(-0.02,0.3338,0.0295));
#3298=CARTESIAN_POINT('',(-0.02,0.3158,0.0295));
#3299=CARTESIAN_POINT('',(-0.0295,0.3338,0.032));
#3300=CARTESIAN_POINT('',(-0.02,0.3338,0.0295));
#3301=CARTESIAN_POINT('',(-0.0205,0.3158,0.034));
#3302=CARTESIAN_POINT('',(-0.0205,0.3107,0.034));
#3303=CARTESIAN_POINT('',(-0.0377718879132185,0.3107,0.034));
#3304=CARTESIAN_POINT('',(-0.0377718879132185,0.3012,0.034));
#3305=CARTESIAN_POINT('',(-0.0304313255142804,0.307230434782609,0.034));
#3306=CARTESIAN_POINT('',(-0.02,0.3158,0.034));
#3307=CARTESIAN_POINT('',(-0.02,0.3293,0.034));
#3308=CARTESIAN_POINT('',(-0.039,0.3293,0.034));
#3309=CARTESIAN_POINT('',(-0.0295,0.3318,0.029));
#3310=CARTESIAN_POINT('',(-0.02,0.3288,0.032));
#3311=CARTESIAN_POINT('',(-0.02,0.3158,0.029));
#3312=CARTESIAN_POINT('',(-0.0340797727254385,0.3082,0.029));
#3313=CARTESIAN_POINT('',(-0.0334761682931881,0.309211739669304,0.030011739669304));
#3314=CARTESIAN_POINT('',(-0.0328406370657654,0.310213258372076,0.0310132583720762));
#3315=CARTESIAN_POINT('',(-0.0321589473228566,0.3112,0.032));
#3316=CARTESIAN_POINT('',(-0.02,0.3158,0.032));
#3317=CARTESIAN_POINT('',(-0.02,0.3158,0.032));
#3318=CARTESIAN_POINT('',(-0.02,0.3158,0.032));
#3319=CARTESIAN_POINT('',(-0.02,0.3158,0.032));
#3320=CARTESIAN_POINT('',(-0.02,0.3158,0.032));
#3321=CARTESIAN_POINT('',(-0.02,0.3158,0.032));
#3322=CARTESIAN_POINT('',(-0.02,0.3158,0.032));
#3323=CARTESIAN_POINT('',(-0.02,0.3158,0.032));
#3324=CARTESIAN_POINT('',(-0.02,0.3158,0.032));
#3325=CARTESIAN_POINT('',(-0.02,0.3158,0.032));
#3326=CARTESIAN_POINT('',(-0.02,0.3158,0.032));
#3327=CARTESIAN_POINT('',(-0.0205,0.3112,0.032));
#3328=CARTESIAN_POINT('',(-0.0205,0.3293,0.034));
#3329=CARTESIAN_POINT('',(-0.02,0.3338,0.0295));
#3330=CARTESIAN_POINT('',(-0.02,0.3158,0.034));
#3331=CARTESIAN_POINT('',(-0.0339084340190406,0.304373913043478,0.0295));
#3332=CARTESIAN_POINT('',(-0.0377718879132185,0.3012,0.0295));
#3333=CARTESIAN_POINT('',(-0.0377718879132185,0.3062,0.0295));
#3334=CARTESIAN_POINT('',(-0.0383859439566092,0.3062,0.0295));
#3335=CARTESIAN_POINT('',(-0.02,0.3158,0.033));
#3336=CARTESIAN_POINT('',(-0.02,0.3158,0.033));
#3337=CARTESIAN_POINT('',(-0.02,0.3158,0.033));
#3338=CARTESIAN_POINT('',(-0.02,0.3158,0.033));
#3339=CARTESIAN_POINT('',(-0.02,0.3158,0.033));
#3340=CARTESIAN_POINT('',(-0.02,0.3158,0.033));
#3341=CARTESIAN_POINT('',(-0.02,0.3158,0.033));
#3342=CARTESIAN_POINT('',(-0.0301855739160835,0.307722,0.033));
#3343=CARTESIAN_POINT('',(-0.0301855739160835,0.307722,0.033));
#3344=CARTESIAN_POINT('',(-0.02,0.3158,0.033));
#3345=CARTESIAN_POINT('',(-0.0282118156335855,0.305722,0.033));
#3346=CARTESIAN_POINT('',(-0.0282118156335855,0.305722,0.033));
#3347=CARTESIAN_POINT('',(-0.02,0.3158,0.033));
#3348=CARTESIAN_POINT('',(-0.02,0.3158,0.033));
#3349=CARTESIAN_POINT('',(-0.00981442608391651,0.307722,0.033));
#3350=CARTESIAN_POINT('',(-0.0117881843664144,0.305722,0.033));
#3351=CARTESIAN_POINT('',(-0.00981442608391651,0.307722,0.033));
#3352=CARTESIAN_POINT('',(-0.0117881843664144,0.305722,0.033));
#3353=CARTESIAN_POINT('',(-0.0205,0.3158,0.033));
#3354=CARTESIAN_POINT('',(-0.022904,0.307722,0.033));
#3355=CARTESIAN_POINT('',(-0.022904,0.305722,0.033));
#3356=CARTESIAN_POINT('',(-0.022904,0.307722,0.033));
#3357=CARTESIAN_POINT('',(-0.022904,0.305722,0.033));
#3358=CARTESIAN_POINT('',(-0.02,0.3158,0.033));
#3359=CARTESIAN_POINT('',(-0.02,0.3158,0.033));
#3360=CARTESIAN_POINT('',(-0.00803279832208045,0.310722,0.033));
#3361=CARTESIAN_POINT('',(-0.00909578448488841,0.308722,0.033));
#3362=CARTESIAN_POINT('',(-0.00803279832208045,0.310722,0.033));
#3363=CARTESIAN_POINT('',(-0.00909578448488841,0.308722,0.033));
#3364=CARTESIAN_POINT('',(-0.02,0.3158,0.033));
#3365=CARTESIAN_POINT('',(-0.0319672016779196,0.310722,0.033));
#3366=CARTESIAN_POINT('',(-0.0319672016779196,0.310722,0.033));
#3367=CARTESIAN_POINT('',(-0.02,0.3158,0.033));
#3368=CARTESIAN_POINT('',(-0.0309042155151116,0.308722,0.033));
#3369=CARTESIAN_POINT('',(-0.0309042155151116,0.308722,0.033));
#3370=CARTESIAN_POINT('',(-0.0205,0.3158,0.033));
#3371=CARTESIAN_POINT('',(-0.022904,0.310722,0.033));
#3372=CARTESIAN_POINT('',(-0.022904,0.308722,0.033));
#3373=CARTESIAN_POINT('',(-0.022904,0.310722,0.033));
#3374=CARTESIAN_POINT('',(-0.022904,0.308722,0.033));
#3375=CARTESIAN_POINT('',(-0.02,0.3158,0.033));
#3376=CARTESIAN_POINT('',(-0.0268027873698947,0.304722,0.033));
#3377=CARTESIAN_POINT('',(-0.0268027873698947,0.304722,0.033));
#3378=CARTESIAN_POINT('',(-0.02,0.3158,0.033));
#3379=CARTESIAN_POINT('',(-0.0131972126301052,0.304722,0.033));
#3380=CARTESIAN_POINT('',(-0.0131972126301052,0.304722,0.033));
#3381=CARTESIAN_POINT('',(-0.0205,0.3158,0.033));
#3382=CARTESIAN_POINT('',(-0.022904,0.304722,0.033));
#3383=CARTESIAN_POINT('',(-0.022904,0.304722,0.033));
#3384=CARTESIAN_POINT('',(-0.036,0.32,0.029));
#3385=CARTESIAN_POINT('',(-0.036,0.32,0.029));
#3386=CARTESIAN_POINT('',(-0.036,0.32,0.029));
#3387=CARTESIAN_POINT('',(-0.036,0.32,0.029));
#3388=CARTESIAN_POINT('',(-0.036,0.32,0.029));
#3389=CARTESIAN_POINT('',(-0.036,0.32,0.029));
#3390=MECHANICAL_DESIGN_GEOMETRIC_PRESENTATION_REPRESENTATION('',(#2048),
#3391);
#3391=(
GEOMETRIC_REPRESENTATION_CONTEXT(3)
GLOBAL_UNCERTAINTY_ASSIGNED_CONTEXT((#3392))
GLOBAL_UNIT_ASSIGNED_CONTEXT((#3395,#3394,#3393))
REPRESENTATION_CONTEXT('Back Right Top Plate','TOP_LEVEL_ASSEMBLY_PART')
);
#3392=UNCERTAINTY_MEASURE_WITH_UNIT(LENGTH_MEASURE(2.E-5),#3395,
'DISTANCE_ACCURACY_VALUE','Maximum Tolerance applied to model');
#3393=(
NAMED_UNIT(*)
SI_UNIT($,.STERADIAN.)
SOLID_ANGLE_UNIT()
);
#3394=(
NAMED_UNIT(*)
PLANE_ANGLE_UNIT()
SI_UNIT($,.RADIAN.)
);
#3395=(
LENGTH_UNIT()
NAMED_UNIT(*)
SI_UNIT($,.METRE.)
);
#3396=PRODUCT_DEFINITION_SHAPE('','',#3397);
#3397=PRODUCT_DEFINITION('','',#3399,#3398);
#3398=PRODUCT_DEFINITION_CONTEXT('',#3405,'design');
#3399=PRODUCT_DEFINITION_FORMATION_WITH_SPECIFIED_SOURCE('','',#3401,
 .NOT_KNOWN.);
#3400=PRODUCT_RELATED_PRODUCT_CATEGORY('','',(#3401));
#3401=PRODUCT('Back Right Top Plate','Back Right Top Plate',
'Back Right Top Plate',(#3403));
#3402=PRODUCT_CATEGORY('','');
#3403=PRODUCT_CONTEXT('',#3405,'mechanical');
#3404=APPLICATION_PROTOCOL_DEFINITION('international standard',
'ap242_managed_model_based_3d_engineering',2020,#3405);
#3405=APPLICATION_CONTEXT('managed model based 3d engineering');
ENDSEC;
END-ISO-10303-21;
