ISO-10303-21;
HEADER;
/* Generated by software containing ST-Developer
 * from STEP Tools, Inc. (www.steptools.com) 
 */
/* OPTION: using custom renumber hook */

FILE_DESCRIPTION(
/* description */ ('STEP AP242 Edition 2',
'CAx-IF Rec.Pracs.---Representation and Presentation of Product Manufa
cturing Information (PMI)---4.0---2014-10-13',
'CAx-IF Rec.Pracs.---3D Tessellated Geometry---0.4---2014-09-14','2;1',
'CAx-IF Rec.Pracs.---User Defined Attributes---1.5---2016-08-15'),
/* implementation_level */ '2;1');

FILE_NAME(
/* name */ '6961f2cb46b9ae42405cfb3e',
/* time_stamp */ '2026-01-10T06:33:47Z',
/* author */ (''),
/* organization */ (''),
/* preprocessor_version */ 'ST-DEVELOPER v20',
/* originating_system */ 'ONSHAPE BY PTC INC, 1.209',
/* authorisation */ '  ');

FILE_SCHEMA (('AP242_MANAGED_MODEL_BASED_3D_ENGINEERING_MIM_LF { 1 0 10303 442 3 1 4 }'));
ENDSEC;

DATA;
#10=SHAPE_REPRESENTATION_RELATIONSHIP('','',#3609,#11);
#11=ADVANCED_BREP_SHAPE_REPRESENTATION('',(#3607),#6014);
#12=PLANE('',#3642);
#13=PLANE('',#3647);
#14=PLANE('',#3654);
#15=PLANE('',#3660);
#16=PLANE('',#3663);
#17=PLANE('',#3664);
#18=PLANE('',#3666);
#19=PLANE('',#3667);
#20=PLANE('',#3669);
#21=PLANE('',#3670);
#22=PLANE('',#3675);
#23=PLANE('',#3676);
#24=PLANE('',#3677);
#25=PLANE('',#3678);
#26=PLANE('',#3679);
#27=PLANE('',#3680);
#28=PLANE('',#3681);
#29=PLANE('',#3682);
#30=PLANE('',#3683);
#31=PLANE('',#3684);
#32=PLANE('',#3685);
#33=PLANE('',#3686);
#34=PLANE('',#3687);
#35=PLANE('',#3688);
#36=PLANE('',#3689);
#37=PLANE('',#3691);
#38=PLANE('',#3693);
#39=PLANE('',#3694);
#40=PLANE('',#3696);
#41=PLANE('',#3697);
#42=PLANE('',#3698);
#43=PLANE('',#3700);
#44=PLANE('',#3701);
#45=PLANE('',#3702);
#46=PLANE('',#3703);
#47=PLANE('',#3704);
#48=PLANE('',#3705);
#49=PLANE('',#3706);
#50=PLANE('',#3707);
#51=PLANE('',#3708);
#52=PLANE('',#3709);
#53=PLANE('',#3710);
#54=PLANE('',#3711);
#55=PLANE('',#3712);
#56=PLANE('',#3713);
#57=PLANE('',#3714);
#58=PLANE('',#3715);
#59=PLANE('',#3716);
#60=PLANE('',#3718);
#61=PLANE('',#3720);
#62=PLANE('',#3721);
#63=PLANE('',#3723);
#64=PLANE('',#3724);
#65=PLANE('',#3725);
#66=PLANE('',#3727);
#67=PLANE('',#3728);
#68=PLANE('',#3729);
#69=PLANE('',#3730);
#70=PLANE('',#3731);
#71=PLANE('',#3732);
#72=PLANE('',#3733);
#73=PLANE('',#3734);
#74=PLANE('',#3735);
#75=PLANE('',#3736);
#76=PLANE('',#3737);
#77=PLANE('',#3738);
#78=PLANE('',#3739);
#79=PLANE('',#3740);
#80=PLANE('',#3741);
#81=PLANE('',#3743);
#82=PLANE('',#3745);
#83=PLANE('',#3747);
#84=PLANE('',#3749);
#85=PLANE('',#3751);
#86=PLANE('',#3753);
#87=PLANE('',#3755);
#88=PLANE('',#3757);
#89=PLANE('',#3759);
#90=PLANE('',#3761);
#91=PLANE('',#3763);
#92=PLANE('',#3764);
#93=PLANE('',#3765);
#94=PLANE('',#3766);
#95=PLANE('',#3767);
#96=PLANE('',#3768);
#97=PLANE('',#3769);
#98=PLANE('',#3770);
#99=PLANE('',#3771);
#100=PLANE('',#3772);
#101=PLANE('',#3773);
#102=PLANE('',#3774);
#103=PLANE('',#3775);
#104=PLANE('',#3777);
#105=PLANE('',#3779);
#106=PLANE('',#3781);
#107=PLANE('',#3783);
#108=PLANE('',#3785);
#109=PLANE('',#3787);
#110=PLANE('',#3789);
#111=PLANE('',#3791);
#112=PLANE('',#3793);
#113=PLANE('',#3795);
#114=PLANE('',#3807);
#115=PLANE('',#3808);
#116=PLANE('',#3809);
#117=PLANE('',#3813);
#118=PLANE('',#3816);
#119=PLANE('',#3817);
#120=PLANE('',#3818);
#121=PLANE('',#3821);
#122=PLANE('',#3822);
#123=PLANE('',#3826);
#124=PLANE('',#3829);
#125=PLANE('',#3830);
#126=PLANE('',#3833);
#127=PLANE('',#3835);
#128=PLANE('',#3837);
#129=PLANE('',#3839);
#130=PLANE('',#3840);
#131=PLANE('',#3841);
#132=PLANE('',#3842);
#133=PLANE('',#3843);
#134=PLANE('',#3844);
#135=PLANE('',#3845);
#136=PLANE('',#3846);
#137=PLANE('',#3849);
#138=PLANE('',#3850);
#139=PLANE('',#3851);
#140=PLANE('',#3852);
#141=PLANE('',#3853);
#142=PLANE('',#3854);
#143=PLANE('',#3855);
#144=PLANE('',#3859);
#145=PLANE('',#3860);
#146=PLANE('',#3861);
#147=PLANE('',#3862);
#148=PLANE('',#3863);
#149=PLANE('',#3864);
#150=PLANE('',#3865);
#151=PLANE('',#3866);
#152=PLANE('',#3867);
#153=PLANE('',#3868);
#154=PLANE('',#3869);
#155=PLANE('',#3870);
#156=PLANE('',#3871);
#157=PLANE('',#3872);
#158=PLANE('',#3873);
#159=PLANE('',#3874);
#160=PLANE('',#3875);
#161=PLANE('',#3876);
#162=PLANE('',#3877);
#163=PLANE('',#3878);
#164=PLANE('',#3879);
#165=PLANE('',#3880);
#166=PLANE('',#3881);
#167=PLANE('',#3882);
#168=PLANE('',#3883);
#169=PLANE('',#3884);
#170=PLANE('',#3885);
#171=PLANE('',#3886);
#172=PLANE('',#3887);
#173=PLANE('',#3888);
#174=PLANE('',#3889);
#175=PLANE('',#3890);
#176=PLANE('',#3891);
#177=PLANE('',#3892);
#178=PLANE('',#3893);
#179=PLANE('',#3894);
#180=PLANE('',#3895);
#181=PLANE('',#3896);
#182=PLANE('',#3897);
#183=PLANE('',#3898);
#184=PLANE('',#3899);
#185=PLANE('',#3900);
#186=PLANE('',#3901);
#187=LINE('',#4942,#584);
#188=LINE('',#4946,#585);
#189=LINE('',#4954,#586);
#190=LINE('',#4958,#587);
#191=LINE('',#4995,#588);
#192=LINE('',#4999,#589);
#193=LINE('',#5007,#590);
#194=LINE('',#5011,#591);
#195=LINE('',#5041,#592);
#196=LINE('',#5046,#593);
#197=LINE('',#5047,#594);
#198=LINE('',#5052,#595);
#199=LINE('',#5053,#596);
#200=LINE('',#5056,#597);
#201=LINE('',#5058,#598);
#202=LINE('',#5060,#599);
#203=LINE('',#5062,#600);
#204=LINE('',#5064,#601);
#205=LINE('',#5066,#602);
#206=LINE('',#5068,#603);
#207=LINE('',#5075,#604);
#208=LINE('',#5077,#605);
#209=LINE('',#5078,#606);
#210=LINE('',#5083,#607);
#211=LINE('',#5085,#608);
#212=LINE('',#5089,#609);
#213=LINE('',#5091,#610);
#214=LINE('',#5094,#611);
#215=LINE('',#5096,#612);
#216=LINE('',#5098,#613);
#217=LINE('',#5099,#614);
#218=LINE('',#5104,#615);
#219=LINE('',#5106,#616);
#220=LINE('',#5110,#617);
#221=LINE('',#5114,#618);
#222=LINE('',#5115,#619);
#223=LINE('',#5120,#620);
#224=LINE('',#5124,#621);
#225=LINE('',#5127,#622);
#226=LINE('',#5129,#623);
#227=LINE('',#5131,#624);
#228=LINE('',#5133,#625);
#229=LINE('',#5135,#626);
#230=LINE('',#5136,#627);
#231=LINE('',#5141,#628);
#232=LINE('',#5143,#629);
#233=LINE('',#5147,#630);
#234=LINE('',#5148,#631);
#235=LINE('',#5149,#632);
#236=LINE('',#5151,#633);
#237=LINE('',#5155,#634);
#238=LINE('',#5157,#635);
#239=LINE('',#5160,#636);
#240=LINE('',#5162,#637);
#241=LINE('',#5164,#638);
#242=LINE('',#5165,#639);
#243=LINE('',#5167,#640);
#244=LINE('',#5169,#641);
#245=LINE('',#5173,#642);
#246=LINE('',#5175,#643);
#247=LINE('',#5178,#644);
#248=LINE('',#5180,#645);
#249=LINE('',#5182,#646);
#250=LINE('',#5183,#647);
#251=LINE('',#5185,#648);
#252=LINE('',#5187,#649);
#253=LINE('',#5192,#650);
#254=LINE('',#5194,#651);
#255=LINE('',#5195,#652);
#256=LINE('',#5196,#653);
#257=LINE('',#5198,#654);
#258=LINE('',#5200,#655);
#259=LINE('',#5202,#656);
#260=LINE('',#5204,#657);
#261=LINE('',#5206,#658);
#262=LINE('',#5207,#659);
#263=LINE('',#5209,#660);
#264=LINE('',#5211,#661);
#265=LINE('',#5213,#662);
#266=LINE('',#5216,#663);
#267=LINE('',#5217,#664);
#268=LINE('',#5219,#665);
#269=LINE('',#5224,#666);
#270=LINE('',#5226,#667);
#271=LINE('',#5227,#668);
#272=LINE('',#5228,#669);
#273=LINE('',#5231,#670);
#274=LINE('',#5232,#671);
#275=LINE('',#5234,#672);
#276=LINE('',#5236,#673);
#277=LINE('',#5237,#674);
#278=LINE('',#5239,#675);
#279=LINE('',#5241,#676);
#280=LINE('',#5243,#677);
#281=LINE('',#5246,#678);
#282=LINE('',#5248,#679);
#283=LINE('',#5250,#680);
#284=LINE('',#5252,#681);
#285=LINE('',#5254,#682);
#286=LINE('',#5256,#683);
#287=LINE('',#5258,#684);
#288=LINE('',#5260,#685);
#289=LINE('',#5262,#686);
#290=LINE('',#5264,#687);
#291=LINE('',#5266,#688);
#292=LINE('',#5268,#689);
#293=LINE('',#5270,#690);
#294=LINE('',#5272,#691);
#295=LINE('',#5274,#692);
#296=LINE('',#5276,#693);
#297=LINE('',#5278,#694);
#298=LINE('',#5280,#695);
#299=LINE('',#5284,#696);
#300=LINE('',#5286,#697);
#301=LINE('',#5290,#698);
#302=LINE('',#5293,#699);
#303=LINE('',#5295,#700);
#304=LINE('',#5297,#701);
#305=LINE('',#5299,#702);
#306=LINE('',#5301,#703);
#307=LINE('',#5303,#704);
#308=LINE('',#5305,#705);
#309=LINE('',#5307,#706);
#310=LINE('',#5309,#707);
#311=LINE('',#5312,#708);
#312=LINE('',#5314,#709);
#313=LINE('',#5316,#710);
#314=LINE('',#5318,#711);
#315=LINE('',#5320,#712);
#316=LINE('',#5322,#713);
#317=LINE('',#5324,#714);
#318=LINE('',#5326,#715);
#319=LINE('',#5328,#716);
#320=LINE('',#5329,#717);
#321=LINE('',#5331,#718);
#322=LINE('',#5333,#719);
#323=LINE('',#5335,#720);
#324=LINE('',#5337,#721);
#325=LINE('',#5338,#722);
#326=LINE('',#5340,#723);
#327=LINE('',#5341,#724);
#328=LINE('',#5343,#725);
#329=LINE('',#5345,#726);
#330=LINE('',#5347,#727);
#331=LINE('',#5349,#728);
#332=LINE('',#5350,#729);
#333=LINE('',#5352,#730);
#334=LINE('',#5353,#731);
#335=LINE('',#5355,#732);
#336=LINE('',#5356,#733);
#337=LINE('',#5358,#734);
#338=LINE('',#5359,#735);
#339=LINE('',#5361,#736);
#340=LINE('',#5362,#737);
#341=LINE('',#5377,#738);
#342=LINE('',#5380,#739);
#343=LINE('',#5382,#740);
#344=LINE('',#5384,#741);
#345=LINE('',#5386,#742);
#346=LINE('',#5388,#743);
#347=LINE('',#5390,#744);
#348=LINE('',#5392,#745);
#349=LINE('',#5394,#746);
#350=LINE('',#5396,#747);
#351=LINE('',#5399,#748);
#352=LINE('',#5401,#749);
#353=LINE('',#5403,#750);
#354=LINE('',#5405,#751);
#355=LINE('',#5407,#752);
#356=LINE('',#5409,#753);
#357=LINE('',#5411,#754);
#358=LINE('',#5413,#755);
#359=LINE('',#5415,#756);
#360=LINE('',#5416,#757);
#361=LINE('',#5418,#758);
#362=LINE('',#5420,#759);
#363=LINE('',#5422,#760);
#364=LINE('',#5424,#761);
#365=LINE('',#5425,#762);
#366=LINE('',#5427,#763);
#367=LINE('',#5428,#764);
#368=LINE('',#5430,#765);
#369=LINE('',#5432,#766);
#370=LINE('',#5434,#767);
#371=LINE('',#5436,#768);
#372=LINE('',#5437,#769);
#373=LINE('',#5439,#770);
#374=LINE('',#5440,#771);
#375=LINE('',#5442,#772);
#376=LINE('',#5443,#773);
#377=LINE('',#5445,#774);
#378=LINE('',#5446,#775);
#379=LINE('',#5448,#776);
#380=LINE('',#5449,#777);
#381=LINE('',#5464,#778);
#382=LINE('',#5467,#779);
#383=LINE('',#5469,#780);
#384=LINE('',#5471,#781);
#385=LINE('',#5473,#782);
#386=LINE('',#5475,#783);
#387=LINE('',#5477,#784);
#388=LINE('',#5479,#785);
#389=LINE('',#5481,#786);
#390=LINE('',#5483,#787);
#391=LINE('',#5486,#788);
#392=LINE('',#5488,#789);
#393=LINE('',#5490,#790);
#394=LINE('',#5492,#791);
#395=LINE('',#5494,#792);
#396=LINE('',#5496,#793);
#397=LINE('',#5498,#794);
#398=LINE('',#5500,#795);
#399=LINE('',#5502,#796);
#400=LINE('',#5504,#797);
#401=LINE('',#5506,#798);
#402=LINE('',#5508,#799);
#403=LINE('',#5510,#800);
#404=LINE('',#5512,#801);
#405=LINE('',#5514,#802);
#406=LINE('',#5515,#803);
#407=LINE('',#5517,#804);
#408=LINE('',#5519,#805);
#409=LINE('',#5521,#806);
#410=LINE('',#5523,#807);
#411=LINE('',#5525,#808);
#412=LINE('',#5527,#809);
#413=LINE('',#5529,#810);
#414=LINE('',#5530,#811);
#415=LINE('',#5532,#812);
#416=LINE('',#5534,#813);
#417=LINE('',#5536,#814);
#418=LINE('',#5538,#815);
#419=LINE('',#5540,#816);
#420=LINE('',#5542,#817);
#421=LINE('',#5544,#818);
#422=LINE('',#5548,#819);
#423=LINE('',#5550,#820);
#424=LINE('',#5552,#821);
#425=LINE('',#5574,#822);
#426=LINE('',#5577,#823);
#427=LINE('',#5579,#824);
#428=LINE('',#5581,#825);
#429=LINE('',#5583,#826);
#430=LINE('',#5585,#827);
#431=LINE('',#5587,#828);
#432=LINE('',#5589,#829);
#433=LINE('',#5591,#830);
#434=LINE('',#5593,#831);
#435=LINE('',#5596,#832);
#436=LINE('',#5598,#833);
#437=LINE('',#5600,#834);
#438=LINE('',#5602,#835);
#439=LINE('',#5604,#836);
#440=LINE('',#5606,#837);
#441=LINE('',#5608,#838);
#442=LINE('',#5610,#839);
#443=LINE('',#5612,#840);
#444=LINE('',#5614,#841);
#445=LINE('',#5616,#842);
#446=LINE('',#5618,#843);
#447=LINE('',#5620,#844);
#448=LINE('',#5622,#845);
#449=LINE('',#5624,#846);
#450=LINE('',#5625,#847);
#451=LINE('',#5627,#848);
#452=LINE('',#5629,#849);
#453=LINE('',#5631,#850);
#454=LINE('',#5633,#851);
#455=LINE('',#5635,#852);
#456=LINE('',#5637,#853);
#457=LINE('',#5639,#854);
#458=LINE('',#5640,#855);
#459=LINE('',#5642,#856);
#460=LINE('',#5644,#857);
#461=LINE('',#5646,#858);
#462=LINE('',#5648,#859);
#463=LINE('',#5650,#860);
#464=LINE('',#5652,#861);
#465=LINE('',#5654,#862);
#466=LINE('',#5658,#863);
#467=LINE('',#5660,#864);
#468=LINE('',#5662,#865);
#469=LINE('',#5742,#866);
#470=LINE('',#5745,#867);
#471=LINE('',#5747,#868);
#472=LINE('',#5749,#869);
#473=LINE('',#5751,#870);
#474=LINE('',#5753,#871);
#475=LINE('',#5754,#872);
#476=LINE('',#5757,#873);
#477=LINE('',#5759,#874);
#478=LINE('',#5761,#875);
#479=LINE('',#5763,#876);
#480=LINE('',#5765,#877);
#481=LINE('',#5767,#878);
#482=LINE('',#5769,#879);
#483=LINE('',#5771,#880);
#484=LINE('',#5773,#881);
#485=LINE('',#5775,#882);
#486=LINE('',#5777,#883);
#487=LINE('',#5779,#884);
#488=LINE('',#5781,#885);
#489=LINE('',#5783,#886);
#490=LINE('',#5787,#887);
#491=LINE('',#5789,#888);
#492=LINE('',#5791,#889);
#493=LINE('',#5795,#890);
#494=LINE('',#5797,#891);
#495=LINE('',#5798,#892);
#496=LINE('',#5802,#893);
#497=LINE('',#5803,#894);
#498=LINE('',#5805,#895);
#499=LINE('',#5807,#896);
#500=LINE('',#5811,#897);
#501=LINE('',#5813,#898);
#502=LINE('',#5815,#899);
#503=LINE('',#5817,#900);
#504=LINE('',#5818,#901);
#505=LINE('',#5820,#902);
#506=LINE('',#5821,#903);
#507=LINE('',#5823,#904);
#508=LINE('',#5825,#905);
#509=LINE('',#5827,#906);
#510=LINE('',#5829,#907);
#511=LINE('',#5833,#908);
#512=LINE('',#5835,#909);
#513=LINE('',#5836,#910);
#514=LINE('',#5837,#911);
#515=LINE('',#5845,#912);
#516=LINE('',#5847,#913);
#517=LINE('',#5849,#914);
#518=LINE('',#5858,#915);
#519=LINE('',#5870,#916);
#520=LINE('',#5873,#917);
#521=LINE('',#5876,#918);
#522=LINE('',#5877,#919);
#523=LINE('',#5878,#920);
#524=LINE('',#5879,#921);
#525=LINE('',#5881,#922);
#526=LINE('',#5883,#923);
#527=LINE('',#5884,#924);
#528=LINE('',#5885,#925);
#529=LINE('',#5887,#926);
#530=LINE('',#5888,#927);
#531=LINE('',#5890,#928);
#532=LINE('',#5894,#929);
#533=LINE('',#5895,#930);
#534=LINE('',#5897,#931);
#535=LINE('',#5898,#932);
#536=LINE('',#5899,#933);
#537=LINE('',#5901,#934);
#538=LINE('',#5905,#935);
#539=LINE('',#5907,#936);
#540=LINE('',#5908,#937);
#541=LINE('',#5910,#938);
#542=LINE('',#5912,#939);
#543=LINE('',#5914,#940);
#544=LINE('',#5916,#941);
#545=LINE('',#5917,#942);
#546=LINE('',#5918,#943);
#547=LINE('',#5919,#944);
#548=LINE('',#5920,#945);
#549=LINE('',#5925,#946);
#550=LINE('',#5929,#947);
#551=LINE('',#5931,#948);
#552=LINE('',#5939,#949);
#553=LINE('',#5940,#950);
#554=LINE('',#5942,#951);
#555=LINE('',#5944,#952);
#556=LINE('',#5946,#953);
#557=LINE('',#5947,#954);
#558=LINE('',#5949,#955);
#559=LINE('',#5951,#956);
#560=LINE('',#5953,#957);
#561=LINE('',#5955,#958);
#562=LINE('',#5957,#959);
#563=LINE('',#5959,#960);
#564=LINE('',#5962,#961);
#565=LINE('',#5968,#962);
#566=LINE('',#5970,#963);
#567=LINE('',#5972,#964);
#568=LINE('',#5974,#965);
#569=LINE('',#5976,#966);
#570=LINE('',#5978,#967);
#571=LINE('',#5980,#968);
#572=LINE('',#5982,#969);
#573=LINE('',#5984,#970);
#574=LINE('',#5986,#971);
#575=LINE('',#5988,#972);
#576=LINE('',#5990,#973);
#577=LINE('',#5993,#974);
#578=LINE('',#5996,#975);
#579=LINE('',#5999,#976);
#580=LINE('',#6002,#977);
#581=LINE('',#6005,#978);
#582=LINE('',#6008,#979);
#583=LINE('',#6011,#980);
#584=VECTOR('',#3922,1.);
#585=VECTOR('',#3925,1.);
#586=VECTOR('',#3932,1.);
#587=VECTOR('',#3935,1.);
#588=VECTOR('',#3952,1.);
#589=VECTOR('',#3955,1.);
#590=VECTOR('',#3962,1.);
#591=VECTOR('',#3965,1.);
#592=VECTOR('',#3976,1.);
#593=VECTOR('',#3979,1.);
#594=VECTOR('',#3980,1.);
#595=VECTOR('',#3983,1.);
#596=VECTOR('',#3984,1.);
#597=VECTOR('',#3985,1.);
#598=VECTOR('',#3986,1.);
#599=VECTOR('',#3987,1.);
#600=VECTOR('',#3988,1.);
#601=VECTOR('',#3989,1.);
#602=VECTOR('',#3990,1.);
#603=VECTOR('',#3991,1.);
#604=VECTOR('',#3992,1.);
#605=VECTOR('',#3993,1.);
#606=VECTOR('',#3994,1.);
#607=VECTOR('',#3997,1.);
#608=VECTOR('',#3998,1.);
#609=VECTOR('',#4001,1.);
#610=VECTOR('',#4004,1.);
#611=VECTOR('',#4005,1.);
#612=VECTOR('',#4006,1.);
#613=VECTOR('',#4007,1.);
#614=VECTOR('',#4008,1.);
#615=VECTOR('',#4011,1.);
#616=VECTOR('',#4014,1.);
#617=VECTOR('',#4017,1.);
#618=VECTOR('',#4020,1.);
#619=VECTOR('',#4021,1.);
#620=VECTOR('',#4024,1.);
#621=VECTOR('',#4029,1.);
#622=VECTOR('',#4030,1.);
#623=VECTOR('',#4031,1.);
#624=VECTOR('',#4032,1.);
#625=VECTOR('',#4033,1.);
#626=VECTOR('',#4034,1.);
#627=VECTOR('',#4035,1.);
#628=VECTOR('',#4038,1.);
#629=VECTOR('',#4041,1.);
#630=VECTOR('',#4044,1.);
#631=VECTOR('',#4045,1.);
#632=VECTOR('',#4046,1.);
#633=VECTOR('',#4049,1.);
#634=VECTOR('',#4052,1.);
#635=VECTOR('',#4055,1.);
#636=VECTOR('',#4056,1.);
#637=VECTOR('',#4057,1.);
#638=VECTOR('',#4058,1.);
#639=VECTOR('',#4059,1.);
#640=VECTOR('',#4060,1.);
#641=VECTOR('',#4063,1.);
#642=VECTOR('',#4066,1.);
#643=VECTOR('',#4069,1.);
#644=VECTOR('',#4070,1.);
#645=VECTOR('',#4071,1.);
#646=VECTOR('',#4072,1.);
#647=VECTOR('',#4073,1.);
#648=VECTOR('',#4074,1.);
#649=VECTOR('',#4077,1.);
#650=VECTOR('',#4080,1.);
#651=VECTOR('',#4081,1.);
#652=VECTOR('',#4082,1.);
#653=VECTOR('',#4083,1.);
#654=VECTOR('',#4084,1.);
#655=VECTOR('',#4085,1.);
#656=VECTOR('',#4086,1.);
#657=VECTOR('',#4087,1.);
#658=VECTOR('',#4088,1.);
#659=VECTOR('',#4089,1.);
#660=VECTOR('',#4090,1.);
#661=VECTOR('',#4091,1.);
#662=VECTOR('',#4094,1.);
#663=VECTOR('',#4095,1.);
#664=VECTOR('',#4096,1.);
#665=VECTOR('',#4099,1.);
#666=VECTOR('',#4102,1.);
#667=VECTOR('',#4103,1.);
#668=VECTOR('',#4104,1.);
#669=VECTOR('',#4105,1.);
#670=VECTOR('',#4106,1.);
#671=VECTOR('',#4107,1.);
#672=VECTOR('',#4108,1.);
#673=VECTOR('',#4109,1.);
#674=VECTOR('',#4110,1.);
#675=VECTOR('',#4111,1.);
#676=VECTOR('',#4112,1.);
#677=VECTOR('',#4115,1.);
#678=VECTOR('',#4116,1.);
#679=VECTOR('',#4117,1.);
#680=VECTOR('',#4118,1.);
#681=VECTOR('',#4119,1.);
#682=VECTOR('',#4122,1.);
#683=VECTOR('',#4123,1.);
#684=VECTOR('',#4124,1.);
#685=VECTOR('',#4125,1.);
#686=VECTOR('',#4126,1.);
#687=VECTOR('',#4127,1.);
#688=VECTOR('',#4128,1.);
#689=VECTOR('',#4129,1.);
#690=VECTOR('',#4130,1.);
#691=VECTOR('',#4131,1.);
#692=VECTOR('',#4132,1.);
#693=VECTOR('',#4133,1.);
#694=VECTOR('',#4136,1.);
#695=VECTOR('',#4137,1.);
#696=VECTOR('',#4142,1.);
#697=VECTOR('',#4143,1.);
#698=VECTOR('',#4148,1.);
#699=VECTOR('',#4149,1.);
#700=VECTOR('',#4150,1.);
#701=VECTOR('',#4151,1.);
#702=VECTOR('',#4152,1.);
#703=VECTOR('',#4155,1.);
#704=VECTOR('',#4156,1.);
#705=VECTOR('',#4157,1.);
#706=VECTOR('',#4158,1.);
#707=VECTOR('',#4161,1.);
#708=VECTOR('',#4162,1.);
#709=VECTOR('',#4163,1.);
#710=VECTOR('',#4164,1.);
#711=VECTOR('',#4165,1.);
#712=VECTOR('',#4168,1.);
#713=VECTOR('',#4169,1.);
#714=VECTOR('',#4170,1.);
#715=VECTOR('',#4171,1.);
#716=VECTOR('',#4174,1.);
#717=VECTOR('',#4175,1.);
#718=VECTOR('',#4178,1.);
#719=VECTOR('',#4179,1.);
#720=VECTOR('',#4180,1.);
#721=VECTOR('',#4183,1.);
#722=VECTOR('',#4184,1.);
#723=VECTOR('',#4187,1.);
#724=VECTOR('',#4188,1.);
#725=VECTOR('',#4191,1.);
#726=VECTOR('',#4192,1.);
#727=VECTOR('',#4193,1.);
#728=VECTOR('',#4196,1.);
#729=VECTOR('',#4197,1.);
#730=VECTOR('',#4200,1.);
#731=VECTOR('',#4201,1.);
#732=VECTOR('',#4204,1.);
#733=VECTOR('',#4205,1.);
#734=VECTOR('',#4208,1.);
#735=VECTOR('',#4209,1.);
#736=VECTOR('',#4212,1.);
#737=VECTOR('',#4213,1.);
#738=VECTOR('',#4242,1.);
#739=VECTOR('',#4243,1.);
#740=VECTOR('',#4244,1.);
#741=VECTOR('',#4245,1.);
#742=VECTOR('',#4246,1.);
#743=VECTOR('',#4249,1.);
#744=VECTOR('',#4250,1.);
#745=VECTOR('',#4251,1.);
#746=VECTOR('',#4252,1.);
#747=VECTOR('',#4255,1.);
#748=VECTOR('',#4256,1.);
#749=VECTOR('',#4257,1.);
#750=VECTOR('',#4258,1.);
#751=VECTOR('',#4259,1.);
#752=VECTOR('',#4262,1.);
#753=VECTOR('',#4263,1.);
#754=VECTOR('',#4264,1.);
#755=VECTOR('',#4265,1.);
#756=VECTOR('',#4268,1.);
#757=VECTOR('',#4269,1.);
#758=VECTOR('',#4272,1.);
#759=VECTOR('',#4273,1.);
#760=VECTOR('',#4274,1.);
#761=VECTOR('',#4277,1.);
#762=VECTOR('',#4278,1.);
#763=VECTOR('',#4281,1.);
#764=VECTOR('',#4282,1.);
#765=VECTOR('',#4285,1.);
#766=VECTOR('',#4286,1.);
#767=VECTOR('',#4287,1.);
#768=VECTOR('',#4290,1.);
#769=VECTOR('',#4291,1.);
#770=VECTOR('',#4294,1.);
#771=VECTOR('',#4295,1.);
#772=VECTOR('',#4298,1.);
#773=VECTOR('',#4299,1.);
#774=VECTOR('',#4302,1.);
#775=VECTOR('',#4303,1.);
#776=VECTOR('',#4306,1.);
#777=VECTOR('',#4307,1.);
#778=VECTOR('',#4336,1.);
#779=VECTOR('',#4337,1.);
#780=VECTOR('',#4338,1.);
#781=VECTOR('',#4339,1.);
#782=VECTOR('',#4340,1.);
#783=VECTOR('',#4343,1.);
#784=VECTOR('',#4344,1.);
#785=VECTOR('',#4345,1.);
#786=VECTOR('',#4346,1.);
#787=VECTOR('',#4349,1.);
#788=VECTOR('',#4350,1.);
#789=VECTOR('',#4351,1.);
#790=VECTOR('',#4352,1.);
#791=VECTOR('',#4353,1.);
#792=VECTOR('',#4356,1.);
#793=VECTOR('',#4357,1.);
#794=VECTOR('',#4358,1.);
#795=VECTOR('',#4359,1.);
#796=VECTOR('',#4362,1.);
#797=VECTOR('',#4363,1.);
#798=VECTOR('',#4364,1.);
#799=VECTOR('',#4367,1.);
#800=VECTOR('',#4368,1.);
#801=VECTOR('',#4369,1.);
#802=VECTOR('',#4372,1.);
#803=VECTOR('',#4373,1.);
#804=VECTOR('',#4376,1.);
#805=VECTOR('',#4377,1.);
#806=VECTOR('',#4378,1.);
#807=VECTOR('',#4381,1.);
#808=VECTOR('',#4382,1.);
#809=VECTOR('',#4383,1.);
#810=VECTOR('',#4386,1.);
#811=VECTOR('',#4387,1.);
#812=VECTOR('',#4390,1.);
#813=VECTOR('',#4391,1.);
#814=VECTOR('',#4392,1.);
#815=VECTOR('',#4395,1.);
#816=VECTOR('',#4396,1.);
#817=VECTOR('',#4397,1.);
#818=VECTOR('',#4400,1.);
#819=VECTOR('',#4403,1.);
#820=VECTOR('',#4406,1.);
#821=VECTOR('',#4407,1.);
#822=VECTOR('',#4448,1.);
#823=VECTOR('',#4449,1.);
#824=VECTOR('',#4450,1.);
#825=VECTOR('',#4451,1.);
#826=VECTOR('',#4452,1.);
#827=VECTOR('',#4455,1.);
#828=VECTOR('',#4456,1.);
#829=VECTOR('',#4457,1.);
#830=VECTOR('',#4458,1.);
#831=VECTOR('',#4461,1.);
#832=VECTOR('',#4462,1.);
#833=VECTOR('',#4463,1.);
#834=VECTOR('',#4464,1.);
#835=VECTOR('',#4465,1.);
#836=VECTOR('',#4468,1.);
#837=VECTOR('',#4469,1.);
#838=VECTOR('',#4470,1.);
#839=VECTOR('',#4471,1.);
#840=VECTOR('',#4474,1.);
#841=VECTOR('',#4475,1.);
#842=VECTOR('',#4476,1.);
#843=VECTOR('',#4479,1.);
#844=VECTOR('',#4480,1.);
#845=VECTOR('',#4481,1.);
#846=VECTOR('',#4484,1.);
#847=VECTOR('',#4485,1.);
#848=VECTOR('',#4488,1.);
#849=VECTOR('',#4489,1.);
#850=VECTOR('',#4490,1.);
#851=VECTOR('',#4493,1.);
#852=VECTOR('',#4494,1.);
#853=VECTOR('',#4495,1.);
#854=VECTOR('',#4498,1.);
#855=VECTOR('',#4499,1.);
#856=VECTOR('',#4502,1.);
#857=VECTOR('',#4503,1.);
#858=VECTOR('',#4504,1.);
#859=VECTOR('',#4507,1.);
#860=VECTOR('',#4508,1.);
#861=VECTOR('',#4509,1.);
#862=VECTOR('',#4512,1.);
#863=VECTOR('',#4515,1.);
#864=VECTOR('',#4518,1.);
#865=VECTOR('',#4519,1.);
#866=VECTOR('',#4580,1.);
#867=VECTOR('',#4581,1.);
#868=VECTOR('',#4582,1.);
#869=VECTOR('',#4583,1.);
#870=VECTOR('',#4584,1.);
#871=VECTOR('',#4585,1.);
#872=VECTOR('',#4586,1.);
#873=VECTOR('',#4587,1.);
#874=VECTOR('',#4588,1.);
#875=VECTOR('',#4589,1.);
#876=VECTOR('',#4590,1.);
#877=VECTOR('',#4591,1.);
#878=VECTOR('',#4592,1.);
#879=VECTOR('',#4593,1.);
#880=VECTOR('',#4596,1.);
#881=VECTOR('',#4597,1.);
#882=VECTOR('',#4598,1.);
#883=VECTOR('',#4599,1.);
#884=VECTOR('',#4600,1.);
#885=VECTOR('',#4603,1.);
#886=VECTOR('',#4604,1.);
#887=VECTOR('',#4607,1.);
#888=VECTOR('',#4608,1.);
#889=VECTOR('',#4609,1.);
#890=VECTOR('',#4612,1.);
#891=VECTOR('',#4613,1.);
#892=VECTOR('',#4614,1.);
#893=VECTOR('',#4619,1.);
#894=VECTOR('',#4620,1.);
#895=VECTOR('',#4621,1.);
#896=VECTOR('',#4624,1.);
#897=VECTOR('',#4629,1.);
#898=VECTOR('',#4630,1.);
#899=VECTOR('',#4633,1.);
#900=VECTOR('',#4634,1.);
#901=VECTOR('',#4635,1.);
#902=VECTOR('',#4636,1.);
#903=VECTOR('',#4637,1.);
#904=VECTOR('',#4638,1.);
#905=VECTOR('',#4641,1.);
#906=VECTOR('',#4642,1.);
#907=VECTOR('',#4645,1.);
#908=VECTOR('',#4650,1.);
#909=VECTOR('',#4653,1.);
#910=VECTOR('',#4654,1.);
#911=VECTOR('',#4655,1.);
#912=VECTOR('',#4664,1.);
#913=VECTOR('',#4665,1.);
#914=VECTOR('',#4668,1.);
#915=VECTOR('',#4675,1.);
#916=VECTOR('',#4696,1.);
#917=VECTOR('',#4701,1.);
#918=VECTOR('',#4706,1.);
#919=VECTOR('',#4707,1.);
#920=VECTOR('',#4708,1.);
#921=VECTOR('',#4709,1.);
#922=VECTOR('',#4710,1.);
#923=VECTOR('',#4713,1.);
#924=VECTOR('',#4714,1.);
#925=VECTOR('',#4715,1.);
#926=VECTOR('',#4718,1.);
#927=VECTOR('',#4719,1.);
#928=VECTOR('',#4722,1.);
#929=VECTOR('',#4725,1.);
#930=VECTOR('',#4726,1.);
#931=VECTOR('',#4729,1.);
#932=VECTOR('',#4730,1.);
#933=VECTOR('',#4731,1.);
#934=VECTOR('',#4734,1.);
#935=VECTOR('',#4741,1.);
#936=VECTOR('',#4742,1.);
#937=VECTOR('',#4743,1.);
#938=VECTOR('',#4744,1.);
#939=VECTOR('',#4747,1.);
#940=VECTOR('',#4750,1.);
#941=VECTOR('',#4753,1.);
#942=VECTOR('',#4754,1.);
#943=VECTOR('',#4755,1.);
#944=VECTOR('',#4756,1.);
#945=VECTOR('',#4757,1.);
#946=VECTOR('',#4760,1.);
#947=VECTOR('',#4765,1.);
#948=VECTOR('',#4768,1.);
#949=VECTOR('',#4783,1.);
#950=VECTOR('',#4784,1.);
#951=VECTOR('',#4787,1.);
#952=VECTOR('',#4790,1.);
#953=VECTOR('',#4793,1.);
#954=VECTOR('',#4794,1.);
#955=VECTOR('',#4795,1.);
#956=VECTOR('',#4798,1.);
#957=VECTOR('',#4801,1.);
#958=VECTOR('',#4802,1.);
#959=VECTOR('',#4805,1.);
#960=VECTOR('',#4808,1.);
#961=VECTOR('',#4813,1.);
#962=VECTOR('',#4824,1.);
#963=VECTOR('',#4825,1.);
#964=VECTOR('',#4826,1.);
#965=VECTOR('',#4829,1.);
#966=VECTOR('',#4830,1.);
#967=VECTOR('',#4833,1.);
#968=VECTOR('',#4834,1.);
#969=VECTOR('',#4837,1.);
#970=VECTOR('',#4838,1.);
#971=VECTOR('',#4841,1.);
#972=VECTOR('',#4842,1.);
#973=VECTOR('',#4845,1.);
#974=VECTOR('',#4850,1.);
#975=VECTOR('',#4855,1.);
#976=VECTOR('',#4860,1.);
#977=VECTOR('',#4865,1.);
#978=VECTOR('',#4870,1.);
#979=VECTOR('',#4875,1.);
#980=VECTOR('',#4880,1.);
#981=CIRCLE('',#3617,0.0035);
#982=CIRCLE('',#3618,0.0035);
#983=CIRCLE('',#3619,0.0035);
#984=CIRCLE('',#3620,0.0035);
#985=CIRCLE('',#3621,0.0035);
#986=CIRCLE('',#3622,0.0035);
#987=CIRCLE('',#3623,0.0035);
#988=CIRCLE('',#3624,0.0035);
#989=CIRCLE('',#3630,0.0035);
#990=CIRCLE('',#3631,0.0035);
#991=CIRCLE('',#3632,0.0035);
#992=CIRCLE('',#3633,0.0035);
#993=CIRCLE('',#3634,0.0035);
#994=CIRCLE('',#3635,0.0035);
#995=CIRCLE('',#3636,0.0035);
#996=CIRCLE('',#3637,0.0035);
#997=CIRCLE('',#3643,0.003);
#998=CIRCLE('',#3644,0.003);
#999=CIRCLE('',#3645,0.00425);
#1000=CIRCLE('',#3646,0.00425);
#1001=CIRCLE('',#3648,0.002);
#1002=CIRCLE('',#3650,0.00425);
#1003=CIRCLE('',#3651,0.00425);
#1004=CIRCLE('',#3652,0.00425);
#1005=CIRCLE('',#3653,0.00425);
#1006=CIRCLE('',#3655,0.002);
#1007=CIRCLE('',#3657,0.00425);
#1008=CIRCLE('',#3659,0.002);
#1009=CIRCLE('',#3662,0.002);
#1010=CIRCLE('',#3665,0.00425);
#1011=CIRCLE('',#3668,0.00425);
#1012=CIRCLE('',#3672,0.003);
#1013=CIRCLE('',#3674,0.003);
#1014=CIRCLE('',#3690,0.002);
#1015=CIRCLE('',#3692,0.002);
#1016=CIRCLE('',#3695,0.002);
#1017=CIRCLE('',#3699,0.002);
#1018=CIRCLE('',#3717,0.002);
#1019=CIRCLE('',#3719,0.002);
#1020=CIRCLE('',#3722,0.002);
#1021=CIRCLE('',#3726,0.002);
#1022=CIRCLE('',#3742,0.0035);
#1023=CIRCLE('',#3744,0.0035);
#1024=CIRCLE('',#3746,0.002);
#1025=CIRCLE('',#3748,0.002);
#1026=CIRCLE('',#3750,0.0035);
#1027=CIRCLE('',#3752,0.002);
#1028=CIRCLE('',#3754,0.0035);
#1029=CIRCLE('',#3756,0.0035);
#1030=CIRCLE('',#3758,0.002);
#1031=CIRCLE('',#3760,0.0035);
#1032=CIRCLE('',#3762,0.0035);
#1033=CIRCLE('',#3776,0.0035);
#1034=CIRCLE('',#3778,0.0035);
#1035=CIRCLE('',#3780,0.002);
#1036=CIRCLE('',#3782,0.002);
#1037=CIRCLE('',#3784,0.0035);
#1038=CIRCLE('',#3786,0.002);
#1039=CIRCLE('',#3788,0.0035);
#1040=CIRCLE('',#3790,0.0035);
#1041=CIRCLE('',#3792,0.002);
#1042=CIRCLE('',#3794,0.0035);
#1043=CIRCLE('',#3796,0.0035);
#1044=CIRCLE('',#3798,0.0035);
#1045=CIRCLE('',#3800,0.0035);
#1046=CIRCLE('',#3801,0.0035);
#1047=CIRCLE('',#3803,0.0035);
#1048=CIRCLE('',#3804,0.0035);
#1049=CIRCLE('',#3806,0.0035);
#1050=CIRCLE('',#3810,0.015);
#1051=CIRCLE('',#3811,0.015);
#1052=CIRCLE('',#3812,0.0149999999999997);
#1053=CIRCLE('',#3815,0.015);
#1054=CIRCLE('',#3820,0.015);
#1055=CIRCLE('',#3823,0.002);
#1056=CIRCLE('',#3824,0.002);
#1057=CIRCLE('',#3825,0.002);
#1058=CIRCLE('',#3828,0.0149999999999997);
#1059=CIRCLE('',#3831,0.002);
#1060=CIRCLE('',#3848,0.00425);
#1061=CIRCLE('',#3857,0.00425);
#1062=CIRCLE('',#3858,0.00425);
#1063=ELLIPSE('',#3612,0.00404145188432738,0.0035);
#1064=ELLIPSE('',#3613,0.00404145188432738,0.0035);
#1065=ELLIPSE('',#3614,0.00404145188432738,0.0035);
#1066=ELLIPSE('',#3615,0.00404145188432738,0.0035);
#1067=ELLIPSE('',#3625,0.00404145188432738,0.0035);
#1068=ELLIPSE('',#3626,0.00404145188432738,0.0035);
#1069=ELLIPSE('',#3627,0.00404145188432738,0.0035);
#1070=ELLIPSE('',#3628,0.00404145188432738,0.0035);
#1071=ELLIPSE('',#3638,0.00404145188432738,0.0035);
#1072=ELLIPSE('',#3639,0.00404145188432738,0.0035);
#1073=ELLIPSE('',#3640,0.00404145188432738,0.0035);
#1074=ELLIPSE('',#3641,0.00404145188432738,0.0035);
#1075=ORIENTED_EDGE('',*,*,#2079,.F.);
#1076=ORIENTED_EDGE('',*,*,#2080,.T.);
#1077=ORIENTED_EDGE('',*,*,#2081,.T.);
#1078=ORIENTED_EDGE('',*,*,#2082,.F.);
#1079=ORIENTED_EDGE('',*,*,#2083,.T.);
#1080=ORIENTED_EDGE('',*,*,#2084,.T.);
#1081=ORIENTED_EDGE('',*,*,#2085,.F.);
#1082=ORIENTED_EDGE('',*,*,#2086,.T.);
#1083=ORIENTED_EDGE('',*,*,#2087,.T.);
#1084=ORIENTED_EDGE('',*,*,#2088,.T.);
#1085=ORIENTED_EDGE('',*,*,#2089,.F.);
#1086=ORIENTED_EDGE('',*,*,#2090,.T.);
#1087=ORIENTED_EDGE('',*,*,#2091,.T.);
#1088=ORIENTED_EDGE('',*,*,#2092,.T.);
#1089=ORIENTED_EDGE('',*,*,#2093,.T.);
#1090=ORIENTED_EDGE('',*,*,#2094,.T.);
#1091=ORIENTED_EDGE('',*,*,#2095,.F.);
#1092=ORIENTED_EDGE('',*,*,#2096,.T.);
#1093=ORIENTED_EDGE('',*,*,#2097,.T.);
#1094=ORIENTED_EDGE('',*,*,#2098,.T.);
#1095=ORIENTED_EDGE('',*,*,#2099,.T.);
#1096=ORIENTED_EDGE('',*,*,#2100,.F.);
#1097=ORIENTED_EDGE('',*,*,#2101,.T.);
#1098=ORIENTED_EDGE('',*,*,#2102,.T.);
#1099=ORIENTED_EDGE('',*,*,#2103,.F.);
#1100=ORIENTED_EDGE('',*,*,#2104,.T.);
#1101=ORIENTED_EDGE('',*,*,#2105,.T.);
#1102=ORIENTED_EDGE('',*,*,#2106,.T.);
#1103=ORIENTED_EDGE('',*,*,#2107,.F.);
#1104=ORIENTED_EDGE('',*,*,#2108,.T.);
#1105=ORIENTED_EDGE('',*,*,#2109,.T.);
#1106=ORIENTED_EDGE('',*,*,#2110,.T.);
#1107=ORIENTED_EDGE('',*,*,#2111,.T.);
#1108=ORIENTED_EDGE('',*,*,#2112,.T.);
#1109=ORIENTED_EDGE('',*,*,#2113,.F.);
#1110=ORIENTED_EDGE('',*,*,#2114,.T.);
#1111=ORIENTED_EDGE('',*,*,#2115,.T.);
#1112=ORIENTED_EDGE('',*,*,#2116,.T.);
#1113=ORIENTED_EDGE('',*,*,#2117,.T.);
#1114=ORIENTED_EDGE('',*,*,#2118,.F.);
#1115=ORIENTED_EDGE('',*,*,#2119,.T.);
#1116=ORIENTED_EDGE('',*,*,#2120,.T.);
#1117=ORIENTED_EDGE('',*,*,#2121,.F.);
#1118=ORIENTED_EDGE('',*,*,#2122,.F.);
#1119=ORIENTED_EDGE('',*,*,#2123,.T.);
#1120=ORIENTED_EDGE('',*,*,#2124,.T.);
#1121=ORIENTED_EDGE('',*,*,#2125,.F.);
#1122=ORIENTED_EDGE('',*,*,#2126,.T.);
#1123=ORIENTED_EDGE('',*,*,#2127,.T.);
#1124=ORIENTED_EDGE('',*,*,#2128,.F.);
#1125=ORIENTED_EDGE('',*,*,#2129,.T.);
#1126=ORIENTED_EDGE('',*,*,#2130,.T.);
#1127=ORIENTED_EDGE('',*,*,#2131,.F.);
#1128=ORIENTED_EDGE('',*,*,#2132,.F.);
#1129=ORIENTED_EDGE('',*,*,#2133,.T.);
#1130=ORIENTED_EDGE('',*,*,#2134,.T.);
#1131=ORIENTED_EDGE('',*,*,#2135,.F.);
#1132=ORIENTED_EDGE('',*,*,#2136,.T.);
#1133=ORIENTED_EDGE('',*,*,#2137,.F.);
#1134=ORIENTED_EDGE('',*,*,#2138,.T.);
#1135=ORIENTED_EDGE('',*,*,#2139,.F.);
#1136=ORIENTED_EDGE('',*,*,#2140,.T.);
#1137=ORIENTED_EDGE('',*,*,#2141,.T.);
#1138=ORIENTED_EDGE('',*,*,#2142,.F.);
#1139=ORIENTED_EDGE('',*,*,#2143,.T.);
#1140=ORIENTED_EDGE('',*,*,#2144,.T.);
#1141=ORIENTED_EDGE('',*,*,#2145,.T.);
#1142=ORIENTED_EDGE('',*,*,#2146,.F.);
#1143=ORIENTED_EDGE('',*,*,#2147,.T.);
#1144=ORIENTED_EDGE('',*,*,#2148,.T.);
#1145=ORIENTED_EDGE('',*,*,#2149,.F.);
#1146=ORIENTED_EDGE('',*,*,#2150,.F.);
#1147=ORIENTED_EDGE('',*,*,#2151,.T.);
#1148=ORIENTED_EDGE('',*,*,#2152,.F.);
#1149=ORIENTED_EDGE('',*,*,#2153,.T.);
#1150=ORIENTED_EDGE('',*,*,#2154,.F.);
#1151=ORIENTED_EDGE('',*,*,#2155,.F.);
#1152=ORIENTED_EDGE('',*,*,#2156,.F.);
#1153=ORIENTED_EDGE('',*,*,#2118,.T.);
#1154=ORIENTED_EDGE('',*,*,#2157,.T.);
#1155=ORIENTED_EDGE('',*,*,#2158,.T.);
#1156=ORIENTED_EDGE('',*,*,#2159,.F.);
#1157=ORIENTED_EDGE('',*,*,#2160,.F.);
#1158=ORIENTED_EDGE('',*,*,#2079,.T.);
#1159=ORIENTED_EDGE('',*,*,#2161,.F.);
#1160=ORIENTED_EDGE('',*,*,#2162,.T.);
#1161=ORIENTED_EDGE('',*,*,#2163,.F.);
#1162=ORIENTED_EDGE('',*,*,#2164,.T.);
#1163=ORIENTED_EDGE('',*,*,#2165,.T.);
#1164=ORIENTED_EDGE('',*,*,#2166,.F.);
#1165=ORIENTED_EDGE('',*,*,#2167,.F.);
#1166=ORIENTED_EDGE('',*,*,#2168,.F.);
#1167=ORIENTED_EDGE('',*,*,#2169,.T.);
#1168=ORIENTED_EDGE('',*,*,#2170,.F.);
#1169=ORIENTED_EDGE('',*,*,#2171,.T.);
#1170=ORIENTED_EDGE('',*,*,#2172,.F.);
#1171=ORIENTED_EDGE('',*,*,#2140,.F.);
#1172=ORIENTED_EDGE('',*,*,#2173,.F.);
#1173=ORIENTED_EDGE('',*,*,#2085,.T.);
#1174=ORIENTED_EDGE('',*,*,#2174,.F.);
#1175=ORIENTED_EDGE('',*,*,#2103,.T.);
#1176=ORIENTED_EDGE('',*,*,#2175,.F.);
#1177=ORIENTED_EDGE('',*,*,#2176,.F.);
#1178=ORIENTED_EDGE('',*,*,#2177,.F.);
#1179=ORIENTED_EDGE('',*,*,#2150,.T.);
#1180=ORIENTED_EDGE('',*,*,#2178,.T.);
#1181=ORIENTED_EDGE('',*,*,#2179,.T.);
#1182=ORIENTED_EDGE('',*,*,#2180,.F.);
#1183=ORIENTED_EDGE('',*,*,#2181,.F.);
#1184=ORIENTED_EDGE('',*,*,#2182,.F.);
#1185=ORIENTED_EDGE('',*,*,#2176,.T.);
#1186=ORIENTED_EDGE('',*,*,#2183,.T.);
#1187=ORIENTED_EDGE('',*,*,#2184,.F.);
#1188=ORIENTED_EDGE('',*,*,#2185,.F.);
#1189=ORIENTED_EDGE('',*,*,#2186,.F.);
#1190=ORIENTED_EDGE('',*,*,#2168,.T.);
#1191=ORIENTED_EDGE('',*,*,#2187,.T.);
#1192=ORIENTED_EDGE('',*,*,#2188,.T.);
#1193=ORIENTED_EDGE('',*,*,#2189,.F.);
#1194=ORIENTED_EDGE('',*,*,#2190,.F.);
#1195=ORIENTED_EDGE('',*,*,#2191,.F.);
#1196=ORIENTED_EDGE('',*,*,#2185,.T.);
#1197=ORIENTED_EDGE('',*,*,#2192,.T.);
#1198=ORIENTED_EDGE('',*,*,#2193,.F.);
#1199=ORIENTED_EDGE('',*,*,#2194,.F.);
#1200=ORIENTED_EDGE('',*,*,#2195,.T.);
#1201=ORIENTED_EDGE('',*,*,#2196,.F.);
#1202=ORIENTED_EDGE('',*,*,#2153,.F.);
#1203=ORIENTED_EDGE('',*,*,#2197,.T.);
#1204=ORIENTED_EDGE('',*,*,#2146,.T.);
#1205=ORIENTED_EDGE('',*,*,#2198,.T.);
#1206=ORIENTED_EDGE('',*,*,#2199,.T.);
#1207=ORIENTED_EDGE('',*,*,#2200,.T.);
#1208=ORIENTED_EDGE('',*,*,#2201,.F.);
#1209=ORIENTED_EDGE('',*,*,#2202,.T.);
#1210=ORIENTED_EDGE('',*,*,#2203,.F.);
#1211=ORIENTED_EDGE('',*,*,#2204,.F.);
#1212=ORIENTED_EDGE('',*,*,#2205,.F.);
#1213=ORIENTED_EDGE('',*,*,#2206,.T.);
#1214=ORIENTED_EDGE('',*,*,#2180,.T.);
#1215=ORIENTED_EDGE('',*,*,#2207,.F.);
#1216=ORIENTED_EDGE('',*,*,#2208,.F.);
#1217=ORIENTED_EDGE('',*,*,#2158,.F.);
#1218=ORIENTED_EDGE('',*,*,#2209,.T.);
#1219=ORIENTED_EDGE('',*,*,#2210,.F.);
#1220=ORIENTED_EDGE('',*,*,#2211,.F.);
#1221=ORIENTED_EDGE('',*,*,#2212,.T.);
#1222=ORIENTED_EDGE('',*,*,#2213,.F.);
#1223=ORIENTED_EDGE('',*,*,#2171,.F.);
#1224=ORIENTED_EDGE('',*,*,#2214,.T.);
#1225=ORIENTED_EDGE('',*,*,#2215,.T.);
#1226=ORIENTED_EDGE('',*,*,#2216,.T.);
#1227=ORIENTED_EDGE('',*,*,#2161,.T.);
#1228=ORIENTED_EDGE('',*,*,#2217,.F.);
#1229=ORIENTED_EDGE('',*,*,#2218,.T.);
#1230=ORIENTED_EDGE('',*,*,#2219,.F.);
#1231=ORIENTED_EDGE('',*,*,#2189,.T.);
#1232=ORIENTED_EDGE('',*,*,#2220,.F.);
#1233=ORIENTED_EDGE('',*,*,#2221,.T.);
#1234=ORIENTED_EDGE('',*,*,#2222,.T.);
#1235=ORIENTED_EDGE('',*,*,#2223,.T.);
#1236=ORIENTED_EDGE('',*,*,#2224,.T.);
#1237=ORIENTED_EDGE('',*,*,#2225,.F.);
#1238=ORIENTED_EDGE('',*,*,#2226,.T.);
#1239=ORIENTED_EDGE('',*,*,#2227,.F.);
#1240=ORIENTED_EDGE('',*,*,#2228,.T.);
#1241=ORIENTED_EDGE('',*,*,#2229,.T.);
#1242=ORIENTED_EDGE('',*,*,#2230,.F.);
#1243=ORIENTED_EDGE('',*,*,#2231,.T.);
#1244=ORIENTED_EDGE('',*,*,#2232,.T.);
#1245=ORIENTED_EDGE('',*,*,#2233,.T.);
#1246=ORIENTED_EDGE('',*,*,#2234,.T.);
#1247=ORIENTED_EDGE('',*,*,#2235,.T.);
#1248=ORIENTED_EDGE('',*,*,#2236,.T.);
#1249=ORIENTED_EDGE('',*,*,#2237,.T.);
#1250=ORIENTED_EDGE('',*,*,#2238,.T.);
#1251=ORIENTED_EDGE('',*,*,#2239,.T.);
#1252=ORIENTED_EDGE('',*,*,#2219,.T.);
#1253=ORIENTED_EDGE('',*,*,#2240,.F.);
#1254=ORIENTED_EDGE('',*,*,#2126,.F.);
#1255=ORIENTED_EDGE('',*,*,#2241,.F.);
#1256=ORIENTED_EDGE('',*,*,#2242,.T.);
#1257=ORIENTED_EDGE('',*,*,#2243,.F.);
#1258=ORIENTED_EDGE('',*,*,#2123,.F.);
#1259=ORIENTED_EDGE('',*,*,#2244,.F.);
#1260=ORIENTED_EDGE('',*,*,#2245,.T.);
#1261=ORIENTED_EDGE('',*,*,#2246,.T.);
#1262=ORIENTED_EDGE('',*,*,#2247,.F.);
#1263=ORIENTED_EDGE('',*,*,#2248,.T.);
#1264=ORIENTED_EDGE('',*,*,#2249,.F.);
#1265=ORIENTED_EDGE('',*,*,#2250,.T.);
#1266=ORIENTED_EDGE('',*,*,#2251,.T.);
#1267=ORIENTED_EDGE('',*,*,#2250,.F.);
#1268=ORIENTED_EDGE('',*,*,#2252,.F.);
#1269=ORIENTED_EDGE('',*,*,#2253,.T.);
#1270=ORIENTED_EDGE('',*,*,#2254,.T.);
#1271=ORIENTED_EDGE('',*,*,#2255,.T.);
#1272=ORIENTED_EDGE('',*,*,#2256,.F.);
#1273=ORIENTED_EDGE('',*,*,#2257,.F.);
#1274=ORIENTED_EDGE('',*,*,#2258,.T.);
#1275=ORIENTED_EDGE('',*,*,#2259,.T.);
#1276=ORIENTED_EDGE('',*,*,#2260,.T.);
#1277=ORIENTED_EDGE('',*,*,#2261,.F.);
#1278=ORIENTED_EDGE('',*,*,#2262,.T.);
#1279=ORIENTED_EDGE('',*,*,#2263,.F.);
#1280=ORIENTED_EDGE('',*,*,#2256,.T.);
#1281=ORIENTED_EDGE('',*,*,#2264,.F.);
#1282=ORIENTED_EDGE('',*,*,#2115,.F.);
#1283=ORIENTED_EDGE('',*,*,#2265,.T.);
#1284=ORIENTED_EDGE('',*,*,#2258,.F.);
#1285=ORIENTED_EDGE('',*,*,#2266,.T.);
#1286=ORIENTED_EDGE('',*,*,#2259,.F.);
#1287=ORIENTED_EDGE('',*,*,#2267,.F.);
#1288=ORIENTED_EDGE('',*,*,#2268,.T.);
#1289=ORIENTED_EDGE('',*,*,#2269,.T.);
#1290=ORIENTED_EDGE('',*,*,#2268,.F.);
#1291=ORIENTED_EDGE('',*,*,#2270,.F.);
#1292=ORIENTED_EDGE('',*,*,#2247,.T.);
#1293=ORIENTED_EDGE('',*,*,#2271,.F.);
#1294=ORIENTED_EDGE('',*,*,#2248,.F.);
#1295=ORIENTED_EDGE('',*,*,#2272,.T.);
#1296=ORIENTED_EDGE('',*,*,#2113,.T.);
#1297=ORIENTED_EDGE('',*,*,#2273,.T.);
#1298=ORIENTED_EDGE('',*,*,#2254,.F.);
#1299=ORIENTED_EDGE('',*,*,#2274,.F.);
#1300=ORIENTED_EDGE('',*,*,#2275,.T.);
#1301=ORIENTED_EDGE('',*,*,#2276,.T.);
#1302=ORIENTED_EDGE('',*,*,#2275,.F.);
#1303=ORIENTED_EDGE('',*,*,#2277,.F.);
#1304=ORIENTED_EDGE('',*,*,#2261,.T.);
#1305=ORIENTED_EDGE('',*,*,#2278,.F.);
#1306=ORIENTED_EDGE('',*,*,#2262,.F.);
#1307=ORIENTED_EDGE('',*,*,#2279,.T.);
#1308=ORIENTED_EDGE('',*,*,#2107,.T.);
#1309=ORIENTED_EDGE('',*,*,#2280,.F.);
#1310=ORIENTED_EDGE('',*,*,#2109,.F.);
#1311=ORIENTED_EDGE('',*,*,#2281,.T.);
#1312=ORIENTED_EDGE('',*,*,#2253,.F.);
#1313=ORIENTED_EDGE('',*,*,#2282,.F.);
#1314=ORIENTED_EDGE('',*,*,#2111,.F.);
#1315=ORIENTED_EDGE('',*,*,#2283,.F.);
#1316=ORIENTED_EDGE('',*,*,#2252,.T.);
#1317=ORIENTED_EDGE('',*,*,#2249,.T.);
#1318=ORIENTED_EDGE('',*,*,#2284,.F.);
#1319=ORIENTED_EDGE('',*,*,#2257,.T.);
#1320=ORIENTED_EDGE('',*,*,#2263,.T.);
#1321=ORIENTED_EDGE('',*,*,#2285,.F.);
#1322=ORIENTED_EDGE('',*,*,#2105,.F.);
#1323=ORIENTED_EDGE('',*,*,#2269,.F.);
#1324=ORIENTED_EDGE('',*,*,#2246,.F.);
#1325=ORIENTED_EDGE('',*,*,#2286,.T.);
#1326=ORIENTED_EDGE('',*,*,#2266,.F.);
#1327=ORIENTED_EDGE('',*,*,#2287,.T.);
#1328=ORIENTED_EDGE('',*,*,#2255,.F.);
#1329=ORIENTED_EDGE('',*,*,#2281,.F.);
#1330=ORIENTED_EDGE('',*,*,#2108,.F.);
#1331=ORIENTED_EDGE('',*,*,#2279,.F.);
#1332=ORIENTED_EDGE('',*,*,#2277,.T.);
#1333=ORIENTED_EDGE('',*,*,#2274,.T.);
#1334=ORIENTED_EDGE('',*,*,#2251,.F.);
#1335=ORIENTED_EDGE('',*,*,#2273,.F.);
#1336=ORIENTED_EDGE('',*,*,#2288,.T.);
#1337=ORIENTED_EDGE('',*,*,#2272,.F.);
#1338=ORIENTED_EDGE('',*,*,#2270,.T.);
#1339=ORIENTED_EDGE('',*,*,#2267,.T.);
#1340=ORIENTED_EDGE('',*,*,#2265,.F.);
#1341=ORIENTED_EDGE('',*,*,#2114,.F.);
#1342=ORIENTED_EDGE('',*,*,#2264,.T.);
#1343=ORIENTED_EDGE('',*,*,#2284,.T.);
#1344=ORIENTED_EDGE('',*,*,#2104,.F.);
#1345=ORIENTED_EDGE('',*,*,#2276,.F.);
#1346=ORIENTED_EDGE('',*,*,#2260,.F.);
#1347=ORIENTED_EDGE('',*,*,#2289,.T.);
#1348=ORIENTED_EDGE('',*,*,#2112,.F.);
#1349=ORIENTED_EDGE('',*,*,#2282,.T.);
#1350=ORIENTED_EDGE('',*,*,#2271,.T.);
#1351=ORIENTED_EDGE('',*,*,#2110,.F.);
#1352=ORIENTED_EDGE('',*,*,#2280,.T.);
#1353=ORIENTED_EDGE('',*,*,#2283,.T.);
#1354=ORIENTED_EDGE('',*,*,#2290,.T.);
#1355=ORIENTED_EDGE('',*,*,#2291,.F.);
#1356=ORIENTED_EDGE('',*,*,#2292,.T.);
#1357=ORIENTED_EDGE('',*,*,#2293,.F.);
#1358=ORIENTED_EDGE('',*,*,#2294,.T.);
#1359=ORIENTED_EDGE('',*,*,#2295,.T.);
#1360=ORIENTED_EDGE('',*,*,#2294,.F.);
#1361=ORIENTED_EDGE('',*,*,#2296,.F.);
#1362=ORIENTED_EDGE('',*,*,#2297,.T.);
#1363=ORIENTED_EDGE('',*,*,#2298,.T.);
#1364=ORIENTED_EDGE('',*,*,#2299,.T.);
#1365=ORIENTED_EDGE('',*,*,#2300,.F.);
#1366=ORIENTED_EDGE('',*,*,#2301,.F.);
#1367=ORIENTED_EDGE('',*,*,#2302,.T.);
#1368=ORIENTED_EDGE('',*,*,#2303,.T.);
#1369=ORIENTED_EDGE('',*,*,#2304,.T.);
#1370=ORIENTED_EDGE('',*,*,#2305,.F.);
#1371=ORIENTED_EDGE('',*,*,#2306,.T.);
#1372=ORIENTED_EDGE('',*,*,#2307,.F.);
#1373=ORIENTED_EDGE('',*,*,#2300,.T.);
#1374=ORIENTED_EDGE('',*,*,#2308,.F.);
#1375=ORIENTED_EDGE('',*,*,#2097,.F.);
#1376=ORIENTED_EDGE('',*,*,#2309,.T.);
#1377=ORIENTED_EDGE('',*,*,#2302,.F.);
#1378=ORIENTED_EDGE('',*,*,#2310,.T.);
#1379=ORIENTED_EDGE('',*,*,#2303,.F.);
#1380=ORIENTED_EDGE('',*,*,#2311,.F.);
#1381=ORIENTED_EDGE('',*,*,#2312,.T.);
#1382=ORIENTED_EDGE('',*,*,#2313,.T.);
#1383=ORIENTED_EDGE('',*,*,#2312,.F.);
#1384=ORIENTED_EDGE('',*,*,#2314,.F.);
#1385=ORIENTED_EDGE('',*,*,#2291,.T.);
#1386=ORIENTED_EDGE('',*,*,#2315,.F.);
#1387=ORIENTED_EDGE('',*,*,#2292,.F.);
#1388=ORIENTED_EDGE('',*,*,#2316,.T.);
#1389=ORIENTED_EDGE('',*,*,#2095,.T.);
#1390=ORIENTED_EDGE('',*,*,#2317,.T.);
#1391=ORIENTED_EDGE('',*,*,#2298,.F.);
#1392=ORIENTED_EDGE('',*,*,#2318,.F.);
#1393=ORIENTED_EDGE('',*,*,#2319,.T.);
#1394=ORIENTED_EDGE('',*,*,#2320,.T.);
#1395=ORIENTED_EDGE('',*,*,#2319,.F.);
#1396=ORIENTED_EDGE('',*,*,#2321,.F.);
#1397=ORIENTED_EDGE('',*,*,#2305,.T.);
#1398=ORIENTED_EDGE('',*,*,#2322,.F.);
#1399=ORIENTED_EDGE('',*,*,#2306,.F.);
#1400=ORIENTED_EDGE('',*,*,#2323,.T.);
#1401=ORIENTED_EDGE('',*,*,#2089,.T.);
#1402=ORIENTED_EDGE('',*,*,#2324,.F.);
#1403=ORIENTED_EDGE('',*,*,#2091,.F.);
#1404=ORIENTED_EDGE('',*,*,#2325,.T.);
#1405=ORIENTED_EDGE('',*,*,#2297,.F.);
#1406=ORIENTED_EDGE('',*,*,#2326,.F.);
#1407=ORIENTED_EDGE('',*,*,#2093,.F.);
#1408=ORIENTED_EDGE('',*,*,#2327,.F.);
#1409=ORIENTED_EDGE('',*,*,#2296,.T.);
#1410=ORIENTED_EDGE('',*,*,#2293,.T.);
#1411=ORIENTED_EDGE('',*,*,#2328,.F.);
#1412=ORIENTED_EDGE('',*,*,#2301,.T.);
#1413=ORIENTED_EDGE('',*,*,#2307,.T.);
#1414=ORIENTED_EDGE('',*,*,#2329,.F.);
#1415=ORIENTED_EDGE('',*,*,#2087,.F.);
#1416=ORIENTED_EDGE('',*,*,#2313,.F.);
#1417=ORIENTED_EDGE('',*,*,#2290,.F.);
#1418=ORIENTED_EDGE('',*,*,#2330,.T.);
#1419=ORIENTED_EDGE('',*,*,#2310,.F.);
#1420=ORIENTED_EDGE('',*,*,#2331,.T.);
#1421=ORIENTED_EDGE('',*,*,#2299,.F.);
#1422=ORIENTED_EDGE('',*,*,#2325,.F.);
#1423=ORIENTED_EDGE('',*,*,#2090,.F.);
#1424=ORIENTED_EDGE('',*,*,#2323,.F.);
#1425=ORIENTED_EDGE('',*,*,#2321,.T.);
#1426=ORIENTED_EDGE('',*,*,#2318,.T.);
#1427=ORIENTED_EDGE('',*,*,#2295,.F.);
#1428=ORIENTED_EDGE('',*,*,#2317,.F.);
#1429=ORIENTED_EDGE('',*,*,#2332,.T.);
#1430=ORIENTED_EDGE('',*,*,#2316,.F.);
#1431=ORIENTED_EDGE('',*,*,#2314,.T.);
#1432=ORIENTED_EDGE('',*,*,#2311,.T.);
#1433=ORIENTED_EDGE('',*,*,#2309,.F.);
#1434=ORIENTED_EDGE('',*,*,#2096,.F.);
#1435=ORIENTED_EDGE('',*,*,#2308,.T.);
#1436=ORIENTED_EDGE('',*,*,#2328,.T.);
#1437=ORIENTED_EDGE('',*,*,#2086,.F.);
#1438=ORIENTED_EDGE('',*,*,#2320,.F.);
#1439=ORIENTED_EDGE('',*,*,#2304,.F.);
#1440=ORIENTED_EDGE('',*,*,#2333,.T.);
#1441=ORIENTED_EDGE('',*,*,#2094,.F.);
#1442=ORIENTED_EDGE('',*,*,#2326,.T.);
#1443=ORIENTED_EDGE('',*,*,#2315,.T.);
#1444=ORIENTED_EDGE('',*,*,#2092,.F.);
#1445=ORIENTED_EDGE('',*,*,#2324,.T.);
#1446=ORIENTED_EDGE('',*,*,#2327,.T.);
#1447=ORIENTED_EDGE('',*,*,#2334,.T.);
#1448=ORIENTED_EDGE('',*,*,#2335,.F.);
#1449=ORIENTED_EDGE('',*,*,#2336,.T.);
#1450=ORIENTED_EDGE('',*,*,#2337,.F.);
#1451=ORIENTED_EDGE('',*,*,#2338,.T.);
#1452=ORIENTED_EDGE('',*,*,#2339,.T.);
#1453=ORIENTED_EDGE('',*,*,#2338,.F.);
#1454=ORIENTED_EDGE('',*,*,#2340,.F.);
#1455=ORIENTED_EDGE('',*,*,#2341,.T.);
#1456=ORIENTED_EDGE('',*,*,#2342,.T.);
#1457=ORIENTED_EDGE('',*,*,#2343,.T.);
#1458=ORIENTED_EDGE('',*,*,#2344,.F.);
#1459=ORIENTED_EDGE('',*,*,#2345,.F.);
#1460=ORIENTED_EDGE('',*,*,#2346,.T.);
#1461=ORIENTED_EDGE('',*,*,#2347,.T.);
#1462=ORIENTED_EDGE('',*,*,#2348,.T.);
#1463=ORIENTED_EDGE('',*,*,#2349,.F.);
#1464=ORIENTED_EDGE('',*,*,#2350,.T.);
#1465=ORIENTED_EDGE('',*,*,#2351,.F.);
#1466=ORIENTED_EDGE('',*,*,#2344,.T.);
#1467=ORIENTED_EDGE('',*,*,#2352,.F.);
#1468=ORIENTED_EDGE('',*,*,#2353,.F.);
#1469=ORIENTED_EDGE('',*,*,#2354,.T.);
#1470=ORIENTED_EDGE('',*,*,#2346,.F.);
#1471=ORIENTED_EDGE('',*,*,#2355,.T.);
#1472=ORIENTED_EDGE('',*,*,#2347,.F.);
#1473=ORIENTED_EDGE('',*,*,#2356,.F.);
#1474=ORIENTED_EDGE('',*,*,#2357,.T.);
#1475=ORIENTED_EDGE('',*,*,#2358,.T.);
#1476=ORIENTED_EDGE('',*,*,#2357,.F.);
#1477=ORIENTED_EDGE('',*,*,#2359,.F.);
#1478=ORIENTED_EDGE('',*,*,#2335,.T.);
#1479=ORIENTED_EDGE('',*,*,#2360,.F.);
#1480=ORIENTED_EDGE('',*,*,#2336,.F.);
#1481=ORIENTED_EDGE('',*,*,#2361,.T.);
#1482=ORIENTED_EDGE('',*,*,#2362,.T.);
#1483=ORIENTED_EDGE('',*,*,#2363,.T.);
#1484=ORIENTED_EDGE('',*,*,#2342,.F.);
#1485=ORIENTED_EDGE('',*,*,#2364,.F.);
#1486=ORIENTED_EDGE('',*,*,#2365,.T.);
#1487=ORIENTED_EDGE('',*,*,#2366,.T.);
#1488=ORIENTED_EDGE('',*,*,#2365,.F.);
#1489=ORIENTED_EDGE('',*,*,#2367,.F.);
#1490=ORIENTED_EDGE('',*,*,#2349,.T.);
#1491=ORIENTED_EDGE('',*,*,#2368,.F.);
#1492=ORIENTED_EDGE('',*,*,#2350,.F.);
#1493=ORIENTED_EDGE('',*,*,#2369,.T.);
#1494=ORIENTED_EDGE('',*,*,#2370,.T.);
#1495=ORIENTED_EDGE('',*,*,#2371,.F.);
#1496=ORIENTED_EDGE('',*,*,#2372,.F.);
#1497=ORIENTED_EDGE('',*,*,#2373,.T.);
#1498=ORIENTED_EDGE('',*,*,#2341,.F.);
#1499=ORIENTED_EDGE('',*,*,#2374,.F.);
#1500=ORIENTED_EDGE('',*,*,#2375,.F.);
#1501=ORIENTED_EDGE('',*,*,#2376,.F.);
#1502=ORIENTED_EDGE('',*,*,#2340,.T.);
#1503=ORIENTED_EDGE('',*,*,#2337,.T.);
#1504=ORIENTED_EDGE('',*,*,#2377,.F.);
#1505=ORIENTED_EDGE('',*,*,#2345,.T.);
#1506=ORIENTED_EDGE('',*,*,#2351,.T.);
#1507=ORIENTED_EDGE('',*,*,#2378,.F.);
#1508=ORIENTED_EDGE('',*,*,#2379,.F.);
#1509=ORIENTED_EDGE('',*,*,#2358,.F.);
#1510=ORIENTED_EDGE('',*,*,#2334,.F.);
#1511=ORIENTED_EDGE('',*,*,#2380,.T.);
#1512=ORIENTED_EDGE('',*,*,#2355,.F.);
#1513=ORIENTED_EDGE('',*,*,#2381,.T.);
#1514=ORIENTED_EDGE('',*,*,#2343,.F.);
#1515=ORIENTED_EDGE('',*,*,#2373,.F.);
#1516=ORIENTED_EDGE('',*,*,#2382,.F.);
#1517=ORIENTED_EDGE('',*,*,#2369,.F.);
#1518=ORIENTED_EDGE('',*,*,#2367,.T.);
#1519=ORIENTED_EDGE('',*,*,#2364,.T.);
#1520=ORIENTED_EDGE('',*,*,#2339,.F.);
#1521=ORIENTED_EDGE('',*,*,#2363,.F.);
#1522=ORIENTED_EDGE('',*,*,#2383,.T.);
#1523=ORIENTED_EDGE('',*,*,#2361,.F.);
#1524=ORIENTED_EDGE('',*,*,#2359,.T.);
#1525=ORIENTED_EDGE('',*,*,#2356,.T.);
#1526=ORIENTED_EDGE('',*,*,#2354,.F.);
#1527=ORIENTED_EDGE('',*,*,#2384,.F.);
#1528=ORIENTED_EDGE('',*,*,#2352,.T.);
#1529=ORIENTED_EDGE('',*,*,#2377,.T.);
#1530=ORIENTED_EDGE('',*,*,#2385,.F.);
#1531=ORIENTED_EDGE('',*,*,#2366,.F.);
#1532=ORIENTED_EDGE('',*,*,#2348,.F.);
#1533=ORIENTED_EDGE('',*,*,#2386,.T.);
#1534=ORIENTED_EDGE('',*,*,#2387,.F.);
#1535=ORIENTED_EDGE('',*,*,#2374,.T.);
#1536=ORIENTED_EDGE('',*,*,#2360,.T.);
#1537=ORIENTED_EDGE('',*,*,#2388,.F.);
#1538=ORIENTED_EDGE('',*,*,#2371,.T.);
#1539=ORIENTED_EDGE('',*,*,#2376,.T.);
#1540=ORIENTED_EDGE('',*,*,#2389,.T.);
#1541=ORIENTED_EDGE('',*,*,#2390,.F.);
#1542=ORIENTED_EDGE('',*,*,#2391,.T.);
#1543=ORIENTED_EDGE('',*,*,#2392,.F.);
#1544=ORIENTED_EDGE('',*,*,#2393,.T.);
#1545=ORIENTED_EDGE('',*,*,#2394,.T.);
#1546=ORIENTED_EDGE('',*,*,#2393,.F.);
#1547=ORIENTED_EDGE('',*,*,#2395,.F.);
#1548=ORIENTED_EDGE('',*,*,#2396,.T.);
#1549=ORIENTED_EDGE('',*,*,#2397,.T.);
#1550=ORIENTED_EDGE('',*,*,#2398,.T.);
#1551=ORIENTED_EDGE('',*,*,#2399,.F.);
#1552=ORIENTED_EDGE('',*,*,#2400,.F.);
#1553=ORIENTED_EDGE('',*,*,#2401,.T.);
#1554=ORIENTED_EDGE('',*,*,#2402,.T.);
#1555=ORIENTED_EDGE('',*,*,#2403,.T.);
#1556=ORIENTED_EDGE('',*,*,#2404,.F.);
#1557=ORIENTED_EDGE('',*,*,#2405,.T.);
#1558=ORIENTED_EDGE('',*,*,#2406,.F.);
#1559=ORIENTED_EDGE('',*,*,#2399,.T.);
#1560=ORIENTED_EDGE('',*,*,#2407,.F.);
#1561=ORIENTED_EDGE('',*,*,#2408,.F.);
#1562=ORIENTED_EDGE('',*,*,#2409,.T.);
#1563=ORIENTED_EDGE('',*,*,#2401,.F.);
#1564=ORIENTED_EDGE('',*,*,#2410,.T.);
#1565=ORIENTED_EDGE('',*,*,#2402,.F.);
#1566=ORIENTED_EDGE('',*,*,#2411,.F.);
#1567=ORIENTED_EDGE('',*,*,#2412,.T.);
#1568=ORIENTED_EDGE('',*,*,#2413,.T.);
#1569=ORIENTED_EDGE('',*,*,#2412,.F.);
#1570=ORIENTED_EDGE('',*,*,#2414,.F.);
#1571=ORIENTED_EDGE('',*,*,#2390,.T.);
#1572=ORIENTED_EDGE('',*,*,#2415,.F.);
#1573=ORIENTED_EDGE('',*,*,#2391,.F.);
#1574=ORIENTED_EDGE('',*,*,#2416,.T.);
#1575=ORIENTED_EDGE('',*,*,#2417,.T.);
#1576=ORIENTED_EDGE('',*,*,#2418,.T.);
#1577=ORIENTED_EDGE('',*,*,#2397,.F.);
#1578=ORIENTED_EDGE('',*,*,#2419,.F.);
#1579=ORIENTED_EDGE('',*,*,#2420,.T.);
#1580=ORIENTED_EDGE('',*,*,#2421,.T.);
#1581=ORIENTED_EDGE('',*,*,#2420,.F.);
#1582=ORIENTED_EDGE('',*,*,#2422,.F.);
#1583=ORIENTED_EDGE('',*,*,#2404,.T.);
#1584=ORIENTED_EDGE('',*,*,#2423,.F.);
#1585=ORIENTED_EDGE('',*,*,#2405,.F.);
#1586=ORIENTED_EDGE('',*,*,#2424,.T.);
#1587=ORIENTED_EDGE('',*,*,#2425,.T.);
#1588=ORIENTED_EDGE('',*,*,#2426,.F.);
#1589=ORIENTED_EDGE('',*,*,#2427,.F.);
#1590=ORIENTED_EDGE('',*,*,#2428,.T.);
#1591=ORIENTED_EDGE('',*,*,#2396,.F.);
#1592=ORIENTED_EDGE('',*,*,#2429,.F.);
#1593=ORIENTED_EDGE('',*,*,#2430,.F.);
#1594=ORIENTED_EDGE('',*,*,#2431,.F.);
#1595=ORIENTED_EDGE('',*,*,#2395,.T.);
#1596=ORIENTED_EDGE('',*,*,#2392,.T.);
#1597=ORIENTED_EDGE('',*,*,#2432,.F.);
#1598=ORIENTED_EDGE('',*,*,#2400,.T.);
#1599=ORIENTED_EDGE('',*,*,#2406,.T.);
#1600=ORIENTED_EDGE('',*,*,#2433,.F.);
#1601=ORIENTED_EDGE('',*,*,#2434,.F.);
#1602=ORIENTED_EDGE('',*,*,#2413,.F.);
#1603=ORIENTED_EDGE('',*,*,#2389,.F.);
#1604=ORIENTED_EDGE('',*,*,#2435,.T.);
#1605=ORIENTED_EDGE('',*,*,#2410,.F.);
#1606=ORIENTED_EDGE('',*,*,#2436,.T.);
#1607=ORIENTED_EDGE('',*,*,#2398,.F.);
#1608=ORIENTED_EDGE('',*,*,#2428,.F.);
#1609=ORIENTED_EDGE('',*,*,#2437,.F.);
#1610=ORIENTED_EDGE('',*,*,#2424,.F.);
#1611=ORIENTED_EDGE('',*,*,#2422,.T.);
#1612=ORIENTED_EDGE('',*,*,#2419,.T.);
#1613=ORIENTED_EDGE('',*,*,#2394,.F.);
#1614=ORIENTED_EDGE('',*,*,#2418,.F.);
#1615=ORIENTED_EDGE('',*,*,#2438,.T.);
#1616=ORIENTED_EDGE('',*,*,#2416,.F.);
#1617=ORIENTED_EDGE('',*,*,#2414,.T.);
#1618=ORIENTED_EDGE('',*,*,#2411,.T.);
#1619=ORIENTED_EDGE('',*,*,#2409,.F.);
#1620=ORIENTED_EDGE('',*,*,#2439,.F.);
#1621=ORIENTED_EDGE('',*,*,#2407,.T.);
#1622=ORIENTED_EDGE('',*,*,#2432,.T.);
#1623=ORIENTED_EDGE('',*,*,#2440,.F.);
#1624=ORIENTED_EDGE('',*,*,#2421,.F.);
#1625=ORIENTED_EDGE('',*,*,#2403,.F.);
#1626=ORIENTED_EDGE('',*,*,#2441,.T.);
#1627=ORIENTED_EDGE('',*,*,#2442,.F.);
#1628=ORIENTED_EDGE('',*,*,#2429,.T.);
#1629=ORIENTED_EDGE('',*,*,#2415,.T.);
#1630=ORIENTED_EDGE('',*,*,#2443,.F.);
#1631=ORIENTED_EDGE('',*,*,#2426,.T.);
#1632=ORIENTED_EDGE('',*,*,#2431,.T.);
#1633=ORIENTED_EDGE('',*,*,#2444,.F.);
#1634=ORIENTED_EDGE('',*,*,#2445,.F.);
#1635=ORIENTED_EDGE('',*,*,#2440,.T.);
#1636=ORIENTED_EDGE('',*,*,#2434,.T.);
#1637=ORIENTED_EDGE('',*,*,#2446,.T.);
#1638=ORIENTED_EDGE('',*,*,#2425,.F.);
#1639=ORIENTED_EDGE('',*,*,#2437,.T.);
#1640=ORIENTED_EDGE('',*,*,#2427,.T.);
#1641=ORIENTED_EDGE('',*,*,#2443,.T.);
#1642=ORIENTED_EDGE('',*,*,#2430,.T.);
#1643=ORIENTED_EDGE('',*,*,#2442,.T.);
#1644=ORIENTED_EDGE('',*,*,#2417,.F.);
#1645=ORIENTED_EDGE('',*,*,#2439,.T.);
#1646=ORIENTED_EDGE('',*,*,#2408,.T.);
#1647=ORIENTED_EDGE('',*,*,#2447,.F.);
#1648=ORIENTED_EDGE('',*,*,#2385,.T.);
#1649=ORIENTED_EDGE('',*,*,#2379,.T.);
#1650=ORIENTED_EDGE('',*,*,#2448,.T.);
#1651=ORIENTED_EDGE('',*,*,#2370,.F.);
#1652=ORIENTED_EDGE('',*,*,#2382,.T.);
#1653=ORIENTED_EDGE('',*,*,#2372,.T.);
#1654=ORIENTED_EDGE('',*,*,#2388,.T.);
#1655=ORIENTED_EDGE('',*,*,#2375,.T.);
#1656=ORIENTED_EDGE('',*,*,#2387,.T.);
#1657=ORIENTED_EDGE('',*,*,#2362,.F.);
#1658=ORIENTED_EDGE('',*,*,#2384,.T.);
#1659=ORIENTED_EDGE('',*,*,#2353,.T.);
#1660=ORIENTED_EDGE('',*,*,#2449,.F.);
#1661=ORIENTED_EDGE('',*,*,#2450,.F.);
#1662=ORIENTED_EDGE('',*,*,#2451,.F.);
#1663=ORIENTED_EDGE('',*,*,#2452,.F.);
#1664=ORIENTED_EDGE('',*,*,#2453,.F.);
#1665=ORIENTED_EDGE('',*,*,#2454,.F.);
#1666=ORIENTED_EDGE('',*,*,#2455,.F.);
#1667=ORIENTED_EDGE('',*,*,#2456,.F.);
#1668=ORIENTED_EDGE('',*,*,#2457,.F.);
#1669=ORIENTED_EDGE('',*,*,#2458,.T.);
#1670=ORIENTED_EDGE('',*,*,#2459,.T.);
#1671=ORIENTED_EDGE('',*,*,#2460,.F.);
#1672=ORIENTED_EDGE('',*,*,#2461,.T.);
#1673=ORIENTED_EDGE('',*,*,#2462,.T.);
#1674=ORIENTED_EDGE('',*,*,#2463,.T.);
#1675=ORIENTED_EDGE('',*,*,#2464,.T.);
#1676=ORIENTED_EDGE('',*,*,#2465,.F.);
#1677=ORIENTED_EDGE('',*,*,#2466,.F.);
#1678=ORIENTED_EDGE('',*,*,#2467,.T.);
#1679=ORIENTED_EDGE('',*,*,#2468,.T.);
#1680=ORIENTED_EDGE('',*,*,#2469,.T.);
#1681=ORIENTED_EDGE('',*,*,#2470,.T.);
#1682=ORIENTED_EDGE('',*,*,#2164,.F.);
#1683=ORIENTED_EDGE('',*,*,#2471,.F.);
#1684=ORIENTED_EDGE('',*,*,#2464,.F.);
#1685=ORIENTED_EDGE('',*,*,#2472,.T.);
#1686=ORIENTED_EDGE('',*,*,#2473,.F.);
#1687=ORIENTED_EDGE('',*,*,#2474,.F.);
#1688=ORIENTED_EDGE('',*,*,#2475,.F.);
#1689=ORIENTED_EDGE('',*,*,#2476,.F.);
#1690=ORIENTED_EDGE('',*,*,#2477,.F.);
#1691=ORIENTED_EDGE('',*,*,#2478,.F.);
#1692=ORIENTED_EDGE('',*,*,#2479,.F.);
#1693=ORIENTED_EDGE('',*,*,#2470,.F.);
#1694=ORIENTED_EDGE('',*,*,#2480,.F.);
#1695=ORIENTED_EDGE('',*,*,#2481,.F.);
#1696=ORIENTED_EDGE('',*,*,#2227,.T.);
#1697=ORIENTED_EDGE('',*,*,#2482,.T.);
#1698=ORIENTED_EDGE('',*,*,#2478,.T.);
#1699=ORIENTED_EDGE('',*,*,#2483,.F.);
#1700=ORIENTED_EDGE('',*,*,#2484,.T.);
#1701=ORIENTED_EDGE('',*,*,#2483,.T.);
#1702=ORIENTED_EDGE('',*,*,#2477,.T.);
#1703=ORIENTED_EDGE('',*,*,#2485,.F.);
#1704=ORIENTED_EDGE('',*,*,#2486,.T.);
#1705=ORIENTED_EDGE('',*,*,#2485,.T.);
#1706=ORIENTED_EDGE('',*,*,#2476,.T.);
#1707=ORIENTED_EDGE('',*,*,#2487,.F.);
#1708=ORIENTED_EDGE('',*,*,#2488,.T.);
#1709=ORIENTED_EDGE('',*,*,#2489,.F.);
#1710=ORIENTED_EDGE('',*,*,#2242,.F.);
#1711=ORIENTED_EDGE('',*,*,#2490,.T.);
#1712=ORIENTED_EDGE('',*,*,#2491,.F.);
#1713=ORIENTED_EDGE('',*,*,#2245,.F.);
#1714=ORIENTED_EDGE('',*,*,#2492,.T.);
#1715=ORIENTED_EDGE('',*,*,#2487,.T.);
#1716=ORIENTED_EDGE('',*,*,#2475,.T.);
#1717=ORIENTED_EDGE('',*,*,#2493,.F.);
#1718=ORIENTED_EDGE('',*,*,#2494,.T.);
#1719=ORIENTED_EDGE('',*,*,#2493,.T.);
#1720=ORIENTED_EDGE('',*,*,#2474,.T.);
#1721=ORIENTED_EDGE('',*,*,#2495,.F.);
#1722=ORIENTED_EDGE('',*,*,#2496,.T.);
#1723=ORIENTED_EDGE('',*,*,#2495,.T.);
#1724=ORIENTED_EDGE('',*,*,#2473,.T.);
#1725=ORIENTED_EDGE('',*,*,#2497,.F.);
#1726=ORIENTED_EDGE('',*,*,#2498,.T.);
#1727=ORIENTED_EDGE('',*,*,#2472,.F.);
#1728=ORIENTED_EDGE('',*,*,#2463,.F.);
#1729=ORIENTED_EDGE('',*,*,#2499,.F.);
#1730=ORIENTED_EDGE('',*,*,#2497,.T.);
#1731=ORIENTED_EDGE('',*,*,#2230,.T.);
#1732=ORIENTED_EDGE('',*,*,#2500,.T.);
#1733=ORIENTED_EDGE('',*,*,#2223,.F.);
#1734=ORIENTED_EDGE('',*,*,#2484,.F.);
#1735=ORIENTED_EDGE('',*,*,#2486,.F.);
#1736=ORIENTED_EDGE('',*,*,#2488,.F.);
#1737=ORIENTED_EDGE('',*,*,#2494,.F.);
#1738=ORIENTED_EDGE('',*,*,#2496,.F.);
#1739=ORIENTED_EDGE('',*,*,#2498,.F.);
#1740=ORIENTED_EDGE('',*,*,#2499,.T.);
#1741=ORIENTED_EDGE('',*,*,#2462,.F.);
#1742=ORIENTED_EDGE('',*,*,#2501,.T.);
#1743=ORIENTED_EDGE('',*,*,#2137,.T.);
#1744=ORIENTED_EDGE('',*,*,#2136,.F.);
#1745=ORIENTED_EDGE('',*,*,#2135,.T.);
#1746=ORIENTED_EDGE('',*,*,#2502,.T.);
#1747=ORIENTED_EDGE('',*,*,#2503,.F.);
#1748=ORIENTED_EDGE('',*,*,#2504,.F.);
#1749=ORIENTED_EDGE('',*,*,#2505,.F.);
#1750=ORIENTED_EDGE('',*,*,#2465,.T.);
#1751=ORIENTED_EDGE('',*,*,#2471,.T.);
#1752=ORIENTED_EDGE('',*,*,#2506,.F.);
#1753=ORIENTED_EDGE('',*,*,#2507,.T.);
#1754=ORIENTED_EDGE('',*,*,#2506,.T.);
#1755=ORIENTED_EDGE('',*,*,#2481,.T.);
#1756=ORIENTED_EDGE('',*,*,#2508,.F.);
#1757=ORIENTED_EDGE('',*,*,#2509,.T.);
#1758=ORIENTED_EDGE('',*,*,#2508,.T.);
#1759=ORIENTED_EDGE('',*,*,#2480,.T.);
#1760=ORIENTED_EDGE('',*,*,#2469,.F.);
#1761=ORIENTED_EDGE('',*,*,#2510,.T.);
#1762=ORIENTED_EDGE('',*,*,#2468,.F.);
#1763=ORIENTED_EDGE('',*,*,#2511,.T.);
#1764=ORIENTED_EDGE('',*,*,#2458,.F.);
#1765=ORIENTED_EDGE('',*,*,#2507,.F.);
#1766=ORIENTED_EDGE('',*,*,#2509,.F.);
#1767=ORIENTED_EDGE('',*,*,#2510,.F.);
#1768=ORIENTED_EDGE('',*,*,#2512,.F.);
#1769=ORIENTED_EDGE('',*,*,#2333,.F.);
#1770=ORIENTED_EDGE('',*,*,#2331,.F.);
#1771=ORIENTED_EDGE('',*,*,#2330,.F.);
#1772=ORIENTED_EDGE('',*,*,#2332,.F.);
#1773=ORIENTED_EDGE('',*,*,#2503,.T.);
#1774=ORIENTED_EDGE('',*,*,#2088,.F.);
#1775=ORIENTED_EDGE('',*,*,#2329,.T.);
#1776=ORIENTED_EDGE('',*,*,#2322,.T.);
#1777=ORIENTED_EDGE('',*,*,#2386,.F.);
#1778=ORIENTED_EDGE('',*,*,#2381,.F.);
#1779=ORIENTED_EDGE('',*,*,#2380,.F.);
#1780=ORIENTED_EDGE('',*,*,#2383,.F.);
#1781=ORIENTED_EDGE('',*,*,#2512,.T.);
#1782=ORIENTED_EDGE('',*,*,#2448,.F.);
#1783=ORIENTED_EDGE('',*,*,#2378,.T.);
#1784=ORIENTED_EDGE('',*,*,#2368,.T.);
#1785=ORIENTED_EDGE('',*,*,#2441,.F.);
#1786=ORIENTED_EDGE('',*,*,#2436,.F.);
#1787=ORIENTED_EDGE('',*,*,#2435,.F.);
#1788=ORIENTED_EDGE('',*,*,#2438,.F.);
#1789=ORIENTED_EDGE('',*,*,#2504,.T.);
#1790=ORIENTED_EDGE('',*,*,#2446,.F.);
#1791=ORIENTED_EDGE('',*,*,#2433,.T.);
#1792=ORIENTED_EDGE('',*,*,#2423,.T.);
#1793=ORIENTED_EDGE('',*,*,#2289,.F.);
#1794=ORIENTED_EDGE('',*,*,#2287,.F.);
#1795=ORIENTED_EDGE('',*,*,#2286,.F.);
#1796=ORIENTED_EDGE('',*,*,#2288,.F.);
#1797=ORIENTED_EDGE('',*,*,#2505,.T.);
#1798=ORIENTED_EDGE('',*,*,#2106,.F.);
#1799=ORIENTED_EDGE('',*,*,#2285,.T.);
#1800=ORIENTED_EDGE('',*,*,#2278,.T.);
#1801=ORIENTED_EDGE('',*,*,#2513,.F.);
#1802=ORIENTED_EDGE('',*,*,#2124,.F.);
#1803=ORIENTED_EDGE('',*,*,#2243,.T.);
#1804=ORIENTED_EDGE('',*,*,#2491,.T.);
#1805=ORIENTED_EDGE('',*,*,#2122,.T.);
#1806=ORIENTED_EDGE('',*,*,#2513,.T.);
#1807=ORIENTED_EDGE('',*,*,#2492,.F.);
#1808=ORIENTED_EDGE('',*,*,#2244,.T.);
#1809=ORIENTED_EDGE('',*,*,#2514,.F.);
#1810=ORIENTED_EDGE('',*,*,#2127,.F.);
#1811=ORIENTED_EDGE('',*,*,#2240,.T.);
#1812=ORIENTED_EDGE('',*,*,#2489,.T.);
#1813=ORIENTED_EDGE('',*,*,#2125,.T.);
#1814=ORIENTED_EDGE('',*,*,#2514,.T.);
#1815=ORIENTED_EDGE('',*,*,#2490,.F.);
#1816=ORIENTED_EDGE('',*,*,#2241,.T.);
#1817=ORIENTED_EDGE('',*,*,#2445,.T.);
#1818=ORIENTED_EDGE('',*,*,#2449,.T.);
#1819=ORIENTED_EDGE('',*,*,#2451,.T.);
#1820=ORIENTED_EDGE('',*,*,#2238,.F.);
#1821=ORIENTED_EDGE('',*,*,#2515,.T.);
#1822=ORIENTED_EDGE('',*,*,#2128,.T.);
#1823=ORIENTED_EDGE('',*,*,#2516,.T.);
#1824=ORIENTED_EDGE('',*,*,#2460,.T.);
#1825=ORIENTED_EDGE('',*,*,#2517,.T.);
#1826=ORIENTED_EDGE('',*,*,#2466,.T.);
#1827=ORIENTED_EDGE('',*,*,#2163,.T.);
#1828=ORIENTED_EDGE('',*,*,#2518,.T.);
#1829=ORIENTED_EDGE('',*,*,#2519,.T.);
#1830=ORIENTED_EDGE('',*,*,#2447,.T.);
#1831=ORIENTED_EDGE('',*,*,#2203,.T.);
#1832=ORIENTED_EDGE('',*,*,#2520,.T.);
#1833=ORIENTED_EDGE('',*,*,#2232,.F.);
#1834=ORIENTED_EDGE('',*,*,#2521,.T.);
#1835=ORIENTED_EDGE('',*,*,#2133,.F.);
#1836=ORIENTED_EDGE('',*,*,#2522,.F.);
#1837=ORIENTED_EDGE('',*,*,#2147,.F.);
#1838=ORIENTED_EDGE('',*,*,#2234,.F.);
#1839=ORIENTED_EDGE('',*,*,#2523,.T.);
#1840=ORIENTED_EDGE('',*,*,#2201,.T.);
#1841=ORIENTED_EDGE('',*,*,#2524,.T.);
#1842=ORIENTED_EDGE('',*,*,#2525,.F.);
#1843=ORIENTED_EDGE('',*,*,#2526,.F.);
#1844=ORIENTED_EDGE('',*,*,#2527,.F.);
#1845=ORIENTED_EDGE('',*,*,#2194,.T.);
#1846=ORIENTED_EDGE('',*,*,#2528,.F.);
#1847=ORIENTED_EDGE('',*,*,#2121,.T.);
#1848=ORIENTED_EDGE('',*,*,#2236,.F.);
#1849=ORIENTED_EDGE('',*,*,#2529,.T.);
#1850=ORIENTED_EDGE('',*,*,#2199,.F.);
#1851=ORIENTED_EDGE('',*,*,#2530,.F.);
#1852=ORIENTED_EDGE('',*,*,#2130,.F.);
#1853=ORIENTED_EDGE('',*,*,#2531,.T.);
#1854=ORIENTED_EDGE('',*,*,#2132,.T.);
#1855=ORIENTED_EDGE('',*,*,#2532,.T.);
#1856=ORIENTED_EDGE('',*,*,#2148,.F.);
#1857=ORIENTED_EDGE('',*,*,#2522,.T.);
#1858=ORIENTED_EDGE('',*,*,#2200,.F.);
#1859=ORIENTED_EDGE('',*,*,#2529,.F.);
#1860=ORIENTED_EDGE('',*,*,#2235,.F.);
#1861=ORIENTED_EDGE('',*,*,#2524,.F.);
#1862=ORIENTED_EDGE('',*,*,#2202,.F.);
#1863=ORIENTED_EDGE('',*,*,#2523,.F.);
#1864=ORIENTED_EDGE('',*,*,#2233,.F.);
#1865=ORIENTED_EDGE('',*,*,#2520,.F.);
#1866=ORIENTED_EDGE('',*,*,#2526,.T.);
#1867=ORIENTED_EDGE('',*,*,#2533,.T.);
#1868=ORIENTED_EDGE('',*,*,#2534,.F.);
#1869=ORIENTED_EDGE('',*,*,#2155,.T.);
#1870=ORIENTED_EDGE('',*,*,#2535,.T.);
#1871=ORIENTED_EDGE('',*,*,#2536,.F.);
#1872=ORIENTED_EDGE('',*,*,#2165,.F.);
#1873=ORIENTED_EDGE('',*,*,#2479,.T.);
#1874=ORIENTED_EDGE('',*,*,#2482,.F.);
#1875=ORIENTED_EDGE('',*,*,#2537,.T.);
#1876=ORIENTED_EDGE('',*,*,#2226,.F.);
#1877=ORIENTED_EDGE('',*,*,#2538,.T.);
#1878=ORIENTED_EDGE('',*,*,#2217,.T.);
#1879=ORIENTED_EDGE('',*,*,#2166,.T.);
#1880=ORIENTED_EDGE('',*,*,#2537,.F.);
#1881=ORIENTED_EDGE('',*,*,#2539,.F.);
#1882=ORIENTED_EDGE('',*,*,#2143,.F.);
#1883=ORIENTED_EDGE('',*,*,#2540,.F.);
#1884=ORIENTED_EDGE('',*,*,#2211,.T.);
#1885=ORIENTED_EDGE('',*,*,#2541,.F.);
#1886=ORIENTED_EDGE('',*,*,#2100,.T.);
#1887=ORIENTED_EDGE('',*,*,#2542,.F.);
#1888=ORIENTED_EDGE('',*,*,#2082,.T.);
#1889=ORIENTED_EDGE('',*,*,#2543,.T.);
#1890=ORIENTED_EDGE('',*,*,#2544,.T.);
#1891=ORIENTED_EDGE('',*,*,#2545,.F.);
#1892=ORIENTED_EDGE('',*,*,#2546,.F.);
#1893=ORIENTED_EDGE('',*,*,#2444,.T.);
#1894=ORIENTED_EDGE('',*,*,#2450,.T.);
#1895=ORIENTED_EDGE('',*,*,#2519,.F.);
#1896=ORIENTED_EDGE('',*,*,#2547,.T.);
#1897=ORIENTED_EDGE('',*,*,#2215,.F.);
#1898=ORIENTED_EDGE('',*,*,#2239,.F.);
#1899=ORIENTED_EDGE('',*,*,#2218,.F.);
#1900=ORIENTED_EDGE('',*,*,#2538,.F.);
#1901=ORIENTED_EDGE('',*,*,#2225,.T.);
#1902=ORIENTED_EDGE('',*,*,#2548,.T.);
#1903=ORIENTED_EDGE('',*,*,#2228,.F.);
#1904=ORIENTED_EDGE('',*,*,#2216,.F.);
#1905=ORIENTED_EDGE('',*,*,#2547,.F.);
#1906=ORIENTED_EDGE('',*,*,#2518,.F.);
#1907=ORIENTED_EDGE('',*,*,#2162,.F.);
#1908=ORIENTED_EDGE('',*,*,#2500,.F.);
#1909=ORIENTED_EDGE('',*,*,#2229,.F.);
#1910=ORIENTED_EDGE('',*,*,#2548,.F.);
#1911=ORIENTED_EDGE('',*,*,#2224,.F.);
#1912=ORIENTED_EDGE('',*,*,#2531,.F.);
#1913=ORIENTED_EDGE('',*,*,#2129,.F.);
#1914=ORIENTED_EDGE('',*,*,#2515,.F.);
#1915=ORIENTED_EDGE('',*,*,#2237,.F.);
#1916=ORIENTED_EDGE('',*,*,#2502,.F.);
#1917=ORIENTED_EDGE('',*,*,#2134,.F.);
#1918=ORIENTED_EDGE('',*,*,#2521,.F.);
#1919=ORIENTED_EDGE('',*,*,#2231,.F.);
#1920=ORIENTED_EDGE('',*,*,#2511,.F.);
#1921=ORIENTED_EDGE('',*,*,#2467,.F.);
#1922=ORIENTED_EDGE('',*,*,#2517,.F.);
#1923=ORIENTED_EDGE('',*,*,#2459,.F.);
#1924=ORIENTED_EDGE('',*,*,#2501,.F.);
#1925=ORIENTED_EDGE('',*,*,#2461,.F.);
#1926=ORIENTED_EDGE('',*,*,#2516,.F.);
#1927=ORIENTED_EDGE('',*,*,#2138,.F.);
#1928=ORIENTED_EDGE('',*,*,#2179,.F.);
#1929=ORIENTED_EDGE('',*,*,#2549,.F.);
#1930=ORIENTED_EDGE('',*,*,#2159,.T.);
#1931=ORIENTED_EDGE('',*,*,#2208,.T.);
#1932=ORIENTED_EDGE('',*,*,#2550,.F.);
#1933=ORIENTED_EDGE('',*,*,#2204,.T.);
#1934=ORIENTED_EDGE('',*,*,#2549,.T.);
#1935=ORIENTED_EDGE('',*,*,#2178,.F.);
#1936=ORIENTED_EDGE('',*,*,#2551,.F.);
#1937=ORIENTED_EDGE('',*,*,#2160,.T.);
#1938=ORIENTED_EDGE('',*,*,#2181,.T.);
#1939=ORIENTED_EDGE('',*,*,#2206,.F.);
#1940=ORIENTED_EDGE('',*,*,#2552,.T.);
#1941=ORIENTED_EDGE('',*,*,#2209,.F.);
#1942=ORIENTED_EDGE('',*,*,#2157,.F.);
#1943=ORIENTED_EDGE('',*,*,#2551,.T.);
#1944=ORIENTED_EDGE('',*,*,#2188,.F.);
#1945=ORIENTED_EDGE('',*,*,#2553,.F.);
#1946=ORIENTED_EDGE('',*,*,#2545,.T.);
#1947=ORIENTED_EDGE('',*,*,#2554,.T.);
#1948=ORIENTED_EDGE('',*,*,#2555,.F.);
#1949=ORIENTED_EDGE('',*,*,#2220,.T.);
#1950=ORIENTED_EDGE('',*,*,#2187,.F.);
#1951=ORIENTED_EDGE('',*,*,#2556,.F.);
#1952=ORIENTED_EDGE('',*,*,#2546,.T.);
#1953=ORIENTED_EDGE('',*,*,#2553,.T.);
#1954=ORIENTED_EDGE('',*,*,#2557,.T.);
#1955=ORIENTED_EDGE('',*,*,#2558,.T.);
#1956=ORIENTED_EDGE('',*,*,#2554,.F.);
#1957=ORIENTED_EDGE('',*,*,#2544,.F.);
#1958=ORIENTED_EDGE('',*,*,#2190,.T.);
#1959=ORIENTED_EDGE('',*,*,#2222,.F.);
#1960=ORIENTED_EDGE('',*,*,#2559,.T.);
#1961=ORIENTED_EDGE('',*,*,#2557,.F.);
#1962=ORIENTED_EDGE('',*,*,#2543,.F.);
#1963=ORIENTED_EDGE('',*,*,#2556,.T.);
#1964=ORIENTED_EDGE('',*,*,#2560,.F.);
#1965=ORIENTED_EDGE('',*,*,#2195,.F.);
#1966=ORIENTED_EDGE('',*,*,#2527,.T.);
#1967=ORIENTED_EDGE('',*,*,#2536,.T.);
#1968=ORIENTED_EDGE('',*,*,#2196,.T.);
#1969=ORIENTED_EDGE('',*,*,#2560,.T.);
#1970=ORIENTED_EDGE('',*,*,#2535,.F.);
#1971=ORIENTED_EDGE('',*,*,#2154,.T.);
#1972=ORIENTED_EDGE('',*,*,#2213,.T.);
#1973=ORIENTED_EDGE('',*,*,#2561,.T.);
#1974=ORIENTED_EDGE('',*,*,#2141,.F.);
#1975=ORIENTED_EDGE('',*,*,#2172,.T.);
#1976=ORIENTED_EDGE('',*,*,#2561,.F.);
#1977=ORIENTED_EDGE('',*,*,#2212,.F.);
#1978=ORIENTED_EDGE('',*,*,#2540,.T.);
#1979=ORIENTED_EDGE('',*,*,#2142,.T.);
#1980=ORIENTED_EDGE('',*,*,#2559,.F.);
#1981=ORIENTED_EDGE('',*,*,#2221,.F.);
#1982=ORIENTED_EDGE('',*,*,#2555,.T.);
#1983=ORIENTED_EDGE('',*,*,#2558,.F.);
#1984=ORIENTED_EDGE('',*,*,#2207,.T.);
#1985=ORIENTED_EDGE('',*,*,#2552,.F.);
#1986=ORIENTED_EDGE('',*,*,#2205,.T.);
#1987=ORIENTED_EDGE('',*,*,#2550,.T.);
#1988=ORIENTED_EDGE('',*,*,#2198,.F.);
#1989=ORIENTED_EDGE('',*,*,#2145,.F.);
#1990=ORIENTED_EDGE('',*,*,#2532,.F.);
#1991=ORIENTED_EDGE('',*,*,#2131,.T.);
#1992=ORIENTED_EDGE('',*,*,#2530,.T.);
#1993=ORIENTED_EDGE('',*,*,#2452,.T.);
#1994=ORIENTED_EDGE('',*,*,#2562,.F.);
#1995=ORIENTED_EDGE('',*,*,#2563,.F.);
#1996=ORIENTED_EDGE('',*,*,#2564,.T.);
#1997=ORIENTED_EDGE('',*,*,#2457,.T.);
#1998=ORIENTED_EDGE('',*,*,#2565,.F.);
#1999=ORIENTED_EDGE('',*,*,#2566,.F.);
#2000=ORIENTED_EDGE('',*,*,#2562,.T.);
#2001=ORIENTED_EDGE('',*,*,#2456,.T.);
#2002=ORIENTED_EDGE('',*,*,#2567,.F.);
#2003=ORIENTED_EDGE('',*,*,#2568,.F.);
#2004=ORIENTED_EDGE('',*,*,#2565,.T.);
#2005=ORIENTED_EDGE('',*,*,#2455,.T.);
#2006=ORIENTED_EDGE('',*,*,#2569,.F.);
#2007=ORIENTED_EDGE('',*,*,#2570,.F.);
#2008=ORIENTED_EDGE('',*,*,#2567,.T.);
#2009=ORIENTED_EDGE('',*,*,#2454,.T.);
#2010=ORIENTED_EDGE('',*,*,#2571,.F.);
#2011=ORIENTED_EDGE('',*,*,#2572,.F.);
#2012=ORIENTED_EDGE('',*,*,#2569,.T.);
#2013=ORIENTED_EDGE('',*,*,#2453,.T.);
#2014=ORIENTED_EDGE('',*,*,#2564,.F.);
#2015=ORIENTED_EDGE('',*,*,#2573,.F.);
#2016=ORIENTED_EDGE('',*,*,#2571,.T.);
#2017=ORIENTED_EDGE('',*,*,#2563,.T.);
#2018=ORIENTED_EDGE('',*,*,#2566,.T.);
#2019=ORIENTED_EDGE('',*,*,#2568,.T.);
#2020=ORIENTED_EDGE('',*,*,#2570,.T.);
#2021=ORIENTED_EDGE('',*,*,#2572,.T.);
#2022=ORIENTED_EDGE('',*,*,#2573,.T.);
#2023=ORIENTED_EDGE('',*,*,#2574,.T.);
#2024=ORIENTED_EDGE('',*,*,#2533,.F.);
#2025=ORIENTED_EDGE('',*,*,#2525,.T.);
#2026=ORIENTED_EDGE('',*,*,#2120,.F.);
#2027=ORIENTED_EDGE('',*,*,#2156,.T.);
#2028=ORIENTED_EDGE('',*,*,#2534,.T.);
#2029=ORIENTED_EDGE('',*,*,#2574,.F.);
#2030=ORIENTED_EDGE('',*,*,#2119,.F.);
#2031=ORIENTED_EDGE('',*,*,#2528,.T.);
#2032=ORIENTED_EDGE('',*,*,#2193,.T.);
#2033=ORIENTED_EDGE('',*,*,#2575,.T.);
#2034=ORIENTED_EDGE('',*,*,#2116,.F.);
#2035=ORIENTED_EDGE('',*,*,#2575,.F.);
#2036=ORIENTED_EDGE('',*,*,#2197,.F.);
#2037=ORIENTED_EDGE('',*,*,#2152,.T.);
#2038=ORIENTED_EDGE('',*,*,#2117,.F.);
#2039=ORIENTED_EDGE('',*,*,#2576,.F.);
#2040=ORIENTED_EDGE('',*,*,#2214,.F.);
#2041=ORIENTED_EDGE('',*,*,#2170,.T.);
#2042=ORIENTED_EDGE('',*,*,#2102,.F.);
#2043=ORIENTED_EDGE('',*,*,#2541,.T.);
#2044=ORIENTED_EDGE('',*,*,#2210,.T.);
#2045=ORIENTED_EDGE('',*,*,#2576,.T.);
#2046=ORIENTED_EDGE('',*,*,#2101,.F.);
#2047=ORIENTED_EDGE('',*,*,#2577,.F.);
#2048=ORIENTED_EDGE('',*,*,#2098,.F.);
#2049=ORIENTED_EDGE('',*,*,#2174,.T.);
#2050=ORIENTED_EDGE('',*,*,#2084,.F.);
#2051=ORIENTED_EDGE('',*,*,#2542,.T.);
#2052=ORIENTED_EDGE('',*,*,#2099,.F.);
#2053=ORIENTED_EDGE('',*,*,#2577,.T.);
#2054=ORIENTED_EDGE('',*,*,#2083,.F.);
#2055=ORIENTED_EDGE('',*,*,#2173,.T.);
#2056=ORIENTED_EDGE('',*,*,#2139,.T.);
#2057=ORIENTED_EDGE('',*,*,#2578,.F.);
#2058=ORIENTED_EDGE('',*,*,#2080,.F.);
#2059=ORIENTED_EDGE('',*,*,#2578,.T.);
#2060=ORIENTED_EDGE('',*,*,#2144,.F.);
#2061=ORIENTED_EDGE('',*,*,#2539,.T.);
#2062=ORIENTED_EDGE('',*,*,#2081,.F.);
#2063=ORIENTED_EDGE('',*,*,#2579,.F.);
#2064=ORIENTED_EDGE('',*,*,#2192,.F.);
#2065=ORIENTED_EDGE('',*,*,#2184,.T.);
#2066=ORIENTED_EDGE('',*,*,#2167,.T.);
#2067=ORIENTED_EDGE('',*,*,#2191,.T.);
#2068=ORIENTED_EDGE('',*,*,#2579,.T.);
#2069=ORIENTED_EDGE('',*,*,#2169,.F.);
#2070=ORIENTED_EDGE('',*,*,#2186,.T.);
#2071=ORIENTED_EDGE('',*,*,#2182,.T.);
#2072=ORIENTED_EDGE('',*,*,#2580,.T.);
#2073=ORIENTED_EDGE('',*,*,#2151,.F.);
#2074=ORIENTED_EDGE('',*,*,#2177,.T.);
#2075=ORIENTED_EDGE('',*,*,#2580,.F.);
#2076=ORIENTED_EDGE('',*,*,#2183,.F.);
#2077=ORIENTED_EDGE('',*,*,#2175,.T.);
#2078=ORIENTED_EDGE('',*,*,#2149,.T.);
#2079=EDGE_CURVE('',#2581,#2581,#2898,.T.);
#2080=EDGE_CURVE('',#2582,#2583,#1063,.T.);
#2081=EDGE_CURVE('',#2583,#2584,#1064,.T.);
#2082=EDGE_CURVE('',#2585,#2584,#2899,.T.);
#2083=EDGE_CURVE('',#2585,#2586,#1065,.T.);
#2084=EDGE_CURVE('',#2586,#2587,#1066,.T.);
#2085=EDGE_CURVE('',#2582,#2587,#2900,.T.);
#2086=EDGE_CURVE('',#2588,#2589,#981,.T.);
#2087=EDGE_CURVE('',#2589,#2590,#982,.T.);
#2088=EDGE_CURVE('',#2590,#2591,#983,.T.);
#2089=EDGE_CURVE('',#2592,#2591,#187,.T.);
#2090=EDGE_CURVE('',#2592,#2593,#984,.T.);
#2091=EDGE_CURVE('',#2593,#2594,#188,.T.);
#2092=EDGE_CURVE('',#2594,#2595,#985,.T.);
#2093=EDGE_CURVE('',#2595,#2596,#986,.T.);
#2094=EDGE_CURVE('',#2596,#2597,#987,.T.);
#2095=EDGE_CURVE('',#2598,#2597,#189,.T.);
#2096=EDGE_CURVE('',#2598,#2599,#988,.T.);
#2097=EDGE_CURVE('',#2599,#2588,#190,.T.);
#2098=EDGE_CURVE('',#2600,#2601,#1067,.T.);
#2099=EDGE_CURVE('',#2601,#2602,#1068,.T.);
#2100=EDGE_CURVE('',#2603,#2602,#2901,.T.);
#2101=EDGE_CURVE('',#2603,#2604,#1069,.T.);
#2102=EDGE_CURVE('',#2604,#2605,#1070,.T.);
#2103=EDGE_CURVE('',#2600,#2605,#2902,.T.);
#2104=EDGE_CURVE('',#2606,#2607,#989,.T.);
#2105=EDGE_CURVE('',#2607,#2608,#990,.T.);
#2106=EDGE_CURVE('',#2608,#2609,#991,.T.);
#2107=EDGE_CURVE('',#2610,#2609,#191,.T.);
#2108=EDGE_CURVE('',#2610,#2611,#992,.T.);
#2109=EDGE_CURVE('',#2611,#2612,#192,.T.);
#2110=EDGE_CURVE('',#2612,#2613,#993,.T.);
#2111=EDGE_CURVE('',#2613,#2614,#994,.T.);
#2112=EDGE_CURVE('',#2614,#2615,#995,.T.);
#2113=EDGE_CURVE('',#2616,#2615,#193,.T.);
#2114=EDGE_CURVE('',#2616,#2617,#996,.T.);
#2115=EDGE_CURVE('',#2617,#2606,#194,.T.);
#2116=EDGE_CURVE('',#2618,#2619,#1071,.T.);
#2117=EDGE_CURVE('',#2619,#2620,#1072,.T.);
#2118=EDGE_CURVE('',#2621,#2620,#2903,.T.);
#2119=EDGE_CURVE('',#2621,#2622,#1073,.T.);
#2120=EDGE_CURVE('',#2622,#2623,#1074,.T.);
#2121=EDGE_CURVE('',#2618,#2623,#2904,.T.);
#2122=EDGE_CURVE('',#2624,#2625,#195,.T.);
#2123=EDGE_CURVE('',#2624,#2626,#997,.F.);
#2124=EDGE_CURVE('',#2626,#2625,#196,.T.);
#2125=EDGE_CURVE('',#2627,#2628,#197,.T.);
#2126=EDGE_CURVE('',#2627,#2629,#998,.F.);
#2127=EDGE_CURVE('',#2629,#2628,#198,.T.);
#2128=EDGE_CURVE('',#2630,#2631,#199,.T.);
#2129=EDGE_CURVE('',#2630,#2632,#200,.T.);
#2130=EDGE_CURVE('',#2632,#2633,#201,.F.);
#2131=EDGE_CURVE('',#2634,#2633,#202,.F.);
#2132=EDGE_CURVE('',#2635,#2634,#203,.T.);
#2133=EDGE_CURVE('',#2635,#2636,#204,.T.);
#2134=EDGE_CURVE('',#2636,#2637,#205,.T.);
#2135=EDGE_CURVE('',#2638,#2637,#206,.T.);
#2136=EDGE_CURVE('',#2638,#2639,#2905,.T.);
#2137=EDGE_CURVE('',#2640,#2639,#207,.T.);
#2138=EDGE_CURVE('',#2640,#2631,#208,.T.);
#2139=EDGE_CURVE('',#2641,#2642,#209,.T.);
#2140=EDGE_CURVE('',#2641,#2643,#999,.F.);
#2141=EDGE_CURVE('',#2643,#2644,#210,.T.);
#2142=EDGE_CURVE('',#2645,#2644,#211,.T.);
#2143=EDGE_CURVE('',#2645,#2646,#1000,.F.);
#2144=EDGE_CURVE('',#2646,#2642,#212,.T.);
#2145=EDGE_CURVE('',#2647,#2648,#213,.F.);
#2146=EDGE_CURVE('',#2649,#2648,#214,.T.);
#2147=EDGE_CURVE('',#2649,#2650,#215,.T.);
#2148=EDGE_CURVE('',#2650,#2647,#216,.T.);
#2149=EDGE_CURVE('',#2651,#2652,#217,.T.);
#2150=EDGE_CURVE('',#2653,#2651,#1001,.T.);
#2151=EDGE_CURVE('',#2653,#2652,#218,.T.);
#2152=EDGE_CURVE('',#2654,#2620,#219,.T.);
#2153=EDGE_CURVE('',#2654,#2655,#1002,.T.);
#2154=EDGE_CURVE('',#2656,#2655,#220,.T.);
#2155=EDGE_CURVE('',#2657,#2656,#1003,.F.);
#2156=EDGE_CURVE('',#2621,#2657,#221,.T.);
#2157=EDGE_CURVE('',#2658,#2659,#222,.F.);
#2158=EDGE_CURVE('',#2659,#2660,#1004,.F.);
#2159=EDGE_CURVE('',#2661,#2660,#223,.F.);
#2160=EDGE_CURVE('',#2658,#2661,#1005,.F.);
#2161=EDGE_CURVE('',#2662,#2663,#224,.T.);
#2162=EDGE_CURVE('',#2662,#2664,#225,.T.);
#2163=EDGE_CURVE('',#2665,#2664,#226,.T.);
#2164=EDGE_CURVE('',#2665,#2666,#227,.T.);
#2165=EDGE_CURVE('',#2666,#2667,#228,.T.);
#2166=EDGE_CURVE('',#2663,#2667,#229,.T.);
#2167=EDGE_CURVE('',#2668,#2669,#230,.T.);
#2168=EDGE_CURVE('',#2670,#2668,#1006,.T.);
#2169=EDGE_CURVE('',#2670,#2669,#231,.T.);
#2170=EDGE_CURVE('',#2671,#2605,#232,.T.);
#2171=EDGE_CURVE('',#2671,#2672,#1007,.T.);
#2172=EDGE_CURVE('',#2643,#2672,#233,.T.);
#2173=EDGE_CURVE('',#2582,#2641,#234,.T.);
#2174=EDGE_CURVE('',#2600,#2587,#235,.T.);
#2175=EDGE_CURVE('',#2673,#2651,#236,.T.);
#2176=EDGE_CURVE('',#2674,#2673,#1008,.T.);
#2177=EDGE_CURVE('',#2653,#2674,#237,.T.);
#2178=EDGE_CURVE('',#2675,#2676,#238,.T.);
#2179=EDGE_CURVE('',#2676,#2677,#239,.T.);
#2180=EDGE_CURVE('',#2678,#2677,#240,.T.);
#2181=EDGE_CURVE('',#2675,#2678,#241,.T.);
#2182=EDGE_CURVE('',#2674,#2679,#242,.T.);
#2183=EDGE_CURVE('',#2673,#2679,#243,.T.);
#2184=EDGE_CURVE('',#2680,#2668,#244,.T.);
#2185=EDGE_CURVE('',#2681,#2680,#1009,.T.);
#2186=EDGE_CURVE('',#2670,#2681,#245,.T.);
#2187=EDGE_CURVE('',#2682,#2683,#246,.T.);
#2188=EDGE_CURVE('',#2683,#2684,#247,.T.);
#2189=EDGE_CURVE('',#2685,#2684,#248,.T.);
#2190=EDGE_CURVE('',#2682,#2685,#249,.T.);
#2191=EDGE_CURVE('',#2681,#2686,#250,.T.);
#2192=EDGE_CURVE('',#2680,#2686,#251,.T.);
#2193=EDGE_CURVE('',#2687,#2688,#252,.T.);
#2194=EDGE_CURVE('',#2689,#2687,#1010,.T.);
#2195=EDGE_CURVE('',#2689,#2690,#253,.T.);
#2196=EDGE_CURVE('',#2655,#2690,#254,.T.);
#2197=EDGE_CURVE('',#2654,#2688,#255,.T.);
#2198=EDGE_CURVE('',#2648,#2691,#256,.F.);
#2199=EDGE_CURVE('',#2691,#2692,#257,.T.);
#2200=EDGE_CURVE('',#2692,#2693,#258,.F.);
#2201=EDGE_CURVE('',#2694,#2693,#259,.T.);
#2202=EDGE_CURVE('',#2694,#2695,#260,.F.);
#2203=EDGE_CURVE('',#2649,#2695,#261,.T.);
#2204=EDGE_CURVE('',#2696,#2677,#262,.T.);
#2205=EDGE_CURVE('',#2697,#2696,#263,.T.);
#2206=EDGE_CURVE('',#2697,#2678,#264,.T.);
#2207=EDGE_CURVE('',#2698,#2699,#265,.T.);
#2208=EDGE_CURVE('',#2660,#2698,#266,.T.);
#2209=EDGE_CURVE('',#2659,#2699,#267,.T.);
#2210=EDGE_CURVE('',#2700,#2701,#268,.T.);
#2211=EDGE_CURVE('',#2702,#2700,#1011,.T.);
#2212=EDGE_CURVE('',#2702,#2703,#269,.T.);
#2213=EDGE_CURVE('',#2672,#2703,#270,.T.);
#2214=EDGE_CURVE('',#2671,#2701,#271,.T.);
#2215=EDGE_CURVE('',#2704,#2705,#272,.T.);
#2216=EDGE_CURVE('',#2705,#2662,#273,.F.);
#2217=EDGE_CURVE('',#2706,#2663,#274,.T.);
#2218=EDGE_CURVE('',#2706,#2707,#275,.F.);
#2219=EDGE_CURVE('',#2704,#2707,#276,.T.);
#2220=EDGE_CURVE('',#2708,#2684,#277,.T.);
#2221=EDGE_CURVE('',#2708,#2709,#278,.T.);
#2222=EDGE_CURVE('',#2709,#2685,#279,.T.);
#2223=EDGE_CURVE('',#2710,#2711,#280,.T.);
#2224=EDGE_CURVE('',#2711,#2712,#281,.T.);
#2225=EDGE_CURVE('',#2713,#2712,#282,.T.);
#2226=EDGE_CURVE('',#2713,#2714,#283,.T.);
#2227=EDGE_CURVE('',#2710,#2714,#284,.T.);
#2228=EDGE_CURVE('',#2707,#2715,#285,.T.);
#2229=EDGE_CURVE('',#2715,#2716,#286,.F.);
#2230=EDGE_CURVE('',#2717,#2716,#287,.F.);
#2231=EDGE_CURVE('',#2717,#2718,#288,.F.);
#2232=EDGE_CURVE('',#2718,#2719,#289,.F.);
#2233=EDGE_CURVE('',#2719,#2720,#290,.T.);
#2234=EDGE_CURVE('',#2720,#2721,#291,.F.);
#2235=EDGE_CURVE('',#2721,#2722,#292,.T.);
#2236=EDGE_CURVE('',#2722,#2723,#293,.T.);
#2237=EDGE_CURVE('',#2723,#2724,#294,.F.);
#2238=EDGE_CURVE('',#2724,#2725,#295,.F.);
#2239=EDGE_CURVE('',#2725,#2704,#296,.T.);
#2240=EDGE_CURVE('',#2629,#2726,#297,.T.);
#2241=EDGE_CURVE('',#2727,#2627,#298,.T.);
#2242=EDGE_CURVE('',#2727,#2726,#1012,.T.);
#2243=EDGE_CURVE('',#2626,#2728,#299,.T.);
#2244=EDGE_CURVE('',#2729,#2624,#300,.T.);
#2245=EDGE_CURVE('',#2729,#2728,#1013,.T.);
#2246=EDGE_CURVE('',#2730,#2731,#301,.T.);
#2247=EDGE_CURVE('',#2732,#2731,#302,.T.);
#2248=EDGE_CURVE('',#2732,#2733,#303,.F.);
#2249=EDGE_CURVE('',#2734,#2733,#304,.T.);
#2250=EDGE_CURVE('',#2734,#2730,#305,.F.);
#2251=EDGE_CURVE('',#2735,#2730,#306,.T.);
#2252=EDGE_CURVE('',#2736,#2734,#307,.T.);
#2253=EDGE_CURVE('',#2736,#2737,#308,.F.);
#2254=EDGE_CURVE('',#2737,#2735,#309,.F.);
#2255=EDGE_CURVE('',#2738,#2739,#310,.T.);
#2256=EDGE_CURVE('',#2740,#2739,#311,.F.);
#2257=EDGE_CURVE('',#2741,#2740,#312,.T.);
#2258=EDGE_CURVE('',#2741,#2742,#313,.F.);
#2259=EDGE_CURVE('',#2742,#2738,#314,.F.);
#2260=EDGE_CURVE('',#2739,#2743,#315,.T.);
#2261=EDGE_CURVE('',#2744,#2743,#316,.T.);
#2262=EDGE_CURVE('',#2744,#2745,#317,.F.);
#2263=EDGE_CURVE('',#2740,#2745,#318,.T.);
#2264=EDGE_CURVE('',#2606,#2741,#319,.F.);
#2265=EDGE_CURVE('',#2617,#2742,#320,.F.);
#2266=EDGE_CURVE('',#2746,#2738,#321,.T.);
#2267=EDGE_CURVE('',#2747,#2742,#322,.T.);
#2268=EDGE_CURVE('',#2747,#2746,#323,.F.);
#2269=EDGE_CURVE('',#2731,#2746,#324,.T.);
#2270=EDGE_CURVE('',#2732,#2747,#325,.T.);
#2271=EDGE_CURVE('',#2733,#2615,#326,.F.);
#2272=EDGE_CURVE('',#2732,#2616,#327,.F.);
#2273=EDGE_CURVE('',#2748,#2735,#328,.T.);
#2274=EDGE_CURVE('',#2749,#2737,#329,.T.);
#2275=EDGE_CURVE('',#2749,#2748,#330,.F.);
#2276=EDGE_CURVE('',#2743,#2748,#331,.T.);
#2277=EDGE_CURVE('',#2744,#2749,#332,.T.);
#2278=EDGE_CURVE('',#2745,#2609,#333,.F.);
#2279=EDGE_CURVE('',#2744,#2610,#334,.F.);
#2280=EDGE_CURVE('',#2612,#2736,#335,.F.);
#2281=EDGE_CURVE('',#2611,#2737,#336,.F.);
#2282=EDGE_CURVE('',#2614,#2733,#337,.T.);
#2283=EDGE_CURVE('',#2736,#2613,#338,.F.);
#2284=EDGE_CURVE('',#2741,#2607,#339,.T.);
#2285=EDGE_CURVE('',#2608,#2745,#340,.F.);
#2286=EDGE_CURVE('',#2730,#2746,#1014,.T.);
#2287=EDGE_CURVE('',#2746,#2739,#1015,.T.);
#2288=EDGE_CURVE('',#2748,#2730,#1016,.T.);
#2289=EDGE_CURVE('',#2739,#2748,#1017,.T.);
#2290=EDGE_CURVE('',#2750,#2751,#341,.T.);
#2291=EDGE_CURVE('',#2752,#2751,#342,.T.);
#2292=EDGE_CURVE('',#2752,#2753,#343,.F.);
#2293=EDGE_CURVE('',#2754,#2753,#344,.T.);
#2294=EDGE_CURVE('',#2754,#2750,#345,.F.);
#2295=EDGE_CURVE('',#2755,#2750,#346,.T.);
#2296=EDGE_CURVE('',#2756,#2754,#347,.T.);
#2297=EDGE_CURVE('',#2756,#2757,#348,.F.);
#2298=EDGE_CURVE('',#2757,#2755,#349,.F.);
#2299=EDGE_CURVE('',#2758,#2759,#350,.T.);
#2300=EDGE_CURVE('',#2760,#2759,#351,.F.);
#2301=EDGE_CURVE('',#2761,#2760,#352,.T.);
#2302=EDGE_CURVE('',#2761,#2762,#353,.F.);
#2303=EDGE_CURVE('',#2762,#2758,#354,.F.);
#2304=EDGE_CURVE('',#2759,#2763,#355,.T.);
#2305=EDGE_CURVE('',#2764,#2763,#356,.T.);
#2306=EDGE_CURVE('',#2764,#2765,#357,.F.);
#2307=EDGE_CURVE('',#2760,#2765,#358,.T.);
#2308=EDGE_CURVE('',#2588,#2761,#359,.F.);
#2309=EDGE_CURVE('',#2599,#2762,#360,.F.);
#2310=EDGE_CURVE('',#2766,#2758,#361,.T.);
#2311=EDGE_CURVE('',#2767,#2762,#362,.T.);
#2312=EDGE_CURVE('',#2767,#2766,#363,.F.);
#2313=EDGE_CURVE('',#2751,#2766,#364,.T.);
#2314=EDGE_CURVE('',#2752,#2767,#365,.T.);
#2315=EDGE_CURVE('',#2753,#2597,#366,.F.);
#2316=EDGE_CURVE('',#2752,#2598,#367,.F.);
#2317=EDGE_CURVE('',#2768,#2755,#368,.T.);
#2318=EDGE_CURVE('',#2769,#2757,#369,.T.);
#2319=EDGE_CURVE('',#2769,#2768,#370,.F.);
#2320=EDGE_CURVE('',#2763,#2768,#371,.T.);
#2321=EDGE_CURVE('',#2764,#2769,#372,.T.);
#2322=EDGE_CURVE('',#2765,#2591,#373,.F.);
#2323=EDGE_CURVE('',#2764,#2592,#374,.F.);
#2324=EDGE_CURVE('',#2594,#2756,#375,.F.);
#2325=EDGE_CURVE('',#2593,#2757,#376,.F.);
#2326=EDGE_CURVE('',#2596,#2753,#377,.T.);
#2327=EDGE_CURVE('',#2756,#2595,#378,.F.);
#2328=EDGE_CURVE('',#2761,#2589,#379,.T.);
#2329=EDGE_CURVE('',#2590,#2765,#380,.F.);
#2330=EDGE_CURVE('',#2750,#2766,#1018,.T.);
#2331=EDGE_CURVE('',#2766,#2759,#1019,.T.);
#2332=EDGE_CURVE('',#2768,#2750,#1020,.T.);
#2333=EDGE_CURVE('',#2759,#2768,#1021,.T.);
#2334=EDGE_CURVE('',#2770,#2771,#381,.T.);
#2335=EDGE_CURVE('',#2772,#2771,#382,.T.);
#2336=EDGE_CURVE('',#2772,#2773,#383,.F.);
#2337=EDGE_CURVE('',#2774,#2773,#384,.T.);
#2338=EDGE_CURVE('',#2774,#2770,#385,.F.);
#2339=EDGE_CURVE('',#2775,#2770,#386,.T.);
#2340=EDGE_CURVE('',#2776,#2774,#387,.T.);
#2341=EDGE_CURVE('',#2776,#2777,#388,.F.);
#2342=EDGE_CURVE('',#2777,#2775,#389,.F.);
#2343=EDGE_CURVE('',#2778,#2779,#390,.T.);
#2344=EDGE_CURVE('',#2780,#2779,#391,.F.);
#2345=EDGE_CURVE('',#2781,#2780,#392,.T.);
#2346=EDGE_CURVE('',#2781,#2782,#393,.F.);
#2347=EDGE_CURVE('',#2782,#2778,#394,.F.);
#2348=EDGE_CURVE('',#2779,#2783,#395,.T.);
#2349=EDGE_CURVE('',#2784,#2783,#396,.T.);
#2350=EDGE_CURVE('',#2784,#2785,#397,.F.);
#2351=EDGE_CURVE('',#2780,#2785,#398,.T.);
#2352=EDGE_CURVE('',#2786,#2781,#399,.F.);
#2353=EDGE_CURVE('',#2787,#2786,#400,.T.);
#2354=EDGE_CURVE('',#2787,#2782,#401,.F.);
#2355=EDGE_CURVE('',#2788,#2778,#402,.T.);
#2356=EDGE_CURVE('',#2789,#2782,#403,.T.);
#2357=EDGE_CURVE('',#2789,#2788,#404,.F.);
#2358=EDGE_CURVE('',#2771,#2788,#405,.T.);
#2359=EDGE_CURVE('',#2772,#2789,#406,.T.);
#2360=EDGE_CURVE('',#2773,#2790,#407,.F.);
#2361=EDGE_CURVE('',#2772,#2791,#408,.F.);
#2362=EDGE_CURVE('',#2791,#2790,#409,.T.);
#2363=EDGE_CURVE('',#2792,#2775,#410,.T.);
#2364=EDGE_CURVE('',#2793,#2777,#411,.T.);
#2365=EDGE_CURVE('',#2793,#2792,#412,.F.);
#2366=EDGE_CURVE('',#2783,#2792,#413,.T.);
#2367=EDGE_CURVE('',#2784,#2793,#414,.T.);
#2368=EDGE_CURVE('',#2785,#2794,#415,.F.);
#2369=EDGE_CURVE('',#2784,#2795,#416,.F.);
#2370=EDGE_CURVE('',#2795,#2794,#417,.T.);
#2371=EDGE_CURVE('',#2796,#2776,#418,.F.);
#2372=EDGE_CURVE('',#2797,#2796,#419,.T.);
#2373=EDGE_CURVE('',#2797,#2777,#420,.F.);
#2374=EDGE_CURVE('',#2798,#2773,#421,.T.);
#2375=EDGE_CURVE('',#2799,#2798,#1022,.T.);
#2376=EDGE_CURVE('',#2776,#2799,#422,.F.);
#2377=EDGE_CURVE('',#2781,#2800,#423,.T.);
#2378=EDGE_CURVE('',#2801,#2785,#424,.F.);
#2379=EDGE_CURVE('',#2800,#2801,#1023,.T.);
#2380=EDGE_CURVE('',#2770,#2788,#1024,.T.);
#2381=EDGE_CURVE('',#2788,#2779,#1025,.T.);
#2382=EDGE_CURVE('',#2795,#2797,#1026,.T.);
#2383=EDGE_CURVE('',#2792,#2770,#1027,.T.);
#2384=EDGE_CURVE('',#2791,#2787,#1028,.T.);
#2385=EDGE_CURVE('',#2786,#2800,#1029,.T.);
#2386=EDGE_CURVE('',#2779,#2792,#1030,.T.);
#2387=EDGE_CURVE('',#2798,#2790,#1031,.T.);
#2388=EDGE_CURVE('',#2796,#2799,#1032,.T.);
#2389=EDGE_CURVE('',#2802,#2803,#425,.T.);
#2390=EDGE_CURVE('',#2804,#2803,#426,.T.);
#2391=EDGE_CURVE('',#2804,#2805,#427,.F.);
#2392=EDGE_CURVE('',#2806,#2805,#428,.T.);
#2393=EDGE_CURVE('',#2806,#2802,#429,.F.);
#2394=EDGE_CURVE('',#2807,#2802,#430,.T.);
#2395=EDGE_CURVE('',#2808,#2806,#431,.T.);
#2396=EDGE_CURVE('',#2808,#2809,#432,.F.);
#2397=EDGE_CURVE('',#2809,#2807,#433,.F.);
#2398=EDGE_CURVE('',#2810,#2811,#434,.T.);
#2399=EDGE_CURVE('',#2812,#2811,#435,.F.);
#2400=EDGE_CURVE('',#2813,#2812,#436,.T.);
#2401=EDGE_CURVE('',#2813,#2814,#437,.F.);
#2402=EDGE_CURVE('',#2814,#2810,#438,.F.);
#2403=EDGE_CURVE('',#2811,#2815,#439,.T.);
#2404=EDGE_CURVE('',#2816,#2815,#440,.T.);
#2405=EDGE_CURVE('',#2816,#2817,#441,.F.);
#2406=EDGE_CURVE('',#2812,#2817,#442,.T.);
#2407=EDGE_CURVE('',#2818,#2813,#443,.F.);
#2408=EDGE_CURVE('',#2819,#2818,#444,.T.);
#2409=EDGE_CURVE('',#2819,#2814,#445,.F.);
#2410=EDGE_CURVE('',#2820,#2810,#446,.T.);
#2411=EDGE_CURVE('',#2821,#2814,#447,.T.);
#2412=EDGE_CURVE('',#2821,#2820,#448,.F.);
#2413=EDGE_CURVE('',#2803,#2820,#449,.T.);
#2414=EDGE_CURVE('',#2804,#2821,#450,.T.);
#2415=EDGE_CURVE('',#2805,#2822,#451,.F.);
#2416=EDGE_CURVE('',#2804,#2823,#452,.F.);
#2417=EDGE_CURVE('',#2823,#2822,#453,.T.);
#2418=EDGE_CURVE('',#2824,#2807,#454,.T.);
#2419=EDGE_CURVE('',#2825,#2809,#455,.T.);
#2420=EDGE_CURVE('',#2825,#2824,#456,.F.);
#2421=EDGE_CURVE('',#2815,#2824,#457,.T.);
#2422=EDGE_CURVE('',#2816,#2825,#458,.T.);
#2423=EDGE_CURVE('',#2817,#2826,#459,.F.);
#2424=EDGE_CURVE('',#2816,#2827,#460,.F.);
#2425=EDGE_CURVE('',#2827,#2826,#461,.T.);
#2426=EDGE_CURVE('',#2828,#2808,#462,.F.);
#2427=EDGE_CURVE('',#2829,#2828,#463,.T.);
#2428=EDGE_CURVE('',#2829,#2809,#464,.F.);
#2429=EDGE_CURVE('',#2830,#2805,#465,.T.);
#2430=EDGE_CURVE('',#2831,#2830,#1033,.T.);
#2431=EDGE_CURVE('',#2808,#2831,#466,.F.);
#2432=EDGE_CURVE('',#2813,#2832,#467,.T.);
#2433=EDGE_CURVE('',#2833,#2817,#468,.F.);
#2434=EDGE_CURVE('',#2832,#2833,#1034,.T.);
#2435=EDGE_CURVE('',#2802,#2820,#1035,.T.);
#2436=EDGE_CURVE('',#2820,#2811,#1036,.T.);
#2437=EDGE_CURVE('',#2827,#2829,#1037,.T.);
#2438=EDGE_CURVE('',#2824,#2802,#1038,.T.);
#2439=EDGE_CURVE('',#2823,#2819,#1039,.T.);
#2440=EDGE_CURVE('',#2818,#2832,#1040,.T.);
#2441=EDGE_CURVE('',#2811,#2824,#1041,.T.);
#2442=EDGE_CURVE('',#2830,#2822,#1042,.T.);
#2443=EDGE_CURVE('',#2828,#2831,#1043,.T.);
#2444=EDGE_CURVE('',#2834,#2834,#2906,.T.);
#2445=EDGE_CURVE('',#2835,#2835,#1044,.F.);
#2446=EDGE_CURVE('',#2833,#2826,#1045,.T.);
#2447=EDGE_CURVE('',#2836,#2836,#1046,.F.);
#2448=EDGE_CURVE('',#2801,#2794,#1047,.T.);
#2449=EDGE_CURVE('',#2837,#2837,#1048,.F.);
#2450=EDGE_CURVE('',#2838,#2838,#2907,.T.);
#2451=EDGE_CURVE('',#2839,#2839,#1049,.F.);
#2452=EDGE_CURVE('',#2840,#2841,#469,.T.);
#2453=EDGE_CURVE('',#2842,#2840,#470,.T.);
#2454=EDGE_CURVE('',#2843,#2842,#471,.T.);
#2455=EDGE_CURVE('',#2844,#2843,#472,.T.);
#2456=EDGE_CURVE('',#2845,#2844,#473,.T.);
#2457=EDGE_CURVE('',#2841,#2845,#474,.T.);
#2458=EDGE_CURVE('',#2846,#2847,#475,.T.);
#2459=EDGE_CURVE('',#2847,#2848,#476,.T.);
#2460=EDGE_CURVE('',#2849,#2848,#477,.T.);
#2461=EDGE_CURVE('',#2849,#2850,#478,.T.);
#2462=EDGE_CURVE('',#2850,#2851,#479,.T.);
#2463=EDGE_CURVE('',#2851,#2852,#480,.T.);
#2464=EDGE_CURVE('',#2852,#2853,#481,.T.);
#2465=EDGE_CURVE('',#2846,#2853,#482,.T.);
#2466=EDGE_CURVE('',#2854,#2665,#483,.T.);
#2467=EDGE_CURVE('',#2854,#2855,#484,.T.);
#2468=EDGE_CURVE('',#2855,#2856,#485,.T.);
#2469=EDGE_CURVE('',#2856,#2857,#486,.T.);
#2470=EDGE_CURVE('',#2857,#2666,#487,.T.);
#2471=EDGE_CURVE('',#2853,#2858,#488,.T.);
#2472=EDGE_CURVE('',#2852,#2859,#489,.T.);
#2473=EDGE_CURVE('',#2860,#2859,#1050,.F.);
#2474=EDGE_CURVE('',#2861,#2860,#490,.T.);
#2475=EDGE_CURVE('',#2862,#2861,#491,.T.);
#2476=EDGE_CURVE('',#2863,#2862,#492,.T.);
#2477=EDGE_CURVE('',#2864,#2863,#1051,.F.);
#2478=EDGE_CURVE('',#2865,#2864,#493,.T.);
#2479=EDGE_CURVE('',#2666,#2865,#494,.T.);
#2480=EDGE_CURVE('',#2866,#2857,#495,.T.);
#2481=EDGE_CURVE('',#2858,#2866,#1052,.F.);
#2482=EDGE_CURVE('',#2714,#2865,#496,.T.);
#2483=EDGE_CURVE('',#2867,#2864,#497,.T.);
#2484=EDGE_CURVE('',#2867,#2710,#498,.T.);
#2485=EDGE_CURVE('',#2868,#2863,#499,.T.);
#2486=EDGE_CURVE('',#2868,#2867,#1053,.T.);
#2487=EDGE_CURVE('',#2869,#2862,#500,.T.);
#2488=EDGE_CURVE('',#2869,#2868,#501,.T.);
#2489=EDGE_CURVE('',#2726,#2870,#502,.T.);
#2490=EDGE_CURVE('',#2727,#2870,#503,.T.);
#2491=EDGE_CURVE('',#2728,#2871,#504,.T.);
#2492=EDGE_CURVE('',#2729,#2871,#505,.T.);
#2493=EDGE_CURVE('',#2872,#2861,#506,.T.);
#2494=EDGE_CURVE('',#2872,#2869,#507,.T.);
#2495=EDGE_CURVE('',#2873,#2860,#508,.T.);
#2496=EDGE_CURVE('',#2873,#2872,#509,.T.);
#2497=EDGE_CURVE('',#2874,#2859,#510,.T.);
#2498=EDGE_CURVE('',#2874,#2873,#1054,.T.);
#2499=EDGE_CURVE('',#2874,#2851,#511,.T.);
#2500=EDGE_CURVE('',#2716,#2711,#512,.F.);
#2501=EDGE_CURVE('',#2850,#2640,#513,.F.);
#2502=EDGE_CURVE('',#2637,#2717,#514,.F.);
#2503=EDGE_CURVE('',#2875,#2875,#1055,.T.);
#2504=EDGE_CURVE('',#2876,#2876,#1056,.T.);
#2505=EDGE_CURVE('',#2877,#2877,#1057,.T.);
#2506=EDGE_CURVE('',#2878,#2858,#515,.T.);
#2507=EDGE_CURVE('',#2878,#2846,#516,.T.);
#2508=EDGE_CURVE('',#2879,#2866,#517,.T.);
#2509=EDGE_CURVE('',#2879,#2878,#1058,.T.);
#2510=EDGE_CURVE('',#2856,#2879,#2908,.T.);
#2511=EDGE_CURVE('',#2855,#2847,#518,.F.);
#2512=EDGE_CURVE('',#2880,#2880,#1059,.T.);
#2513=EDGE_CURVE('',#2625,#2871,#519,.T.);
#2514=EDGE_CURVE('',#2628,#2870,#520,.T.);
#2515=EDGE_CURVE('',#2724,#2630,#521,.F.);
#2516=EDGE_CURVE('',#2631,#2849,#522,.F.);
#2517=EDGE_CURVE('',#2848,#2854,#523,.F.);
#2518=EDGE_CURVE('',#2664,#2881,#524,.F.);
#2519=EDGE_CURVE('',#2881,#2725,#525,.T.);
#2520=EDGE_CURVE('',#2695,#2719,#526,.T.);
#2521=EDGE_CURVE('',#2718,#2636,#527,.F.);
#2522=EDGE_CURVE('',#2650,#2635,#528,.T.);
#2523=EDGE_CURVE('',#2720,#2694,#529,.T.);
#2524=EDGE_CURVE('',#2693,#2721,#530,.T.);
#2525=EDGE_CURVE('',#2882,#2623,#531,.T.);
#2526=EDGE_CURVE('',#2883,#2882,#1060,.F.);
#2527=EDGE_CURVE('',#2689,#2883,#532,.T.);
#2528=EDGE_CURVE('',#2618,#2687,#533,.T.);
#2529=EDGE_CURVE('',#2722,#2692,#534,.F.);
#2530=EDGE_CURVE('',#2633,#2691,#535,.T.);
#2531=EDGE_CURVE('',#2632,#2723,#536,.T.);
#2532=EDGE_CURVE('',#2634,#2647,#537,.F.);
#2533=EDGE_CURVE('',#2882,#2884,#538,.T.);
#2534=EDGE_CURVE('',#2657,#2884,#539,.F.);
#2535=EDGE_CURVE('',#2656,#2885,#540,.F.);
#2536=EDGE_CURVE('',#2883,#2885,#541,.F.);
#2537=EDGE_CURVE('',#2714,#2667,#542,.T.);
#2538=EDGE_CURVE('',#2713,#2706,#543,.T.);
#2539=EDGE_CURVE('',#2646,#2584,#544,.T.);
#2540=EDGE_CURVE('',#2702,#2645,#545,.T.);
#2541=EDGE_CURVE('',#2603,#2700,#546,.T.);
#2542=EDGE_CURVE('',#2585,#2602,#547,.T.);
#2543=EDGE_CURVE('',#2886,#2887,#548,.F.);
#2544=EDGE_CURVE('',#2887,#2888,#1061,.F.);
#2545=EDGE_CURVE('',#2889,#2888,#549,.F.);
#2546=EDGE_CURVE('',#2886,#2889,#1062,.F.);
#2547=EDGE_CURVE('',#2881,#2705,#550,.T.);
#2548=EDGE_CURVE('',#2712,#2715,#551,.T.);
#2549=EDGE_CURVE('',#2661,#2676,#552,.T.);
#2550=EDGE_CURVE('',#2696,#2698,#553,.T.);
#2551=EDGE_CURVE('',#2658,#2675,#554,.T.);
#2552=EDGE_CURVE('',#2697,#2699,#555,.T.);
#2553=EDGE_CURVE('',#2889,#2683,#556,.T.);
#2554=EDGE_CURVE('',#2888,#2890,#557,.T.);
#2555=EDGE_CURVE('',#2708,#2890,#558,.T.);
#2556=EDGE_CURVE('',#2886,#2682,#559,.T.);
#2557=EDGE_CURVE('',#2887,#2891,#560,.T.);
#2558=EDGE_CURVE('',#2891,#2890,#561,.T.);
#2559=EDGE_CURVE('',#2709,#2891,#562,.T.);
#2560=EDGE_CURVE('',#2690,#2885,#563,.T.);
#2561=EDGE_CURVE('',#2703,#2644,#564,.T.);
#2562=EDGE_CURVE('',#2892,#2841,#565,.T.);
#2563=EDGE_CURVE('',#2893,#2892,#566,.T.);
#2564=EDGE_CURVE('',#2893,#2840,#567,.T.);
#2565=EDGE_CURVE('',#2894,#2845,#568,.T.);
#2566=EDGE_CURVE('',#2892,#2894,#569,.T.);
#2567=EDGE_CURVE('',#2895,#2844,#570,.T.);
#2568=EDGE_CURVE('',#2894,#2895,#571,.T.);
#2569=EDGE_CURVE('',#2896,#2843,#572,.T.);
#2570=EDGE_CURVE('',#2895,#2896,#573,.T.);
#2571=EDGE_CURVE('',#2897,#2842,#574,.T.);
#2572=EDGE_CURVE('',#2896,#2897,#575,.T.);
#2573=EDGE_CURVE('',#2897,#2893,#576,.T.);
#2574=EDGE_CURVE('',#2622,#2884,#577,.T.);
#2575=EDGE_CURVE('',#2688,#2619,#578,.T.);
#2576=EDGE_CURVE('',#2701,#2604,#579,.T.);
#2577=EDGE_CURVE('',#2601,#2586,#580,.T.);
#2578=EDGE_CURVE('',#2583,#2642,#581,.T.);
#2579=EDGE_CURVE('',#2686,#2669,#582,.T.);
#2580=EDGE_CURVE('',#2679,#2652,#583,.T.);
#2581=VERTEX_POINT('',#4905);
#2582=VERTEX_POINT('',#4907);
#2583=VERTEX_POINT('',#4908);
#2584=VERTEX_POINT('',#4910);
#2585=VERTEX_POINT('',#4920);
#2586=VERTEX_POINT('',#4922);
#2587=VERTEX_POINT('',#4924);
#2588=VERTEX_POINT('',#4936);
#2589=VERTEX_POINT('',#4937);
#2590=VERTEX_POINT('',#4939);
#2591=VERTEX_POINT('',#4941);
#2592=VERTEX_POINT('',#4943);
#2593=VERTEX_POINT('',#4945);
#2594=VERTEX_POINT('',#4947);
#2595=VERTEX_POINT('',#4949);
#2596=VERTEX_POINT('',#4951);
#2597=VERTEX_POINT('',#4953);
#2598=VERTEX_POINT('',#4955);
#2599=VERTEX_POINT('',#4957);
#2600=VERTEX_POINT('',#4960);
#2601=VERTEX_POINT('',#4961);
#2602=VERTEX_POINT('',#4963);
#2603=VERTEX_POINT('',#4973);
#2604=VERTEX_POINT('',#4975);
#2605=VERTEX_POINT('',#4977);
#2606=VERTEX_POINT('',#4989);
#2607=VERTEX_POINT('',#4990);
#2608=VERTEX_POINT('',#4992);
#2609=VERTEX_POINT('',#4994);
#2610=VERTEX_POINT('',#4996);
#2611=VERTEX_POINT('',#4998);
#2612=VERTEX_POINT('',#5000);
#2613=VERTEX_POINT('',#5002);
#2614=VERTEX_POINT('',#5004);
#2615=VERTEX_POINT('',#5006);
#2616=VERTEX_POINT('',#5008);
#2617=VERTEX_POINT('',#5010);
#2618=VERTEX_POINT('',#5013);
#2619=VERTEX_POINT('',#5014);
#2620=VERTEX_POINT('',#5016);
#2621=VERTEX_POINT('',#5026);
#2622=VERTEX_POINT('',#5028);
#2623=VERTEX_POINT('',#5030);
#2624=VERTEX_POINT('',#5042);
#2625=VERTEX_POINT('',#5043);
#2626=VERTEX_POINT('',#5045);
#2627=VERTEX_POINT('',#5048);
#2628=VERTEX_POINT('',#5049);
#2629=VERTEX_POINT('',#5051);
#2630=VERTEX_POINT('',#5054);
#2631=VERTEX_POINT('',#5055);
#2632=VERTEX_POINT('',#5057);
#2633=VERTEX_POINT('',#5059);
#2634=VERTEX_POINT('',#5061);
#2635=VERTEX_POINT('',#5063);
#2636=VERTEX_POINT('',#5065);
#2637=VERTEX_POINT('',#5067);
#2638=VERTEX_POINT('',#5069);
#2639=VERTEX_POINT('',#5074);
#2640=VERTEX_POINT('',#5076);
#2641=VERTEX_POINT('',#5079);
#2642=VERTEX_POINT('',#5080);
#2643=VERTEX_POINT('',#5082);
#2644=VERTEX_POINT('',#5084);
#2645=VERTEX_POINT('',#5086);
#2646=VERTEX_POINT('',#5088);
#2647=VERTEX_POINT('',#5092);
#2648=VERTEX_POINT('',#5093);
#2649=VERTEX_POINT('',#5095);
#2650=VERTEX_POINT('',#5097);
#2651=VERTEX_POINT('',#5100);
#2652=VERTEX_POINT('',#5101);
#2653=VERTEX_POINT('',#5103);
#2654=VERTEX_POINT('',#5107);
#2655=VERTEX_POINT('',#5109);
#2656=VERTEX_POINT('',#5111);
#2657=VERTEX_POINT('',#5113);
#2658=VERTEX_POINT('',#5116);
#2659=VERTEX_POINT('',#5117);
#2660=VERTEX_POINT('',#5119);
#2661=VERTEX_POINT('',#5121);
#2662=VERTEX_POINT('',#5125);
#2663=VERTEX_POINT('',#5126);
#2664=VERTEX_POINT('',#5128);
#2665=VERTEX_POINT('',#5130);
#2666=VERTEX_POINT('',#5132);
#2667=VERTEX_POINT('',#5134);
#2668=VERTEX_POINT('',#5137);
#2669=VERTEX_POINT('',#5138);
#2670=VERTEX_POINT('',#5140);
#2671=VERTEX_POINT('',#5144);
#2672=VERTEX_POINT('',#5146);
#2673=VERTEX_POINT('',#5152);
#2674=VERTEX_POINT('',#5154);
#2675=VERTEX_POINT('',#5158);
#2676=VERTEX_POINT('',#5159);
#2677=VERTEX_POINT('',#5161);
#2678=VERTEX_POINT('',#5163);
#2679=VERTEX_POINT('',#5166);
#2680=VERTEX_POINT('',#5170);
#2681=VERTEX_POINT('',#5172);
#2682=VERTEX_POINT('',#5176);
#2683=VERTEX_POINT('',#5177);
#2684=VERTEX_POINT('',#5179);
#2685=VERTEX_POINT('',#5181);
#2686=VERTEX_POINT('',#5184);
#2687=VERTEX_POINT('',#5188);
#2688=VERTEX_POINT('',#5189);
#2689=VERTEX_POINT('',#5191);
#2690=VERTEX_POINT('',#5193);
#2691=VERTEX_POINT('',#5197);
#2692=VERTEX_POINT('',#5199);
#2693=VERTEX_POINT('',#5201);
#2694=VERTEX_POINT('',#5203);
#2695=VERTEX_POINT('',#5205);
#2696=VERTEX_POINT('',#5208);
#2697=VERTEX_POINT('',#5210);
#2698=VERTEX_POINT('',#5214);
#2699=VERTEX_POINT('',#5215);
#2700=VERTEX_POINT('',#5220);
#2701=VERTEX_POINT('',#5221);
#2702=VERTEX_POINT('',#5223);
#2703=VERTEX_POINT('',#5225);
#2704=VERTEX_POINT('',#5229);
#2705=VERTEX_POINT('',#5230);
#2706=VERTEX_POINT('',#5233);
#2707=VERTEX_POINT('',#5235);
#2708=VERTEX_POINT('',#5238);
#2709=VERTEX_POINT('',#5240);
#2710=VERTEX_POINT('',#5244);
#2711=VERTEX_POINT('',#5245);
#2712=VERTEX_POINT('',#5247);
#2713=VERTEX_POINT('',#5249);
#2714=VERTEX_POINT('',#5251);
#2715=VERTEX_POINT('',#5255);
#2716=VERTEX_POINT('',#5257);
#2717=VERTEX_POINT('',#5259);
#2718=VERTEX_POINT('',#5261);
#2719=VERTEX_POINT('',#5263);
#2720=VERTEX_POINT('',#5265);
#2721=VERTEX_POINT('',#5267);
#2722=VERTEX_POINT('',#5269);
#2723=VERTEX_POINT('',#5271);
#2724=VERTEX_POINT('',#5273);
#2725=VERTEX_POINT('',#5275);
#2726=VERTEX_POINT('',#5279);
#2727=VERTEX_POINT('',#5281);
#2728=VERTEX_POINT('',#5285);
#2729=VERTEX_POINT('',#5287);
#2730=VERTEX_POINT('',#5291);
#2731=VERTEX_POINT('',#5292);
#2732=VERTEX_POINT('',#5294);
#2733=VERTEX_POINT('',#5296);
#2734=VERTEX_POINT('',#5298);
#2735=VERTEX_POINT('',#5302);
#2736=VERTEX_POINT('',#5304);
#2737=VERTEX_POINT('',#5306);
#2738=VERTEX_POINT('',#5310);
#2739=VERTEX_POINT('',#5311);
#2740=VERTEX_POINT('',#5313);
#2741=VERTEX_POINT('',#5315);
#2742=VERTEX_POINT('',#5317);
#2743=VERTEX_POINT('',#5321);
#2744=VERTEX_POINT('',#5323);
#2745=VERTEX_POINT('',#5325);
#2746=VERTEX_POINT('',#5332);
#2747=VERTEX_POINT('',#5334);
#2748=VERTEX_POINT('',#5344);
#2749=VERTEX_POINT('',#5346);
#2750=VERTEX_POINT('',#5378);
#2751=VERTEX_POINT('',#5379);
#2752=VERTEX_POINT('',#5381);
#2753=VERTEX_POINT('',#5383);
#2754=VERTEX_POINT('',#5385);
#2755=VERTEX_POINT('',#5389);
#2756=VERTEX_POINT('',#5391);
#2757=VERTEX_POINT('',#5393);
#2758=VERTEX_POINT('',#5397);
#2759=VERTEX_POINT('',#5398);
#2760=VERTEX_POINT('',#5400);
#2761=VERTEX_POINT('',#5402);
#2762=VERTEX_POINT('',#5404);
#2763=VERTEX_POINT('',#5408);
#2764=VERTEX_POINT('',#5410);
#2765=VERTEX_POINT('',#5412);
#2766=VERTEX_POINT('',#5419);
#2767=VERTEX_POINT('',#5421);
#2768=VERTEX_POINT('',#5431);
#2769=VERTEX_POINT('',#5433);
#2770=VERTEX_POINT('',#5465);
#2771=VERTEX_POINT('',#5466);
#2772=VERTEX_POINT('',#5468);
#2773=VERTEX_POINT('',#5470);
#2774=VERTEX_POINT('',#5472);
#2775=VERTEX_POINT('',#5476);
#2776=VERTEX_POINT('',#5478);
#2777=VERTEX_POINT('',#5480);
#2778=VERTEX_POINT('',#5484);
#2779=VERTEX_POINT('',#5485);
#2780=VERTEX_POINT('',#5487);
#2781=VERTEX_POINT('',#5489);
#2782=VERTEX_POINT('',#5491);
#2783=VERTEX_POINT('',#5495);
#2784=VERTEX_POINT('',#5497);
#2785=VERTEX_POINT('',#5499);
#2786=VERTEX_POINT('',#5503);
#2787=VERTEX_POINT('',#5505);
#2788=VERTEX_POINT('',#5509);
#2789=VERTEX_POINT('',#5511);
#2790=VERTEX_POINT('',#5518);
#2791=VERTEX_POINT('',#5520);
#2792=VERTEX_POINT('',#5524);
#2793=VERTEX_POINT('',#5526);
#2794=VERTEX_POINT('',#5533);
#2795=VERTEX_POINT('',#5535);
#2796=VERTEX_POINT('',#5539);
#2797=VERTEX_POINT('',#5541);
#2798=VERTEX_POINT('',#5545);
#2799=VERTEX_POINT('',#5547);
#2800=VERTEX_POINT('',#5551);
#2801=VERTEX_POINT('',#5553);
#2802=VERTEX_POINT('',#5575);
#2803=VERTEX_POINT('',#5576);
#2804=VERTEX_POINT('',#5578);
#2805=VERTEX_POINT('',#5580);
#2806=VERTEX_POINT('',#5582);
#2807=VERTEX_POINT('',#5586);
#2808=VERTEX_POINT('',#5588);
#2809=VERTEX_POINT('',#5590);
#2810=VERTEX_POINT('',#5594);
#2811=VERTEX_POINT('',#5595);
#2812=VERTEX_POINT('',#5597);
#2813=VERTEX_POINT('',#5599);
#2814=VERTEX_POINT('',#5601);
#2815=VERTEX_POINT('',#5605);
#2816=VERTEX_POINT('',#5607);
#2817=VERTEX_POINT('',#5609);
#2818=VERTEX_POINT('',#5613);
#2819=VERTEX_POINT('',#5615);
#2820=VERTEX_POINT('',#5619);
#2821=VERTEX_POINT('',#5621);
#2822=VERTEX_POINT('',#5628);
#2823=VERTEX_POINT('',#5630);
#2824=VERTEX_POINT('',#5634);
#2825=VERTEX_POINT('',#5636);
#2826=VERTEX_POINT('',#5643);
#2827=VERTEX_POINT('',#5645);
#2828=VERTEX_POINT('',#5649);
#2829=VERTEX_POINT('',#5651);
#2830=VERTEX_POINT('',#5655);
#2831=VERTEX_POINT('',#5657);
#2832=VERTEX_POINT('',#5661);
#2833=VERTEX_POINT('',#5663);
#2834=VERTEX_POINT('',#5705);
#2835=VERTEX_POINT('',#5707);
#2836=VERTEX_POINT('',#5711);
#2837=VERTEX_POINT('',#5715);
#2838=VERTEX_POINT('',#5738);
#2839=VERTEX_POINT('',#5740);
#2840=VERTEX_POINT('',#5743);
#2841=VERTEX_POINT('',#5744);
#2842=VERTEX_POINT('',#5746);
#2843=VERTEX_POINT('',#5748);
#2844=VERTEX_POINT('',#5750);
#2845=VERTEX_POINT('',#5752);
#2846=VERTEX_POINT('',#5755);
#2847=VERTEX_POINT('',#5756);
#2848=VERTEX_POINT('',#5758);
#2849=VERTEX_POINT('',#5760);
#2850=VERTEX_POINT('',#5762);
#2851=VERTEX_POINT('',#5764);
#2852=VERTEX_POINT('',#5766);
#2853=VERTEX_POINT('',#5768);
#2854=VERTEX_POINT('',#5772);
#2855=VERTEX_POINT('',#5774);
#2856=VERTEX_POINT('',#5776);
#2857=VERTEX_POINT('',#5778);
#2858=VERTEX_POINT('',#5782);
#2859=VERTEX_POINT('',#5784);
#2860=VERTEX_POINT('',#5786);
#2861=VERTEX_POINT('',#5788);
#2862=VERTEX_POINT('',#5790);
#2863=VERTEX_POINT('',#5792);
#2864=VERTEX_POINT('',#5794);
#2865=VERTEX_POINT('',#5796);
#2866=VERTEX_POINT('',#5799);
#2867=VERTEX_POINT('',#5804);
#2868=VERTEX_POINT('',#5808);
#2869=VERTEX_POINT('',#5812);
#2870=VERTEX_POINT('',#5816);
#2871=VERTEX_POINT('',#5819);
#2872=VERTEX_POINT('',#5822);
#2873=VERTEX_POINT('',#5826);
#2874=VERTEX_POINT('',#5830);
#2875=VERTEX_POINT('',#5839);
#2876=VERTEX_POINT('',#5841);
#2877=VERTEX_POINT('',#5843);
#2878=VERTEX_POINT('',#5846);
#2879=VERTEX_POINT('',#5850);
#2880=VERTEX_POINT('',#5860);
#2881=VERTEX_POINT('',#5880);
#2882=VERTEX_POINT('',#5891);
#2883=VERTEX_POINT('',#5893);
#2884=VERTEX_POINT('',#5906);
#2885=VERTEX_POINT('',#5909);
#2886=VERTEX_POINT('',#5921);
#2887=VERTEX_POINT('',#5922);
#2888=VERTEX_POINT('',#5924);
#2889=VERTEX_POINT('',#5926);
#2890=VERTEX_POINT('',#5948);
#2891=VERTEX_POINT('',#5954);
#2892=VERTEX_POINT('',#5969);
#2893=VERTEX_POINT('',#5971);
#2894=VERTEX_POINT('',#5975);
#2895=VERTEX_POINT('',#5979);
#2896=VERTEX_POINT('',#5983);
#2897=VERTEX_POINT('',#5987);
#2898=B_SPLINE_CURVE_WITH_KNOTS('',3,(#4885,#4886,#4887,#4888,#4889,#4890,
#4891,#4892,#4893,#4894,#4895,#4896,#4897,#4898,#4899,#4900,#4901,#4902,
#4903,#4904),.UNSPECIFIED.,.T.,.F.,(1,1,1,1,1,1,1,1,1,1,1,1,1,1,1,1,1,1,
1,1,1,1,1,1),(-0.00436676599064412,-0.00291117732709608,-0.00145558866354804,
0.,0.00145558866354804,0.00291117732709608,0.00436676599064412,0.00582235465419216,
0.0072779433177402,0.00873353198128824,0.0101891206448363,0.0116447093083843,
0.0131002979719324,0.0145558866354804,0.0160114752990284,0.0167392696308025,
0.0174670639625765,0.0189226526261245,0.0203782412896726,0.0218338299532206,
0.0232894186167686,0.0247450072803167,0.0262005959438647,0.0276561846074128),
 .UNSPECIFIED.);
#2899=B_SPLINE_CURVE_WITH_KNOTS('',3,(#4911,#4912,#4913,#4914,#4915,#4916,
#4917,#4918,#4919),.UNSPECIFIED.,.F.,.F.,(4,1,1,1,1,1,4),(0.00820537688601947,
0.00994206412491686,0.0108104077443656,0.0116787513638143,0.012547094983263,
0.0134154386027116,0.015152125841609),.UNSPECIFIED.);
#2900=B_SPLINE_CURVE_WITH_KNOTS('',3,(#4925,#4926,#4927,#4928,#4929,#4930,
#4931,#4932,#4933),.UNSPECIFIED.,.F.,.F.,(4,1,1,1,1,1,4),(0.0198750493720713,
0.0216117276181773,0.0224800667412303,0.0233484058642834,0.0242167449873364,
0.0250850841103894,0.0268217623564954),.UNSPECIFIED.);
#2901=B_SPLINE_CURVE_WITH_KNOTS('',3,(#4964,#4965,#4966,#4967,#4968,#4969,
#4970,#4971,#4972),.UNSPECIFIED.,.F.,.F.,(4,1,1,1,1,1,4),(0.00820537688601953,
0.00994206412491693,0.0108104077443656,0.0116787513638143,0.012547094983263,
0.0134154386027117,0.0151521258416091),.UNSPECIFIED.);
#2902=B_SPLINE_CURVE_WITH_KNOTS('',3,(#4978,#4979,#4980,#4981,#4982,#4983,
#4984,#4985,#4986),.UNSPECIFIED.,.F.,.F.,(4,1,1,1,1,1,4),(0.0198750493720711,
0.0216117276181772,0.0224800667412303,0.0233484058642833,0.0242167449873364,
0.0250850841103894,0.0268217623564955),.UNSPECIFIED.);
#2903=B_SPLINE_CURVE_WITH_KNOTS('',3,(#5017,#5018,#5019,#5020,#5021,#5022,
#5023,#5024,#5025),.UNSPECIFIED.,.F.,.F.,(4,1,1,1,1,1,4),(0.0140093351473398,
0.0157415285108737,0.0166076251926407,0.0174737218744076,0.0183398185561745,
0.0192059152379415,0.0209381086014754),.UNSPECIFIED.);
#2904=B_SPLINE_CURVE_WITH_KNOTS('',3,(#5031,#5032,#5033,#5034,#5035,#5036,
#5037,#5038,#5039),.UNSPECIFIED.,.F.,.F.,(4,1,1,1,1,1,4),(0.00235748343502076,
0.00409228382698546,0.00495968402296781,0.00582708421895017,0.00669448441493252,
0.00756188461091488,0.00929668500287958),.UNSPECIFIED.);
#2905=B_SPLINE_CURVE_WITH_KNOTS('',3,(#5070,#5071,#5072,#5073),
 .UNSPECIFIED.,.F.,.F.,(4,4),(0.,1.),.UNSPECIFIED.);
#2906=B_SPLINE_CURVE_WITH_KNOTS('',3,(#5684,#5685,#5686,#5687,#5688,#5689,
#5690,#5691,#5692,#5693,#5694,#5695,#5696,#5697,#5698,#5699,#5700,#5701,
#5702,#5703,#5704),.UNSPECIFIED.,.T.,.F.,(1,1,1,1,1,1,1,1,1,1,1,1,1,1,1,
1,1,1,1,1,1,1,1,1,1),(-0.00291801196580652,-0.00145900598290326,-0.000729502991451629,
0.,0.00145900598290326,0.00291801196580652,0.00437701794870978,0.00583602393161304,
0.00729502991451629,0.00875403589741955,0.0102130418803228,0.0109425448717744,
0.0116720478632261,0.0131310538461293,0.0145900598290326,0.0160490658119358,
0.0175080717948391,0.0189670777777424,0.0204260837606456,0.0218850897435489,
0.0226145927350005,0.0233440957264521,0.0248031017093554,0.0262621076922587,
0.0277211136751619),.UNSPECIFIED.);
#2907=B_SPLINE_CURVE_WITH_KNOTS('',3,(#5717,#5718,#5719,#5720,#5721,#5722,
#5723,#5724,#5725,#5726,#5727,#5728,#5729,#5730,#5731,#5732,#5733,#5734,
#5735,#5736,#5737),.UNSPECIFIED.,.T.,.F.,(1,1,1,1,1,1,1,1,1,1,1,1,1,1,1,
1,1,1,1,1,1,1,1,1,1),(-0.0029180119658065,-0.00145900598290325,-0.000729502991451622,
0.,0.00145900598290325,0.0029180119658065,0.00437701794870974,0.00583602393161299,
0.00729502991451624,0.00875403589741949,0.0102130418803227,0.0109425448717744,
0.011672047863226,0.0131310538461292,0.0145900598290325,0.0160490658119357,
0.017508071794839,0.0189670777777422,0.0204260837606455,0.0218850897435487,
0.0226145927350003,0.023344095726452,0.0248031017093552,0.0262621076922585,
0.0277211136751617),.UNSPECIFIED.);
#2908=B_SPLINE_CURVE_WITH_KNOTS('',3,(#5853,#5854,#5855,#5856),
 .UNSPECIFIED.,.F.,.F.,(4,4),(0.,1.),.UNSPECIFIED.);
#2909=EDGE_LOOP('',(#1075));
#2910=EDGE_LOOP('',(#1076,#1077,#1078,#1079,#1080,#1081));
#2911=EDGE_LOOP('',(#1082,#1083,#1084,#1085,#1086,#1087,#1088,#1089,#1090,
#1091,#1092,#1093));
#2912=EDGE_LOOP('',(#1094,#1095,#1096,#1097,#1098,#1099));
#2913=EDGE_LOOP('',(#1100,#1101,#1102,#1103,#1104,#1105,#1106,#1107,#1108,
#1109,#1110,#1111));
#2914=EDGE_LOOP('',(#1112,#1113,#1114,#1115,#1116,#1117));
#2915=EDGE_LOOP('',(#1118,#1119,#1120));
#2916=EDGE_LOOP('',(#1121,#1122,#1123));
#2917=EDGE_LOOP('',(#1124,#1125,#1126,#1127,#1128,#1129,#1130,#1131,#1132,
#1133,#1134));
#2918=EDGE_LOOP('',(#1135,#1136,#1137,#1138,#1139,#1140));
#2919=EDGE_LOOP('',(#1141,#1142,#1143,#1144));
#2920=EDGE_LOOP('',(#1145,#1146,#1147));
#2921=EDGE_LOOP('',(#1148,#1149,#1150,#1151,#1152,#1153));
#2922=EDGE_LOOP('',(#1154,#1155,#1156,#1157));
#2923=EDGE_LOOP('',(#1158));
#2924=EDGE_LOOP('',(#1159,#1160,#1161,#1162,#1163,#1164));
#2925=EDGE_LOOP('',(#1165,#1166,#1167));
#2926=EDGE_LOOP('',(#1168,#1169,#1170,#1171,#1172,#1173,#1174,#1175));
#2927=EDGE_LOOP('',(#1176,#1177,#1178,#1179));
#2928=EDGE_LOOP('',(#1180,#1181,#1182,#1183));
#2929=EDGE_LOOP('',(#1184,#1185,#1186));
#2930=EDGE_LOOP('',(#1187,#1188,#1189,#1190));
#2931=EDGE_LOOP('',(#1191,#1192,#1193,#1194));
#2932=EDGE_LOOP('',(#1195,#1196,#1197));
#2933=EDGE_LOOP('',(#1198,#1199,#1200,#1201,#1202,#1203));
#2934=EDGE_LOOP('',(#1204,#1205,#1206,#1207,#1208,#1209,#1210));
#2935=EDGE_LOOP('',(#1211,#1212,#1213,#1214));
#2936=EDGE_LOOP('',(#1215,#1216,#1217,#1218));
#2937=EDGE_LOOP('',(#1219,#1220,#1221,#1222,#1223,#1224));
#2938=EDGE_LOOP('',(#1225,#1226,#1227,#1228,#1229,#1230));
#2939=EDGE_LOOP('',(#1231,#1232,#1233,#1234));
#2940=EDGE_LOOP('',(#1235,#1236,#1237,#1238,#1239));
#2941=EDGE_LOOP('',(#1240,#1241,#1242,#1243,#1244,#1245,#1246,#1247,#1248,
#1249,#1250,#1251,#1252));
#2942=EDGE_LOOP('',(#1253,#1254,#1255,#1256));
#2943=EDGE_LOOP('',(#1257,#1258,#1259,#1260));
#2944=EDGE_LOOP('',(#1261,#1262,#1263,#1264,#1265));
#2945=EDGE_LOOP('',(#1266,#1267,#1268,#1269,#1270));
#2946=EDGE_LOOP('',(#1271,#1272,#1273,#1274,#1275));
#2947=EDGE_LOOP('',(#1276,#1277,#1278,#1279,#1280));
#2948=EDGE_LOOP('',(#1281,#1282,#1283,#1284));
#2949=EDGE_LOOP('',(#1285,#1286,#1287,#1288));
#2950=EDGE_LOOP('',(#1289,#1290,#1291,#1292));
#2951=EDGE_LOOP('',(#1293,#1294,#1295,#1296));
#2952=EDGE_LOOP('',(#1297,#1298,#1299,#1300));
#2953=EDGE_LOOP('',(#1301,#1302,#1303,#1304));
#2954=EDGE_LOOP('',(#1305,#1306,#1307,#1308));
#2955=EDGE_LOOP('',(#1309,#1310,#1311,#1312));
#2956=EDGE_LOOP('',(#1313,#1314,#1315,#1316,#1317));
#2957=EDGE_LOOP('',(#1318,#1319,#1320,#1321,#1322));
#2958=EDGE_LOOP('',(#1323,#1324,#1325));
#2959=EDGE_LOOP('',(#1326,#1327,#1328));
#2960=EDGE_LOOP('',(#1329,#1330,#1331,#1332,#1333));
#2961=EDGE_LOOP('',(#1334,#1335,#1336));
#2962=EDGE_LOOP('',(#1337,#1338,#1339,#1340,#1341));
#2963=EDGE_LOOP('',(#1342,#1343,#1344));
#2964=EDGE_LOOP('',(#1345,#1346,#1347));
#2965=EDGE_LOOP('',(#1348,#1349,#1350));
#2966=EDGE_LOOP('',(#1351,#1352,#1353));
#2967=EDGE_LOOP('',(#1354,#1355,#1356,#1357,#1358));
#2968=EDGE_LOOP('',(#1359,#1360,#1361,#1362,#1363));
#2969=EDGE_LOOP('',(#1364,#1365,#1366,#1367,#1368));
#2970=EDGE_LOOP('',(#1369,#1370,#1371,#1372,#1373));
#2971=EDGE_LOOP('',(#1374,#1375,#1376,#1377));
#2972=EDGE_LOOP('',(#1378,#1379,#1380,#1381));
#2973=EDGE_LOOP('',(#1382,#1383,#1384,#1385));
#2974=EDGE_LOOP('',(#1386,#1387,#1388,#1389));
#2975=EDGE_LOOP('',(#1390,#1391,#1392,#1393));
#2976=EDGE_LOOP('',(#1394,#1395,#1396,#1397));
#2977=EDGE_LOOP('',(#1398,#1399,#1400,#1401));
#2978=EDGE_LOOP('',(#1402,#1403,#1404,#1405));
#2979=EDGE_LOOP('',(#1406,#1407,#1408,#1409,#1410));
#2980=EDGE_LOOP('',(#1411,#1412,#1413,#1414,#1415));
#2981=EDGE_LOOP('',(#1416,#1417,#1418));
#2982=EDGE_LOOP('',(#1419,#1420,#1421));
#2983=EDGE_LOOP('',(#1422,#1423,#1424,#1425,#1426));
#2984=EDGE_LOOP('',(#1427,#1428,#1429));
#2985=EDGE_LOOP('',(#1430,#1431,#1432,#1433,#1434));
#2986=EDGE_LOOP('',(#1435,#1436,#1437));
#2987=EDGE_LOOP('',(#1438,#1439,#1440));
#2988=EDGE_LOOP('',(#1441,#1442,#1443));
#2989=EDGE_LOOP('',(#1444,#1445,#1446));
#2990=EDGE_LOOP('',(#1447,#1448,#1449,#1450,#1451));
#2991=EDGE_LOOP('',(#1452,#1453,#1454,#1455,#1456));
#2992=EDGE_LOOP('',(#1457,#1458,#1459,#1460,#1461));
#2993=EDGE_LOOP('',(#1462,#1463,#1464,#1465,#1466));
#2994=EDGE_LOOP('',(#1467,#1468,#1469,#1470));
#2995=EDGE_LOOP('',(#1471,#1472,#1473,#1474));
#2996=EDGE_LOOP('',(#1475,#1476,#1477,#1478));
#2997=EDGE_LOOP('',(#1479,#1480,#1481,#1482));
#2998=EDGE_LOOP('',(#1483,#1484,#1485,#1486));
#2999=EDGE_LOOP('',(#1487,#1488,#1489,#1490));
#3000=EDGE_LOOP('',(#1491,#1492,#1493,#1494));
#3001=EDGE_LOOP('',(#1495,#1496,#1497,#1498));
#3002=EDGE_LOOP('',(#1499,#1500,#1501,#1502,#1503));
#3003=EDGE_LOOP('',(#1504,#1505,#1506,#1507,#1508));
#3004=EDGE_LOOP('',(#1509,#1510,#1511));
#3005=EDGE_LOOP('',(#1512,#1513,#1514));
#3006=EDGE_LOOP('',(#1515,#1516,#1517,#1518,#1519));
#3007=EDGE_LOOP('',(#1520,#1521,#1522));
#3008=EDGE_LOOP('',(#1523,#1524,#1525,#1526,#1527));
#3009=EDGE_LOOP('',(#1528,#1529,#1530));
#3010=EDGE_LOOP('',(#1531,#1532,#1533));
#3011=EDGE_LOOP('',(#1534,#1535,#1536));
#3012=EDGE_LOOP('',(#1537,#1538,#1539));
#3013=EDGE_LOOP('',(#1540,#1541,#1542,#1543,#1544));
#3014=EDGE_LOOP('',(#1545,#1546,#1547,#1548,#1549));
#3015=EDGE_LOOP('',(#1550,#1551,#1552,#1553,#1554));
#3016=EDGE_LOOP('',(#1555,#1556,#1557,#1558,#1559));
#3017=EDGE_LOOP('',(#1560,#1561,#1562,#1563));
#3018=EDGE_LOOP('',(#1564,#1565,#1566,#1567));
#3019=EDGE_LOOP('',(#1568,#1569,#1570,#1571));
#3020=EDGE_LOOP('',(#1572,#1573,#1574,#1575));
#3021=EDGE_LOOP('',(#1576,#1577,#1578,#1579));
#3022=EDGE_LOOP('',(#1580,#1581,#1582,#1583));
#3023=EDGE_LOOP('',(#1584,#1585,#1586,#1587));
#3024=EDGE_LOOP('',(#1588,#1589,#1590,#1591));
#3025=EDGE_LOOP('',(#1592,#1593,#1594,#1595,#1596));
#3026=EDGE_LOOP('',(#1597,#1598,#1599,#1600,#1601));
#3027=EDGE_LOOP('',(#1602,#1603,#1604));
#3028=EDGE_LOOP('',(#1605,#1606,#1607));
#3029=EDGE_LOOP('',(#1608,#1609,#1610,#1611,#1612));
#3030=EDGE_LOOP('',(#1613,#1614,#1615));
#3031=EDGE_LOOP('',(#1616,#1617,#1618,#1619,#1620));
#3032=EDGE_LOOP('',(#1621,#1622,#1623));
#3033=EDGE_LOOP('',(#1624,#1625,#1626));
#3034=EDGE_LOOP('',(#1627,#1628,#1629));
#3035=EDGE_LOOP('',(#1630,#1631,#1632));
#3036=EDGE_LOOP('',(#1633));
#3037=EDGE_LOOP('',(#1634));
#3038=EDGE_LOOP('',(#1635,#1636,#1637,#1638,#1639,#1640,#1641,#1642,#1643,
#1644,#1645,#1646));
#3039=EDGE_LOOP('',(#1647));
#3040=EDGE_LOOP('',(#1648,#1649,#1650,#1651,#1652,#1653,#1654,#1655,#1656,
#1657,#1658,#1659));
#3041=EDGE_LOOP('',(#1660));
#3042=EDGE_LOOP('',(#1661));
#3043=EDGE_LOOP('',(#1662));
#3044=EDGE_LOOP('',(#1663,#1664,#1665,#1666,#1667,#1668));
#3045=EDGE_LOOP('',(#1669,#1670,#1671,#1672,#1673,#1674,#1675,#1676));
#3046=EDGE_LOOP('',(#1677,#1678,#1679,#1680,#1681,#1682));
#3047=EDGE_LOOP('',(#1683,#1684,#1685,#1686,#1687,#1688,#1689,#1690,#1691,
#1692,#1693,#1694,#1695));
#3048=EDGE_LOOP('',(#1696,#1697,#1698,#1699,#1700));
#3049=EDGE_LOOP('',(#1701,#1702,#1703,#1704));
#3050=EDGE_LOOP('',(#1705,#1706,#1707,#1708));
#3051=EDGE_LOOP('',(#1709,#1710,#1711));
#3052=EDGE_LOOP('',(#1712,#1713,#1714));
#3053=EDGE_LOOP('',(#1715,#1716,#1717,#1718));
#3054=EDGE_LOOP('',(#1719,#1720,#1721,#1722));
#3055=EDGE_LOOP('',(#1723,#1724,#1725,#1726));
#3056=EDGE_LOOP('',(#1727,#1728,#1729,#1730));
#3057=EDGE_LOOP('',(#1731,#1732,#1733,#1734,#1735,#1736,#1737,#1738,#1739,
#1740,#1741,#1742,#1743,#1744,#1745,#1746));
#3058=EDGE_LOOP('',(#1747));
#3059=EDGE_LOOP('',(#1748));
#3060=EDGE_LOOP('',(#1749));
#3061=EDGE_LOOP('',(#1750,#1751,#1752,#1753));
#3062=EDGE_LOOP('',(#1754,#1755,#1756,#1757));
#3063=EDGE_LOOP('',(#1758,#1759,#1760,#1761));
#3064=EDGE_LOOP('',(#1762,#1763,#1764,#1765,#1766,#1767));
#3065=EDGE_LOOP('',(#1768));
#3066=EDGE_LOOP('',(#1769,#1770,#1771,#1772));
#3067=EDGE_LOOP('',(#1773));
#3068=EDGE_LOOP('',(#1774,#1775,#1776));
#3069=EDGE_LOOP('',(#1777,#1778,#1779,#1780));
#3070=EDGE_LOOP('',(#1781));
#3071=EDGE_LOOP('',(#1782,#1783,#1784));
#3072=EDGE_LOOP('',(#1785,#1786,#1787,#1788));
#3073=EDGE_LOOP('',(#1789));
#3074=EDGE_LOOP('',(#1790,#1791,#1792));
#3075=EDGE_LOOP('',(#1793,#1794,#1795,#1796));
#3076=EDGE_LOOP('',(#1797));
#3077=EDGE_LOOP('',(#1798,#1799,#1800));
#3078=EDGE_LOOP('',(#1801,#1802,#1803,#1804));
#3079=EDGE_LOOP('',(#1805,#1806,#1807,#1808));
#3080=EDGE_LOOP('',(#1809,#1810,#1811,#1812));
#3081=EDGE_LOOP('',(#1813,#1814,#1815,#1816));
#3082=EDGE_LOOP('',(#1817));
#3083=EDGE_LOOP('',(#1818));
#3084=EDGE_LOOP('',(#1819));
#3085=EDGE_LOOP('',(#1820,#1821,#1822,#1823,#1824,#1825,#1826,#1827,#1828,
#1829));
#3086=EDGE_LOOP('',(#1830));
#3087=EDGE_LOOP('',(#1831,#1832,#1833,#1834,#1835,#1836,#1837));
#3088=EDGE_LOOP('',(#1838,#1839,#1840,#1841));
#3089=EDGE_LOOP('',(#1842,#1843,#1844,#1845,#1846,#1847));
#3090=EDGE_LOOP('',(#1848,#1849,#1850,#1851,#1852,#1853));
#3091=EDGE_LOOP('',(#1854,#1855,#1856,#1857));
#3092=EDGE_LOOP('',(#1858,#1859,#1860,#1861));
#3093=EDGE_LOOP('',(#1862,#1863,#1864,#1865));
#3094=EDGE_LOOP('',(#1866,#1867,#1868,#1869,#1870,#1871));
#3095=EDGE_LOOP('',(#1872,#1873,#1874,#1875));
#3096=EDGE_LOOP('',(#1876,#1877,#1878,#1879,#1880));
#3097=EDGE_LOOP('',(#1881,#1882,#1883,#1884,#1885,#1886,#1887,#1888));
#3098=EDGE_LOOP('',(#1889,#1890,#1891,#1892));
#3099=EDGE_LOOP('',(#1893));
#3100=EDGE_LOOP('',(#1894));
#3101=EDGE_LOOP('',(#1895,#1896,#1897,#1898));
#3102=EDGE_LOOP('',(#1899,#1900,#1901,#1902,#1903));
#3103=EDGE_LOOP('',(#1904,#1905,#1906,#1907));
#3104=EDGE_LOOP('',(#1908,#1909,#1910,#1911));
#3105=EDGE_LOOP('',(#1912,#1913,#1914,#1915));
#3106=EDGE_LOOP('',(#1916,#1917,#1918,#1919));
#3107=EDGE_LOOP('',(#1920,#1921,#1922,#1923));
#3108=EDGE_LOOP('',(#1924,#1925,#1926,#1927));
#3109=EDGE_LOOP('',(#1928,#1929,#1930,#1931,#1932,#1933));
#3110=EDGE_LOOP('',(#1934,#1935,#1936,#1937));
#3111=EDGE_LOOP('',(#1938,#1939,#1940,#1941,#1942,#1943));
#3112=EDGE_LOOP('',(#1944,#1945,#1946,#1947,#1948,#1949));
#3113=EDGE_LOOP('',(#1950,#1951,#1952,#1953));
#3114=EDGE_LOOP('',(#1954,#1955,#1956,#1957));
#3115=EDGE_LOOP('',(#1958,#1959,#1960,#1961,#1962,#1963));
#3116=EDGE_LOOP('',(#1964,#1965,#1966,#1967));
#3117=EDGE_LOOP('',(#1968,#1969,#1970,#1971));
#3118=EDGE_LOOP('',(#1972,#1973,#1974,#1975));
#3119=EDGE_LOOP('',(#1976,#1977,#1978,#1979));
#3120=EDGE_LOOP('',(#1980,#1981,#1982,#1983));
#3121=EDGE_LOOP('',(#1984,#1985,#1986,#1987));
#3122=EDGE_LOOP('',(#1988,#1989,#1990,#1991,#1992));
#3123=EDGE_LOOP('',(#1993,#1994,#1995,#1996));
#3124=EDGE_LOOP('',(#1997,#1998,#1999,#2000));
#3125=EDGE_LOOP('',(#2001,#2002,#2003,#2004));
#3126=EDGE_LOOP('',(#2005,#2006,#2007,#2008));
#3127=EDGE_LOOP('',(#2009,#2010,#2011,#2012));
#3128=EDGE_LOOP('',(#2013,#2014,#2015,#2016));
#3129=EDGE_LOOP('',(#2017,#2018,#2019,#2020,#2021,#2022));
#3130=EDGE_LOOP('',(#2023,#2024,#2025,#2026));
#3131=EDGE_LOOP('',(#2027,#2028,#2029,#2030));
#3132=EDGE_LOOP('',(#2031,#2032,#2033,#2034));
#3133=EDGE_LOOP('',(#2035,#2036,#2037,#2038));
#3134=EDGE_LOOP('',(#2039,#2040,#2041,#2042));
#3135=EDGE_LOOP('',(#2043,#2044,#2045,#2046));
#3136=EDGE_LOOP('',(#2047,#2048,#2049,#2050));
#3137=EDGE_LOOP('',(#2051,#2052,#2053,#2054));
#3138=EDGE_LOOP('',(#2055,#2056,#2057,#2058));
#3139=EDGE_LOOP('',(#2059,#2060,#2061,#2062));
#3140=EDGE_LOOP('',(#2063,#2064,#2065,#2066));
#3141=EDGE_LOOP('',(#2067,#2068,#2069,#2070));
#3142=EDGE_LOOP('',(#2071,#2072,#2073,#2074));
#3143=EDGE_LOOP('',(#2075,#2076,#2077,#2078));
#3144=FACE_BOUND('',#2909,.T.);
#3145=FACE_BOUND('',#2910,.T.);
#3146=FACE_BOUND('',#2911,.T.);
#3147=FACE_BOUND('',#2912,.T.);
#3148=FACE_BOUND('',#2913,.T.);
#3149=FACE_BOUND('',#2914,.T.);
#3150=FACE_BOUND('',#2915,.T.);
#3151=FACE_BOUND('',#2916,.T.);
#3152=FACE_BOUND('',#2917,.T.);
#3153=FACE_BOUND('',#2918,.T.);
#3154=FACE_BOUND('',#2919,.T.);
#3155=FACE_BOUND('',#2920,.T.);
#3156=FACE_BOUND('',#2921,.T.);
#3157=FACE_BOUND('',#2922,.T.);
#3158=FACE_BOUND('',#2923,.T.);
#3159=FACE_BOUND('',#2924,.T.);
#3160=FACE_BOUND('',#2925,.T.);
#3161=FACE_BOUND('',#2926,.T.);
#3162=FACE_BOUND('',#2927,.T.);
#3163=FACE_BOUND('',#2928,.T.);
#3164=FACE_BOUND('',#2929,.T.);
#3165=FACE_BOUND('',#2930,.T.);
#3166=FACE_BOUND('',#2931,.T.);
#3167=FACE_BOUND('',#2932,.T.);
#3168=FACE_BOUND('',#2933,.T.);
#3169=FACE_BOUND('',#2934,.T.);
#3170=FACE_BOUND('',#2935,.T.);
#3171=FACE_BOUND('',#2936,.T.);
#3172=FACE_BOUND('',#2937,.T.);
#3173=FACE_BOUND('',#2938,.T.);
#3174=FACE_BOUND('',#2939,.T.);
#3175=FACE_BOUND('',#2940,.T.);
#3176=FACE_BOUND('',#2941,.T.);
#3177=FACE_BOUND('',#2942,.T.);
#3178=FACE_BOUND('',#2943,.T.);
#3179=FACE_BOUND('',#2944,.T.);
#3180=FACE_BOUND('',#2945,.T.);
#3181=FACE_BOUND('',#2946,.T.);
#3182=FACE_BOUND('',#2947,.T.);
#3183=FACE_BOUND('',#2948,.T.);
#3184=FACE_BOUND('',#2949,.T.);
#3185=FACE_BOUND('',#2950,.T.);
#3186=FACE_BOUND('',#2951,.T.);
#3187=FACE_BOUND('',#2952,.T.);
#3188=FACE_BOUND('',#2953,.T.);
#3189=FACE_BOUND('',#2954,.T.);
#3190=FACE_BOUND('',#2955,.T.);
#3191=FACE_BOUND('',#2956,.T.);
#3192=FACE_BOUND('',#2957,.T.);
#3193=FACE_BOUND('',#2958,.T.);
#3194=FACE_BOUND('',#2959,.T.);
#3195=FACE_BOUND('',#2960,.T.);
#3196=FACE_BOUND('',#2961,.T.);
#3197=FACE_BOUND('',#2962,.T.);
#3198=FACE_BOUND('',#2963,.T.);
#3199=FACE_BOUND('',#2964,.T.);
#3200=FACE_BOUND('',#2965,.T.);
#3201=FACE_BOUND('',#2966,.T.);
#3202=FACE_BOUND('',#2967,.T.);
#3203=FACE_BOUND('',#2968,.T.);
#3204=FACE_BOUND('',#2969,.T.);
#3205=FACE_BOUND('',#2970,.T.);
#3206=FACE_BOUND('',#2971,.T.);
#3207=FACE_BOUND('',#2972,.T.);
#3208=FACE_BOUND('',#2973,.T.);
#3209=FACE_BOUND('',#2974,.T.);
#3210=FACE_BOUND('',#2975,.T.);
#3211=FACE_BOUND('',#2976,.T.);
#3212=FACE_BOUND('',#2977,.T.);
#3213=FACE_BOUND('',#2978,.T.);
#3214=FACE_BOUND('',#2979,.T.);
#3215=FACE_BOUND('',#2980,.T.);
#3216=FACE_BOUND('',#2981,.T.);
#3217=FACE_BOUND('',#2982,.T.);
#3218=FACE_BOUND('',#2983,.T.);
#3219=FACE_BOUND('',#2984,.T.);
#3220=FACE_BOUND('',#2985,.T.);
#3221=FACE_BOUND('',#2986,.T.);
#3222=FACE_BOUND('',#2987,.T.);
#3223=FACE_BOUND('',#2988,.T.);
#3224=FACE_BOUND('',#2989,.T.);
#3225=FACE_BOUND('',#2990,.T.);
#3226=FACE_BOUND('',#2991,.T.);
#3227=FACE_BOUND('',#2992,.T.);
#3228=FACE_BOUND('',#2993,.T.);
#3229=FACE_BOUND('',#2994,.T.);
#3230=FACE_BOUND('',#2995,.T.);
#3231=FACE_BOUND('',#2996,.T.);
#3232=FACE_BOUND('',#2997,.T.);
#3233=FACE_BOUND('',#2998,.T.);
#3234=FACE_BOUND('',#2999,.T.);
#3235=FACE_BOUND('',#3000,.T.);
#3236=FACE_BOUND('',#3001,.T.);
#3237=FACE_BOUND('',#3002,.T.);
#3238=FACE_BOUND('',#3003,.T.);
#3239=FACE_BOUND('',#3004,.T.);
#3240=FACE_BOUND('',#3005,.T.);
#3241=FACE_BOUND('',#3006,.T.);
#3242=FACE_BOUND('',#3007,.T.);
#3243=FACE_BOUND('',#3008,.T.);
#3244=FACE_BOUND('',#3009,.T.);
#3245=FACE_BOUND('',#3010,.T.);
#3246=FACE_BOUND('',#3011,.T.);
#3247=FACE_BOUND('',#3012,.T.);
#3248=FACE_BOUND('',#3013,.T.);
#3249=FACE_BOUND('',#3014,.T.);
#3250=FACE_BOUND('',#3015,.T.);
#3251=FACE_BOUND('',#3016,.T.);
#3252=FACE_BOUND('',#3017,.T.);
#3253=FACE_BOUND('',#3018,.T.);
#3254=FACE_BOUND('',#3019,.T.);
#3255=FACE_BOUND('',#3020,.T.);
#3256=FACE_BOUND('',#3021,.T.);
#3257=FACE_BOUND('',#3022,.T.);
#3258=FACE_BOUND('',#3023,.T.);
#3259=FACE_BOUND('',#3024,.T.);
#3260=FACE_BOUND('',#3025,.T.);
#3261=FACE_BOUND('',#3026,.T.);
#3262=FACE_BOUND('',#3027,.T.);
#3263=FACE_BOUND('',#3028,.T.);
#3264=FACE_BOUND('',#3029,.T.);
#3265=FACE_BOUND('',#3030,.T.);
#3266=FACE_BOUND('',#3031,.T.);
#3267=FACE_BOUND('',#3032,.T.);
#3268=FACE_BOUND('',#3033,.T.);
#3269=FACE_BOUND('',#3034,.T.);
#3270=FACE_BOUND('',#3035,.T.);
#3271=FACE_BOUND('',#3036,.T.);
#3272=FACE_BOUND('',#3037,.T.);
#3273=FACE_BOUND('',#3038,.T.);
#3274=FACE_BOUND('',#3039,.T.);
#3275=FACE_BOUND('',#3040,.T.);
#3276=FACE_BOUND('',#3041,.T.);
#3277=FACE_BOUND('',#3042,.T.);
#3278=FACE_BOUND('',#3043,.T.);
#3279=FACE_BOUND('',#3044,.T.);
#3280=FACE_BOUND('',#3045,.T.);
#3281=FACE_BOUND('',#3046,.T.);
#3282=FACE_BOUND('',#3047,.T.);
#3283=FACE_BOUND('',#3048,.T.);
#3284=FACE_BOUND('',#3049,.T.);
#3285=FACE_BOUND('',#3050,.T.);
#3286=FACE_BOUND('',#3051,.T.);
#3287=FACE_BOUND('',#3052,.T.);
#3288=FACE_BOUND('',#3053,.T.);
#3289=FACE_BOUND('',#3054,.T.);
#3290=FACE_BOUND('',#3055,.T.);
#3291=FACE_BOUND('',#3056,.T.);
#3292=FACE_BOUND('',#3057,.T.);
#3293=FACE_BOUND('',#3058,.T.);
#3294=FACE_BOUND('',#3059,.T.);
#3295=FACE_BOUND('',#3060,.T.);
#3296=FACE_BOUND('',#3061,.T.);
#3297=FACE_BOUND('',#3062,.T.);
#3298=FACE_BOUND('',#3063,.T.);
#3299=FACE_BOUND('',#3064,.T.);
#3300=FACE_BOUND('',#3065,.T.);
#3301=FACE_BOUND('',#3066,.T.);
#3302=FACE_BOUND('',#3067,.T.);
#3303=FACE_BOUND('',#3068,.T.);
#3304=FACE_BOUND('',#3069,.T.);
#3305=FACE_BOUND('',#3070,.T.);
#3306=FACE_BOUND('',#3071,.T.);
#3307=FACE_BOUND('',#3072,.T.);
#3308=FACE_BOUND('',#3073,.T.);
#3309=FACE_BOUND('',#3074,.T.);
#3310=FACE_BOUND('',#3075,.T.);
#3311=FACE_BOUND('',#3076,.T.);
#3312=FACE_BOUND('',#3077,.T.);
#3313=FACE_BOUND('',#3078,.T.);
#3314=FACE_BOUND('',#3079,.T.);
#3315=FACE_BOUND('',#3080,.T.);
#3316=FACE_BOUND('',#3081,.T.);
#3317=FACE_BOUND('',#3082,.T.);
#3318=FACE_BOUND('',#3083,.T.);
#3319=FACE_BOUND('',#3084,.T.);
#3320=FACE_BOUND('',#3085,.T.);
#3321=FACE_BOUND('',#3086,.T.);
#3322=FACE_BOUND('',#3087,.T.);
#3323=FACE_BOUND('',#3088,.T.);
#3324=FACE_BOUND('',#3089,.T.);
#3325=FACE_BOUND('',#3090,.T.);
#3326=FACE_BOUND('',#3091,.T.);
#3327=FACE_BOUND('',#3092,.T.);
#3328=FACE_BOUND('',#3093,.T.);
#3329=FACE_BOUND('',#3094,.T.);
#3330=FACE_BOUND('',#3095,.T.);
#3331=FACE_BOUND('',#3096,.T.);
#3332=FACE_BOUND('',#3097,.T.);
#3333=FACE_BOUND('',#3098,.T.);
#3334=FACE_BOUND('',#3099,.T.);
#3335=FACE_BOUND('',#3100,.T.);
#3336=FACE_BOUND('',#3101,.T.);
#3337=FACE_BOUND('',#3102,.T.);
#3338=FACE_BOUND('',#3103,.T.);
#3339=FACE_BOUND('',#3104,.T.);
#3340=FACE_BOUND('',#3105,.T.);
#3341=FACE_BOUND('',#3106,.T.);
#3342=FACE_BOUND('',#3107,.T.);
#3343=FACE_BOUND('',#3108,.T.);
#3344=FACE_BOUND('',#3109,.T.);
#3345=FACE_BOUND('',#3110,.T.);
#3346=FACE_BOUND('',#3111,.T.);
#3347=FACE_BOUND('',#3112,.T.);
#3348=FACE_BOUND('',#3113,.T.);
#3349=FACE_BOUND('',#3114,.T.);
#3350=FACE_BOUND('',#3115,.T.);
#3351=FACE_BOUND('',#3116,.T.);
#3352=FACE_BOUND('',#3117,.T.);
#3353=FACE_BOUND('',#3118,.T.);
#3354=FACE_BOUND('',#3119,.T.);
#3355=FACE_BOUND('',#3120,.T.);
#3356=FACE_BOUND('',#3121,.T.);
#3357=FACE_BOUND('',#3122,.T.);
#3358=FACE_BOUND('',#3123,.T.);
#3359=FACE_BOUND('',#3124,.T.);
#3360=FACE_BOUND('',#3125,.T.);
#3361=FACE_BOUND('',#3126,.T.);
#3362=FACE_BOUND('',#3127,.T.);
#3363=FACE_BOUND('',#3128,.T.);
#3364=FACE_BOUND('',#3129,.T.);
#3365=FACE_BOUND('',#3130,.T.);
#3366=FACE_BOUND('',#3131,.T.);
#3367=FACE_BOUND('',#3132,.T.);
#3368=FACE_BOUND('',#3133,.T.);
#3369=FACE_BOUND('',#3134,.T.);
#3370=FACE_BOUND('',#3135,.T.);
#3371=FACE_BOUND('',#3136,.T.);
#3372=FACE_BOUND('',#3137,.T.);
#3373=FACE_BOUND('',#3138,.T.);
#3374=FACE_BOUND('',#3139,.T.);
#3375=FACE_BOUND('',#3140,.T.);
#3376=FACE_BOUND('',#3141,.T.);
#3377=FACE_BOUND('',#3142,.T.);
#3378=FACE_BOUND('',#3143,.T.);
#3379=CYLINDRICAL_SURFACE('',#3611,0.0035);
#3380=CYLINDRICAL_SURFACE('',#3616,0.0035);
#3381=CYLINDRICAL_SURFACE('',#3629,0.0035);
#3382=CYLINDRICAL_SURFACE('',#3649,0.00425);
#3383=CYLINDRICAL_SURFACE('',#3656,0.00425);
#3384=CYLINDRICAL_SURFACE('',#3658,0.002);
#3385=CYLINDRICAL_SURFACE('',#3661,0.002);
#3386=CYLINDRICAL_SURFACE('',#3671,0.003);
#3387=CYLINDRICAL_SURFACE('',#3673,0.003);
#3388=CYLINDRICAL_SURFACE('',#3797,0.0035);
#3389=CYLINDRICAL_SURFACE('',#3799,0.0035);
#3390=CYLINDRICAL_SURFACE('',#3802,0.0035);
#3391=CYLINDRICAL_SURFACE('',#3805,0.0035);
#3392=CYLINDRICAL_SURFACE('',#3814,0.015);
#3393=CYLINDRICAL_SURFACE('',#3819,0.015);
#3394=CYLINDRICAL_SURFACE('',#3827,0.0149999999999997);
#3395=CYLINDRICAL_SURFACE('',#3832,0.002);
#3396=CYLINDRICAL_SURFACE('',#3834,0.002);
#3397=CYLINDRICAL_SURFACE('',#3836,0.002);
#3398=CYLINDRICAL_SURFACE('',#3838,0.002);
#3399=CYLINDRICAL_SURFACE('',#3847,0.00425);
#3400=CYLINDRICAL_SURFACE('',#3856,0.00425);
#3401=ADVANCED_FACE('',(#3144,#3145),#3379,.F.);
#3402=ADVANCED_FACE('',(#3146,#3147),#3380,.F.);
#3403=ADVANCED_FACE('',(#3148,#3149),#3381,.F.);
#3404=ADVANCED_FACE('',(#3150,#3151,#3152,#3153),#12,.T.);
#3405=ADVANCED_FACE('',(#3154,#3155),#13,.F.);
#3406=ADVANCED_FACE('',(#3156,#3157,#3158),#3382,.F.);
#3407=ADVANCED_FACE('',(#3159,#3160),#14,.F.);
#3408=ADVANCED_FACE('',(#3161),#3383,.F.);
#3409=ADVANCED_FACE('',(#3162),#3384,.F.);
#3410=ADVANCED_FACE('',(#3163,#3164),#15,.F.);
#3411=ADVANCED_FACE('',(#3165),#3385,.F.);
#3412=ADVANCED_FACE('',(#3166,#3167),#16,.F.);
#3413=ADVANCED_FACE('',(#3168,#3169,#3170),#17,.T.);
#3414=ADVANCED_FACE('',(#3171),#18,.F.);
#3415=ADVANCED_FACE('',(#3172,#3173,#3174),#19,.T.);
#3416=ADVANCED_FACE('',(#3175),#20,.T.);
#3417=ADVANCED_FACE('',(#3176),#21,.T.);
#3418=ADVANCED_FACE('',(#3177),#3386,.F.);
#3419=ADVANCED_FACE('',(#3178),#3387,.F.);
#3420=ADVANCED_FACE('',(#3179),#22,.F.);
#3421=ADVANCED_FACE('',(#3180),#23,.F.);
#3422=ADVANCED_FACE('',(#3181),#24,.F.);
#3423=ADVANCED_FACE('',(#3182),#25,.F.);
#3424=ADVANCED_FACE('',(#3183),#26,.F.);
#3425=ADVANCED_FACE('',(#3184),#27,.F.);
#3426=ADVANCED_FACE('',(#3185),#28,.F.);
#3427=ADVANCED_FACE('',(#3186),#29,.F.);
#3428=ADVANCED_FACE('',(#3187),#30,.F.);
#3429=ADVANCED_FACE('',(#3188),#31,.F.);
#3430=ADVANCED_FACE('',(#3189),#32,.F.);
#3431=ADVANCED_FACE('',(#3190),#33,.F.);
#3432=ADVANCED_FACE('',(#3191),#34,.F.);
#3433=ADVANCED_FACE('',(#3192),#35,.F.);
#3434=ADVANCED_FACE('',(#3193),#36,.F.);
#3435=ADVANCED_FACE('',(#3194),#37,.F.);
#3436=ADVANCED_FACE('',(#3195),#38,.F.);
#3437=ADVANCED_FACE('',(#3196),#39,.F.);
#3438=ADVANCED_FACE('',(#3197),#40,.F.);
#3439=ADVANCED_FACE('',(#3198),#41,.F.);
#3440=ADVANCED_FACE('',(#3199),#42,.F.);
#3441=ADVANCED_FACE('',(#3200),#43,.F.);
#3442=ADVANCED_FACE('',(#3201),#44,.F.);
#3443=ADVANCED_FACE('',(#3202),#45,.F.);
#3444=ADVANCED_FACE('',(#3203),#46,.F.);
#3445=ADVANCED_FACE('',(#3204),#47,.F.);
#3446=ADVANCED_FACE('',(#3205),#48,.F.);
#3447=ADVANCED_FACE('',(#3206),#49,.F.);
#3448=ADVANCED_FACE('',(#3207),#50,.F.);
#3449=ADVANCED_FACE('',(#3208),#51,.F.);
#3450=ADVANCED_FACE('',(#3209),#52,.F.);
#3451=ADVANCED_FACE('',(#3210),#53,.F.);
#3452=ADVANCED_FACE('',(#3211),#54,.F.);
#3453=ADVANCED_FACE('',(#3212),#55,.F.);
#3454=ADVANCED_FACE('',(#3213),#56,.F.);
#3455=ADVANCED_FACE('',(#3214),#57,.F.);
#3456=ADVANCED_FACE('',(#3215),#58,.F.);
#3457=ADVANCED_FACE('',(#3216),#59,.F.);
#3458=ADVANCED_FACE('',(#3217),#60,.F.);
#3459=ADVANCED_FACE('',(#3218),#61,.F.);
#3460=ADVANCED_FACE('',(#3219),#62,.F.);
#3461=ADVANCED_FACE('',(#3220),#63,.F.);
#3462=ADVANCED_FACE('',(#3221),#64,.F.);
#3463=ADVANCED_FACE('',(#3222),#65,.F.);
#3464=ADVANCED_FACE('',(#3223),#66,.F.);
#3465=ADVANCED_FACE('',(#3224),#67,.F.);
#3466=ADVANCED_FACE('',(#3225),#68,.F.);
#3467=ADVANCED_FACE('',(#3226),#69,.F.);
#3468=ADVANCED_FACE('',(#3227),#70,.F.);
#3469=ADVANCED_FACE('',(#3228),#71,.F.);
#3470=ADVANCED_FACE('',(#3229),#72,.F.);
#3471=ADVANCED_FACE('',(#3230),#73,.F.);
#3472=ADVANCED_FACE('',(#3231),#74,.F.);
#3473=ADVANCED_FACE('',(#3232),#75,.F.);
#3474=ADVANCED_FACE('',(#3233),#76,.F.);
#3475=ADVANCED_FACE('',(#3234),#77,.F.);
#3476=ADVANCED_FACE('',(#3235),#78,.F.);
#3477=ADVANCED_FACE('',(#3236),#79,.F.);
#3478=ADVANCED_FACE('',(#3237),#80,.F.);
#3479=ADVANCED_FACE('',(#3238),#81,.F.);
#3480=ADVANCED_FACE('',(#3239),#82,.F.);
#3481=ADVANCED_FACE('',(#3240),#83,.F.);
#3482=ADVANCED_FACE('',(#3241),#84,.F.);
#3483=ADVANCED_FACE('',(#3242),#85,.F.);
#3484=ADVANCED_FACE('',(#3243),#86,.F.);
#3485=ADVANCED_FACE('',(#3244),#87,.F.);
#3486=ADVANCED_FACE('',(#3245),#88,.F.);
#3487=ADVANCED_FACE('',(#3246),#89,.F.);
#3488=ADVANCED_FACE('',(#3247),#90,.F.);
#3489=ADVANCED_FACE('',(#3248),#91,.F.);
#3490=ADVANCED_FACE('',(#3249),#92,.F.);
#3491=ADVANCED_FACE('',(#3250),#93,.F.);
#3492=ADVANCED_FACE('',(#3251),#94,.F.);
#3493=ADVANCED_FACE('',(#3252),#95,.F.);
#3494=ADVANCED_FACE('',(#3253),#96,.F.);
#3495=ADVANCED_FACE('',(#3254),#97,.F.);
#3496=ADVANCED_FACE('',(#3255),#98,.F.);
#3497=ADVANCED_FACE('',(#3256),#99,.F.);
#3498=ADVANCED_FACE('',(#3257),#100,.F.);
#3499=ADVANCED_FACE('',(#3258),#101,.F.);
#3500=ADVANCED_FACE('',(#3259),#102,.F.);
#3501=ADVANCED_FACE('',(#3260),#103,.F.);
#3502=ADVANCED_FACE('',(#3261),#104,.F.);
#3503=ADVANCED_FACE('',(#3262),#105,.F.);
#3504=ADVANCED_FACE('',(#3263),#106,.F.);
#3505=ADVANCED_FACE('',(#3264),#107,.F.);
#3506=ADVANCED_FACE('',(#3265),#108,.F.);
#3507=ADVANCED_FACE('',(#3266),#109,.F.);
#3508=ADVANCED_FACE('',(#3267),#110,.F.);
#3509=ADVANCED_FACE('',(#3268),#111,.F.);
#3510=ADVANCED_FACE('',(#3269),#112,.F.);
#3511=ADVANCED_FACE('',(#3270),#113,.F.);
#3512=ADVANCED_FACE('',(#3271,#3272),#3388,.F.);
#3513=ADVANCED_FACE('',(#3273,#3274),#3389,.F.);
#3514=ADVANCED_FACE('',(#3275,#3276),#3390,.F.);
#3515=ADVANCED_FACE('',(#3277,#3278),#3391,.F.);
#3516=ADVANCED_FACE('',(#3279,#3280),#114,.T.);
#3517=ADVANCED_FACE('',(#3281),#115,.T.);
#3518=ADVANCED_FACE('',(#3282),#116,.T.);
#3519=ADVANCED_FACE('',(#3283),#117,.T.);
#3520=ADVANCED_FACE('',(#3284),#3392,.F.);
#3521=ADVANCED_FACE('',(#3285),#118,.T.);
#3522=ADVANCED_FACE('',(#3286,#3287,#3288),#119,.T.);
#3523=ADVANCED_FACE('',(#3289),#120,.T.);
#3524=ADVANCED_FACE('',(#3290),#3393,.F.);
#3525=ADVANCED_FACE('',(#3291),#121,.F.);
#3526=ADVANCED_FACE('',(#3292,#3293,#3294,#3295),#122,.T.);
#3527=ADVANCED_FACE('',(#3296),#123,.T.);
#3528=ADVANCED_FACE('',(#3297),#3394,.F.);
#3529=ADVANCED_FACE('',(#3298),#124,.T.);
#3530=ADVANCED_FACE('',(#3299,#3300),#125,.T.);
#3531=ADVANCED_FACE('',(#3301,#3302),#3395,.F.);
#3532=ADVANCED_FACE('',(#3303),#126,.F.);
#3533=ADVANCED_FACE('',(#3304,#3305),#3396,.F.);
#3534=ADVANCED_FACE('',(#3306),#127,.F.);
#3535=ADVANCED_FACE('',(#3307,#3308),#3397,.F.);
#3536=ADVANCED_FACE('',(#3309),#128,.F.);
#3537=ADVANCED_FACE('',(#3310,#3311),#3398,.F.);
#3538=ADVANCED_FACE('',(#3312),#129,.F.);
#3539=ADVANCED_FACE('',(#3313),#130,.T.);
#3540=ADVANCED_FACE('',(#3314),#131,.T.);
#3541=ADVANCED_FACE('',(#3315),#132,.T.);
#3542=ADVANCED_FACE('',(#3316),#133,.T.);
#3543=ADVANCED_FACE('',(#3317,#3318,#3319,#3320,#3321),#134,.T.);
#3544=ADVANCED_FACE('',(#3322),#135,.T.);
#3545=ADVANCED_FACE('',(#3323),#136,.T.);
#3546=ADVANCED_FACE('',(#3324),#3399,.F.);
#3547=ADVANCED_FACE('',(#3325),#137,.T.);
#3548=ADVANCED_FACE('',(#3326),#138,.F.);
#3549=ADVANCED_FACE('',(#3327),#139,.F.);
#3550=ADVANCED_FACE('',(#3328),#140,.F.);
#3551=ADVANCED_FACE('',(#3329),#141,.F.);
#3552=ADVANCED_FACE('',(#3330),#142,.F.);
#3553=ADVANCED_FACE('',(#3331),#143,.T.);
#3554=ADVANCED_FACE('',(#3332,#3333,#3334,#3335),#3400,.F.);
#3555=ADVANCED_FACE('',(#3336),#144,.F.);
#3556=ADVANCED_FACE('',(#3337),#145,.F.);
#3557=ADVANCED_FACE('',(#3338),#146,.F.);
#3558=ADVANCED_FACE('',(#3339),#147,.F.);
#3559=ADVANCED_FACE('',(#3340),#148,.F.);
#3560=ADVANCED_FACE('',(#3341),#149,.F.);
#3561=ADVANCED_FACE('',(#3342),#150,.F.);
#3562=ADVANCED_FACE('',(#3343),#151,.F.);
#3563=ADVANCED_FACE('',(#3344),#152,.T.);
#3564=ADVANCED_FACE('',(#3345),#153,.T.);
#3565=ADVANCED_FACE('',(#3346),#154,.F.);
#3566=ADVANCED_FACE('',(#3347),#155,.T.);
#3567=ADVANCED_FACE('',(#3348),#156,.T.);
#3568=ADVANCED_FACE('',(#3349),#157,.F.);
#3569=ADVANCED_FACE('',(#3350),#158,.F.);
#3570=ADVANCED_FACE('',(#3351),#159,.T.);
#3571=ADVANCED_FACE('',(#3352),#160,.T.);
#3572=ADVANCED_FACE('',(#3353),#161,.T.);
#3573=ADVANCED_FACE('',(#3354),#162,.T.);
#3574=ADVANCED_FACE('',(#3355),#163,.F.);
#3575=ADVANCED_FACE('',(#3356),#164,.T.);
#3576=ADVANCED_FACE('',(#3357),#165,.F.);
#3577=ADVANCED_FACE('',(#3358),#166,.F.);
#3578=ADVANCED_FACE('',(#3359),#167,.F.);
#3579=ADVANCED_FACE('',(#3360),#168,.F.);
#3580=ADVANCED_FACE('',(#3361),#169,.F.);
#3581=ADVANCED_FACE('',(#3362),#170,.F.);
#3582=ADVANCED_FACE('',(#3363),#171,.F.);
#3583=ADVANCED_FACE('',(#3364),#172,.T.);
#3584=ADVANCED_FACE('',(#3365),#173,.T.);
#3585=ADVANCED_FACE('',(#3366),#174,.T.);
#3586=ADVANCED_FACE('',(#3367),#175,.T.);
#3587=ADVANCED_FACE('',(#3368),#176,.T.);
#3588=ADVANCED_FACE('',(#3369),#177,.T.);
#3589=ADVANCED_FACE('',(#3370),#178,.T.);
#3590=ADVANCED_FACE('',(#3371),#179,.T.);
#3591=ADVANCED_FACE('',(#3372),#180,.T.);
#3592=ADVANCED_FACE('',(#3373),#181,.T.);
#3593=ADVANCED_FACE('',(#3374),#182,.T.);
#3594=ADVANCED_FACE('',(#3375),#183,.T.);
#3595=ADVANCED_FACE('',(#3376),#184,.T.);
#3596=ADVANCED_FACE('',(#3377),#185,.T.);
#3597=ADVANCED_FACE('',(#3378),#186,.T.);
#3598=CLOSED_SHELL('',(#3401,#3402,#3403,#3404,#3405,#3406,#3407,#3408,
#3409,#3410,#3411,#3412,#3413,#3414,#3415,#3416,#3417,#3418,#3419,#3420,
#3421,#3422,#3423,#3424,#3425,#3426,#3427,#3428,#3429,#3430,#3431,#3432,
#3433,#3434,#3435,#3436,#3437,#3438,#3439,#3440,#3441,#3442,#3443,#3444,
#3445,#3446,#3447,#3448,#3449,#3450,#3451,#3452,#3453,#3454,#3455,#3456,
#3457,#3458,#3459,#3460,#3461,#3462,#3463,#3464,#3465,#3466,#3467,#3468,
#3469,#3470,#3471,#3472,#3473,#3474,#3475,#3476,#3477,#3478,#3479,#3480,
#3481,#3482,#3483,#3484,#3485,#3486,#3487,#3488,#3489,#3490,#3491,#3492,
#3493,#3494,#3495,#3496,#3497,#3498,#3499,#3500,#3501,#3502,#3503,#3504,
#3505,#3506,#3507,#3508,#3509,#3510,#3511,#3512,#3513,#3514,#3515,#3516,
#3517,#3518,#3519,#3520,#3521,#3522,#3523,#3524,#3525,#3526,#3527,#3528,
#3529,#3530,#3531,#3532,#3533,#3534,#3535,#3536,#3537,#3538,#3539,#3540,
#3541,#3542,#3543,#3544,#3545,#3546,#3547,#3548,#3549,#3550,#3551,#3552,
#3553,#3554,#3555,#3556,#3557,#3558,#3559,#3560,#3561,#3562,#3563,#3564,
#3565,#3566,#3567,#3568,#3569,#3570,#3571,#3572,#3573,#3574,#3575,#3576,
#3577,#3578,#3579,#3580,#3581,#3582,#3583,#3584,#3585,#3586,#3587,#3588,
#3589,#3590,#3591,#3592,#3593,#3594,#3595,#3596,#3597));
#3599=STYLED_ITEM('',(#3600),#3607);
#3600=PRESENTATION_STYLE_ASSIGNMENT((#3601));
#3601=SURFACE_STYLE_USAGE(.BOTH.,#3602);
#3602=SURFACE_SIDE_STYLE('',(#3603));
#3603=SURFACE_STYLE_FILL_AREA(#3604);
#3604=FILL_AREA_STYLE('',(#3605));
#3605=FILL_AREA_STYLE_COLOUR('',#3606);
#3606=COLOUR_RGB('',0.129411764705882,0.341176470588236,0.352941176470589);
#3607=MANIFOLD_SOLID_BREP('Long Mount',#3598);
#3608=SHAPE_DEFINITION_REPRESENTATION(#6019,#3609);
#3609=SHAPE_REPRESENTATION('Long Mount',(#3610),#6014);
#3610=AXIS2_PLACEMENT_3D('',#4883,#3902,#3903);
#3611=AXIS2_PLACEMENT_3D('',#4884,#3904,#3905);
#3612=AXIS2_PLACEMENT_3D('',#4906,#3906,#3907);
#3613=AXIS2_PLACEMENT_3D('',#4909,#3908,#3909);
#3614=AXIS2_PLACEMENT_3D('',#4921,#3910,#3911);
#3615=AXIS2_PLACEMENT_3D('',#4923,#3912,#3913);
#3616=AXIS2_PLACEMENT_3D('',#4934,#3914,#3915);
#3617=AXIS2_PLACEMENT_3D('',#4935,#3916,#3917);
#3618=AXIS2_PLACEMENT_3D('',#4938,#3918,#3919);
#3619=AXIS2_PLACEMENT_3D('',#4940,#3920,#3921);
#3620=AXIS2_PLACEMENT_3D('',#4944,#3923,#3924);
#3621=AXIS2_PLACEMENT_3D('',#4948,#3926,#3927);
#3622=AXIS2_PLACEMENT_3D('',#4950,#3928,#3929);
#3623=AXIS2_PLACEMENT_3D('',#4952,#3930,#3931);
#3624=AXIS2_PLACEMENT_3D('',#4956,#3933,#3934);
#3625=AXIS2_PLACEMENT_3D('',#4959,#3936,#3937);
#3626=AXIS2_PLACEMENT_3D('',#4962,#3938,#3939);
#3627=AXIS2_PLACEMENT_3D('',#4974,#3940,#3941);
#3628=AXIS2_PLACEMENT_3D('',#4976,#3942,#3943);
#3629=AXIS2_PLACEMENT_3D('',#4987,#3944,#3945);
#3630=AXIS2_PLACEMENT_3D('',#4988,#3946,#3947);
#3631=AXIS2_PLACEMENT_3D('',#4991,#3948,#3949);
#3632=AXIS2_PLACEMENT_3D('',#4993,#3950,#3951);
#3633=AXIS2_PLACEMENT_3D('',#4997,#3953,#3954);
#3634=AXIS2_PLACEMENT_3D('',#5001,#3956,#3957);
#3635=AXIS2_PLACEMENT_3D('',#5003,#3958,#3959);
#3636=AXIS2_PLACEMENT_3D('',#5005,#3960,#3961);
#3637=AXIS2_PLACEMENT_3D('',#5009,#3963,#3964);
#3638=AXIS2_PLACEMENT_3D('',#5012,#3966,#3967);
#3639=AXIS2_PLACEMENT_3D('',#5015,#3968,#3969);
#3640=AXIS2_PLACEMENT_3D('',#5027,#3970,#3971);
#3641=AXIS2_PLACEMENT_3D('',#5029,#3972,#3973);
#3642=AXIS2_PLACEMENT_3D('',#5040,#3974,#3975);
#3643=AXIS2_PLACEMENT_3D('',#5044,#3977,#3978);
#3644=AXIS2_PLACEMENT_3D('',#5050,#3981,#3982);
#3645=AXIS2_PLACEMENT_3D('',#5081,#3995,#3996);
#3646=AXIS2_PLACEMENT_3D('',#5087,#3999,#4000);
#3647=AXIS2_PLACEMENT_3D('',#5090,#4002,#4003);
#3648=AXIS2_PLACEMENT_3D('',#5102,#4009,#4010);
#3649=AXIS2_PLACEMENT_3D('',#5105,#4012,#4013);
#3650=AXIS2_PLACEMENT_3D('',#5108,#4015,#4016);
#3651=AXIS2_PLACEMENT_3D('',#5112,#4018,#4019);
#3652=AXIS2_PLACEMENT_3D('',#5118,#4022,#4023);
#3653=AXIS2_PLACEMENT_3D('',#5122,#4025,#4026);
#3654=AXIS2_PLACEMENT_3D('',#5123,#4027,#4028);
#3655=AXIS2_PLACEMENT_3D('',#5139,#4036,#4037);
#3656=AXIS2_PLACEMENT_3D('',#5142,#4039,#4040);
#3657=AXIS2_PLACEMENT_3D('',#5145,#4042,#4043);
#3658=AXIS2_PLACEMENT_3D('',#5150,#4047,#4048);
#3659=AXIS2_PLACEMENT_3D('',#5153,#4050,#4051);
#3660=AXIS2_PLACEMENT_3D('',#5156,#4053,#4054);
#3661=AXIS2_PLACEMENT_3D('',#5168,#4061,#4062);
#3662=AXIS2_PLACEMENT_3D('',#5171,#4064,#4065);
#3663=AXIS2_PLACEMENT_3D('',#5174,#4067,#4068);
#3664=AXIS2_PLACEMENT_3D('',#5186,#4075,#4076);
#3665=AXIS2_PLACEMENT_3D('',#5190,#4078,#4079);
#3666=AXIS2_PLACEMENT_3D('',#5212,#4092,#4093);
#3667=AXIS2_PLACEMENT_3D('',#5218,#4097,#4098);
#3668=AXIS2_PLACEMENT_3D('',#5222,#4100,#4101);
#3669=AXIS2_PLACEMENT_3D('',#5242,#4113,#4114);
#3670=AXIS2_PLACEMENT_3D('',#5253,#4120,#4121);
#3671=AXIS2_PLACEMENT_3D('',#5277,#4134,#4135);
#3672=AXIS2_PLACEMENT_3D('',#5282,#4138,#4139);
#3673=AXIS2_PLACEMENT_3D('',#5283,#4140,#4141);
#3674=AXIS2_PLACEMENT_3D('',#5288,#4144,#4145);
#3675=AXIS2_PLACEMENT_3D('',#5289,#4146,#4147);
#3676=AXIS2_PLACEMENT_3D('',#5300,#4153,#4154);
#3677=AXIS2_PLACEMENT_3D('',#5308,#4159,#4160);
#3678=AXIS2_PLACEMENT_3D('',#5319,#4166,#4167);
#3679=AXIS2_PLACEMENT_3D('',#5327,#4172,#4173);
#3680=AXIS2_PLACEMENT_3D('',#5330,#4176,#4177);
#3681=AXIS2_PLACEMENT_3D('',#5336,#4181,#4182);
#3682=AXIS2_PLACEMENT_3D('',#5339,#4185,#4186);
#3683=AXIS2_PLACEMENT_3D('',#5342,#4189,#4190);
#3684=AXIS2_PLACEMENT_3D('',#5348,#4194,#4195);
#3685=AXIS2_PLACEMENT_3D('',#5351,#4198,#4199);
#3686=AXIS2_PLACEMENT_3D('',#5354,#4202,#4203);
#3687=AXIS2_PLACEMENT_3D('',#5357,#4206,#4207);
#3688=AXIS2_PLACEMENT_3D('',#5360,#4210,#4211);
#3689=AXIS2_PLACEMENT_3D('',#5363,#4214,#4215);
#3690=AXIS2_PLACEMENT_3D('',#5364,#4216,#4217);
#3691=AXIS2_PLACEMENT_3D('',#5365,#4218,#4219);
#3692=AXIS2_PLACEMENT_3D('',#5366,#4220,#4221);
#3693=AXIS2_PLACEMENT_3D('',#5367,#4222,#4223);
#3694=AXIS2_PLACEMENT_3D('',#5368,#4224,#4225);
#3695=AXIS2_PLACEMENT_3D('',#5369,#4226,#4227);
#3696=AXIS2_PLACEMENT_3D('',#5370,#4228,#4229);
#3697=AXIS2_PLACEMENT_3D('',#5371,#4230,#4231);
#3698=AXIS2_PLACEMENT_3D('',#5372,#4232,#4233);
#3699=AXIS2_PLACEMENT_3D('',#5373,#4234,#4235);
#3700=AXIS2_PLACEMENT_3D('',#5374,#4236,#4237);
#3701=AXIS2_PLACEMENT_3D('',#5375,#4238,#4239);
#3702=AXIS2_PLACEMENT_3D('',#5376,#4240,#4241);
#3703=AXIS2_PLACEMENT_3D('',#5387,#4247,#4248);
#3704=AXIS2_PLACEMENT_3D('',#5395,#4253,#4254);
#3705=AXIS2_PLACEMENT_3D('',#5406,#4260,#4261);
#3706=AXIS2_PLACEMENT_3D('',#5414,#4266,#4267);
#3707=AXIS2_PLACEMENT_3D('',#5417,#4270,#4271);
#3708=AXIS2_PLACEMENT_3D('',#5423,#4275,#4276);
#3709=AXIS2_PLACEMENT_3D('',#5426,#4279,#4280);
#3710=AXIS2_PLACEMENT_3D('',#5429,#4283,#4284);
#3711=AXIS2_PLACEMENT_3D('',#5435,#4288,#4289);
#3712=AXIS2_PLACEMENT_3D('',#5438,#4292,#4293);
#3713=AXIS2_PLACEMENT_3D('',#5441,#4296,#4297);
#3714=AXIS2_PLACEMENT_3D('',#5444,#4300,#4301);
#3715=AXIS2_PLACEMENT_3D('',#5447,#4304,#4305);
#3716=AXIS2_PLACEMENT_3D('',#5450,#4308,#4309);
#3717=AXIS2_PLACEMENT_3D('',#5451,#4310,#4311);
#3718=AXIS2_PLACEMENT_3D('',#5452,#4312,#4313);
#3719=AXIS2_PLACEMENT_3D('',#5453,#4314,#4315);
#3720=AXIS2_PLACEMENT_3D('',#5454,#4316,#4317);
#3721=AXIS2_PLACEMENT_3D('',#5455,#4318,#4319);
#3722=AXIS2_PLACEMENT_3D('',#5456,#4320,#4321);
#3723=AXIS2_PLACEMENT_3D('',#5457,#4322,#4323);
#3724=AXIS2_PLACEMENT_3D('',#5458,#4324,#4325);
#3725=AXIS2_PLACEMENT_3D('',#5459,#4326,#4327);
#3726=AXIS2_PLACEMENT_3D('',#5460,#4328,#4329);
#3727=AXIS2_PLACEMENT_3D('',#5461,#4330,#4331);
#3728=AXIS2_PLACEMENT_3D('',#5462,#4332,#4333);
#3729=AXIS2_PLACEMENT_3D('',#5463,#4334,#4335);
#3730=AXIS2_PLACEMENT_3D('',#5474,#4341,#4342);
#3731=AXIS2_PLACEMENT_3D('',#5482,#4347,#4348);
#3732=AXIS2_PLACEMENT_3D('',#5493,#4354,#4355);
#3733=AXIS2_PLACEMENT_3D('',#5501,#4360,#4361);
#3734=AXIS2_PLACEMENT_3D('',#5507,#4365,#4366);
#3735=AXIS2_PLACEMENT_3D('',#5513,#4370,#4371);
#3736=AXIS2_PLACEMENT_3D('',#5516,#4374,#4375);
#3737=AXIS2_PLACEMENT_3D('',#5522,#4379,#4380);
#3738=AXIS2_PLACEMENT_3D('',#5528,#4384,#4385);
#3739=AXIS2_PLACEMENT_3D('',#5531,#4388,#4389);
#3740=AXIS2_PLACEMENT_3D('',#5537,#4393,#4394);
#3741=AXIS2_PLACEMENT_3D('',#5543,#4398,#4399);
#3742=AXIS2_PLACEMENT_3D('',#5546,#4401,#4402);
#3743=AXIS2_PLACEMENT_3D('',#5549,#4404,#4405);
#3744=AXIS2_PLACEMENT_3D('',#5554,#4408,#4409);
#3745=AXIS2_PLACEMENT_3D('',#5555,#4410,#4411);
#3746=AXIS2_PLACEMENT_3D('',#5556,#4412,#4413);
#3747=AXIS2_PLACEMENT_3D('',#5557,#4414,#4415);
#3748=AXIS2_PLACEMENT_3D('',#5558,#4416,#4417);
#3749=AXIS2_PLACEMENT_3D('',#5559,#4418,#4419);
#3750=AXIS2_PLACEMENT_3D('',#5560,#4420,#4421);
#3751=AXIS2_PLACEMENT_3D('',#5561,#4422,#4423);
#3752=AXIS2_PLACEMENT_3D('',#5562,#4424,#4425);
#3753=AXIS2_PLACEMENT_3D('',#5563,#4426,#4427);
#3754=AXIS2_PLACEMENT_3D('',#5564,#4428,#4429);
#3755=AXIS2_PLACEMENT_3D('',#5565,#4430,#4431);
#3756=AXIS2_PLACEMENT_3D('',#5566,#4432,#4433);
#3757=AXIS2_PLACEMENT_3D('',#5567,#4434,#4435);
#3758=AXIS2_PLACEMENT_3D('',#5568,#4436,#4437);
#3759=AXIS2_PLACEMENT_3D('',#5569,#4438,#4439);
#3760=AXIS2_PLACEMENT_3D('',#5570,#4440,#4441);
#3761=AXIS2_PLACEMENT_3D('',#5571,#4442,#4443);
#3762=AXIS2_PLACEMENT_3D('',#5572,#4444,#4445);
#3763=AXIS2_PLACEMENT_3D('',#5573,#4446,#4447);
#3764=AXIS2_PLACEMENT_3D('',#5584,#4453,#4454);
#3765=AXIS2_PLACEMENT_3D('',#5592,#4459,#4460);
#3766=AXIS2_PLACEMENT_3D('',#5603,#4466,#4467);
#3767=AXIS2_PLACEMENT_3D('',#5611,#4472,#4473);
#3768=AXIS2_PLACEMENT_3D('',#5617,#4477,#4478);
#3769=AXIS2_PLACEMENT_3D('',#5623,#4482,#4483);
#3770=AXIS2_PLACEMENT_3D('',#5626,#4486,#4487);
#3771=AXIS2_PLACEMENT_3D('',#5632,#4491,#4492);
#3772=AXIS2_PLACEMENT_3D('',#5638,#4496,#4497);
#3773=AXIS2_PLACEMENT_3D('',#5641,#4500,#4501);
#3774=AXIS2_PLACEMENT_3D('',#5647,#4505,#4506);
#3775=AXIS2_PLACEMENT_3D('',#5653,#4510,#4511);
#3776=AXIS2_PLACEMENT_3D('',#5656,#4513,#4514);
#3777=AXIS2_PLACEMENT_3D('',#5659,#4516,#4517);
#3778=AXIS2_PLACEMENT_3D('',#5664,#4520,#4521);
#3779=AXIS2_PLACEMENT_3D('',#5665,#4522,#4523);
#3780=AXIS2_PLACEMENT_3D('',#5666,#4524,#4525);
#3781=AXIS2_PLACEMENT_3D('',#5667,#4526,#4527);
#3782=AXIS2_PLACEMENT_3D('',#5668,#4528,#4529);
#3783=AXIS2_PLACEMENT_3D('',#5669,#4530,#4531);
#3784=AXIS2_PLACEMENT_3D('',#5670,#4532,#4533);
#3785=AXIS2_PLACEMENT_3D('',#5671,#4534,#4535);
#3786=AXIS2_PLACEMENT_3D('',#5672,#4536,#4537);
#3787=AXIS2_PLACEMENT_3D('',#5673,#4538,#4539);
#3788=AXIS2_PLACEMENT_3D('',#5674,#4540,#4541);
#3789=AXIS2_PLACEMENT_3D('',#5675,#4542,#4543);
#3790=AXIS2_PLACEMENT_3D('',#5676,#4544,#4545);
#3791=AXIS2_PLACEMENT_3D('',#5677,#4546,#4547);
#3792=AXIS2_PLACEMENT_3D('',#5678,#4548,#4549);
#3793=AXIS2_PLACEMENT_3D('',#5679,#4550,#4551);
#3794=AXIS2_PLACEMENT_3D('',#5680,#4552,#4553);
#3795=AXIS2_PLACEMENT_3D('',#5681,#4554,#4555);
#3796=AXIS2_PLACEMENT_3D('',#5682,#4556,#4557);
#3797=AXIS2_PLACEMENT_3D('',#5683,#4558,#4559);
#3798=AXIS2_PLACEMENT_3D('',#5706,#4560,#4561);
#3799=AXIS2_PLACEMENT_3D('',#5708,#4562,#4563);
#3800=AXIS2_PLACEMENT_3D('',#5709,#4564,#4565);
#3801=AXIS2_PLACEMENT_3D('',#5710,#4566,#4567);
#3802=AXIS2_PLACEMENT_3D('',#5712,#4568,#4569);
#3803=AXIS2_PLACEMENT_3D('',#5713,#4570,#4571);
#3804=AXIS2_PLACEMENT_3D('',#5714,#4572,#4573);
#3805=AXIS2_PLACEMENT_3D('',#5716,#4574,#4575);
#3806=AXIS2_PLACEMENT_3D('',#5739,#4576,#4577);
#3807=AXIS2_PLACEMENT_3D('',#5741,#4578,#4579);
#3808=AXIS2_PLACEMENT_3D('',#5770,#4594,#4595);
#3809=AXIS2_PLACEMENT_3D('',#5780,#4601,#4602);
#3810=AXIS2_PLACEMENT_3D('',#5785,#4605,#4606);
#3811=AXIS2_PLACEMENT_3D('',#5793,#4610,#4611);
#3812=AXIS2_PLACEMENT_3D('',#5800,#4615,#4616);
#3813=AXIS2_PLACEMENT_3D('',#5801,#4617,#4618);
#3814=AXIS2_PLACEMENT_3D('',#5806,#4622,#4623);
#3815=AXIS2_PLACEMENT_3D('',#5809,#4625,#4626);
#3816=AXIS2_PLACEMENT_3D('',#5810,#4627,#4628);
#3817=AXIS2_PLACEMENT_3D('',#5814,#4631,#4632);
#3818=AXIS2_PLACEMENT_3D('',#5824,#4639,#4640);
#3819=AXIS2_PLACEMENT_3D('',#5828,#4643,#4644);
#3820=AXIS2_PLACEMENT_3D('',#5831,#4646,#4647);
#3821=AXIS2_PLACEMENT_3D('',#5832,#4648,#4649);
#3822=AXIS2_PLACEMENT_3D('',#5834,#4651,#4652);
#3823=AXIS2_PLACEMENT_3D('',#5838,#4656,#4657);
#3824=AXIS2_PLACEMENT_3D('',#5840,#4658,#4659);
#3825=AXIS2_PLACEMENT_3D('',#5842,#4660,#4661);
#3826=AXIS2_PLACEMENT_3D('',#5844,#4662,#4663);
#3827=AXIS2_PLACEMENT_3D('',#5848,#4666,#4667);
#3828=AXIS2_PLACEMENT_3D('',#5851,#4669,#4670);
#3829=AXIS2_PLACEMENT_3D('',#5852,#4671,#4672);
#3830=AXIS2_PLACEMENT_3D('',#5857,#4673,#4674);
#3831=AXIS2_PLACEMENT_3D('',#5859,#4676,#4677);
#3832=AXIS2_PLACEMENT_3D('',#5861,#4678,#4679);
#3833=AXIS2_PLACEMENT_3D('',#5862,#4680,#4681);
#3834=AXIS2_PLACEMENT_3D('',#5863,#4682,#4683);
#3835=AXIS2_PLACEMENT_3D('',#5864,#4684,#4685);
#3836=AXIS2_PLACEMENT_3D('',#5865,#4686,#4687);
#3837=AXIS2_PLACEMENT_3D('',#5866,#4688,#4689);
#3838=AXIS2_PLACEMENT_3D('',#5867,#4690,#4691);
#3839=AXIS2_PLACEMENT_3D('',#5868,#4692,#4693);
#3840=AXIS2_PLACEMENT_3D('',#5869,#4694,#4695);
#3841=AXIS2_PLACEMENT_3D('',#5871,#4697,#4698);
#3842=AXIS2_PLACEMENT_3D('',#5872,#4699,#4700);
#3843=AXIS2_PLACEMENT_3D('',#5874,#4702,#4703);
#3844=AXIS2_PLACEMENT_3D('',#5875,#4704,#4705);
#3845=AXIS2_PLACEMENT_3D('',#5882,#4711,#4712);
#3846=AXIS2_PLACEMENT_3D('',#5886,#4716,#4717);
#3847=AXIS2_PLACEMENT_3D('',#5889,#4720,#4721);
#3848=AXIS2_PLACEMENT_3D('',#5892,#4723,#4724);
#3849=AXIS2_PLACEMENT_3D('',#5896,#4727,#4728);
#3850=AXIS2_PLACEMENT_3D('',#5900,#4732,#4733);
#3851=AXIS2_PLACEMENT_3D('',#5902,#4735,#4736);
#3852=AXIS2_PLACEMENT_3D('',#5903,#4737,#4738);
#3853=AXIS2_PLACEMENT_3D('',#5904,#4739,#4740);
#3854=AXIS2_PLACEMENT_3D('',#5911,#4745,#4746);
#3855=AXIS2_PLACEMENT_3D('',#5913,#4748,#4749);
#3856=AXIS2_PLACEMENT_3D('',#5915,#4751,#4752);
#3857=AXIS2_PLACEMENT_3D('',#5923,#4758,#4759);
#3858=AXIS2_PLACEMENT_3D('',#5927,#4761,#4762);
#3859=AXIS2_PLACEMENT_3D('',#5928,#4763,#4764);
#3860=AXIS2_PLACEMENT_3D('',#5930,#4766,#4767);
#3861=AXIS2_PLACEMENT_3D('',#5932,#4769,#4770);
#3862=AXIS2_PLACEMENT_3D('',#5933,#4771,#4772);
#3863=AXIS2_PLACEMENT_3D('',#5934,#4773,#4774);
#3864=AXIS2_PLACEMENT_3D('',#5935,#4775,#4776);
#3865=AXIS2_PLACEMENT_3D('',#5936,#4777,#4778);
#3866=AXIS2_PLACEMENT_3D('',#5937,#4779,#4780);
#3867=AXIS2_PLACEMENT_3D('',#5938,#4781,#4782);
#3868=AXIS2_PLACEMENT_3D('',#5941,#4785,#4786);
#3869=AXIS2_PLACEMENT_3D('',#5943,#4788,#4789);
#3870=AXIS2_PLACEMENT_3D('',#5945,#4791,#4792);
#3871=AXIS2_PLACEMENT_3D('',#5950,#4796,#4797);
#3872=AXIS2_PLACEMENT_3D('',#5952,#4799,#4800);
#3873=AXIS2_PLACEMENT_3D('',#5956,#4803,#4804);
#3874=AXIS2_PLACEMENT_3D('',#5958,#4806,#4807);
#3875=AXIS2_PLACEMENT_3D('',#5960,#4809,#4810);
#3876=AXIS2_PLACEMENT_3D('',#5961,#4811,#4812);
#3877=AXIS2_PLACEMENT_3D('',#5963,#4814,#4815);
#3878=AXIS2_PLACEMENT_3D('',#5964,#4816,#4817);
#3879=AXIS2_PLACEMENT_3D('',#5965,#4818,#4819);
#3880=AXIS2_PLACEMENT_3D('',#5966,#4820,#4821);
#3881=AXIS2_PLACEMENT_3D('',#5967,#4822,#4823);
#3882=AXIS2_PLACEMENT_3D('',#5973,#4827,#4828);
#3883=AXIS2_PLACEMENT_3D('',#5977,#4831,#4832);
#3884=AXIS2_PLACEMENT_3D('',#5981,#4835,#4836);
#3885=AXIS2_PLACEMENT_3D('',#5985,#4839,#4840);
#3886=AXIS2_PLACEMENT_3D('',#5989,#4843,#4844);
#3887=AXIS2_PLACEMENT_3D('',#5991,#4846,#4847);
#3888=AXIS2_PLACEMENT_3D('',#5992,#4848,#4849);
#3889=AXIS2_PLACEMENT_3D('',#5994,#4851,#4852);
#3890=AXIS2_PLACEMENT_3D('',#5995,#4853,#4854);
#3891=AXIS2_PLACEMENT_3D('',#5997,#4856,#4857);
#3892=AXIS2_PLACEMENT_3D('',#5998,#4858,#4859);
#3893=AXIS2_PLACEMENT_3D('',#6000,#4861,#4862);
#3894=AXIS2_PLACEMENT_3D('',#6001,#4863,#4864);
#3895=AXIS2_PLACEMENT_3D('',#6003,#4866,#4867);
#3896=AXIS2_PLACEMENT_3D('',#6004,#4868,#4869);
#3897=AXIS2_PLACEMENT_3D('',#6006,#4871,#4872);
#3898=AXIS2_PLACEMENT_3D('',#6007,#4873,#4874);
#3899=AXIS2_PLACEMENT_3D('',#6009,#4876,#4877);
#3900=AXIS2_PLACEMENT_3D('',#6010,#4878,#4879);
#3901=AXIS2_PLACEMENT_3D('',#6012,#4881,#4882);
#3902=DIRECTION('',(0.,0.,1.));
#3903=DIRECTION('',(1.,0.,0.));
#3904=DIRECTION('',(0.,0.,1.));
#3905=DIRECTION('',(6.12323399573677E-17,1.,0.));
#3906=DIRECTION('',(-3.06161699786838E-17,-0.5,0.866025403784439));
#3907=DIRECTION('',(5.30287619362454E-17,0.866025403784439,0.5));
#3908=DIRECTION('',(3.06161699786838E-17,0.5,0.866025403784439));
#3909=DIRECTION('',(-5.30287619362453E-17,-0.866025403784439,0.5));
#3910=DIRECTION('',(3.06161699786838E-17,0.5,0.866025403784439));
#3911=DIRECTION('',(-5.30287619362453E-17,-0.866025403784439,0.5));
#3912=DIRECTION('',(-3.06161699786838E-17,-0.5,0.866025403784439));
#3913=DIRECTION('',(5.30287619362454E-17,0.866025403784439,0.5));
#3914=DIRECTION('',(0.,0.,1.));
#3915=DIRECTION('',(6.12323399573677E-17,1.,0.));
#3916=DIRECTION('',(0.,0.,-1.));
#3917=DIRECTION('',(-6.12323399573677E-17,-1.,0.));
#3918=DIRECTION('',(0.,0.,-1.));
#3919=DIRECTION('',(-6.12323399573677E-17,-1.,0.));
#3920=DIRECTION('',(0.,0.,-1.));
#3921=DIRECTION('',(-6.12323399573677E-17,-1.,0.));
#3922=DIRECTION('',(0.,0.,1.));
#3923=DIRECTION('',(0.,0.,-1.));
#3924=DIRECTION('',(-6.12323399573677E-17,-1.,0.));
#3925=DIRECTION('',(0.,0.,1.));
#3926=DIRECTION('',(0.,0.,-1.));
#3927=DIRECTION('',(-6.12323399573677E-17,-1.,0.));
#3928=DIRECTION('',(0.,0.,-1.));
#3929=DIRECTION('',(-6.12323399573677E-17,-1.,0.));
#3930=DIRECTION('',(0.,0.,-1.));
#3931=DIRECTION('',(-6.12323399573677E-17,-1.,0.));
#3932=DIRECTION('',(0.,0.,1.));
#3933=DIRECTION('',(0.,0.,-1.));
#3934=DIRECTION('',(-6.12323399573677E-17,-1.,0.));
#3935=DIRECTION('',(0.,0.,1.));
#3936=DIRECTION('',(-3.06161699786838E-17,-0.5,0.866025403784439));
#3937=DIRECTION('',(5.30287619362454E-17,0.866025403784439,0.5));
#3938=DIRECTION('',(3.06161699786838E-17,0.5,0.866025403784439));
#3939=DIRECTION('',(-5.30287619362453E-17,-0.866025403784439,0.5));
#3940=DIRECTION('',(3.06161699786838E-17,0.5,0.866025403784439));
#3941=DIRECTION('',(-5.30287619362453E-17,-0.866025403784439,0.5));
#3942=DIRECTION('',(-3.06161699786838E-17,-0.5,0.866025403784439));
#3943=DIRECTION('',(5.30287619362454E-17,0.866025403784439,0.5));
#3944=DIRECTION('',(0.,0.,1.));
#3945=DIRECTION('',(6.12323399573677E-17,1.,0.));
#3946=DIRECTION('',(0.,0.,-1.));
#3947=DIRECTION('',(-6.12323399573677E-17,-1.,0.));
#3948=DIRECTION('',(0.,0.,-1.));
#3949=DIRECTION('',(-6.12323399573677E-17,-1.,0.));
#3950=DIRECTION('',(0.,0.,-1.));
#3951=DIRECTION('',(-6.12323399573677E-17,-1.,0.));
#3952=DIRECTION('',(0.,0.,1.));
#3953=DIRECTION('',(0.,0.,-1.));
#3954=DIRECTION('',(-6.12323399573677E-17,-1.,0.));
#3955=DIRECTION('',(0.,0.,1.));
#3956=DIRECTION('',(0.,0.,-1.));
#3957=DIRECTION('',(-6.12323399573677E-17,-1.,0.));
#3958=DIRECTION('',(0.,0.,-1.));
#3959=DIRECTION('',(-6.12323399573677E-17,-1.,0.));
#3960=DIRECTION('',(0.,0.,-1.));
#3961=DIRECTION('',(-6.12323399573677E-17,-1.,0.));
#3962=DIRECTION('',(0.,0.,1.));
#3963=DIRECTION('',(0.,0.,-1.));
#3964=DIRECTION('',(-6.12323399573677E-17,-1.,0.));
#3965=DIRECTION('',(0.,0.,1.));
#3966=DIRECTION('',(-0.5,1.13222049787103E-16,0.866025403784439));
#3967=DIRECTION('',(0.866025403784439,-1.96106342768356E-16,0.5));
#3968=DIRECTION('',(0.5,-1.13222049787103E-16,0.866025403784439));
#3969=DIRECTION('',(-0.866025403784439,1.96106342768356E-16,0.5));
#3970=DIRECTION('',(0.5,-1.13222049787103E-16,0.866025403784439));
#3971=DIRECTION('',(-0.866025403784439,1.96106342768356E-16,0.5));
#3972=DIRECTION('',(-0.5,1.13222049787103E-16,0.866025403784439));
#3973=DIRECTION('',(0.866025403784439,-1.96106342768356E-16,0.5));
#3974=DIRECTION('',(-1.,6.12323399573677E-17,0.));
#3975=DIRECTION('',(0.,0.,1.));
#3976=DIRECTION('',(-5.30287619362454E-17,-0.866025403784439,-0.5));
#3977=DIRECTION('',(-1.,6.12323399573677E-17,0.));
#3978=DIRECTION('',(0.,0.,1.));
#3979=DIRECTION('',(5.30287619362453E-17,0.866025403784438,-0.5));
#3980=DIRECTION('',(-5.30287619362454E-17,-0.866025403784439,-0.5));
#3981=DIRECTION('',(-1.,6.12323399573677E-17,0.));
#3982=DIRECTION('',(0.,0.,1.));
#3983=DIRECTION('',(5.30287619362453E-17,0.866025403784438,-0.5));
#3984=DIRECTION('',(-6.12323399573677E-17,-1.,-2.041710475914E-48));
#3985=DIRECTION('',(0.,0.,-1.));
#3986=DIRECTION('',(-4.32978028117747E-17,-0.707106781186548,0.707106781186547));
#3987=DIRECTION('',(-6.12323399573677E-17,-1.,1.65211759616839E-16));
#3988=DIRECTION('',(0.,0.,1.));
#3989=DIRECTION('',(2.26444099574206E-16,1.,0.));
#3990=DIRECTION('',(0.,0.,-1.));
#3991=DIRECTION('',(6.12323399573677E-17,1.,0.));
#3992=DIRECTION('',(6.12323399573677E-17,1.,0.));
#3993=DIRECTION('',(0.,0.,1.));
#3994=DIRECTION('',(-5.30287619362454E-17,-0.866025403784439,-0.5));
#3995=DIRECTION('',(-1.,6.12323399573677E-17,0.));
#3996=DIRECTION('',(-6.12323399573677E-17,-1.,0.));
#3997=DIRECTION('',(0.,0.500000000000008,0.866025403784434));
#3998=DIRECTION('',(3.0616169978684E-17,0.5,-0.866025403784437));
#3999=DIRECTION('',(-1.,6.12323399573677E-17,0.));
#4000=DIRECTION('',(-6.12323399573677E-17,-1.,0.));
#4001=DIRECTION('',(0.,0.866025403784439,-0.5));
#4002=DIRECTION('',(1.,-2.26444099574206E-16,2.39272203583008E-16));
#4003=DIRECTION('',(2.39272203583008E-16,0.,-1.));
#4004=DIRECTION('',(-2.26444099574206E-16,-1.,0.));
#4005=DIRECTION('',(-2.39272203583008E-16,5.41817786934905E-32,1.));
#4006=DIRECTION('',(-2.26444099574206E-16,-1.,0.));
#4007=DIRECTION('',(-2.39272203583008E-16,5.41817786934905E-32,1.));
#4008=DIRECTION('',(-7.6470240976852E-17,-0.866025403784439,-0.5));
#4009=DIRECTION('',(-1.,2.26444099574206E-16,-2.39272203583008E-16));
#4010=DIRECTION('',(-2.39272203583008E-16,0.,1.));
#4011=DIRECTION('',(0.,0.866025403784439,-0.5));
#4012=DIRECTION('',(-2.26444099574206E-16,-1.,0.));
#4013=DIRECTION('',(1.,-2.26444099574206E-16,0.));
#4014=DIRECTION('',(-2.26444099574206E-16,-1.,0.));
#4015=DIRECTION('',(2.26444099574206E-16,1.,0.));
#4016=DIRECTION('',(-1.,2.26444099574206E-16,0.));
#4017=DIRECTION('',(2.26444099574206E-16,1.,0.));
#4018=DIRECTION('',(-6.12323399573677E-17,-1.,0.));
#4019=DIRECTION('',(1.,-6.12323399573677E-17,0.));
#4020=DIRECTION('',(-2.26444099574206E-16,-1.,0.));
#4021=DIRECTION('',(-2.26444099574206E-16,-1.,0.));
#4022=DIRECTION('',(2.26444099574206E-16,1.,6.54696492546343E-32));
#4023=DIRECTION('',(-1.,2.26444099574206E-16,0.));
#4024=DIRECTION('',(-2.26444099574206E-16,-1.,0.));
#4025=DIRECTION('',(2.26444099574206E-16,1.,-6.33450383076213E-48));
#4026=DIRECTION('',(-1.,2.26444099574206E-16,0.));
#4027=DIRECTION('',(6.12323399573677E-17,1.,0.));
#4028=DIRECTION('',(-1.,6.12323399573677E-17,0.));
#4029=DIRECTION('',(0.,0.,-1.));
#4030=DIRECTION('',(-0.707106781186547,4.32978028117746E-17,0.707106781186548));
#4031=DIRECTION('',(1.,-6.12323399573677E-17,3.33436624720781E-32));
#4032=DIRECTION('',(0.,0.,-1.));
#4033=DIRECTION('',(0.,0.,-1.));
#4034=DIRECTION('',(-1.,6.12323399573677E-17,0.));
#4035=DIRECTION('',(0.866025403784439,-5.30287619362454E-17,-0.5));
#4036=DIRECTION('',(-6.12323399573677E-17,-1.,0.));
#4037=DIRECTION('',(1.,-6.12323399573677E-17,0.));
#4038=DIRECTION('',(-0.866025403784439,0.,-0.5));
#4039=DIRECTION('',(-1.,6.12323399573677E-17,0.));
#4040=DIRECTION('',(-6.12323399573677E-17,-1.,0.));
#4041=DIRECTION('',(-1.,6.12323399573677E-17,0.));
#4042=DIRECTION('',(1.,-6.12323399573677E-17,0.));
#4043=DIRECTION('',(6.12323399573677E-17,1.,0.));
#4044=DIRECTION('',(1.,-6.12323399573677E-17,0.));
#4045=DIRECTION('',(-1.,6.12323399573677E-17,0.));
#4046=DIRECTION('',(-1.,6.12323399573677E-17,0.));
#4047=DIRECTION('',(-1.,2.26444099574206E-16,-2.39272203583008E-16));
#4048=DIRECTION('',(-2.39272203583008E-16,0.,1.));
#4049=DIRECTION('',(-1.,2.26444099574206E-16,-2.39272203583008E-16));
#4050=DIRECTION('',(-1.,2.26444099574206E-16,-2.39272203583008E-16));
#4051=DIRECTION('',(-2.39272203583008E-16,0.,1.));
#4052=DIRECTION('',(1.,-2.26444099574206E-16,2.39272203583008E-16));
#4053=DIRECTION('',(-1.,2.26444099574206E-16,-2.39272203583008E-16));
#4054=DIRECTION('',(-2.26444099574206E-16,-1.,-5.41817786934905E-32));
#4055=DIRECTION('',(2.39272203583008E-16,-5.41817786934905E-32,-1.));
#4056=DIRECTION('',(2.26444099574206E-16,1.,5.41817786934905E-32));
#4057=DIRECTION('',(2.39272203583008E-16,-5.41817786934905E-32,-1.));
#4058=DIRECTION('',(2.26444099574206E-16,1.,5.41817786934905E-32));
#4059=DIRECTION('',(3.1574244455986E-16,0.866025403784439,-0.5));
#4060=DIRECTION('',(0.,-0.866025403784439,-0.5));
#4061=DIRECTION('',(-6.12323399573677E-17,-1.,0.));
#4062=DIRECTION('',(1.,-6.12323399573677E-17,0.));
#4063=DIRECTION('',(-6.12323399573677E-17,-1.,0.));
#4064=DIRECTION('',(-6.12323399573677E-17,-1.,0.));
#4065=DIRECTION('',(1.,-6.12323399573677E-17,0.));
#4066=DIRECTION('',(6.12323399573677E-17,1.,0.));
#4067=DIRECTION('',(-6.12323399573677E-17,-1.,0.));
#4068=DIRECTION('',(1.,-6.12323399573677E-17,0.));
#4069=DIRECTION('',(0.,0.,1.));
#4070=DIRECTION('',(1.,-6.12323399573677E-17,0.));
#4071=DIRECTION('',(0.,0.,1.));
#4072=DIRECTION('',(1.,-6.12323399573677E-17,0.));
#4073=DIRECTION('',(-0.866025403784439,5.30287619362454E-17,-0.5));
#4074=DIRECTION('',(0.866025403784438,0.,-0.5));
#4075=DIRECTION('',(2.26444099574206E-16,1.,0.));
#4076=DIRECTION('',(-1.,2.26444099574206E-16,0.));
#4077=DIRECTION('',(-0.866025403784439,1.96106342768356E-16,-0.5));
#4078=DIRECTION('',(2.26444099574206E-16,1.,0.));
#4079=DIRECTION('',(-1.,2.26444099574206E-16,0.));
#4080=DIRECTION('',(0.5,0.,0.866025403784439));
#4081=DIRECTION('',(0.5,-1.13222049787103E-16,-0.866025403784439));
#4082=DIRECTION('',(0.866025403784439,0.,-0.5));
#4083=DIRECTION('',(-0.707106781186547,1.60120158368603E-16,-0.707106781186548));
#4084=DIRECTION('',(1.,-2.26444099574206E-16,0.));
#4085=DIRECTION('',(-0.577350269189622,1.3073756184557E-16,0.816496580927729));
#4086=DIRECTION('',(0.,0.,1.));
#4087=DIRECTION('',(0.707106781186548,-1.60120158368603E-16,0.707106781186548));
#4088=DIRECTION('',(1.,-2.26444099574206E-16,0.));
#4089=DIRECTION('',(-1.,2.26444099574206E-16,-2.39272203583008E-16));
#4090=DIRECTION('',(2.1080179850491E-79,-4.77348234510675E-95,-1.));
#4091=DIRECTION('',(-1.,2.26444099574206E-16,-2.39272203583008E-16));
#4092=DIRECTION('',(2.26444099574206E-16,1.,6.54696492546343E-32));
#4093=DIRECTION('',(-1.,2.26444099574206E-16,0.));
#4094=DIRECTION('',(-1.48252157749048E-47,-6.54696492546344E-32,1.));
#4095=DIRECTION('',(-1.,2.26444099574206E-16,-2.39272203583008E-16));
#4096=DIRECTION('',(-1.,2.26444099574206E-16,-2.39272203583008E-16));
#4097=DIRECTION('',(1.,-6.12323399573677E-17,0.));
#4098=DIRECTION('',(6.12323399573677E-17,1.,0.));
#4099=DIRECTION('',(5.30287619362453E-17,0.866025403784439,-0.5));
#4100=DIRECTION('',(1.,-6.12323399573677E-17,0.));
#4101=DIRECTION('',(6.12323399573677E-17,1.,0.));
#4102=DIRECTION('',(0.,0.500000000000017,-0.866025403784429));
#4103=DIRECTION('',(3.06161699786841E-17,0.5,0.866025403784436));
#4104=DIRECTION('',(0.,-0.866025403784439,-0.5));
#4105=DIRECTION('',(-6.12323399573677E-17,-1.,-6.16297582203916E-33));
#4106=DIRECTION('',(3.53525079574969E-17,0.577350269189626,0.816496580927726));
#4107=DIRECTION('',(-6.12323399573677E-17,-1.,0.));
#4108=DIRECTION('',(-4.32978028117743E-17,-0.707106781186543,-0.707106781186553));
#4109=DIRECTION('',(0.,0.,-1.));
#4110=DIRECTION('',(-6.12323399573677E-17,-1.,0.));
#4111=DIRECTION('',(0.,0.,-1.));
#4112=DIRECTION('',(-6.12323399573677E-17,-1.,0.));
#4113=DIRECTION('',(1.,-6.12323399573677E-17,0.));
#4114=DIRECTION('',(0.,0.,-1.));
#4115=DIRECTION('',(6.12323399573677E-17,1.,0.));
#4116=DIRECTION('',(0.,0.,1.));
#4117=DIRECTION('',(4.32978028117743E-17,0.707106781186543,0.707106781186553));
#4118=DIRECTION('',(-6.12323399573677E-17,-1.,0.));
#4119=DIRECTION('',(0.,0.,1.));
#4120=DIRECTION('',(6.12323399573677E-17,1.,0.));
#4121=DIRECTION('',(-1.,6.12323399573677E-17,0.));
#4122=DIRECTION('',(-1.,6.12323399573677E-17,0.));
#4123=DIRECTION('',(0.,0.,1.));
#4124=DIRECTION('',(-1.,6.12323399573677E-17,0.));
#4125=DIRECTION('',(0.,0.,-1.));
#4126=DIRECTION('',(-1.,6.12323399573677E-17,0.));
#4127=DIRECTION('',(0.707106781186548,-4.32978028117747E-17,0.707106781186548));
#4128=DIRECTION('',(0.,0.,-1.));
#4129=DIRECTION('',(-0.577350269189622,3.53525079574966E-17,0.816496580927729));
#4130=DIRECTION('',(-1.,6.12323399573677E-17,1.65211759616839E-16));
#4131=DIRECTION('',(0.,0.,-1.));
#4132=DIRECTION('',(-1.,6.12323399573677E-17,-3.33436624720781E-32));
#4133=DIRECTION('',(0.707106781186547,-4.32978028117746E-17,-0.707106781186548));
#4134=DIRECTION('',(1.,-6.12323399573677E-17,0.));
#4135=DIRECTION('',(0.,0.,-1.));
#4136=DIRECTION('',(1.,-6.12323399573677E-17,0.));
#4137=DIRECTION('',(-1.,6.12323399573677E-17,0.));
#4138=DIRECTION('',(1.,-6.12323399573677E-17,0.));
#4139=DIRECTION('',(0.,0.,-1.));
#4140=DIRECTION('',(1.,-6.12323399573677E-17,0.));
#4141=DIRECTION('',(0.,0.,-1.));
#4142=DIRECTION('',(1.,-6.12323399573677E-17,0.));
#4143=DIRECTION('',(-1.,6.12323399573677E-17,0.));
#4144=DIRECTION('',(1.,-6.12323399573677E-17,0.));
#4145=DIRECTION('',(0.,0.,-1.));
#4146=DIRECTION('',(6.12323399573677E-17,-1.,0.));
#4147=DIRECTION('',(-1.,-6.12323399573677E-17,0.));
#4148=DIRECTION('',(-1.,-6.12323399573677E-17,0.));
#4149=DIRECTION('',(0.,0.,-1.));
#4150=DIRECTION('',(0.,0.,-1.));
#4151=DIRECTION('',(-1.,-6.12323399573677E-17,0.));
#4152=DIRECTION('',(0.,0.,1.));
#4153=DIRECTION('',(6.12323399573677E-17,-1.,0.));
#4154=DIRECTION('',(-1.,-6.12323399573677E-17,0.));
#4155=DIRECTION('',(-1.,-6.12323399573677E-17,0.));
#4156=DIRECTION('',(-1.,-6.12323399573677E-17,0.));
#4157=DIRECTION('',(0.,0.,1.));
#4158=DIRECTION('',(0.,0.,1.));
#4159=DIRECTION('',(6.12323399573677E-17,1.,0.));
#4160=DIRECTION('',(1.,-6.12323399573677E-17,0.));
#4161=DIRECTION('',(1.,-6.12323399573677E-17,0.));
#4162=DIRECTION('',(0.,0.,1.));
#4163=DIRECTION('',(1.,-6.12323399573677E-17,0.));
#4164=DIRECTION('',(0.,0.,1.));
#4165=DIRECTION('',(0.,0.,1.));
#4166=DIRECTION('',(6.12323399573677E-17,1.,0.));
#4167=DIRECTION('',(1.,-6.12323399573677E-17,0.));
#4168=DIRECTION('',(1.,-6.12323399573677E-17,0.));
#4169=DIRECTION('',(0.,0.,-1.));
#4170=DIRECTION('',(0.,0.,-1.));
#4171=DIRECTION('',(1.,-6.12323399573677E-17,0.));
#4172=DIRECTION('',(6.12323399573677E-17,1.,0.));
#4173=DIRECTION('',(1.,-6.12323399573677E-17,0.));
#4174=DIRECTION('',(-1.,6.12323399573677E-17,0.));
#4175=DIRECTION('',(-1.,6.12323399573677E-17,0.));
#4176=DIRECTION('',(-1.,-1.22464679914735E-16,0.));
#4177=DIRECTION('',(-1.22464679914735E-16,1.,0.));
#4178=DIRECTION('',(-1.22464679914735E-16,1.,0.));
#4179=DIRECTION('',(-1.22464679914735E-16,1.,0.));
#4180=DIRECTION('',(0.,0.,1.));
#4181=DIRECTION('',(-1.,-1.22464679914735E-16,0.));
#4182=DIRECTION('',(-1.22464679914735E-16,1.,0.));
#4183=DIRECTION('',(-1.22464679914735E-16,1.,0.));
#4184=DIRECTION('',(-1.22464679914735E-16,1.,0.));
#4185=DIRECTION('',(6.12323399573677E-17,-1.,0.));
#4186=DIRECTION('',(-1.,-6.12323399573677E-17,0.));
#4187=DIRECTION('',(1.,6.12323399573677E-17,0.));
#4188=DIRECTION('',(1.,6.12323399573677E-17,0.));
#4189=DIRECTION('',(1.,0.,0.));
#4190=DIRECTION('',(0.,-1.,0.));
#4191=DIRECTION('',(0.,-1.,0.));
#4192=DIRECTION('',(0.,-1.,0.));
#4193=DIRECTION('',(0.,0.,1.));
#4194=DIRECTION('',(1.,0.,0.));
#4195=DIRECTION('',(0.,-1.,0.));
#4196=DIRECTION('',(0.,-1.,0.));
#4197=DIRECTION('',(0.,-1.,0.));
#4198=DIRECTION('',(6.12323399573677E-17,1.,0.));
#4199=DIRECTION('',(1.,-6.12323399573677E-17,0.));
#4200=DIRECTION('',(-1.,6.12323399573677E-17,0.));
#4201=DIRECTION('',(-1.,6.12323399573677E-17,0.));
#4202=DIRECTION('',(6.12323399573677E-17,-1.,0.));
#4203=DIRECTION('',(-1.,-6.12323399573677E-17,0.));
#4204=DIRECTION('',(1.,6.12323399573677E-17,0.));
#4205=DIRECTION('',(1.,6.12323399573677E-17,0.));
#4206=DIRECTION('',(0.,0.,-1.));
#4207=DIRECTION('',(6.12323399573677E-17,1.,0.));
#4208=DIRECTION('',(6.12323399573677E-17,1.,0.));
#4209=DIRECTION('',(6.12323399573677E-17,1.,0.));
#4210=DIRECTION('',(0.,0.,-1.));
#4211=DIRECTION('',(6.12323399573677E-17,1.,0.));
#4212=DIRECTION('',(6.12323399573677E-17,1.,0.));
#4213=DIRECTION('',(6.12323399573677E-17,1.,0.));
#4214=DIRECTION('',(0.,0.,-1.));
#4215=DIRECTION('',(6.12323399573677E-17,1.,0.));
#4216=DIRECTION('',(0.,0.,-1.));
#4217=DIRECTION('',(-6.12323399573677E-17,-1.,0.));
#4218=DIRECTION('',(0.,0.,-1.));
#4219=DIRECTION('',(6.12323399573677E-17,1.,0.));
#4220=DIRECTION('',(0.,0.,-1.));
#4221=DIRECTION('',(-6.12323399573677E-17,-1.,0.));
#4222=DIRECTION('',(0.,0.,-1.));
#4223=DIRECTION('',(6.12323399573677E-17,1.,0.));
#4224=DIRECTION('',(0.,0.,-1.));
#4225=DIRECTION('',(6.12323399573677E-17,1.,0.));
#4226=DIRECTION('',(0.,0.,-1.));
#4227=DIRECTION('',(-6.12323399573677E-17,-1.,0.));
#4228=DIRECTION('',(0.,0.,-1.));
#4229=DIRECTION('',(6.12323399573677E-17,1.,0.));
#4230=DIRECTION('',(0.,0.,-1.));
#4231=DIRECTION('',(6.12323399573677E-17,1.,0.));
#4232=DIRECTION('',(0.,0.,-1.));
#4233=DIRECTION('',(6.12323399573677E-17,1.,0.));
#4234=DIRECTION('',(0.,0.,-1.));
#4235=DIRECTION('',(-6.12323399573677E-17,-1.,0.));
#4236=DIRECTION('',(0.,0.,-1.));
#4237=DIRECTION('',(6.12323399573677E-17,1.,0.));
#4238=DIRECTION('',(0.,0.,-1.));
#4239=DIRECTION('',(6.12323399573677E-17,1.,0.));
#4240=DIRECTION('',(6.12323399573677E-17,-1.,0.));
#4241=DIRECTION('',(-1.,-6.12323399573677E-17,0.));
#4242=DIRECTION('',(-1.,-6.12323399573677E-17,0.));
#4243=DIRECTION('',(0.,0.,-1.));
#4244=DIRECTION('',(0.,0.,-1.));
#4245=DIRECTION('',(-1.,-6.12323399573677E-17,0.));
#4246=DIRECTION('',(0.,0.,1.));
#4247=DIRECTION('',(6.12323399573677E-17,-1.,0.));
#4248=DIRECTION('',(-1.,-6.12323399573677E-17,0.));
#4249=DIRECTION('',(-1.,-6.12323399573677E-17,0.));
#4250=DIRECTION('',(-1.,-6.12323399573677E-17,0.));
#4251=DIRECTION('',(0.,0.,1.));
#4252=DIRECTION('',(0.,0.,1.));
#4253=DIRECTION('',(6.12323399573677E-17,1.,0.));
#4254=DIRECTION('',(1.,-6.12323399573677E-17,0.));
#4255=DIRECTION('',(1.,-6.12323399573677E-17,0.));
#4256=DIRECTION('',(0.,0.,1.));
#4257=DIRECTION('',(1.,-6.12323399573677E-17,0.));
#4258=DIRECTION('',(0.,0.,1.));
#4259=DIRECTION('',(0.,0.,1.));
#4260=DIRECTION('',(6.12323399573677E-17,1.,0.));
#4261=DIRECTION('',(1.,-6.12323399573677E-17,0.));
#4262=DIRECTION('',(1.,-6.12323399573677E-17,0.));
#4263=DIRECTION('',(0.,0.,-1.));
#4264=DIRECTION('',(0.,0.,-1.));
#4265=DIRECTION('',(1.,-6.12323399573677E-17,0.));
#4266=DIRECTION('',(6.12323399573677E-17,1.,0.));
#4267=DIRECTION('',(1.,-6.12323399573677E-17,0.));
#4268=DIRECTION('',(-1.,6.12323399573677E-17,0.));
#4269=DIRECTION('',(-1.,6.12323399573677E-17,0.));
#4270=DIRECTION('',(-1.,-1.22464679914735E-16,0.));
#4271=DIRECTION('',(-1.22464679914735E-16,1.,0.));
#4272=DIRECTION('',(-1.22464679914735E-16,1.,0.));
#4273=DIRECTION('',(-1.22464679914735E-16,1.,0.));
#4274=DIRECTION('',(0.,0.,1.));
#4275=DIRECTION('',(-1.,-1.22464679914735E-16,0.));
#4276=DIRECTION('',(-1.22464679914735E-16,1.,0.));
#4277=DIRECTION('',(-1.22464679914735E-16,1.,0.));
#4278=DIRECTION('',(-1.22464679914735E-16,1.,0.));
#4279=DIRECTION('',(6.12323399573677E-17,-1.,0.));
#4280=DIRECTION('',(-1.,-6.12323399573677E-17,0.));
#4281=DIRECTION('',(1.,6.12323399573677E-17,0.));
#4282=DIRECTION('',(1.,6.12323399573677E-17,0.));
#4283=DIRECTION('',(1.,0.,0.));
#4284=DIRECTION('',(0.,-1.,0.));
#4285=DIRECTION('',(0.,-1.,0.));
#4286=DIRECTION('',(0.,-1.,0.));
#4287=DIRECTION('',(0.,0.,1.));
#4288=DIRECTION('',(1.,0.,0.));
#4289=DIRECTION('',(0.,-1.,0.));
#4290=DIRECTION('',(0.,-1.,0.));
#4291=DIRECTION('',(0.,-1.,0.));
#4292=DIRECTION('',(6.12323399573677E-17,1.,0.));
#4293=DIRECTION('',(1.,-6.12323399573677E-17,0.));
#4294=DIRECTION('',(-1.,6.12323399573677E-17,0.));
#4295=DIRECTION('',(-1.,6.12323399573677E-17,0.));
#4296=DIRECTION('',(6.12323399573677E-17,-1.,0.));
#4297=DIRECTION('',(-1.,-6.12323399573677E-17,0.));
#4298=DIRECTION('',(1.,6.12323399573677E-17,0.));
#4299=DIRECTION('',(1.,6.12323399573677E-17,0.));
#4300=DIRECTION('',(0.,0.,-1.));
#4301=DIRECTION('',(6.12323399573677E-17,1.,0.));
#4302=DIRECTION('',(6.12323399573677E-17,1.,0.));
#4303=DIRECTION('',(6.12323399573677E-17,1.,0.));
#4304=DIRECTION('',(0.,0.,-1.));
#4305=DIRECTION('',(6.12323399573677E-17,1.,0.));
#4306=DIRECTION('',(6.12323399573677E-17,1.,0.));
#4307=DIRECTION('',(6.12323399573677E-17,1.,0.));
#4308=DIRECTION('',(0.,0.,-1.));
#4309=DIRECTION('',(6.12323399573677E-17,1.,0.));
#4310=DIRECTION('',(0.,0.,-1.));
#4311=DIRECTION('',(-6.12323399573677E-17,-1.,0.));
#4312=DIRECTION('',(0.,0.,-1.));
#4313=DIRECTION('',(6.12323399573677E-17,1.,0.));
#4314=DIRECTION('',(0.,0.,-1.));
#4315=DIRECTION('',(-6.12323399573677E-17,-1.,0.));
#4316=DIRECTION('',(0.,0.,-1.));
#4317=DIRECTION('',(6.12323399573677E-17,1.,0.));
#4318=DIRECTION('',(0.,0.,-1.));
#4319=DIRECTION('',(6.12323399573677E-17,1.,0.));
#4320=DIRECTION('',(0.,0.,-1.));
#4321=DIRECTION('',(-6.12323399573677E-17,-1.,0.));
#4322=DIRECTION('',(0.,0.,-1.));
#4323=DIRECTION('',(6.12323399573677E-17,1.,0.));
#4324=DIRECTION('',(0.,0.,-1.));
#4325=DIRECTION('',(6.12323399573677E-17,1.,0.));
#4326=DIRECTION('',(0.,0.,-1.));
#4327=DIRECTION('',(6.12323399573677E-17,1.,0.));
#4328=DIRECTION('',(0.,0.,-1.));
#4329=DIRECTION('',(-6.12323399573677E-17,-1.,0.));
#4330=DIRECTION('',(0.,0.,-1.));
#4331=DIRECTION('',(6.12323399573677E-17,1.,0.));
#4332=DIRECTION('',(0.,0.,-1.));
#4333=DIRECTION('',(6.12323399573677E-17,1.,0.));
#4334=DIRECTION('',(6.12323399573677E-17,-1.,0.));
#4335=DIRECTION('',(-1.,-6.12323399573677E-17,0.));
#4336=DIRECTION('',(-1.,-6.12323399573677E-17,0.));
#4337=DIRECTION('',(0.,0.,-1.));
#4338=DIRECTION('',(0.,0.,-1.));
#4339=DIRECTION('',(-1.,-6.12323399573677E-17,0.));
#4340=DIRECTION('',(0.,0.,1.));
#4341=DIRECTION('',(6.12323399573677E-17,-1.,0.));
#4342=DIRECTION('',(-1.,-6.12323399573677E-17,0.));
#4343=DIRECTION('',(-1.,-6.12323399573677E-17,0.));
#4344=DIRECTION('',(-1.,-6.12323399573677E-17,0.));
#4345=DIRECTION('',(0.,0.,1.));
#4346=DIRECTION('',(0.,0.,1.));
#4347=DIRECTION('',(6.12323399573677E-17,1.,0.));
#4348=DIRECTION('',(1.,-6.12323399573677E-17,0.));
#4349=DIRECTION('',(1.,-6.12323399573677E-17,0.));
#4350=DIRECTION('',(0.,0.,1.));
#4351=DIRECTION('',(1.,-6.12323399573677E-17,0.));
#4352=DIRECTION('',(0.,0.,1.));
#4353=DIRECTION('',(0.,0.,1.));
#4354=DIRECTION('',(6.12323399573677E-17,1.,0.));
#4355=DIRECTION('',(1.,-6.12323399573677E-17,0.));
#4356=DIRECTION('',(1.,-6.12323399573677E-17,0.));
#4357=DIRECTION('',(0.,0.,-1.));
#4358=DIRECTION('',(0.,0.,-1.));
#4359=DIRECTION('',(1.,-6.12323399573677E-17,0.));
#4360=DIRECTION('',(6.12323399573677E-17,1.,0.));
#4361=DIRECTION('',(1.,-6.12323399573677E-17,0.));
#4362=DIRECTION('',(-1.,6.12323399573677E-17,0.));
#4363=DIRECTION('',(0.,0.,1.));
#4364=DIRECTION('',(-1.,6.12323399573677E-17,0.));
#4365=DIRECTION('',(-1.,-1.22464679914735E-16,0.));
#4366=DIRECTION('',(-1.22464679914735E-16,1.,0.));
#4367=DIRECTION('',(-1.22464679914735E-16,1.,0.));
#4368=DIRECTION('',(-1.22464679914735E-16,1.,0.));
#4369=DIRECTION('',(0.,0.,1.));
#4370=DIRECTION('',(-1.,-1.22464679914735E-16,0.));
#4371=DIRECTION('',(-1.22464679914735E-16,1.,0.));
#4372=DIRECTION('',(-1.22464679914735E-16,1.,0.));
#4373=DIRECTION('',(-1.22464679914735E-16,1.,0.));
#4374=DIRECTION('',(6.12323399573677E-17,-1.,0.));
#4375=DIRECTION('',(-1.,-6.12323399573677E-17,0.));
#4376=DIRECTION('',(1.,6.12323399573677E-17,0.));
#4377=DIRECTION('',(1.,6.12323399573677E-17,0.));
#4378=DIRECTION('',(0.,0.,1.));
#4379=DIRECTION('',(1.,0.,0.));
#4380=DIRECTION('',(0.,-1.,0.));
#4381=DIRECTION('',(0.,-1.,0.));
#4382=DIRECTION('',(0.,-1.,0.));
#4383=DIRECTION('',(0.,0.,1.));
#4384=DIRECTION('',(1.,0.,0.));
#4385=DIRECTION('',(0.,-1.,0.));
#4386=DIRECTION('',(0.,-1.,0.));
#4387=DIRECTION('',(0.,-1.,0.));
#4388=DIRECTION('',(6.12323399573677E-17,1.,0.));
#4389=DIRECTION('',(1.,-6.12323399573677E-17,0.));
#4390=DIRECTION('',(-1.,6.12323399573677E-17,0.));
#4391=DIRECTION('',(-1.,6.12323399573677E-17,0.));
#4392=DIRECTION('',(0.,0.,1.));
#4393=DIRECTION('',(6.12323399573677E-17,-1.,0.));
#4394=DIRECTION('',(-1.,-6.12323399573677E-17,0.));
#4395=DIRECTION('',(1.,6.12323399573677E-17,0.));
#4396=DIRECTION('',(0.,0.,1.));
#4397=DIRECTION('',(1.,6.12323399573677E-17,0.));
#4398=DIRECTION('',(0.,0.,-1.));
#4399=DIRECTION('',(6.12323399573677E-17,1.,0.));
#4400=DIRECTION('',(6.12323399573677E-17,1.,0.));
#4401=DIRECTION('',(0.,0.,-1.));
#4402=DIRECTION('',(-6.12323399573677E-17,-1.,0.));
#4403=DIRECTION('',(6.12323399573677E-17,1.,0.));
#4404=DIRECTION('',(0.,0.,-1.));
#4405=DIRECTION('',(6.12323399573677E-17,1.,0.));
#4406=DIRECTION('',(6.12323399573677E-17,1.,0.));
#4407=DIRECTION('',(6.12323399573677E-17,1.,0.));
#4408=DIRECTION('',(0.,0.,-1.));
#4409=DIRECTION('',(-6.12323399573677E-17,-1.,0.));
#4410=DIRECTION('',(0.,0.,-1.));
#4411=DIRECTION('',(6.12323399573677E-17,1.,0.));
#4412=DIRECTION('',(0.,0.,-1.));
#4413=DIRECTION('',(-6.12323399573677E-17,-1.,0.));
#4414=DIRECTION('',(0.,0.,-1.));
#4415=DIRECTION('',(6.12323399573677E-17,1.,0.));
#4416=DIRECTION('',(0.,0.,-1.));
#4417=DIRECTION('',(-6.12323399573677E-17,-1.,0.));
#4418=DIRECTION('',(0.,0.,-1.));
#4419=DIRECTION('',(6.12323399573677E-17,1.,0.));
#4420=DIRECTION('',(0.,0.,-1.));
#4421=DIRECTION('',(-6.12323399573677E-17,-1.,0.));
#4422=DIRECTION('',(0.,0.,-1.));
#4423=DIRECTION('',(6.12323399573677E-17,1.,0.));
#4424=DIRECTION('',(0.,0.,-1.));
#4425=DIRECTION('',(-6.12323399573677E-17,-1.,0.));
#4426=DIRECTION('',(0.,0.,-1.));
#4427=DIRECTION('',(6.12323399573677E-17,1.,0.));
#4428=DIRECTION('',(0.,0.,-1.));
#4429=DIRECTION('',(-6.12323399573677E-17,-1.,0.));
#4430=DIRECTION('',(0.,0.,-1.));
#4431=DIRECTION('',(6.12323399573677E-17,1.,0.));
#4432=DIRECTION('',(0.,0.,-1.));
#4433=DIRECTION('',(-6.12323399573677E-17,-1.,0.));
#4434=DIRECTION('',(0.,0.,-1.));
#4435=DIRECTION('',(6.12323399573677E-17,1.,0.));
#4436=DIRECTION('',(0.,0.,-1.));
#4437=DIRECTION('',(-6.12323399573677E-17,-1.,0.));
#4438=DIRECTION('',(0.,0.,-1.));
#4439=DIRECTION('',(6.12323399573677E-17,1.,0.));
#4440=DIRECTION('',(0.,0.,-1.));
#4441=DIRECTION('',(-6.12323399573677E-17,-1.,0.));
#4442=DIRECTION('',(0.,0.,-1.));
#4443=DIRECTION('',(6.12323399573677E-17,1.,0.));
#4444=DIRECTION('',(0.,0.,-1.));
#4445=DIRECTION('',(-6.12323399573677E-17,-1.,0.));
#4446=DIRECTION('',(6.12323399573677E-17,-1.,0.));
#4447=DIRECTION('',(-1.,-6.12323399573677E-17,0.));
#4448=DIRECTION('',(-1.,-6.12323399573677E-17,0.));
#4449=DIRECTION('',(0.,0.,-1.));
#4450=DIRECTION('',(0.,0.,-1.));
#4451=DIRECTION('',(-1.,-6.12323399573677E-17,0.));
#4452=DIRECTION('',(0.,0.,1.));
#4453=DIRECTION('',(6.12323399573677E-17,-1.,0.));
#4454=DIRECTION('',(-1.,-6.12323399573677E-17,0.));
#4455=DIRECTION('',(-1.,-6.12323399573677E-17,0.));
#4456=DIRECTION('',(-1.,-6.12323399573677E-17,0.));
#4457=DIRECTION('',(0.,0.,1.));
#4458=DIRECTION('',(0.,0.,1.));
#4459=DIRECTION('',(6.12323399573677E-17,1.,0.));
#4460=DIRECTION('',(1.,-6.12323399573677E-17,0.));
#4461=DIRECTION('',(1.,-6.12323399573677E-17,0.));
#4462=DIRECTION('',(0.,0.,1.));
#4463=DIRECTION('',(1.,-6.12323399573677E-17,0.));
#4464=DIRECTION('',(0.,0.,1.));
#4465=DIRECTION('',(0.,0.,1.));
#4466=DIRECTION('',(6.12323399573677E-17,1.,0.));
#4467=DIRECTION('',(1.,-6.12323399573677E-17,0.));
#4468=DIRECTION('',(1.,-6.12323399573677E-17,0.));
#4469=DIRECTION('',(0.,0.,-1.));
#4470=DIRECTION('',(0.,0.,-1.));
#4471=DIRECTION('',(1.,-6.12323399573677E-17,0.));
#4472=DIRECTION('',(6.12323399573677E-17,1.,0.));
#4473=DIRECTION('',(1.,-6.12323399573677E-17,0.));
#4474=DIRECTION('',(-1.,6.12323399573677E-17,0.));
#4475=DIRECTION('',(0.,0.,1.));
#4476=DIRECTION('',(-1.,6.12323399573677E-17,0.));
#4477=DIRECTION('',(-1.,-1.22464679914735E-16,0.));
#4478=DIRECTION('',(-1.22464679914735E-16,1.,0.));
#4479=DIRECTION('',(-1.22464679914735E-16,1.,0.));
#4480=DIRECTION('',(-1.22464679914735E-16,1.,0.));
#4481=DIRECTION('',(0.,0.,1.));
#4482=DIRECTION('',(-1.,-1.22464679914735E-16,0.));
#4483=DIRECTION('',(-1.22464679914735E-16,1.,0.));
#4484=DIRECTION('',(-1.22464679914735E-16,1.,0.));
#4485=DIRECTION('',(-1.22464679914735E-16,1.,0.));
#4486=DIRECTION('',(6.12323399573677E-17,-1.,0.));
#4487=DIRECTION('',(-1.,-6.12323399573677E-17,0.));
#4488=DIRECTION('',(1.,6.12323399573677E-17,0.));
#4489=DIRECTION('',(1.,6.12323399573677E-17,0.));
#4490=DIRECTION('',(0.,0.,1.));
#4491=DIRECTION('',(1.,0.,0.));
#4492=DIRECTION('',(0.,-1.,0.));
#4493=DIRECTION('',(0.,-1.,0.));
#4494=DIRECTION('',(0.,-1.,0.));
#4495=DIRECTION('',(0.,0.,1.));
#4496=DIRECTION('',(1.,0.,0.));
#4497=DIRECTION('',(0.,-1.,0.));
#4498=DIRECTION('',(0.,-1.,0.));
#4499=DIRECTION('',(0.,-1.,0.));
#4500=DIRECTION('',(6.12323399573677E-17,1.,0.));
#4501=DIRECTION('',(1.,-6.12323399573677E-17,0.));
#4502=DIRECTION('',(-1.,6.12323399573677E-17,0.));
#4503=DIRECTION('',(-1.,6.12323399573677E-17,0.));
#4504=DIRECTION('',(0.,0.,1.));
#4505=DIRECTION('',(6.12323399573677E-17,-1.,0.));
#4506=DIRECTION('',(-1.,-6.12323399573677E-17,0.));
#4507=DIRECTION('',(1.,6.12323399573677E-17,0.));
#4508=DIRECTION('',(0.,0.,1.));
#4509=DIRECTION('',(1.,6.12323399573677E-17,0.));
#4510=DIRECTION('',(0.,0.,-1.));
#4511=DIRECTION('',(6.12323399573677E-17,1.,0.));
#4512=DIRECTION('',(6.12323399573677E-17,1.,0.));
#4513=DIRECTION('',(0.,0.,-1.));
#4514=DIRECTION('',(-6.12323399573677E-17,-1.,0.));
#4515=DIRECTION('',(6.12323399573677E-17,1.,0.));
#4516=DIRECTION('',(0.,0.,-1.));
#4517=DIRECTION('',(6.12323399573677E-17,1.,0.));
#4518=DIRECTION('',(6.12323399573677E-17,1.,0.));
#4519=DIRECTION('',(6.12323399573677E-17,1.,0.));
#4520=DIRECTION('',(0.,0.,-1.));
#4521=DIRECTION('',(-6.12323399573677E-17,-1.,0.));
#4522=DIRECTION('',(0.,0.,-1.));
#4523=DIRECTION('',(6.12323399573677E-17,1.,0.));
#4524=DIRECTION('',(0.,0.,-1.));
#4525=DIRECTION('',(-6.12323399573677E-17,-1.,0.));
#4526=DIRECTION('',(0.,0.,-1.));
#4527=DIRECTION('',(6.12323399573677E-17,1.,0.));
#4528=DIRECTION('',(0.,0.,-1.));
#4529=DIRECTION('',(-6.12323399573677E-17,-1.,0.));
#4530=DIRECTION('',(0.,0.,-1.));
#4531=DIRECTION('',(6.12323399573677E-17,1.,0.));
#4532=DIRECTION('',(0.,0.,-1.));
#4533=DIRECTION('',(-6.12323399573677E-17,-1.,0.));
#4534=DIRECTION('',(0.,0.,-1.));
#4535=DIRECTION('',(6.12323399573677E-17,1.,0.));
#4536=DIRECTION('',(0.,0.,-1.));
#4537=DIRECTION('',(-6.12323399573677E-17,-1.,0.));
#4538=DIRECTION('',(0.,0.,-1.));
#4539=DIRECTION('',(6.12323399573677E-17,1.,0.));
#4540=DIRECTION('',(0.,0.,-1.));
#4541=DIRECTION('',(-6.12323399573677E-17,-1.,0.));
#4542=DIRECTION('',(0.,0.,-1.));
#4543=DIRECTION('',(6.12323399573677E-17,1.,0.));
#4544=DIRECTION('',(0.,0.,-1.));
#4545=DIRECTION('',(-6.12323399573677E-17,-1.,0.));
#4546=DIRECTION('',(0.,0.,-1.));
#4547=DIRECTION('',(6.12323399573677E-17,1.,0.));
#4548=DIRECTION('',(0.,0.,-1.));
#4549=DIRECTION('',(-6.12323399573677E-17,-1.,0.));
#4550=DIRECTION('',(0.,0.,-1.));
#4551=DIRECTION('',(6.12323399573677E-17,1.,0.));
#4552=DIRECTION('',(0.,0.,-1.));
#4553=DIRECTION('',(-6.12323399573677E-17,-1.,0.));
#4554=DIRECTION('',(0.,0.,-1.));
#4555=DIRECTION('',(6.12323399573677E-17,1.,0.));
#4556=DIRECTION('',(0.,0.,-1.));
#4557=DIRECTION('',(-6.12323399573677E-17,-1.,0.));
#4558=DIRECTION('',(0.,0.,1.));
#4559=DIRECTION('',(6.12323399573677E-17,1.,0.));
#4560=DIRECTION('',(-3.33436624720781E-32,0.,1.));
#4561=DIRECTION('',(1.,0.,3.33436624720781E-32));
#4562=DIRECTION('',(0.,0.,1.));
#4563=DIRECTION('',(6.12323399573677E-17,1.,0.));
#4564=DIRECTION('',(0.,0.,-1.));
#4565=DIRECTION('',(-6.12323399573677E-17,-1.,0.));
#4566=DIRECTION('',(-3.33436624720781E-32,0.,1.));
#4567=DIRECTION('',(1.,0.,3.33436624720781E-32));
#4568=DIRECTION('',(0.,0.,1.));
#4569=DIRECTION('',(6.12323399573677E-17,1.,0.));
#4570=DIRECTION('',(0.,0.,-1.));
#4571=DIRECTION('',(-6.12323399573677E-17,-1.,0.));
#4572=DIRECTION('',(-3.33436624720781E-32,0.,1.));
#4573=DIRECTION('',(1.,0.,3.33436624720781E-32));
#4574=DIRECTION('',(0.,0.,1.));
#4575=DIRECTION('',(6.12323399573677E-17,1.,0.));
#4576=DIRECTION('',(-3.33436624720781E-32,0.,1.));
#4577=DIRECTION('',(1.,0.,3.33436624720781E-32));
#4578=DIRECTION('',(-2.34704687555048E-16,-1.,0.));
#4579=DIRECTION('',(1.,-2.34704687555048E-16,0.));
#4580=DIRECTION('',(0.707106781186548,-1.65961276146444E-16,0.707106781186547));
#4581=DIRECTION('',(0.707106781186548,-1.65961276146444E-16,-0.707106781186548));
#4582=DIRECTION('',(-0.910366477462605,2.1366727965345E-16,-0.413802944301184));
#4583=DIRECTION('',(0.910366477462605,-2.1366727965345E-16,-0.413802944301184));
#4584=DIRECTION('',(-0.707106781186547,1.65961276146444E-16,-0.707106781186548));
#4585=DIRECTION('',(-0.707106781186548,1.65961276146444E-16,0.707106781186548));
#4586=DIRECTION('',(1.,-2.18934474137078E-16,0.));
#4587=DIRECTION('',(0.,0.,1.));
#4588=DIRECTION('',(1.,-2.34704687555048E-16,3.33436624720781E-32));
#4589=DIRECTION('',(0.,0.,-1.));
#4590=DIRECTION('',(1.,-3.76636608316789E-16,0.));
#4591=DIRECTION('',(0.,0.,1.));
#4592=DIRECTION('',(1.,-2.34704687555048E-16,0.));
#4593=DIRECTION('',(0.,0.,1.));
#4594=DIRECTION('',(1.,-6.12323399573677E-17,0.));
#4595=DIRECTION('',(0.,0.,-1.));
#4596=DIRECTION('',(6.12323399573677E-17,1.,2.041710475914E-48));
#4597=DIRECTION('',(0.,0.,-1.));
#4598=DIRECTION('',(6.12323399573677E-17,1.,0.));
#4599=DIRECTION('',(0.,0.,1.));
#4600=DIRECTION('',(6.12323399573677E-17,1.,0.));
#4601=DIRECTION('',(0.,0.,-1.));
#4602=DIRECTION('',(6.12323399573677E-17,1.,0.));
#4603=DIRECTION('',(6.12323399573677E-17,1.,0.));
#4604=DIRECTION('',(6.12323399573677E-17,1.,0.));
#4605=DIRECTION('',(0.,0.,-1.));
#4606=DIRECTION('',(-6.12323399573677E-17,-1.,0.));
#4607=DIRECTION('',(1.,-6.12323399573677E-17,0.));
#4608=DIRECTION('',(-6.12323399573677E-17,-1.,0.));
#4609=DIRECTION('',(-1.,6.12323399573677E-17,0.));
#4610=DIRECTION('',(0.,0.,-1.));
#4611=DIRECTION('',(-6.12323399573677E-17,-1.,0.));
#4612=DIRECTION('',(-1.,6.12323399573677E-17,0.));
#4613=DIRECTION('',(6.12323399573677E-17,1.,0.));
#4614=DIRECTION('',(1.,-6.12323399573677E-17,0.));
#4615=DIRECTION('',(0.,0.,-1.));
#4616=DIRECTION('',(-6.12323399573677E-17,-1.,0.));
#4617=DIRECTION('',(-6.12323399573677E-17,-1.,0.));
#4618=DIRECTION('',(0.,0.,1.));
#4619=DIRECTION('',(0.,0.,1.));
#4620=DIRECTION('',(0.,0.,1.));
#4621=DIRECTION('',(1.,-6.12323399573677E-17,0.));
#4622=DIRECTION('',(0.,0.,1.));
#4623=DIRECTION('',(6.12323399573677E-17,1.,0.));
#4624=DIRECTION('',(0.,0.,1.));
#4625=DIRECTION('',(0.,0.,-1.));
#4626=DIRECTION('',(-6.12323399573677E-17,-1.,0.));
#4627=DIRECTION('',(-6.12323399573677E-17,-1.,0.));
#4628=DIRECTION('',(0.,0.,1.));
#4629=DIRECTION('',(0.,0.,1.));
#4630=DIRECTION('',(1.,-6.12323399573677E-17,0.));
#4631=DIRECTION('',(1.,-6.12323399573677E-17,0.));
#4632=DIRECTION('',(0.,0.,-1.));
#4633=DIRECTION('',(5.30287619362453E-17,0.866025403784438,-0.5));
#4634=DIRECTION('',(-5.30287619362453E-17,-0.866025403784438,-0.5));
#4635=DIRECTION('',(5.30287619362453E-17,0.866025403784438,-0.5));
#4636=DIRECTION('',(-5.30287619362453E-17,-0.866025403784438,-0.5));
#4637=DIRECTION('',(0.,0.,1.));
#4638=DIRECTION('',(6.12323399573677E-17,1.,0.));
#4639=DIRECTION('',(6.12323399573677E-17,1.,0.));
#4640=DIRECTION('',(0.,0.,-1.));
#4641=DIRECTION('',(0.,0.,1.));
#4642=DIRECTION('',(-1.,6.12323399573677E-17,0.));
#4643=DIRECTION('',(0.,0.,1.));
#4644=DIRECTION('',(6.12323399573677E-17,1.,0.));
#4645=DIRECTION('',(0.,0.,1.));
#4646=DIRECTION('',(0.,0.,-1.));
#4647=DIRECTION('',(-6.12323399573677E-17,-1.,0.));
#4648=DIRECTION('',(-1.,6.12323399573677E-17,0.));
#4649=DIRECTION('',(0.,0.,1.));
#4650=DIRECTION('',(-6.12323399573677E-17,-1.,0.));
#4651=DIRECTION('',(0.,0.,-1.));
#4652=DIRECTION('',(6.12323399573677E-17,1.,0.));
#4653=DIRECTION('',(-0.707106781186548,0.707106781186548,0.));
#4654=DIRECTION('',(0.707106781186547,-0.707106781186548,0.));
#4655=DIRECTION('',(-0.707106781186548,-0.707106781186548,0.));
#4656=DIRECTION('',(0.,0.,-1.));
#4657=DIRECTION('',(-6.12323399573677E-17,-1.,0.));
#4658=DIRECTION('',(0.,0.,-1.));
#4659=DIRECTION('',(-6.12323399573677E-17,-1.,0.));
#4660=DIRECTION('',(0.,0.,-1.));
#4661=DIRECTION('',(-6.12323399573677E-17,-1.,0.));
#4662=DIRECTION('',(-1.,6.12323399573677E-17,0.));
#4663=DIRECTION('',(0.,0.,1.));
#4664=DIRECTION('',(0.,0.,1.));
#4665=DIRECTION('',(-6.12323399573677E-17,-1.,0.));
#4666=DIRECTION('',(0.,0.,1.));
#4667=DIRECTION('',(6.12323399573677E-17,1.,0.));
#4668=DIRECTION('',(0.,0.,1.));
#4669=DIRECTION('',(0.,0.,-1.));
#4670=DIRECTION('',(-6.12323399573677E-17,-1.,0.));
#4671=DIRECTION('',(6.12323399573677E-17,1.,0.));
#4672=DIRECTION('',(0.,0.,-1.));
#4673=DIRECTION('',(0.,0.,-1.));
#4674=DIRECTION('',(6.12323399573677E-17,1.,0.));
#4675=DIRECTION('',(0.70710678118655,0.707106781186545,0.));
#4676=DIRECTION('',(0.,0.,-1.));
#4677=DIRECTION('',(-6.12323399573677E-17,-1.,0.));
#4678=DIRECTION('',(0.,0.,1.));
#4679=DIRECTION('',(6.12323399573677E-17,1.,0.));
#4680=DIRECTION('',(0.,0.,-1.));
#4681=DIRECTION('',(6.12323399573677E-17,1.,0.));
#4682=DIRECTION('',(0.,0.,1.));
#4683=DIRECTION('',(6.12323399573677E-17,1.,0.));
#4684=DIRECTION('',(0.,0.,-1.));
#4685=DIRECTION('',(6.12323399573677E-17,1.,0.));
#4686=DIRECTION('',(0.,0.,1.));
#4687=DIRECTION('',(6.12323399573677E-17,1.,0.));
#4688=DIRECTION('',(0.,0.,-1.));
#4689=DIRECTION('',(6.12323399573677E-17,1.,0.));
#4690=DIRECTION('',(0.,0.,1.));
#4691=DIRECTION('',(6.12323399573677E-17,1.,0.));
#4692=DIRECTION('',(0.,0.,-1.));
#4693=DIRECTION('',(6.12323399573677E-17,1.,0.));
#4694=DIRECTION('',(3.06161699786839E-17,0.5,0.866025403784438));
#4695=DIRECTION('',(5.30287619362453E-17,0.866025403784438,-0.5));
#4696=DIRECTION('',(1.,-6.12323399573677E-17,0.));
#4697=DIRECTION('',(-3.06161699786838E-17,-0.5,0.866025403784439));
#4698=DIRECTION('',(5.30287619362454E-17,0.866025403784439,0.5));
#4699=DIRECTION('',(3.06161699786839E-17,0.5,0.866025403784438));
#4700=DIRECTION('',(5.30287619362453E-17,0.866025403784438,-0.5));
#4701=DIRECTION('',(1.,-6.12323399573677E-17,0.));
#4702=DIRECTION('',(-3.06161699786838E-17,-0.5,0.866025403784439));
#4703=DIRECTION('',(5.30287619362454E-17,0.866025403784439,0.5));
#4704=DIRECTION('',(-3.33436624720781E-32,0.,1.));
#4705=DIRECTION('',(-1.82659054943244E-47,1.,2.46519032881566E-32));
#4706=DIRECTION('',(0.707106781186548,0.707106781186548,2.35775298436018E-32));
#4707=DIRECTION('',(-0.707106781186547,0.707106781186548,-2.35775298436017E-32));
#4708=DIRECTION('',(-0.70710678118655,-0.707106781186545,-2.35775298436019E-32));
#4709=DIRECTION('',(-0.816496580927726,-0.577350269189626,-2.04187398030449E-32));
#4710=DIRECTION('',(6.12323399573677E-17,1.,2.041710475914E-48));
#4711=DIRECTION('',(0.,0.,-1.));
#4712=DIRECTION('',(-1.,0.,0.));
#4713=DIRECTION('',(-2.26444099574206E-16,-1.,0.));
#4714=DIRECTION('',(0.707106781186548,0.707106781186548,0.));
#4715=DIRECTION('',(1.,-2.26444099574206E-16,0.));
#4716=DIRECTION('',(1.,-2.26444099574206E-16,0.));
#4717=DIRECTION('',(2.26444099574206E-16,1.,0.));
#4718=DIRECTION('',(2.26444099574206E-16,1.,0.));
#4719=DIRECTION('',(-1.60120158368603E-16,-0.707106781186548,0.707106781186547));
#4720=DIRECTION('',(-2.26444099574206E-16,-1.,0.));
#4721=DIRECTION('',(1.,-2.26444099574206E-16,0.));
#4722=DIRECTION('',(2.26444099574206E-16,1.,0.));
#4723=DIRECTION('',(-6.12323399573677E-17,-1.,0.));
#4724=DIRECTION('',(1.,-6.12323399573677E-17,0.));
#4725=DIRECTION('',(-2.26444099574206E-16,-1.,0.));
#4726=DIRECTION('',(2.26444099574206E-16,1.,0.));
#4727=DIRECTION('',(1.60120158368603E-16,0.707106781186547,0.707106781186548));
#4728=DIRECTION('',(-1.,2.26444099574206E-16,0.));
#4729=DIRECTION('',(-1.60120158368603E-16,-0.707106781186548,0.707106781186547));
#4730=DIRECTION('',(-0.577350269189625,0.577350269189627,-0.577350269189626));
#4731=DIRECTION('',(0.577350269189626,0.577350269189626,-0.577350269189625));
#4732=DIRECTION('',(2.26444099574206E-16,1.,0.));
#4733=DIRECTION('',(-1.,2.26444099574206E-16,0.));
#4734=DIRECTION('',(0.707106781186547,-1.60120158368603E-16,0.707106781186548));
#4735=DIRECTION('',(-0.707106781186551,-0.5,-0.5));
#4736=DIRECTION('',(-1.60120158368603E-16,-0.707106781186548,0.707106781186547));
#4737=DIRECTION('',(-0.707106781186548,1.60120158368603E-16,0.707106781186548));
#4738=DIRECTION('',(-2.26444099574206E-16,-1.,0.));
#4739=DIRECTION('',(-6.12323399573677E-17,-1.,0.));
#4740=DIRECTION('',(0.,0.,1.));
#4741=DIRECTION('',(-0.866025403784439,5.30287619362454E-17,-0.5));
#4742=DIRECTION('',(-0.866025403784439,5.30287619362454E-17,0.5));
#4743=DIRECTION('',(-0.5,3.06161699786838E-17,0.866025403784439));
#4744=DIRECTION('',(-0.5,3.06161699786838E-17,-0.866025403784439));
#4745=DIRECTION('',(1.,-6.12323399573677E-17,0.));
#4746=DIRECTION('',(6.12323399573677E-17,1.,0.));
#4747=DIRECTION('',(-6.12323399573677E-17,-1.,0.));
#4748=DIRECTION('',(0.,0.,-1.));
#4749=DIRECTION('',(-1.,0.,0.));
#4750=DIRECTION('',(1.,-6.12323399573677E-17,0.));
#4751=DIRECTION('',(-1.,6.12323399573677E-17,0.));
#4752=DIRECTION('',(-6.12323399573677E-17,-1.,0.));
#4753=DIRECTION('',(1.,-6.12323399573677E-17,0.));
#4754=DIRECTION('',(-1.,6.12323399573677E-17,0.));
#4755=DIRECTION('',(1.,-6.12323399573677E-17,0.));
#4756=DIRECTION('',(1.,-6.12323399573677E-17,0.));
#4757=DIRECTION('',(-1.,6.12323399573677E-17,0.));
#4758=DIRECTION('',(1.,-6.12323399573677E-17,0.));
#4759=DIRECTION('',(6.12323399573677E-17,1.,0.));
#4760=DIRECTION('',(-1.,6.12323399573677E-17,0.));
#4761=DIRECTION('',(1.,-6.12323399573677E-17,0.));
#4762=DIRECTION('',(6.12323399573677E-17,1.,0.));
#4763=DIRECTION('',(-0.707106781186548,4.32978028117747E-17,-0.707106781186547));
#4764=DIRECTION('',(-6.12323399573677E-17,-1.,0.));
#4765=DIRECTION('',(0.707106781186547,-4.32978028117746E-17,-0.707106781186548));
#4766=DIRECTION('',(-4.3297802811775E-17,-0.707106781186553,0.707106781186543));
#4767=DIRECTION('',(-1.,6.12323399573677E-17,0.));
#4768=DIRECTION('',(-0.577350269189623,0.577350269189623,0.577350269189631));
#4769=DIRECTION('',(-0.5,0.707106781186548,-0.5));
#4770=DIRECTION('',(-0.707106781186547,4.32978028117746E-17,0.707106781186548));
#4771=DIRECTION('',(-0.707106781186548,-0.707106781186548,0.));
#4772=DIRECTION('',(0.,0.,1.));
#4773=DIRECTION('',(0.707106781186548,-0.707106781186548,0.));
#4774=DIRECTION('',(0.,0.,1.));
#4775=DIRECTION('',(0.707106781186548,-0.707106781186548,0.));
#4776=DIRECTION('',(0.,0.,1.));
#4777=DIRECTION('',(-0.707106781186545,0.70710678118655,0.));
#4778=DIRECTION('',(0.,0.,1.));
#4779=DIRECTION('',(0.707106781186548,0.707106781186547,0.));
#4780=DIRECTION('',(0.,0.,1.));
#4781=DIRECTION('',(-2.39272203583008E-16,-6.33450383076213E-48,1.));
#4782=DIRECTION('',(1.,0.,2.39272203583008E-16));
#4783=DIRECTION('',(-1.,2.26444099574206E-16,-2.39272203583008E-16));
#4784=DIRECTION('',(-2.26444099574206E-16,-1.,6.33450383076213E-48));
#4785=DIRECTION('',(2.26444099574206E-16,1.,-6.33450383076213E-48));
#4786=DIRECTION('',(-1.,2.26444099574206E-16,0.));
#4787=DIRECTION('',(-1.,2.26444099574206E-16,-2.39272203583008E-16));
#4788=DIRECTION('',(-2.39272203583008E-16,-6.33450383076213E-48,1.));
#4789=DIRECTION('',(1.,0.,2.39272203583008E-16));
#4790=DIRECTION('',(-2.26444099574206E-16,-1.,6.33450383076213E-48));
#4791=DIRECTION('',(0.,0.,-1.));
#4792=DIRECTION('',(-1.,0.,0.));
#4793=DIRECTION('',(-6.12323399573677E-17,-1.,0.));
#4794=DIRECTION('',(-6.12323399573677E-17,-1.,0.));
#4795=DIRECTION('',(-1.,6.12323399573677E-17,0.));
#4796=DIRECTION('',(1.,-6.12323399573677E-17,0.));
#4797=DIRECTION('',(6.12323399573677E-17,1.,0.));
#4798=DIRECTION('',(-6.12323399573677E-17,-1.,0.));
#4799=DIRECTION('',(1.,-6.12323399573677E-17,0.));
#4800=DIRECTION('',(6.12323399573677E-17,1.,0.));
#4801=DIRECTION('',(-6.12323399573677E-17,-1.,0.));
#4802=DIRECTION('',(0.,0.,1.));
#4803=DIRECTION('',(0.,0.,-1.));
#4804=DIRECTION('',(-1.,0.,0.));
#4805=DIRECTION('',(-1.,6.12323399573677E-17,0.));
#4806=DIRECTION('',(-0.866025403784439,1.96106342768356E-16,0.5));
#4807=DIRECTION('',(0.5,0.,0.866025403784439));
#4808=DIRECTION('',(-2.26444099574206E-16,-1.,-1.26412507123897E-47));
#4809=DIRECTION('',(-0.866025403784439,1.96106342768356E-16,-0.5));
#4810=DIRECTION('',(-0.5,0.,0.866025403784439));
#4811=DIRECTION('',(-5.30287619362452E-17,-0.866025403784436,0.5));
#4812=DIRECTION('',(0.,-0.5,-0.866025403784436));
#4813=DIRECTION('',(-1.,6.12323399573677E-17,5.0565002849559E-47));
#4814=DIRECTION('',(-5.30287619362452E-17,-0.866025403784437,-0.5));
#4815=DIRECTION('',(0.,0.5,-0.866025403784437));
#4816=DIRECTION('',(6.12323399573677E-17,1.,0.));
#4817=DIRECTION('',(-1.,6.12323399573677E-17,0.));
#4818=DIRECTION('',(-1.,2.26444099574206E-16,-2.1080179850491E-79));
#4819=DIRECTION('',(-2.26444099574206E-16,-1.,0.));
#4820=DIRECTION('',(0.707106781186548,-1.60120158368603E-16,-0.707106781186547));
#4821=DIRECTION('',(-2.26444099574206E-16,-1.,0.));
#4822=DIRECTION('',(0.707106781186547,-1.65961276146444E-16,-0.707106781186548));
#4823=DIRECTION('',(-0.707106781186548,0.,-0.707106781186547));
#4824=DIRECTION('',(-2.34704687555048E-16,-1.,0.));
#4825=DIRECTION('',(0.707106781186548,-1.65961276146444E-16,0.707106781186547));
#4826=DIRECTION('',(-2.34704687555048E-16,-1.,0.));
#4827=DIRECTION('',(0.707106781186548,-1.65961276146444E-16,0.707106781186548));
#4828=DIRECTION('',(0.707106781186548,0.,-0.707106781186548));
#4829=DIRECTION('',(-2.34704687555048E-16,-1.,0.));
#4830=DIRECTION('',(-0.707106781186548,1.65961276146444E-16,0.707106781186548));
#4831=DIRECTION('',(-0.707106781186548,1.65961276146444E-16,0.707106781186547));
#4832=DIRECTION('',(0.707106781186547,0.,0.707106781186548));
#4833=DIRECTION('',(-2.34704687555048E-16,-1.,0.));
#4834=DIRECTION('',(-0.707106781186547,1.65961276146444E-16,-0.707106781186548));
#4835=DIRECTION('',(-0.413802944301184,9.71214907515684E-17,-0.910366477462605));
#4836=DIRECTION('',(-0.910366477462605,0.,0.413802944301184));
#4837=DIRECTION('',(-2.34704687555048E-16,-1.,0.));
#4838=DIRECTION('',(0.910366477462605,-2.1366727965345E-16,-0.413802944301184));
#4839=DIRECTION('',(-0.413802944301184,9.71214907515684E-17,0.910366477462605));
#4840=DIRECTION('',(0.910366477462605,0.,0.413802944301184));
#4841=DIRECTION('',(-2.34704687555048E-16,-1.,0.));
#4842=DIRECTION('',(-0.910366477462605,2.1366727965345E-16,-0.413802944301184));
#4843=DIRECTION('',(-0.707106781186548,1.65961276146444E-16,-0.707106781186548));
#4844=DIRECTION('',(-0.707106781186548,0.,0.707106781186548));
#4845=DIRECTION('',(0.707106781186548,-1.65961276146444E-16,-0.707106781186548));
#4846=DIRECTION('',(-2.34704687555048E-16,-1.,0.));
#4847=DIRECTION('',(1.,-2.34704687555048E-16,0.));
#4848=DIRECTION('',(-0.5,1.13222049787103E-16,0.866025403784439));
#4849=DIRECTION('',(0.866025403784439,0.,0.5));
#4850=DIRECTION('',(-2.26444099574206E-16,-1.,-1.94423431438052E-32));
#4851=DIRECTION('',(0.5,-1.13222049787103E-16,0.866025403784439));
#4852=DIRECTION('',(0.866025403784439,0.,-0.5));
#4853=DIRECTION('',(-0.5,1.13222049787103E-16,0.866025403784439));
#4854=DIRECTION('',(0.866025403784439,0.,0.5));
#4855=DIRECTION('',(-2.26444099574206E-16,-1.,-1.94423431438052E-32));
#4856=DIRECTION('',(0.5,-1.13222049787103E-16,0.866025403784439));
#4857=DIRECTION('',(0.866025403784439,0.,-0.5));
#4858=DIRECTION('',(-3.06161699786838E-17,-0.5,0.866025403784439));
#4859=DIRECTION('',(0.,-0.866025403784439,-0.5));
#4860=DIRECTION('',(-1.,6.12323399573677E-17,0.));
#4861=DIRECTION('',(3.06161699786838E-17,0.5,0.866025403784439));
#4862=DIRECTION('',(0.,-0.866025403784439,0.5));
#4863=DIRECTION('',(-3.06161699786838E-17,-0.5,0.866025403784439));
#4864=DIRECTION('',(0.,-0.866025403784439,-0.5));
#4865=DIRECTION('',(-1.,6.12323399573677E-17,0.));
#4866=DIRECTION('',(3.06161699786838E-17,0.5,0.866025403784439));
#4867=DIRECTION('',(0.,-0.866025403784439,0.5));
#4868=DIRECTION('',(-3.06161699786838E-17,-0.5,0.866025403784439));
#4869=DIRECTION('',(0.,-0.866025403784439,-0.5));
#4870=DIRECTION('',(-1.,6.12323399573677E-17,0.));
#4871=DIRECTION('',(3.06161699786838E-17,0.5,0.866025403784439));
#4872=DIRECTION('',(0.,-0.866025403784439,0.5));
#4873=DIRECTION('',(0.5,-3.06161699786838E-17,0.866025403784439));
#4874=DIRECTION('',(0.866025403784439,0.,-0.5));
#4875=DIRECTION('',(-6.12323399573677E-17,-1.,0.));
#4876=DIRECTION('',(-0.5,3.06161699786838E-17,0.866025403784439));
#4877=DIRECTION('',(0.866025403784439,0.,0.5));
#4878=DIRECTION('',(-9.39937569352633E-17,0.5,0.866025403784439));
#4879=DIRECTION('',(0.,-0.866025403784439,0.5));
#4880=DIRECTION('',(-1.,2.26444099574206E-16,-2.39272203583008E-16));
#4881=DIRECTION('',(-3.2043785650947E-16,-0.5,0.866025403784439));
#4882=DIRECTION('',(0.,-0.866025403784439,-0.5));
#4883=CARTESIAN_POINT('',(0.,0.,0.));
#4884=CARTESIAN_POINT('',(0.0255,-0.3445,-0.025));
#4885=CARTESIAN_POINT('',(0.0269688575423156,-0.341217488332436,-0.0359322555851416));
#4886=CARTESIAN_POINT('',(0.0254971345139748,-0.340892243814058,-0.0356596319745976));
#4887=CARTESIAN_POINT('',(0.0240426044017852,-0.34121353641133,-0.0359292165164679));
#4888=CARTESIAN_POINT('',(0.0229388101265701,-0.342004017160944,-0.0365445309415883));
#4889=CARTESIAN_POINT('',(0.0222148962327508,-0.343060463881567,-0.037261807289618));
#4890=CARTESIAN_POINT('',(0.0218936079026175,-0.344495722484327,-0.0377513719377237));
#4891=CARTESIAN_POINT('',(0.0222106889725582,-0.345930070582677,-0.0372672044060185));
#4892=CARTESIAN_POINT('',(0.0229336516237125,-0.346990803090846,-0.0365484636495611));
#4893=CARTESIAN_POINT('',(0.0240336507954756,-0.347782136796713,-0.0359326811549355));
#4894=CARTESIAN_POINT('',(0.02548497983537,-0.348106989856859,-0.0356604261359122));
#4895=CARTESIAN_POINT('',(0.026951657924732,-0.347789770660126,-0.0359257239260191));
#4896=CARTESIAN_POINT('',(0.0280572402544001,-0.347002987516307,-0.0365421419783297));
#4897=CARTESIAN_POINT('',(0.0286617048421918,-0.346111052742764,-0.0371382000958823));
#4898=CARTESIAN_POINT('',(0.0289450515150957,-0.345243711493653,-0.0375069295800352));
#4899=CARTESIAN_POINT('',(0.0290537541638899,-0.344259319700048,-0.0376702917600991));
#4900=CARTESIAN_POINT('',(0.0287908006580074,-0.343074846746874,-0.0372688119162554));
#4901=CARTESIAN_POINT('',(0.0280645191584469,-0.342007212219183,-0.0365475634333194));
#4902=CARTESIAN_POINT('',(0.0269688575423156,-0.341217488332436,-0.0359322555851416));
#4903=CARTESIAN_POINT('',(0.0254971345139748,-0.340892243814058,-0.0356596319745976));
#4904=CARTESIAN_POINT('',(0.0240426044017852,-0.34121353641133,-0.0359292165164679));
#4905=CARTESIAN_POINT('',(0.0255,-0.341,-0.03575));
#4906=CARTESIAN_POINT('',(0.0255,-0.3445,-0.0249074772881118));
#4907=CARTESIAN_POINT('',(0.0227189255673393,-0.342375,-0.0236806079660839));
#4908=CARTESIAN_POINT('',(0.022,-0.3445,-0.0249074772881118));
#4909=CARTESIAN_POINT('',(0.0255,-0.3445,-0.0249074772881118));
#4910=CARTESIAN_POINT('',(0.0227189255673393,-0.346625,-0.0236806079660839));
#4911=CARTESIAN_POINT('',(0.028281074432661,-0.346625,-0.0236806079660839));
#4912=CARTESIAN_POINT('',(0.0279590306508052,-0.347046471871961,-0.0234372710673515));
#4913=CARTESIAN_POINT('',(0.0273621957077452,-0.347541601852144,-0.0230037910302758));
#4914=CARTESIAN_POINT('',(0.0263667157003035,-0.347925575540681,-0.0225230095553111));
#4915=CARTESIAN_POINT('',(0.025494846659313,-0.348037639658039,-0.0223542709421152));
#4916=CARTESIAN_POINT('',(0.0246275920430605,-0.347923849351309,-0.0225254067362196));
#4917=CARTESIAN_POINT('',(0.0236313449062056,-0.347538265157407,-0.0230076332694021));
#4918=CARTESIAN_POINT('',(0.0230365546047368,-0.347040694115283,-0.0234406068567244));
#4919=CARTESIAN_POINT('',(0.0227189255673392,-0.346625,-0.0236806079660838));
#4920=CARTESIAN_POINT('',(0.0282810744326611,-0.346625,-0.0236806079660839));
#4921=CARTESIAN_POINT('',(0.0255,-0.3445,-0.0249074772881118));
#4922=CARTESIAN_POINT('',(0.029,-0.3445,-0.0249074772881118));
#4923=CARTESIAN_POINT('',(0.0255,-0.3445,-0.0249074772881118));
#4924=CARTESIAN_POINT('',(0.0282810744326611,-0.342375,-0.0236806079660839));
#4925=CARTESIAN_POINT('',(0.0227189255673392,-0.342375,-0.0236806079660838));
#4926=CARTESIAN_POINT('',(0.0230413442384293,-0.341953037495162,-0.0234369878003276));
#4927=CARTESIAN_POINT('',(0.0236350949076736,-0.341460383083852,-0.0230057282774593));
#4928=CARTESIAN_POINT('',(0.0246306564081547,-0.341074881166019,-0.0225237525922311));
#4929=CARTESIAN_POINT('',(0.0255054661196384,-0.340962144677675,-0.022353931486812));
#4930=CARTESIAN_POINT('',(0.0263737715014934,-0.341076556582564,-0.0225260214964574));
#4931=CARTESIAN_POINT('',(0.0273662835901572,-0.341461172190586,-0.0230065270749242));
#4932=CARTESIAN_POINT('',(0.027960418377626,-0.341955344302901,-0.0234383196363968));
#4933=CARTESIAN_POINT('',(0.0282810744326609,-0.342375,-0.0236806079660839));
#4934=CARTESIAN_POINT('',(0.0565,-0.3445,-0.025));
#4935=CARTESIAN_POINT('',(0.0565,-0.3445,-0.0522));
#4936=CARTESIAN_POINT('',(0.0536277186767311,-0.3425,-0.0522));
#4937=CARTESIAN_POINT('',(0.0545,-0.341627718676731,-0.0522));
#4938=CARTESIAN_POINT('',(0.0565,-0.3445,-0.0522));
#4939=CARTESIAN_POINT('',(0.0585,-0.341627718676731,-0.0522));
#4940=CARTESIAN_POINT('',(0.0565,-0.3445,-0.0522));
#4941=CARTESIAN_POINT('',(0.0593722813232691,-0.3425,-0.0522));
#4942=CARTESIAN_POINT('',(0.0593722813232691,-0.3425,-0.025));
#4943=CARTESIAN_POINT('',(0.0593722813232691,-0.3425,-0.0526));
#4944=CARTESIAN_POINT('',(0.0565,-0.3445,-0.0526));
#4945=CARTESIAN_POINT('',(0.0593722813232691,-0.3465,-0.0526));
#4946=CARTESIAN_POINT('',(0.0593722813232691,-0.3465,-0.025));
#4947=CARTESIAN_POINT('',(0.0593722813232691,-0.3465,-0.0522));
#4948=CARTESIAN_POINT('',(0.0565,-0.3445,-0.0522));
#4949=CARTESIAN_POINT('',(0.0585,-0.347372281323269,-0.0522));
#4950=CARTESIAN_POINT('',(0.0565,-0.3445,-0.0522));
#4951=CARTESIAN_POINT('',(0.0545,-0.347372281323269,-0.0522));
#4952=CARTESIAN_POINT('',(0.0565,-0.3445,-0.0522));
#4953=CARTESIAN_POINT('',(0.0536277186767311,-0.3465,-0.0522));
#4954=CARTESIAN_POINT('',(0.0536277186767311,-0.3465,-0.025));
#4955=CARTESIAN_POINT('',(0.0536277186767311,-0.3465,-0.0526));
#4956=CARTESIAN_POINT('',(0.0565,-0.3445,-0.0526));
#4957=CARTESIAN_POINT('',(0.0536277186767311,-0.3425,-0.0526));
#4958=CARTESIAN_POINT('',(0.0536277186767311,-0.3425,-0.025));
#4959=CARTESIAN_POINT('',(0.0565,-0.3445,-0.0249074772881118));
#4960=CARTESIAN_POINT('',(0.0537189255673392,-0.342375,-0.0236806079660839));
#4961=CARTESIAN_POINT('',(0.053,-0.3445,-0.0249074772881118));
#4962=CARTESIAN_POINT('',(0.0565,-0.3445,-0.0249074772881118));
#4963=CARTESIAN_POINT('',(0.0537189255673392,-0.346625,-0.0236806079660839));
#4964=CARTESIAN_POINT('',(0.0592810744326609,-0.346625,-0.0236806079660839));
#4965=CARTESIAN_POINT('',(0.0589590306508052,-0.347046471871961,-0.0234372710673515));
#4966=CARTESIAN_POINT('',(0.0583621957077452,-0.347541601852144,-0.0230037910302758));
#4967=CARTESIAN_POINT('',(0.0573667157003035,-0.34792557554068,-0.0225230095553111));
#4968=CARTESIAN_POINT('',(0.056494846659313,-0.348037639658039,-0.0223542709421152));
#4969=CARTESIAN_POINT('',(0.0556275920430604,-0.347923849351309,-0.0225254067362196));
#4970=CARTESIAN_POINT('',(0.0546313449062055,-0.347538265157407,-0.0230076332694022));
#4971=CARTESIAN_POINT('',(0.0540365546047367,-0.347040694115283,-0.0234406068567245));
#4972=CARTESIAN_POINT('',(0.0537189255673391,-0.346625,-0.0236806079660839));
#4973=CARTESIAN_POINT('',(0.059281074432661,-0.346625,-0.0236806079660839));
#4974=CARTESIAN_POINT('',(0.0565,-0.3445,-0.0249074772881118));
#4975=CARTESIAN_POINT('',(0.06,-0.3445,-0.0249074772881118));
#4976=CARTESIAN_POINT('',(0.0565,-0.3445,-0.0249074772881118));
#4977=CARTESIAN_POINT('',(0.0592810744326612,-0.342375,-0.0236806079660841));
#4978=CARTESIAN_POINT('',(0.0537189255673391,-0.342375,-0.0236806079660838));
#4979=CARTESIAN_POINT('',(0.0540413442384292,-0.341953037495162,-0.0234369878003276));
#4980=CARTESIAN_POINT('',(0.0546350949076736,-0.341460383083853,-0.0230057282774593));
#4981=CARTESIAN_POINT('',(0.0556306564081547,-0.341074881166019,-0.0225237525922311));
#4982=CARTESIAN_POINT('',(0.0565054661196385,-0.340962144677675,-0.022353931486812));
#4983=CARTESIAN_POINT('',(0.0573737715014934,-0.341076556582564,-0.0225260214964574));
#4984=CARTESIAN_POINT('',(0.0583662835901573,-0.341461172190586,-0.0230065270749243));
#4985=CARTESIAN_POINT('',(0.058960418377626,-0.341955344302901,-0.0234383196363968));
#4986=CARTESIAN_POINT('',(0.059281074432661,-0.342375,-0.023680607966084));
#4987=CARTESIAN_POINT('',(0.0255,-0.3445,-0.025));
#4988=CARTESIAN_POINT('',(0.0255,-0.3445,-0.0522));
#4989=CARTESIAN_POINT('',(0.0226277186767311,-0.3425,-0.0522));
#4990=CARTESIAN_POINT('',(0.0235,-0.341627718676731,-0.0522));
#4991=CARTESIAN_POINT('',(0.0255,-0.3445,-0.0522));
#4992=CARTESIAN_POINT('',(0.0275,-0.341627718676731,-0.0522));
#4993=CARTESIAN_POINT('',(0.0255,-0.3445,-0.0522));
#4994=CARTESIAN_POINT('',(0.0283722813232692,-0.3425,-0.0522));
#4995=CARTESIAN_POINT('',(0.0283722813232692,-0.3425,-0.025));
#4996=CARTESIAN_POINT('',(0.0283722813232692,-0.3425,-0.0526));
#4997=CARTESIAN_POINT('',(0.0255,-0.3445,-0.0526));
#4998=CARTESIAN_POINT('',(0.0283722813232692,-0.3465,-0.0526));
#4999=CARTESIAN_POINT('',(0.0283722813232692,-0.3465,-0.025));
#5000=CARTESIAN_POINT('',(0.0283722813232692,-0.3465,-0.0522));
#5001=CARTESIAN_POINT('',(0.0255,-0.3445,-0.0522));
#5002=CARTESIAN_POINT('',(0.0275,-0.347372281323269,-0.0522));
#5003=CARTESIAN_POINT('',(0.0255,-0.3445,-0.0522));
#5004=CARTESIAN_POINT('',(0.0235,-0.347372281323269,-0.0522));
#5005=CARTESIAN_POINT('',(0.0255,-0.3445,-0.0522));
#5006=CARTESIAN_POINT('',(0.0226277186767311,-0.3465,-0.0522));
#5007=CARTESIAN_POINT('',(0.0226277186767311,-0.3465,-0.025));
#5008=CARTESIAN_POINT('',(0.0226277186767311,-0.3465,-0.0526));
#5009=CARTESIAN_POINT('',(0.0255,-0.3445,-0.0526));
#5010=CARTESIAN_POINT('',(0.0226277186767311,-0.3425,-0.0526));
#5011=CARTESIAN_POINT('',(0.0226277186767311,-0.3425,-0.025));
#5012=CARTESIAN_POINT('',(0.0255,-0.3445,-0.0449074772881117));
#5013=CARTESIAN_POINT('',(0.027625,-0.341718925567339,-0.0436806079660838));
#5014=CARTESIAN_POINT('',(0.0255,-0.341,-0.0449074772881118));
#5015=CARTESIAN_POINT('',(0.0255,-0.3445,-0.0449074772881119));
#5016=CARTESIAN_POINT('',(0.023375,-0.34171892556734,-0.0436806079660838));
#5017=CARTESIAN_POINT('',(0.0233749999999999,-0.347281074432661,-0.0436806079660837));
#5018=CARTESIAN_POINT('',(0.0229557421387922,-0.346960722361316,-0.0434385493270555));
#5019=CARTESIAN_POINT('',(0.0224611475190004,-0.346365558041927,-0.04300653699951));
#5020=CARTESIAN_POINT('',(0.0220766381389759,-0.345375215692601,-0.0425261144586655));
#5021=CARTESIAN_POINT('',(0.0219620880083083,-0.344500952375429,-0.0423538892312895));
#5022=CARTESIAN_POINT('',(0.0220750125330864,-0.343631634186921,-0.0425238086850292));
#5023=CARTESIAN_POINT('',(0.0224603181348786,-0.342633154637516,-0.0430062691354533));
#5024=CARTESIAN_POINT('',(0.0229586491493088,-0.342037056411781,-0.0434402276903598));
#5025=CARTESIAN_POINT('',(0.0233749999999999,-0.341718925567339,-0.0436806079660837));
#5026=CARTESIAN_POINT('',(0.023375,-0.347281074432661,-0.0436806079660838));
#5027=CARTESIAN_POINT('',(0.0255,-0.3445,-0.0449074772881119));
#5028=CARTESIAN_POINT('',(0.0255,-0.348,-0.0449074772881118));
#5029=CARTESIAN_POINT('',(0.0255,-0.3445,-0.0449074772881117));
#5030=CARTESIAN_POINT('',(0.027625,-0.347281074432661,-0.0436806079660838));
#5031=CARTESIAN_POINT('',(0.027625,-0.341718925567339,-0.043680607966084));
#5032=CARTESIAN_POINT('',(0.028043453685765,-0.342038663173714,-0.0434390136179641));
#5033=CARTESIAN_POINT('',(0.0285390105533683,-0.342633183709768,-0.0430066761837288));
#5034=CARTESIAN_POINT('',(0.0289246284797371,-0.343629539260856,-0.0425243706010814));
#5035=CARTESIAN_POINT('',(0.0290376559610697,-0.344500695183879,-0.0423542314735722));
#5036=CARTESIAN_POINT('',(0.0289247475969289,-0.345369502176411,-0.0425241797608874));
#5037=CARTESIAN_POINT('',(0.0285390763376334,-0.346367433984983,-0.0430067736729644));
#5038=CARTESIAN_POINT('',(0.0280421427998497,-0.34696233846527,-0.0434397704583002));
#5039=CARTESIAN_POINT('',(0.027625,-0.347281074432661,-0.043680607966084));
#5040=CARTESIAN_POINT('',(0.02,-0.36,-0.025));
#5041=CARTESIAN_POINT('',(0.02,-0.3585,-0.0353480762113533));
#5042=CARTESIAN_POINT('',(0.0200013851866811,-0.358499938250723,-0.0353481837028249));
#5043=CARTESIAN_POINT('',(0.02,-0.36,-0.0362141016151378));
#5044=CARTESIAN_POINT('',(0.02,-0.36,-0.03275));
#5045=CARTESIAN_POINT('',(0.0200006414980352,-0.361501301238239,-0.0353475201479602));
#5046=CARTESIAN_POINT('',(0.02,-0.3615,-0.0353480762113533));
#5047=CARTESIAN_POINT('',(0.02,-0.3585,-0.0498480762113533));
#5048=CARTESIAN_POINT('',(0.020001385186681,-0.358499938250723,-0.049848183702825));
#5049=CARTESIAN_POINT('',(0.02,-0.36,-0.0507141016151378));
#5050=CARTESIAN_POINT('',(0.02,-0.36,-0.04725));
#5051=CARTESIAN_POINT('',(0.0200006414980351,-0.361501301238239,-0.0498475201479604));
#5052=CARTESIAN_POINT('',(0.02,-0.3615,-0.0498480762113533));
#5053=CARTESIAN_POINT('',(0.02,-0.36,1.196959198424E-16));
#5054=CARTESIAN_POINT('',(0.02,-0.33625,1.196959198424E-16));
#5055=CARTESIAN_POINT('',(0.02,-0.378,1.196959198424E-16));
#5056=CARTESIAN_POINT('',(0.02,-0.33625,-0.0185));
#5057=CARTESIAN_POINT('',(0.02,-0.33625,-0.0155));
#5058=CARTESIAN_POINT('',(0.02,-0.319,-0.03275));
#5059=CARTESIAN_POINT('',(0.02,-0.320414213562373,-0.0313357864376268));
#5060=CARTESIAN_POINT('',(0.02,-0.36,-0.0313357864376268));
#5061=CARTESIAN_POINT('',(0.02,-0.35,-0.0313357864376268));
#5062=CARTESIAN_POINT('',(0.02,-0.35,-0.025));
#5063=CARTESIAN_POINT('',(0.02,-0.35,-0.04725));
#5064=CARTESIAN_POINT('',(0.02,-0.35,-0.04725));
#5065=CARTESIAN_POINT('',(0.02,-0.33625,-0.04725));
#5066=CARTESIAN_POINT('',(0.02,-0.33625,-0.055));
#5067=CARTESIAN_POINT('',(0.02,-0.33625,-0.055));
#5068=CARTESIAN_POINT('',(0.02,-0.36,-0.055));
#5069=CARTESIAN_POINT('',(0.020000000125,-0.364580000125,-0.055));
#5070=CARTESIAN_POINT('',(0.02,-0.364580000125,-0.055));
#5071=CARTESIAN_POINT('',(0.02,-0.366386666708333,-0.055));
#5072=CARTESIAN_POINT('',(0.02,-0.368193333291667,-0.055));
#5073=CARTESIAN_POINT('',(0.02,-0.369999999875,-0.055));
#5074=CARTESIAN_POINT('',(0.0200000001250001,-0.369999999875,-0.055));
#5075=CARTESIAN_POINT('',(0.02,-0.36,-0.055));
#5076=CARTESIAN_POINT('',(0.02,-0.378,-0.055));
#5077=CARTESIAN_POINT('',(0.02,-0.378,-0.025));
#5078=CARTESIAN_POINT('',(0.02,-0.342375,-0.0236806079660839));
#5079=CARTESIAN_POINT('',(0.0199990903647134,-0.34237495059497,-0.0236806936826719));
#5080=CARTESIAN_POINT('',(0.02,-0.3445,-0.0249074772881118));
#5081=CARTESIAN_POINT('',(0.02,-0.3445,-0.02));
#5082=CARTESIAN_POINT('',(0.02,-0.340820372498819,-0.0221273140582199));
#5083=CARTESIAN_POINT('',(0.02,-0.340819392033916,-0.022125));
#5084=CARTESIAN_POINT('',(0.02,-0.339592522711888,-0.02));
#5085=CARTESIAN_POINT('',(0.02,-0.340819392033916,-0.017875));
#5086=CARTESIAN_POINT('',(0.0199996536754136,-0.340819208959623,-0.017874894840127));
#5087=CARTESIAN_POINT('',(0.02,-0.3445,-0.02));
#5088=CARTESIAN_POINT('',(0.0199997037289224,-0.346623699568259,-0.023681444993835));
#5089=CARTESIAN_POINT('',(0.02,-0.346625,-0.0236806079660839));
#5090=CARTESIAN_POINT('',(0.01425,-0.319,-0.04));
#5091=CARTESIAN_POINT('',(0.01425,-0.319,-0.0370857864376269));
#5092=CARTESIAN_POINT('',(0.01425,-0.35,-0.0370857864376269));
#5093=CARTESIAN_POINT('',(0.01425,-0.319,-0.0370857864376269));
#5094=CARTESIAN_POINT('',(0.01425,-0.319,-0.04));
#5095=CARTESIAN_POINT('',(0.01425,-0.319,-0.04725));
#5096=CARTESIAN_POINT('',(0.01425,-0.319,-0.04725));
#5097=CARTESIAN_POINT('',(0.01425,-0.35,-0.04725));
#5098=CARTESIAN_POINT('',(0.01425,-0.35,-0.04));
#5099=CARTESIAN_POINT('',(0.01425,-0.31975,-0.0387009618943234));
#5100=CARTESIAN_POINT('',(0.0142495771403763,-0.324999955104594,-0.0417321289494575));
#5101=CARTESIAN_POINT('',(0.01425,-0.326,-0.0423094010767585));
#5102=CARTESIAN_POINT('',(0.01425,-0.326,-0.04));
#5103=CARTESIAN_POINT('',(0.0142499297317895,-0.327001048846664,-0.0417315963286031));
#5104=CARTESIAN_POINT('',(0.01425,-0.327,-0.0417320508075689));
#5105=CARTESIAN_POINT('',(0.0255,-0.319,-0.04));
#5106=CARTESIAN_POINT('',(0.023375,-0.319003,-0.0436806079660838));
#5107=CARTESIAN_POINT('',(0.023376177202138,-0.319000686895485,-0.0436813655763391));
#5108=CARTESIAN_POINT('',(0.0255,-0.319,-0.04));
#5109=CARTESIAN_POINT('',(0.0291807630889332,-0.319001339435607,-0.0378749111235597));
#5110=CARTESIAN_POINT('',(0.0291806079660838,-0.319003,-0.037875));
#5111=CARTESIAN_POINT('',(0.029179627501186,-0.3485,-0.0378726859417889));
#5112=CARTESIAN_POINT('',(0.0255,-0.3485,-0.04));
#5113=CARTESIAN_POINT('',(0.023376286244685,-0.348500306263337,-0.0436814194816672));
#5114=CARTESIAN_POINT('',(0.023375,-0.319003,-0.0436806079660838));
#5115=CARTESIAN_POINT('',(0.0224896013553018,-0.319,-0.037));
#5116=CARTESIAN_POINT('',(0.0224896013553018,-0.329,-0.037));
#5117=CARTESIAN_POINT('',(0.0224896013553018,-0.323,-0.037));
#5118=CARTESIAN_POINT('',(0.0255,-0.323,-0.04));
#5119=CARTESIAN_POINT('',(0.0224896013553019,-0.323,-0.043));
#5120=CARTESIAN_POINT('',(0.0224896013553019,-0.319,-0.043));
#5121=CARTESIAN_POINT('',(0.0224896013553018,-0.329,-0.043));
#5122=CARTESIAN_POINT('',(0.0255,-0.329,-0.04));
#5123=CARTESIAN_POINT('',(0.072,-0.35575,-0.02));
#5124=CARTESIAN_POINT('',(0.072,-0.35575,-0.02));
#5125=CARTESIAN_POINT('',(0.072,-0.35575,-0.00699264068711929));
#5126=CARTESIAN_POINT('',(0.072,-0.35575,-0.02725));
#5127=CARTESIAN_POINT('',(0.0785036796564404,-0.35575,-0.0134963203435596));
#5128=CARTESIAN_POINT('',(0.0650073593128806,-0.35575,1.21430643318376E-16));
#5129=CARTESIAN_POINT('',(0.072,-0.35575,1.21430643318376E-16));
#5130=CARTESIAN_POINT('',(0.062,-0.35575,1.196959198424E-16));
#5131=CARTESIAN_POINT('',(0.062,-0.35575,-0.02));
#5132=CARTESIAN_POINT('',(0.062,-0.35575,-0.025));
#5133=CARTESIAN_POINT('',(0.062,-0.35575,-0.02));
#5134=CARTESIAN_POINT('',(0.062,-0.35575,-0.02725));
#5135=CARTESIAN_POINT('',(0.072,-0.35575,-0.02725));
#5136=CARTESIAN_POINT('',(0.06975,-0.35575,-0.02389711431703));
#5137=CARTESIAN_POINT('',(0.0659999551045939,-0.355750422859624,-0.0217321289494571));
#5138=CARTESIAN_POINT('',(0.067,-0.35575,-0.0223094010767585));
#5139=CARTESIAN_POINT('',(0.067,-0.35575,-0.02));
#5140=CARTESIAN_POINT('',(0.068001048694093,-0.355750070285775,-0.0217315964138341));
#5141=CARTESIAN_POINT('',(0.068,-0.35575,-0.0217320508075688));
#5142=CARTESIAN_POINT('',(0.072,-0.3445,-0.02));
#5143=CARTESIAN_POINT('',(0.071997,-0.342375,-0.0236806079660839));
#5144=CARTESIAN_POINT('',(0.07199906230571,-0.342374335517472,-0.0236803613965554));
#5145=CARTESIAN_POINT('',(0.072,-0.3445,-0.02));
#5146=CARTESIAN_POINT('',(0.0719986605643935,-0.340819236911067,-0.0221250888764405));
#5147=CARTESIAN_POINT('',(0.071997,-0.340819392033916,-0.022125));
#5148=CARTESIAN_POINT('',(0.071997,-0.342375,-0.0236806079660839));
#5149=CARTESIAN_POINT('',(0.071997,-0.342375,-0.0236806079660839));
#5150=CARTESIAN_POINT('',(0.029752,-0.326,-0.04));
#5151=CARTESIAN_POINT('',(0.016247,-0.325,-0.0417320508075689));
#5152=CARTESIAN_POINT('',(0.0162491302198997,-0.324999199008109,-0.0417317037352083));
#5153=CARTESIAN_POINT('',(0.01625,-0.326,-0.04));
#5154=CARTESIAN_POINT('',(0.016248577969621,-0.327000040841005,-0.0417321220674895));
#5155=CARTESIAN_POINT('',(0.016247,-0.327,-0.0417320508075689));
#5156=CARTESIAN_POINT('',(0.01625,-0.3345,-0.04));
#5157=CARTESIAN_POINT('',(0.01625,-0.329,-0.04));
#5158=CARTESIAN_POINT('',(0.01625,-0.329,-0.037));
#5159=CARTESIAN_POINT('',(0.01625,-0.329,-0.043));
#5160=CARTESIAN_POINT('',(0.01625,-0.326,-0.043));
#5161=CARTESIAN_POINT('',(0.01625,-0.319,-0.043));
#5162=CARTESIAN_POINT('',(0.01625,-0.319,-0.04));
#5163=CARTESIAN_POINT('',(0.01625,-0.319,-0.037));
#5164=CARTESIAN_POINT('',(0.01625,-0.326,-0.037));
#5165=CARTESIAN_POINT('',(0.01625,-0.333375,-0.038051442841485));
#5166=CARTESIAN_POINT('',(0.01625,-0.326,-0.0423094010767585));
#5167=CARTESIAN_POINT('',(0.01625,-0.325,-0.0417320508075689));
#5168=CARTESIAN_POINT('',(0.067,-0.340248,-0.02));
#5169=CARTESIAN_POINT('',(0.066,-0.353753,-0.0217320508075688));
#5170=CARTESIAN_POINT('',(0.0659991990081115,-0.353750869780102,-0.0217317037352089));
#5171=CARTESIAN_POINT('',(0.067,-0.35375,-0.02));
#5172=CARTESIAN_POINT('',(0.0680000408410054,-0.353751422030379,-0.0217321220674893));
#5173=CARTESIAN_POINT('',(0.068,-0.353753,-0.0217320508075688));
#5174=CARTESIAN_POINT('',(0.067,-0.35375,-0.013625));
#5175=CARTESIAN_POINT('',(0.064,-0.35375,-0.02));
#5176=CARTESIAN_POINT('',(0.064,-0.35375,-0.023));
#5177=CARTESIAN_POINT('',(0.064,-0.35375,-0.017));
#5178=CARTESIAN_POINT('',(0.067,-0.35375,-0.017));
#5179=CARTESIAN_POINT('',(0.072,-0.35375,-0.017));
#5180=CARTESIAN_POINT('',(0.072,-0.35375,-0.02));
#5181=CARTESIAN_POINT('',(0.072,-0.35375,-0.023));
#5182=CARTESIAN_POINT('',(0.067,-0.35375,-0.023));
#5183=CARTESIAN_POINT('',(0.0707604559745629,-0.35375,-0.0201383008075688));
#5184=CARTESIAN_POINT('',(0.067,-0.35375,-0.0223094010767585));
#5185=CARTESIAN_POINT('',(0.066,-0.35375,-0.0217320508075689));
#5186=CARTESIAN_POINT('',(0.038125,-0.319,-0.0275));
#5187=CARTESIAN_POINT('',(0.027625,-0.319,-0.0436806079660838));
#5188=CARTESIAN_POINT('',(0.0276250480331387,-0.319001409452924,-0.0436806913028454));
#5189=CARTESIAN_POINT('',(0.0255,-0.319,-0.0449074772881118));
#5190=CARTESIAN_POINT('',(0.0255,-0.319,-0.04));
#5191=CARTESIAN_POINT('',(0.0291797666756055,-0.319000425843871,-0.0421269855829928));
#5192=CARTESIAN_POINT('',(0.0291806079660838,-0.319,-0.042125));
#5193=CARTESIAN_POINT('',(0.0304074772881118,-0.319,-0.04));
#5194=CARTESIAN_POINT('',(0.0291806079660838,-0.319,-0.037875));
#5195=CARTESIAN_POINT('',(0.023375,-0.319,-0.0436806079660839));
#5196=CARTESIAN_POINT('',(0.0309803932188135,-0.319,-0.0203553932188134));
#5197=CARTESIAN_POINT('',(0.0185857864376269,-0.319,-0.03275));
#5198=CARTESIAN_POINT('',(0.0255,-0.319,-0.03275));
#5199=CARTESIAN_POINT('',(0.03375,-0.319,-0.03275));
#5200=CARTESIAN_POINT('',(0.0327334595991804,-0.319,-0.0313123947784607));
#5201=CARTESIAN_POINT('',(0.03675,-0.319,-0.0369926406871193));
#5202=CARTESIAN_POINT('',(0.03675,-0.319,-0.04));
#5203=CARTESIAN_POINT('',(0.03675,-0.319,-0.0415));
#5204=CARTESIAN_POINT('',(0.0444375,-0.319,-0.0338125));
#5205=CARTESIAN_POINT('',(0.031,-0.319,-0.04725));
#5206=CARTESIAN_POINT('',(0.0255,-0.319,-0.04725));
#5207=CARTESIAN_POINT('',(0.029752,-0.319,-0.043));
#5208=CARTESIAN_POINT('',(0.01925,-0.319,-0.043));
#5209=CARTESIAN_POINT('',(0.01925,-0.319,-0.04));
#5210=CARTESIAN_POINT('',(0.01925,-0.319,-0.037));
#5211=CARTESIAN_POINT('',(0.029752,-0.319,-0.037));
#5212=CARTESIAN_POINT('',(0.029752,-0.323,-0.04));
#5213=CARTESIAN_POINT('',(0.01925,-0.323,-0.04));
#5214=CARTESIAN_POINT('',(0.01925,-0.323,-0.043));
#5215=CARTESIAN_POINT('',(0.01925,-0.323,-0.037));
#5216=CARTESIAN_POINT('',(0.029752,-0.323,-0.043));
#5217=CARTESIAN_POINT('',(0.029752,-0.323,-0.037));
#5218=CARTESIAN_POINT('',(0.072,-0.3500000125,-0.02750125));
#5219=CARTESIAN_POINT('',(0.072,-0.346625,-0.0236806079660839));
#5220=CARTESIAN_POINT('',(0.0719985347319414,-0.346625017824619,-0.0236806387196179));
#5221=CARTESIAN_POINT('',(0.072,-0.3445,-0.0249074772881118));
#5222=CARTESIAN_POINT('',(0.072,-0.3445,-0.02));
#5223=CARTESIAN_POINT('',(0.071999574156125,-0.340820233324387,-0.0178730144170214));
#5224=CARTESIAN_POINT('',(0.072,-0.340819392033916,-0.017875));
#5225=CARTESIAN_POINT('',(0.072,-0.339592522711888,-0.02));
#5226=CARTESIAN_POINT('',(0.072,-0.340819392033916,-0.022125));
#5227=CARTESIAN_POINT('',(0.072,-0.342375,-0.0236806079660839));
#5228=CARTESIAN_POINT('',(0.072,-0.3445,-0.00275));
#5229=CARTESIAN_POINT('',(0.072,-0.33325,-0.00275));
#5230=CARTESIAN_POINT('',(0.072,-0.35275,-0.00275));
#5231=CARTESIAN_POINT('',(0.072,-0.363501188645229,-0.0179544767937145));
#5232=CARTESIAN_POINT('',(0.072,-0.3445,-0.02725));
#5233=CARTESIAN_POINT('',(0.072,-0.339,-0.02725));
#5234=CARTESIAN_POINT('',(0.072,-0.34462563125,-0.0328756312500001));
#5235=CARTESIAN_POINT('',(0.072,-0.33325,-0.0215));
#5236=CARTESIAN_POINT('',(0.072,-0.33325,-0.02));
#5237=CARTESIAN_POINT('',(0.072,-0.340248,-0.017));
#5238=CARTESIAN_POINT('',(0.072,-0.35075,-0.017));
#5239=CARTESIAN_POINT('',(0.072,-0.35075,-0.02));
#5240=CARTESIAN_POINT('',(0.072,-0.35075,-0.023));
#5241=CARTESIAN_POINT('',(0.072,-0.340248,-0.023));
#5242=CARTESIAN_POINT('',(0.062,-0.3755,-0.025));
#5243=CARTESIAN_POINT('',(0.062,-0.3445,-0.055));
#5244=CARTESIAN_POINT('',(0.062,-0.35,-0.055));
#5245=CARTESIAN_POINT('',(0.062,-0.33625,-0.055));
#5246=CARTESIAN_POINT('',(0.062,-0.33625,-0.0215));
#5247=CARTESIAN_POINT('',(0.062,-0.33625,-0.0245));
#5248=CARTESIAN_POINT('',(0.062,-0.33325,-0.0215));
#5249=CARTESIAN_POINT('',(0.062,-0.339,-0.02725));
#5250=CARTESIAN_POINT('',(0.062,-0.3445,-0.02725));
#5251=CARTESIAN_POINT('',(0.062,-0.35,-0.02725));
#5252=CARTESIAN_POINT('',(0.062,-0.35,-0.055));
#5253=CARTESIAN_POINT('',(0.072,-0.33325,-0.02));
#5254=CARTESIAN_POINT('',(0.072,-0.33325,-0.0215));
#5255=CARTESIAN_POINT('',(0.059,-0.33325,-0.0215));
#5256=CARTESIAN_POINT('',(0.059,-0.33325,-0.055));
#5257=CARTESIAN_POINT('',(0.059,-0.33325,-0.055));
#5258=CARTESIAN_POINT('',(0.072,-0.33325,-0.055));
#5259=CARTESIAN_POINT('',(0.023,-0.33325,-0.055));
#5260=CARTESIAN_POINT('',(0.023,-0.33325,-0.04725));
#5261=CARTESIAN_POINT('',(0.023,-0.33325,-0.04725));
#5262=CARTESIAN_POINT('',(0.072,-0.33325,-0.04725));
#5263=CARTESIAN_POINT('',(0.031,-0.33325,-0.04725));
#5264=CARTESIAN_POINT('',(0.065125,-0.33325,-0.013125));
#5265=CARTESIAN_POINT('',(0.03675,-0.33325,-0.0415));
#5266=CARTESIAN_POINT('',(0.03675,-0.33325,-0.02));
#5267=CARTESIAN_POINT('',(0.03675,-0.33325,-0.0227426406871193));
#5268=CARTESIAN_POINT('',(0.0472071067811864,-0.33325,-0.037531222920257));
#5269=CARTESIAN_POINT('',(0.03375,-0.33325,-0.0185));
#5270=CARTESIAN_POINT('',(0.0255,-0.33325,-0.0185));
#5271=CARTESIAN_POINT('',(0.023,-0.33325,-0.0185));
#5272=CARTESIAN_POINT('',(0.023,-0.33325,1.196959198424E-16));
#5273=CARTESIAN_POINT('',(0.023,-0.33325,1.196959198424E-16));
#5274=CARTESIAN_POINT('',(-0.13,-0.33325,1.196959198424E-16));
#5275=CARTESIAN_POINT('',(0.06925,-0.33325,1.196959198424E-16));
#5276=CARTESIAN_POINT('',(0.082,-0.33325,-0.01275));
#5277=CARTESIAN_POINT('',(0.019998,-0.36,-0.04725));
#5278=CARTESIAN_POINT('',(0.020003,-0.3615,-0.0498480762113533));
#5279=CARTESIAN_POINT('',(0.0240003877862854,-0.361500070231749,-0.0498481984689294));
#5280=CARTESIAN_POINT('',(0.020003,-0.3585,-0.0498480762113533));
#5281=CARTESIAN_POINT('',(0.0240000138383742,-0.358498367616244,-0.0498473786198013));
#5282=CARTESIAN_POINT('',(0.024,-0.36,-0.04725));
#5283=CARTESIAN_POINT('',(0.019998,-0.36,-0.03275));
#5284=CARTESIAN_POINT('',(0.020003,-0.3615,-0.0353480762113533));
#5285=CARTESIAN_POINT('',(0.0240003877862854,-0.361500070231749,-0.0353481984689294));
#5286=CARTESIAN_POINT('',(0.020003,-0.3585,-0.0353480762113533));
#5287=CARTESIAN_POINT('',(0.0240000138383743,-0.358498367616244,-0.035347378619801));
#5288=CARTESIAN_POINT('',(0.024,-0.36,-0.03275));
#5289=CARTESIAN_POINT('',(0.195,-0.3465,-0.053));
#5290=CARTESIAN_POINT('',(0.195,-0.3465,-0.053));
#5291=CARTESIAN_POINT('',(0.0255,-0.3465,-0.053));
#5292=CARTESIAN_POINT('',(0.0235,-0.3465,-0.053));
#5293=CARTESIAN_POINT('',(0.0235,-0.3465,-0.053));
#5294=CARTESIAN_POINT('',(0.0235,-0.3465,-0.0526));
#5295=CARTESIAN_POINT('',(0.0235,-0.3465,-0.053));
#5296=CARTESIAN_POINT('',(0.0235,-0.3465,-0.0522));
#5297=CARTESIAN_POINT('',(0.195,-0.3465,-0.0522));
#5298=CARTESIAN_POINT('',(0.0255,-0.3465,-0.0522));
#5299=CARTESIAN_POINT('',(0.0255,-0.3465,-0.053));
#5300=CARTESIAN_POINT('',(0.195,-0.3465,-0.053));
#5301=CARTESIAN_POINT('',(0.195,-0.3465,-0.053));
#5302=CARTESIAN_POINT('',(0.0275,-0.3465,-0.053));
#5303=CARTESIAN_POINT('',(0.195,-0.3465,-0.0522));
#5304=CARTESIAN_POINT('',(0.0275,-0.3465,-0.0522));
#5305=CARTESIAN_POINT('',(0.0275,-0.3465,-0.053));
#5306=CARTESIAN_POINT('',(0.0275,-0.3465,-0.0526));
#5307=CARTESIAN_POINT('',(0.0275,-0.3465,-0.053));
#5308=CARTESIAN_POINT('',(0.195,-0.3425,-0.053));
#5309=CARTESIAN_POINT('',(0.195,-0.3425,-0.053));
#5310=CARTESIAN_POINT('',(0.0235,-0.3425,-0.053));
#5311=CARTESIAN_POINT('',(0.0255,-0.3425,-0.053));
#5312=CARTESIAN_POINT('',(0.0255,-0.3425,-0.053));
#5313=CARTESIAN_POINT('',(0.0255,-0.3425,-0.0522));
#5314=CARTESIAN_POINT('',(0.195,-0.3425,-0.0522));
#5315=CARTESIAN_POINT('',(0.0235,-0.3425,-0.0522));
#5316=CARTESIAN_POINT('',(0.0235,-0.3425,-0.053));
#5317=CARTESIAN_POINT('',(0.0235,-0.3425,-0.0526));
#5318=CARTESIAN_POINT('',(0.0235,-0.3425,-0.053));
#5319=CARTESIAN_POINT('',(0.195,-0.3425,-0.053));
#5320=CARTESIAN_POINT('',(0.195,-0.3425,-0.053));
#5321=CARTESIAN_POINT('',(0.0275,-0.3425,-0.053));
#5322=CARTESIAN_POINT('',(0.0275,-0.3425,-0.053));
#5323=CARTESIAN_POINT('',(0.0275,-0.3425,-0.0526));
#5324=CARTESIAN_POINT('',(0.0275,-0.3425,-0.053));
#5325=CARTESIAN_POINT('',(0.0275,-0.3425,-0.0522));
#5326=CARTESIAN_POINT('',(0.195,-0.3425,-0.0522));
#5327=CARTESIAN_POINT('',(0.195,-0.3425,-0.053));
#5328=CARTESIAN_POINT('',(0.195,-0.3425,-0.0522));
#5329=CARTESIAN_POINT('',(0.195,-0.3425,-0.0526));
#5330=CARTESIAN_POINT('',(0.0235,-0.36,-0.053));
#5331=CARTESIAN_POINT('',(0.0235,-0.36,-0.053));
#5332=CARTESIAN_POINT('',(0.0235,-0.3445,-0.053));
#5333=CARTESIAN_POINT('',(0.0235,-0.36,-0.0526));
#5334=CARTESIAN_POINT('',(0.0235,-0.3445,-0.0526));
#5335=CARTESIAN_POINT('',(0.0235,-0.3445,-0.053));
#5336=CARTESIAN_POINT('',(0.0235,-0.36,-0.053));
#5337=CARTESIAN_POINT('',(0.0235,-0.36,-0.053));
#5338=CARTESIAN_POINT('',(0.0235,-0.36,-0.0526));
#5339=CARTESIAN_POINT('',(0.195,-0.3465,-0.053));
#5340=CARTESIAN_POINT('',(0.195,-0.3465,-0.0522));
#5341=CARTESIAN_POINT('',(0.195,-0.3465,-0.0526));
#5342=CARTESIAN_POINT('',(0.0275,-0.36,-0.053));
#5343=CARTESIAN_POINT('',(0.0275,-0.36,-0.053));
#5344=CARTESIAN_POINT('',(0.0275,-0.3445,-0.053));
#5345=CARTESIAN_POINT('',(0.0275,-0.36,-0.0526));
#5346=CARTESIAN_POINT('',(0.0275,-0.3445,-0.0526));
#5347=CARTESIAN_POINT('',(0.0275,-0.3445,-0.053));
#5348=CARTESIAN_POINT('',(0.0275,-0.36,-0.053));
#5349=CARTESIAN_POINT('',(0.0275,-0.36,-0.053));
#5350=CARTESIAN_POINT('',(0.0275,-0.36,-0.0526));
#5351=CARTESIAN_POINT('',(0.195,-0.3425,-0.053));
#5352=CARTESIAN_POINT('',(0.195,-0.3425,-0.0522));
#5353=CARTESIAN_POINT('',(0.195,-0.3425,-0.0526));
#5354=CARTESIAN_POINT('',(0.195,-0.3465,-0.053));
#5355=CARTESIAN_POINT('',(0.195,-0.3465,-0.0522));
#5356=CARTESIAN_POINT('',(0.195,-0.3465,-0.0526));
#5357=CARTESIAN_POINT('',(0.195,-0.36,-0.0522));
#5358=CARTESIAN_POINT('',(0.0235,-0.36,-0.0522));
#5359=CARTESIAN_POINT('',(0.0275,-0.36,-0.0522));
#5360=CARTESIAN_POINT('',(0.195,-0.36,-0.0522));
#5361=CARTESIAN_POINT('',(0.0235,-0.36,-0.0522));
#5362=CARTESIAN_POINT('',(0.0275,-0.36,-0.0522));
#5363=CARTESIAN_POINT('',(0.195,-0.36,-0.053));
#5364=CARTESIAN_POINT('',(0.0255,-0.3445,-0.053));
#5365=CARTESIAN_POINT('',(0.195,-0.36,-0.053));
#5366=CARTESIAN_POINT('',(0.0255,-0.3445,-0.053));
#5367=CARTESIAN_POINT('',(0.195,-0.36,-0.0526));
#5368=CARTESIAN_POINT('',(0.195,-0.36,-0.053));
#5369=CARTESIAN_POINT('',(0.0255,-0.3445,-0.053));
#5370=CARTESIAN_POINT('',(0.195,-0.36,-0.0526));
#5371=CARTESIAN_POINT('',(0.195,-0.36,-0.0522));
#5372=CARTESIAN_POINT('',(0.195,-0.36,-0.053));
#5373=CARTESIAN_POINT('',(0.0255,-0.3445,-0.053));
#5374=CARTESIAN_POINT('',(0.195,-0.36,-0.0522));
#5375=CARTESIAN_POINT('',(0.195,-0.36,-0.0522));
#5376=CARTESIAN_POINT('',(0.195,-0.3465,-0.053));
#5377=CARTESIAN_POINT('',(0.195,-0.3465,-0.053));
#5378=CARTESIAN_POINT('',(0.0565,-0.3465,-0.053));
#5379=CARTESIAN_POINT('',(0.0545,-0.3465,-0.053));
#5380=CARTESIAN_POINT('',(0.0545,-0.3465,-0.053));
#5381=CARTESIAN_POINT('',(0.0545,-0.3465,-0.0526));
#5382=CARTESIAN_POINT('',(0.0545,-0.3465,-0.053));
#5383=CARTESIAN_POINT('',(0.0545,-0.3465,-0.0522));
#5384=CARTESIAN_POINT('',(0.195,-0.3465,-0.0522));
#5385=CARTESIAN_POINT('',(0.0565,-0.3465,-0.0522));
#5386=CARTESIAN_POINT('',(0.0565,-0.3465,-0.053));
#5387=CARTESIAN_POINT('',(0.195,-0.3465,-0.053));
#5388=CARTESIAN_POINT('',(0.195,-0.3465,-0.053));
#5389=CARTESIAN_POINT('',(0.0585,-0.3465,-0.053));
#5390=CARTESIAN_POINT('',(0.195,-0.3465,-0.0522));
#5391=CARTESIAN_POINT('',(0.0585,-0.3465,-0.0522));
#5392=CARTESIAN_POINT('',(0.0585,-0.3465,-0.053));
#5393=CARTESIAN_POINT('',(0.0585,-0.3465,-0.0526));
#5394=CARTESIAN_POINT('',(0.0585,-0.3465,-0.053));
#5395=CARTESIAN_POINT('',(0.195,-0.3425,-0.053));
#5396=CARTESIAN_POINT('',(0.195,-0.3425,-0.053));
#5397=CARTESIAN_POINT('',(0.0545,-0.3425,-0.053));
#5398=CARTESIAN_POINT('',(0.0565,-0.3425,-0.053));
#5399=CARTESIAN_POINT('',(0.0565,-0.3425,-0.053));
#5400=CARTESIAN_POINT('',(0.0565,-0.3425,-0.0522));
#5401=CARTESIAN_POINT('',(0.195,-0.3425,-0.0522));
#5402=CARTESIAN_POINT('',(0.0545,-0.3425,-0.0522));
#5403=CARTESIAN_POINT('',(0.0545,-0.3425,-0.053));
#5404=CARTESIAN_POINT('',(0.0545,-0.3425,-0.0526));
#5405=CARTESIAN_POINT('',(0.0545,-0.3425,-0.053));
#5406=CARTESIAN_POINT('',(0.195,-0.3425,-0.053));
#5407=CARTESIAN_POINT('',(0.195,-0.3425,-0.053));
#5408=CARTESIAN_POINT('',(0.0585,-0.3425,-0.053));
#5409=CARTESIAN_POINT('',(0.0585,-0.3425,-0.053));
#5410=CARTESIAN_POINT('',(0.0585,-0.3425,-0.0526));
#5411=CARTESIAN_POINT('',(0.0585,-0.3425,-0.053));
#5412=CARTESIAN_POINT('',(0.0585,-0.3425,-0.0522));
#5413=CARTESIAN_POINT('',(0.195,-0.3425,-0.0522));
#5414=CARTESIAN_POINT('',(0.195,-0.3425,-0.053));
#5415=CARTESIAN_POINT('',(0.195,-0.3425,-0.0522));
#5416=CARTESIAN_POINT('',(0.195,-0.3425,-0.0526));
#5417=CARTESIAN_POINT('',(0.0545,-0.36,-0.053));
#5418=CARTESIAN_POINT('',(0.0545,-0.36,-0.053));
#5419=CARTESIAN_POINT('',(0.0545,-0.3445,-0.053));
#5420=CARTESIAN_POINT('',(0.0545,-0.36,-0.0526));
#5421=CARTESIAN_POINT('',(0.0545,-0.3445,-0.0526));
#5422=CARTESIAN_POINT('',(0.0545,-0.3445,-0.053));
#5423=CARTESIAN_POINT('',(0.0545,-0.36,-0.053));
#5424=CARTESIAN_POINT('',(0.0545,-0.36,-0.053));
#5425=CARTESIAN_POINT('',(0.0545,-0.36,-0.0526));
#5426=CARTESIAN_POINT('',(0.195,-0.3465,-0.053));
#5427=CARTESIAN_POINT('',(0.195,-0.3465,-0.0522));
#5428=CARTESIAN_POINT('',(0.195,-0.3465,-0.0526));
#5429=CARTESIAN_POINT('',(0.0585,-0.36,-0.053));
#5430=CARTESIAN_POINT('',(0.0585,-0.36,-0.053));
#5431=CARTESIAN_POINT('',(0.0585,-0.3445,-0.053));
#5432=CARTESIAN_POINT('',(0.0585,-0.36,-0.0526));
#5433=CARTESIAN_POINT('',(0.0585,-0.3445,-0.0526));
#5434=CARTESIAN_POINT('',(0.0585,-0.3445,-0.053));
#5435=CARTESIAN_POINT('',(0.0585,-0.36,-0.053));
#5436=CARTESIAN_POINT('',(0.0585,-0.36,-0.053));
#5437=CARTESIAN_POINT('',(0.0585,-0.36,-0.0526));
#5438=CARTESIAN_POINT('',(0.195,-0.3425,-0.053));
#5439=CARTESIAN_POINT('',(0.195,-0.3425,-0.0522));
#5440=CARTESIAN_POINT('',(0.195,-0.3425,-0.0526));
#5441=CARTESIAN_POINT('',(0.195,-0.3465,-0.053));
#5442=CARTESIAN_POINT('',(0.195,-0.3465,-0.0522));
#5443=CARTESIAN_POINT('',(0.195,-0.3465,-0.0526));
#5444=CARTESIAN_POINT('',(0.195,-0.36,-0.0522));
#5445=CARTESIAN_POINT('',(0.0545,-0.36,-0.0522));
#5446=CARTESIAN_POINT('',(0.0585,-0.36,-0.0522));
#5447=CARTESIAN_POINT('',(0.195,-0.36,-0.0522));
#5448=CARTESIAN_POINT('',(0.0545,-0.36,-0.0522));
#5449=CARTESIAN_POINT('',(0.0585,-0.36,-0.0522));
#5450=CARTESIAN_POINT('',(0.195,-0.36,-0.053));
#5451=CARTESIAN_POINT('',(0.0565,-0.3445,-0.053));
#5452=CARTESIAN_POINT('',(0.195,-0.36,-0.053));
#5453=CARTESIAN_POINT('',(0.0565,-0.3445,-0.053));
#5454=CARTESIAN_POINT('',(0.195,-0.36,-0.0526));
#5455=CARTESIAN_POINT('',(0.195,-0.36,-0.053));
#5456=CARTESIAN_POINT('',(0.0565,-0.3445,-0.053));
#5457=CARTESIAN_POINT('',(0.195,-0.36,-0.0526));
#5458=CARTESIAN_POINT('',(0.195,-0.36,-0.0522));
#5459=CARTESIAN_POINT('',(0.195,-0.36,-0.053));
#5460=CARTESIAN_POINT('',(0.0565,-0.3445,-0.053));
#5461=CARTESIAN_POINT('',(0.195,-0.36,-0.0522));
#5462=CARTESIAN_POINT('',(0.195,-0.36,-0.0522));
#5463=CARTESIAN_POINT('',(0.195,-0.3775,-0.053));
#5464=CARTESIAN_POINT('',(0.195,-0.3775,-0.053));
#5465=CARTESIAN_POINT('',(0.0565,-0.3775,-0.053));
#5466=CARTESIAN_POINT('',(0.0545,-0.3775,-0.053));
#5467=CARTESIAN_POINT('',(0.0545,-0.3775,-0.053));
#5468=CARTESIAN_POINT('',(0.0545,-0.3775,-0.0526));
#5469=CARTESIAN_POINT('',(0.0545,-0.3775,-0.053));
#5470=CARTESIAN_POINT('',(0.0545,-0.3775,-0.0522));
#5471=CARTESIAN_POINT('',(0.195,-0.3775,-0.0522));
#5472=CARTESIAN_POINT('',(0.0565,-0.3775,-0.0522));
#5473=CARTESIAN_POINT('',(0.0565,-0.3775,-0.053));
#5474=CARTESIAN_POINT('',(0.195,-0.3775,-0.053));
#5475=CARTESIAN_POINT('',(0.195,-0.3775,-0.053));
#5476=CARTESIAN_POINT('',(0.0585,-0.3775,-0.053));
#5477=CARTESIAN_POINT('',(0.195,-0.3775,-0.0522));
#5478=CARTESIAN_POINT('',(0.0585,-0.3775,-0.0522));
#5479=CARTESIAN_POINT('',(0.0585,-0.3775,-0.053));
#5480=CARTESIAN_POINT('',(0.0585,-0.3775,-0.0526));
#5481=CARTESIAN_POINT('',(0.0585,-0.3775,-0.053));
#5482=CARTESIAN_POINT('',(0.195,-0.3735,-0.053));
#5483=CARTESIAN_POINT('',(0.195,-0.3735,-0.053));
#5484=CARTESIAN_POINT('',(0.0545,-0.3735,-0.053));
#5485=CARTESIAN_POINT('',(0.0565,-0.3735,-0.053));
#5486=CARTESIAN_POINT('',(0.0565,-0.3735,-0.053));
#5487=CARTESIAN_POINT('',(0.0565,-0.3735,-0.0522));
#5488=CARTESIAN_POINT('',(0.195,-0.3735,-0.0522));
#5489=CARTESIAN_POINT('',(0.0545,-0.3735,-0.0522));
#5490=CARTESIAN_POINT('',(0.0545,-0.3735,-0.053));
#5491=CARTESIAN_POINT('',(0.0545,-0.3735,-0.0526));
#5492=CARTESIAN_POINT('',(0.0545,-0.3735,-0.053));
#5493=CARTESIAN_POINT('',(0.195,-0.3735,-0.053));
#5494=CARTESIAN_POINT('',(0.195,-0.3735,-0.053));
#5495=CARTESIAN_POINT('',(0.0585,-0.3735,-0.053));
#5496=CARTESIAN_POINT('',(0.0585,-0.3735,-0.053));
#5497=CARTESIAN_POINT('',(0.0585,-0.3735,-0.0526));
#5498=CARTESIAN_POINT('',(0.0585,-0.3735,-0.053));
#5499=CARTESIAN_POINT('',(0.0585,-0.3735,-0.0522));
#5500=CARTESIAN_POINT('',(0.195,-0.3735,-0.0522));
#5501=CARTESIAN_POINT('',(0.195,-0.3735,-0.053));
#5502=CARTESIAN_POINT('',(0.195,-0.3735,-0.0522));
#5503=CARTESIAN_POINT('',(0.0536277186767311,-0.3735,-0.0522));
#5504=CARTESIAN_POINT('',(0.0536277186767311,-0.3735,-0.025));
#5505=CARTESIAN_POINT('',(0.0536277186767311,-0.3735,-0.0526));
#5506=CARTESIAN_POINT('',(0.195,-0.3735,-0.0526));
#5507=CARTESIAN_POINT('',(0.0545,-0.36,-0.053));
#5508=CARTESIAN_POINT('',(0.0545,-0.36,-0.053));
#5509=CARTESIAN_POINT('',(0.0545,-0.3755,-0.053));
#5510=CARTESIAN_POINT('',(0.0545,-0.36,-0.0526));
#5511=CARTESIAN_POINT('',(0.0545,-0.3755,-0.0526));
#5512=CARTESIAN_POINT('',(0.0545,-0.3755,-0.053));
#5513=CARTESIAN_POINT('',(0.0545,-0.36,-0.053));
#5514=CARTESIAN_POINT('',(0.0545,-0.36,-0.053));
#5515=CARTESIAN_POINT('',(0.0545,-0.36,-0.0526));
#5516=CARTESIAN_POINT('',(0.195,-0.3775,-0.053));
#5517=CARTESIAN_POINT('',(0.195,-0.3775,-0.0522));
#5518=CARTESIAN_POINT('',(0.0536277186767311,-0.3775,-0.0522));
#5519=CARTESIAN_POINT('',(0.195,-0.3775,-0.0526));
#5520=CARTESIAN_POINT('',(0.0536277186767311,-0.3775,-0.0526));
#5521=CARTESIAN_POINT('',(0.0536277186767311,-0.3775,-0.025));
#5522=CARTESIAN_POINT('',(0.0585,-0.36,-0.053));
#5523=CARTESIAN_POINT('',(0.0585,-0.36,-0.053));
#5524=CARTESIAN_POINT('',(0.0585,-0.3755,-0.053));
#5525=CARTESIAN_POINT('',(0.0585,-0.36,-0.0526));
#5526=CARTESIAN_POINT('',(0.0585,-0.3755,-0.0526));
#5527=CARTESIAN_POINT('',(0.0585,-0.3755,-0.053));
#5528=CARTESIAN_POINT('',(0.0585,-0.36,-0.053));
#5529=CARTESIAN_POINT('',(0.0585,-0.36,-0.053));
#5530=CARTESIAN_POINT('',(0.0585,-0.36,-0.0526));
#5531=CARTESIAN_POINT('',(0.195,-0.3735,-0.053));
#5532=CARTESIAN_POINT('',(0.195,-0.3735,-0.0522));
#5533=CARTESIAN_POINT('',(0.0593722813232691,-0.3735,-0.0522));
#5534=CARTESIAN_POINT('',(0.195,-0.3735,-0.0526));
#5535=CARTESIAN_POINT('',(0.0593722813232691,-0.3735,-0.0526));
#5536=CARTESIAN_POINT('',(0.0593722813232691,-0.3735,-0.025));
#5537=CARTESIAN_POINT('',(0.195,-0.3775,-0.053));
#5538=CARTESIAN_POINT('',(0.195,-0.3775,-0.0522));
#5539=CARTESIAN_POINT('',(0.0593722813232691,-0.3775,-0.0522));
#5540=CARTESIAN_POINT('',(0.0593722813232691,-0.3775,-0.025));
#5541=CARTESIAN_POINT('',(0.0593722813232691,-0.3775,-0.0526));
#5542=CARTESIAN_POINT('',(0.195,-0.3775,-0.0526));
#5543=CARTESIAN_POINT('',(0.195,-0.36,-0.0522));
#5544=CARTESIAN_POINT('',(0.0545,-0.36,-0.0522));
#5545=CARTESIAN_POINT('',(0.0545,-0.378372281323269,-0.0522));
#5546=CARTESIAN_POINT('',(0.0565,-0.3755,-0.0522));
#5547=CARTESIAN_POINT('',(0.0585,-0.378372281323269,-0.0522));
#5548=CARTESIAN_POINT('',(0.0585,-0.36,-0.0522));
#5549=CARTESIAN_POINT('',(0.195,-0.36,-0.0522));
#5550=CARTESIAN_POINT('',(0.0545,-0.36,-0.0522));
#5551=CARTESIAN_POINT('',(0.0545,-0.372627718676731,-0.0522));
#5552=CARTESIAN_POINT('',(0.0585,-0.36,-0.0522));
#5553=CARTESIAN_POINT('',(0.0585,-0.372627718676731,-0.0522));
#5554=CARTESIAN_POINT('',(0.0565,-0.3755,-0.0522));
#5555=CARTESIAN_POINT('',(0.195,-0.36,-0.053));
#5556=CARTESIAN_POINT('',(0.0565,-0.3755,-0.053));
#5557=CARTESIAN_POINT('',(0.195,-0.36,-0.053));
#5558=CARTESIAN_POINT('',(0.0565,-0.3755,-0.053));
#5559=CARTESIAN_POINT('',(0.195,-0.36,-0.0526));
#5560=CARTESIAN_POINT('',(0.0565,-0.3755,-0.0526));
#5561=CARTESIAN_POINT('',(0.195,-0.36,-0.053));
#5562=CARTESIAN_POINT('',(0.0565,-0.3755,-0.053));
#5563=CARTESIAN_POINT('',(0.195,-0.36,-0.0526));
#5564=CARTESIAN_POINT('',(0.0565,-0.3755,-0.0526));
#5565=CARTESIAN_POINT('',(0.195,-0.36,-0.0522));
#5566=CARTESIAN_POINT('',(0.0565,-0.3755,-0.0522));
#5567=CARTESIAN_POINT('',(0.195,-0.36,-0.053));
#5568=CARTESIAN_POINT('',(0.0565,-0.3755,-0.053));
#5569=CARTESIAN_POINT('',(0.195,-0.36,-0.0522));
#5570=CARTESIAN_POINT('',(0.0565,-0.3755,-0.0522));
#5571=CARTESIAN_POINT('',(0.195,-0.36,-0.0522));
#5572=CARTESIAN_POINT('',(0.0565,-0.3755,-0.0522));
#5573=CARTESIAN_POINT('',(0.195,-0.3775,-0.053));
#5574=CARTESIAN_POINT('',(0.195,-0.3775,-0.053));
#5575=CARTESIAN_POINT('',(0.0255,-0.3775,-0.053));
#5576=CARTESIAN_POINT('',(0.0235,-0.3775,-0.053));
#5577=CARTESIAN_POINT('',(0.0235,-0.3775,-0.053));
#5578=CARTESIAN_POINT('',(0.0235,-0.3775,-0.0526));
#5579=CARTESIAN_POINT('',(0.0235,-0.3775,-0.053));
#5580=CARTESIAN_POINT('',(0.0235,-0.3775,-0.0522));
#5581=CARTESIAN_POINT('',(0.195,-0.3775,-0.0522));
#5582=CARTESIAN_POINT('',(0.0255,-0.3775,-0.0522));
#5583=CARTESIAN_POINT('',(0.0255,-0.3775,-0.053));
#5584=CARTESIAN_POINT('',(0.195,-0.3775,-0.053));
#5585=CARTESIAN_POINT('',(0.195,-0.3775,-0.053));
#5586=CARTESIAN_POINT('',(0.0275,-0.3775,-0.053));
#5587=CARTESIAN_POINT('',(0.195,-0.3775,-0.0522));
#5588=CARTESIAN_POINT('',(0.0275,-0.3775,-0.0522));
#5589=CARTESIAN_POINT('',(0.0275,-0.3775,-0.053));
#5590=CARTESIAN_POINT('',(0.0275,-0.3775,-0.0526));
#5591=CARTESIAN_POINT('',(0.0275,-0.3775,-0.053));
#5592=CARTESIAN_POINT('',(0.195,-0.3735,-0.053));
#5593=CARTESIAN_POINT('',(0.195,-0.3735,-0.053));
#5594=CARTESIAN_POINT('',(0.0235,-0.3735,-0.053));
#5595=CARTESIAN_POINT('',(0.0255,-0.3735,-0.053));
#5596=CARTESIAN_POINT('',(0.0255,-0.3735,-0.053));
#5597=CARTESIAN_POINT('',(0.0255,-0.3735,-0.0522));
#5598=CARTESIAN_POINT('',(0.195,-0.3735,-0.0522));
#5599=CARTESIAN_POINT('',(0.0235,-0.3735,-0.0522));
#5600=CARTESIAN_POINT('',(0.0235,-0.3735,-0.053));
#5601=CARTESIAN_POINT('',(0.0235,-0.3735,-0.0526));
#5602=CARTESIAN_POINT('',(0.0235,-0.3735,-0.053));
#5603=CARTESIAN_POINT('',(0.195,-0.3735,-0.053));
#5604=CARTESIAN_POINT('',(0.195,-0.3735,-0.053));
#5605=CARTESIAN_POINT('',(0.0275,-0.3735,-0.053));
#5606=CARTESIAN_POINT('',(0.0275,-0.3735,-0.053));
#5607=CARTESIAN_POINT('',(0.0275,-0.3735,-0.0526));
#5608=CARTESIAN_POINT('',(0.0275,-0.3735,-0.053));
#5609=CARTESIAN_POINT('',(0.0275,-0.3735,-0.0522));
#5610=CARTESIAN_POINT('',(0.195,-0.3735,-0.0522));
#5611=CARTESIAN_POINT('',(0.195,-0.3735,-0.053));
#5612=CARTESIAN_POINT('',(0.195,-0.3735,-0.0522));
#5613=CARTESIAN_POINT('',(0.0226277186767311,-0.3735,-0.0522));
#5614=CARTESIAN_POINT('',(0.0226277186767311,-0.3735,-0.025));
#5615=CARTESIAN_POINT('',(0.0226277186767311,-0.3735,-0.0526));
#5616=CARTESIAN_POINT('',(0.195,-0.3735,-0.0526));
#5617=CARTESIAN_POINT('',(0.0235,-0.36,-0.053));
#5618=CARTESIAN_POINT('',(0.0235,-0.36,-0.053));
#5619=CARTESIAN_POINT('',(0.0235,-0.3755,-0.053));
#5620=CARTESIAN_POINT('',(0.0235,-0.36,-0.0526));
#5621=CARTESIAN_POINT('',(0.0235,-0.3755,-0.0526));
#5622=CARTESIAN_POINT('',(0.0235,-0.3755,-0.053));
#5623=CARTESIAN_POINT('',(0.0235,-0.36,-0.053));
#5624=CARTESIAN_POINT('',(0.0235,-0.36,-0.053));
#5625=CARTESIAN_POINT('',(0.0235,-0.36,-0.0526));
#5626=CARTESIAN_POINT('',(0.195,-0.3775,-0.053));
#5627=CARTESIAN_POINT('',(0.195,-0.3775,-0.0522));
#5628=CARTESIAN_POINT('',(0.0226277186767311,-0.3775,-0.0522));
#5629=CARTESIAN_POINT('',(0.195,-0.3775,-0.0526));
#5630=CARTESIAN_POINT('',(0.0226277186767311,-0.3775,-0.0526));
#5631=CARTESIAN_POINT('',(0.0226277186767311,-0.3775,-0.025));
#5632=CARTESIAN_POINT('',(0.0275,-0.36,-0.053));
#5633=CARTESIAN_POINT('',(0.0275,-0.36,-0.053));
#5634=CARTESIAN_POINT('',(0.0275,-0.3755,-0.053));
#5635=CARTESIAN_POINT('',(0.0275,-0.36,-0.0526));
#5636=CARTESIAN_POINT('',(0.0275,-0.3755,-0.0526));
#5637=CARTESIAN_POINT('',(0.0275,-0.3755,-0.053));
#5638=CARTESIAN_POINT('',(0.0275,-0.36,-0.053));
#5639=CARTESIAN_POINT('',(0.0275,-0.36,-0.053));
#5640=CARTESIAN_POINT('',(0.0275,-0.36,-0.0526));
#5641=CARTESIAN_POINT('',(0.195,-0.3735,-0.053));
#5642=CARTESIAN_POINT('',(0.195,-0.3735,-0.0522));
#5643=CARTESIAN_POINT('',(0.0283722813232692,-0.3735,-0.0522));
#5644=CARTESIAN_POINT('',(0.195,-0.3735,-0.0526));
#5645=CARTESIAN_POINT('',(0.0283722813232692,-0.3735,-0.0526));
#5646=CARTESIAN_POINT('',(0.0283722813232692,-0.3735,-0.025));
#5647=CARTESIAN_POINT('',(0.195,-0.3775,-0.053));
#5648=CARTESIAN_POINT('',(0.195,-0.3775,-0.0522));
#5649=CARTESIAN_POINT('',(0.0283722813232692,-0.3775,-0.0522));
#5650=CARTESIAN_POINT('',(0.0283722813232692,-0.3775,-0.025));
#5651=CARTESIAN_POINT('',(0.0283722813232692,-0.3775,-0.0526));
#5652=CARTESIAN_POINT('',(0.195,-0.3775,-0.0526));
#5653=CARTESIAN_POINT('',(0.195,-0.36,-0.0522));
#5654=CARTESIAN_POINT('',(0.0235,-0.36,-0.0522));
#5655=CARTESIAN_POINT('',(0.0235,-0.378372281323269,-0.0522));
#5656=CARTESIAN_POINT('',(0.0255,-0.3755,-0.0522));
#5657=CARTESIAN_POINT('',(0.0275,-0.378372281323269,-0.0522));
#5658=CARTESIAN_POINT('',(0.0275,-0.36,-0.0522));
#5659=CARTESIAN_POINT('',(0.195,-0.36,-0.0522));
#5660=CARTESIAN_POINT('',(0.0235,-0.36,-0.0522));
#5661=CARTESIAN_POINT('',(0.0235,-0.372627718676731,-0.0522));
#5662=CARTESIAN_POINT('',(0.0275,-0.36,-0.0522));
#5663=CARTESIAN_POINT('',(0.0275,-0.372627718676731,-0.0522));
#5664=CARTESIAN_POINT('',(0.0255,-0.3755,-0.0522));
#5665=CARTESIAN_POINT('',(0.195,-0.36,-0.053));
#5666=CARTESIAN_POINT('',(0.0255,-0.3755,-0.053));
#5667=CARTESIAN_POINT('',(0.195,-0.36,-0.053));
#5668=CARTESIAN_POINT('',(0.0255,-0.3755,-0.053));
#5669=CARTESIAN_POINT('',(0.195,-0.36,-0.0526));
#5670=CARTESIAN_POINT('',(0.0255,-0.3755,-0.0526));
#5671=CARTESIAN_POINT('',(0.195,-0.36,-0.053));
#5672=CARTESIAN_POINT('',(0.0255,-0.3755,-0.053));
#5673=CARTESIAN_POINT('',(0.195,-0.36,-0.0526));
#5674=CARTESIAN_POINT('',(0.0255,-0.3755,-0.0526));
#5675=CARTESIAN_POINT('',(0.195,-0.36,-0.0522));
#5676=CARTESIAN_POINT('',(0.0255,-0.3755,-0.0522));
#5677=CARTESIAN_POINT('',(0.195,-0.36,-0.053));
#5678=CARTESIAN_POINT('',(0.0255,-0.3755,-0.053));
#5679=CARTESIAN_POINT('',(0.195,-0.36,-0.0522));
#5680=CARTESIAN_POINT('',(0.0255,-0.3755,-0.0522));
#5681=CARTESIAN_POINT('',(0.195,-0.36,-0.0522));
#5682=CARTESIAN_POINT('',(0.0255,-0.3755,-0.0522));
#5683=CARTESIAN_POINT('',(0.0255,-0.3445,-0.025));
#5684=CARTESIAN_POINT('',(0.0262361825989533,-0.341053210927917,-0.0175094391163418));
#5685=CARTESIAN_POINT('',(0.0252497219295081,-0.340946878153436,-0.017669245696742));
#5686=CARTESIAN_POINT('',(0.0240715896396608,-0.341212041979494,-0.0172659027938897));
#5687=CARTESIAN_POINT('',(0.0230087512760743,-0.341933413400633,-0.0165488404894545));
#5688=CARTESIAN_POINT('',(0.022216732773847,-0.343034474696889,-0.0159315832095069));
#5689=CARTESIAN_POINT('',(0.0218932174523568,-0.344492765454787,-0.0156606372204237));
#5690=CARTESIAN_POINT('',(0.0222104424138838,-0.345950990749917,-0.0159259049652684));
#5691=CARTESIAN_POINT('',(0.0229998240774654,-0.34706105234766,-0.0165443025285252));
#5692=CARTESIAN_POINT('',(0.0238947808330918,-0.347664858077123,-0.017141847141356));
#5693=CARTESIAN_POINT('',(0.0247641203626918,-0.347946707734088,-0.0175093101509199));
#5694=CARTESIAN_POINT('',(0.0257462886348872,-0.348053043591953,-0.0176691977513629));
#5695=CARTESIAN_POINT('',(0.0269278665418497,-0.347789057379317,-0.0172669622564196));
#5696=CARTESIAN_POINT('',(0.0279929651348007,-0.347064687293579,-0.0165474095231423));
#5697=CARTESIAN_POINT('',(0.0287815859593986,-0.345967487229982,-0.0159329422909301));
#5698=CARTESIAN_POINT('',(0.0291073725015504,-0.344511352153726,-0.0156601629576277));
#5699=CARTESIAN_POINT('',(0.028788839950853,-0.343046530596121,-0.0159264751237883));
#5700=CARTESIAN_POINT('',(0.0280001286659755,-0.34193938088488,-0.0165443576221802));
#5701=CARTESIAN_POINT('',(0.0271054129080958,-0.341335291428915,-0.0171415925866656));
#5702=CARTESIAN_POINT('',(0.0262361825989533,-0.341053210927917,-0.0175094391163418));
#5703=CARTESIAN_POINT('',(0.0252497219295081,-0.340946878153436,-0.017669245696742));
#5704=CARTESIAN_POINT('',(0.0240715896396608,-0.341212041979494,-0.0172659027938897));
#5705=CARTESIAN_POINT('',(0.0255,-0.341,-0.0175890873097518));
#5706=CARTESIAN_POINT('',(0.0255,-0.3445,1.196959198424E-16));
#5707=CARTESIAN_POINT('',(0.029,-0.3445,1.196959198424E-16));
#5708=CARTESIAN_POINT('',(0.0255,-0.3755,-0.025));
#5709=CARTESIAN_POINT('',(0.0255,-0.3755,-0.0522));
#5710=CARTESIAN_POINT('',(0.0255,-0.3755,1.196959198424E-16));
#5711=CARTESIAN_POINT('',(0.029,-0.3755,1.196959198424E-16));
#5712=CARTESIAN_POINT('',(0.0565,-0.3755,-0.025));
#5713=CARTESIAN_POINT('',(0.0565,-0.3755,-0.0522));
#5714=CARTESIAN_POINT('',(0.0565,-0.3755,1.196959198424E-16));
#5715=CARTESIAN_POINT('',(0.06,-0.3755,1.196959198424E-16));
#5716=CARTESIAN_POINT('',(0.0565,-0.3445,-0.025));
#5717=CARTESIAN_POINT('',(0.0572361825989533,-0.341053210927917,-0.0175094391163418));
#5718=CARTESIAN_POINT('',(0.0562497219295081,-0.340946878153436,-0.017669245696742));
#5719=CARTESIAN_POINT('',(0.0550715896396609,-0.341212041979494,-0.0172659027938897));
#5720=CARTESIAN_POINT('',(0.0540087512760743,-0.341933413400633,-0.0165488404894544));
#5721=CARTESIAN_POINT('',(0.053216732773847,-0.343034474696889,-0.015931583209507));
#5722=CARTESIAN_POINT('',(0.0528932174523567,-0.344492765454787,-0.0156606372204237));
#5723=CARTESIAN_POINT('',(0.0532104424138838,-0.345950990749917,-0.0159259049652685));
#5724=CARTESIAN_POINT('',(0.0539998240774654,-0.34706105234766,-0.0165443025285252));
#5725=CARTESIAN_POINT('',(0.0548947808330919,-0.347664858077123,-0.017141847141356));
#5726=CARTESIAN_POINT('',(0.0557641203626918,-0.347946707734087,-0.0175093101509199));
#5727=CARTESIAN_POINT('',(0.0567462886348873,-0.348053043591953,-0.0176691977513629));
#5728=CARTESIAN_POINT('',(0.0579278665418498,-0.347789057379317,-0.0172669622564195));
#5729=CARTESIAN_POINT('',(0.0589929651348007,-0.347064687293579,-0.0165474095231423));
#5730=CARTESIAN_POINT('',(0.0597815859593987,-0.345967487229982,-0.01593294229093));
#5731=CARTESIAN_POINT('',(0.0601073725015504,-0.344511352153726,-0.0156601629576277));
#5732=CARTESIAN_POINT('',(0.059788839950853,-0.343046530596121,-0.0159264751237883));
#5733=CARTESIAN_POINT('',(0.0590001286659754,-0.34193938088488,-0.0165443576221802));
#5734=CARTESIAN_POINT('',(0.0581054129080958,-0.341335291428915,-0.0171415925866656));
#5735=CARTESIAN_POINT('',(0.0572361825989533,-0.341053210927917,-0.0175094391163418));
#5736=CARTESIAN_POINT('',(0.0562497219295081,-0.340946878153436,-0.017669245696742));
#5737=CARTESIAN_POINT('',(0.0550715896396609,-0.341212041979494,-0.0172659027938897));
#5738=CARTESIAN_POINT('',(0.0565,-0.341,-0.0175890873097518));
#5739=CARTESIAN_POINT('',(0.0565,-0.3445,1.196959198424E-16));
#5740=CARTESIAN_POINT('',(0.06,-0.3445,1.196959198424E-16));
#5741=CARTESIAN_POINT('',(0.041,-0.381,-0.025));
#5742=CARTESIAN_POINT('',(0.043,-0.381,-0.017));
#5743=CARTESIAN_POINT('',(0.0385,-0.381,-0.0215));
#5744=CARTESIAN_POINT('',(0.0475,-0.381,-0.0125));
#5745=CARTESIAN_POINT('',(0.0365,-0.381,-0.0195));
#5746=CARTESIAN_POINT('',(0.0345,-0.381,-0.0175));
#5747=CARTESIAN_POINT('',(0.04,-0.381,-0.015));
#5748=CARTESIAN_POINT('',(0.0455,-0.381,-0.0125));
#5749=CARTESIAN_POINT('',(0.04,-0.381,-0.01));
#5750=CARTESIAN_POINT('',(0.0345,-0.381,-0.0075));
#5751=CARTESIAN_POINT('',(0.0365,-0.381,-0.0055));
#5752=CARTESIAN_POINT('',(0.0385,-0.381,-0.0035));
#5753=CARTESIAN_POINT('',(0.043,-0.381,-0.008));
#5754=CARTESIAN_POINT('',(0.0565,-0.381,-0.055));
#5755=CARTESIAN_POINT('',(0.051,-0.381,-0.055));
#5756=CARTESIAN_POINT('',(0.059,-0.381,-0.055));
#5757=CARTESIAN_POINT('',(0.059,-0.381,-0.025));
#5758=CARTESIAN_POINT('',(0.059,-0.381,1.196959198424E-16));
#5759=CARTESIAN_POINT('',(0.041,-0.381,1.196959198424E-16));
#5760=CARTESIAN_POINT('',(0.023,-0.381,1.196959198424E-16));
#5761=CARTESIAN_POINT('',(0.023,-0.381,-0.025));
#5762=CARTESIAN_POINT('',(0.023,-0.381,-0.055));
#5763=CARTESIAN_POINT('',(0.0255,-0.381,-0.055));
#5764=CARTESIAN_POINT('',(0.031,-0.381,-0.055));
#5765=CARTESIAN_POINT('',(0.031,-0.381,-0.055));
#5766=CARTESIAN_POINT('',(0.031,-0.381,-0.025));
#5767=CARTESIAN_POINT('',(0.041,-0.381,-0.025));
#5768=CARTESIAN_POINT('',(0.051,-0.381,-0.025));
#5769=CARTESIAN_POINT('',(0.051,-0.381,-0.055));
#5770=CARTESIAN_POINT('',(0.062,-0.3755,-0.025));
#5771=CARTESIAN_POINT('',(0.062,-0.3755,1.196959198424E-16));
#5772=CARTESIAN_POINT('',(0.062,-0.378,1.196959198424E-16));
#5773=CARTESIAN_POINT('',(0.062,-0.378,-0.025));
#5774=CARTESIAN_POINT('',(0.062,-0.378,-0.055));
#5775=CARTESIAN_POINT('',(0.062,-0.3755,-0.055));
#5776=CARTESIAN_POINT('',(0.062,-0.37,-0.055));
#5777=CARTESIAN_POINT('',(0.062,-0.37,-0.055));
#5778=CARTESIAN_POINT('',(0.062,-0.37,-0.025));
#5779=CARTESIAN_POINT('',(0.062,-0.3755,-0.025));
#5780=CARTESIAN_POINT('',(0.195,-0.36,-0.025));
#5781=CARTESIAN_POINT('',(0.051,-0.36,-0.025));
#5782=CARTESIAN_POINT('',(0.051,-0.371180339887499,-0.025));
#5783=CARTESIAN_POINT('',(0.031,-0.36,-0.025));
#5784=CARTESIAN_POINT('',(0.031,-0.371180339887499,-0.025));
#5785=CARTESIAN_POINT('',(0.041,-0.36,-0.025));
#5786=CARTESIAN_POINT('',(0.0280096189432335,-0.3675,-0.025));
#5787=CARTESIAN_POINT('',(0.195,-0.3675,-0.025));
#5788=CARTESIAN_POINT('',(0.024,-0.3675,-0.025));
#5789=CARTESIAN_POINT('',(0.024,-0.36,-0.025));
#5790=CARTESIAN_POINT('',(0.024,-0.3525,-0.025));
#5791=CARTESIAN_POINT('',(0.195,-0.3525,-0.025));
#5792=CARTESIAN_POINT('',(0.0280096189432335,-0.3525,-0.025));
#5793=CARTESIAN_POINT('',(0.041,-0.36,-0.025));
#5794=CARTESIAN_POINT('',(0.052180339887499,-0.35,-0.025));
#5795=CARTESIAN_POINT('',(0.195,-0.35,-0.025));
#5796=CARTESIAN_POINT('',(0.062,-0.35,-0.025));
#5797=CARTESIAN_POINT('',(0.062,-0.3755,-0.025));
#5798=CARTESIAN_POINT('',(0.195,-0.37,-0.025));
#5799=CARTESIAN_POINT('',(0.052180339887499,-0.37,-0.025));
#5800=CARTESIAN_POINT('',(0.041,-0.36,-0.025));
#5801=CARTESIAN_POINT('',(0.0570901699437495,-0.35,-0.055));
#5802=CARTESIAN_POINT('',(0.062,-0.35,-0.055));
#5803=CARTESIAN_POINT('',(0.052180339887499,-0.35,-0.055));
#5804=CARTESIAN_POINT('',(0.052180339887499,-0.35,-0.055));
#5805=CARTESIAN_POINT('',(0.0570901699437495,-0.35,-0.055));
#5806=CARTESIAN_POINT('',(0.041,-0.36,-0.055));
#5807=CARTESIAN_POINT('',(0.0280096189432335,-0.3525,-0.055));
#5808=CARTESIAN_POINT('',(0.0280096189432335,-0.3525,-0.055));
#5809=CARTESIAN_POINT('',(0.041,-0.36,-0.055));
#5810=CARTESIAN_POINT('',(0.0260048094716167,-0.3525,-0.055));
#5811=CARTESIAN_POINT('',(0.024,-0.3525,-0.055));
#5812=CARTESIAN_POINT('',(0.024,-0.3525,-0.055));
#5813=CARTESIAN_POINT('',(0.0260048094716167,-0.3525,-0.055));
#5814=CARTESIAN_POINT('',(0.024,-0.36,-0.055));
#5815=CARTESIAN_POINT('',(0.024,-0.3615,-0.0498480762113533));
#5816=CARTESIAN_POINT('',(0.024,-0.36,-0.0507141016151378));
#5817=CARTESIAN_POINT('',(0.024,-0.3585,-0.0498480762113533));
#5818=CARTESIAN_POINT('',(0.024,-0.3615,-0.0353480762113533));
#5819=CARTESIAN_POINT('',(0.024,-0.36,-0.0362141016151378));
#5820=CARTESIAN_POINT('',(0.024,-0.3585,-0.0353480762113533));
#5821=CARTESIAN_POINT('',(0.024,-0.3675,-0.055));
#5822=CARTESIAN_POINT('',(0.024,-0.3675,-0.055));
#5823=CARTESIAN_POINT('',(0.024,-0.36,-0.055));
#5824=CARTESIAN_POINT('',(0.0260048094716167,-0.3675,-0.055));
#5825=CARTESIAN_POINT('',(0.0280096189432335,-0.3675,-0.055));
#5826=CARTESIAN_POINT('',(0.0280096189432335,-0.3675,-0.055));
#5827=CARTESIAN_POINT('',(0.0260048094716167,-0.3675,-0.055));
#5828=CARTESIAN_POINT('',(0.041,-0.36,-0.055));
#5829=CARTESIAN_POINT('',(0.031,-0.371180339887499,-0.055));
#5830=CARTESIAN_POINT('',(0.031,-0.371180339887499,-0.055));
#5831=CARTESIAN_POINT('',(0.041,-0.36,-0.055));
#5832=CARTESIAN_POINT('',(0.031,-0.376090169943749,-0.055));
#5833=CARTESIAN_POINT('',(0.031,-0.376090169943749,-0.055));
#5834=CARTESIAN_POINT('',(0.195,-0.36,-0.055));
#5835=CARTESIAN_POINT('',(0.140375,-0.414625,-0.055));
#5836=CARTESIAN_POINT('',(0.0985,-0.4565,-0.055));
#5837=CARTESIAN_POINT('',(0.095625,-0.260625,-0.055));
#5838=CARTESIAN_POINT('',(0.0565,-0.3445,-0.055));
#5839=CARTESIAN_POINT('',(0.0565,-0.3465,-0.055));
#5840=CARTESIAN_POINT('',(0.0255,-0.3755,-0.055));
#5841=CARTESIAN_POINT('',(0.0255,-0.3775,-0.055));
#5842=CARTESIAN_POINT('',(0.0255,-0.3445,-0.055));
#5843=CARTESIAN_POINT('',(0.0255,-0.3465,-0.055));
#5844=CARTESIAN_POINT('',(0.051,-0.376090169943749,-0.055));
#5845=CARTESIAN_POINT('',(0.051,-0.371180339887499,-0.055));
#5846=CARTESIAN_POINT('',(0.051,-0.371180339887499,-0.055));
#5847=CARTESIAN_POINT('',(0.051,-0.376090169943749,-0.055));
#5848=CARTESIAN_POINT('',(0.041,-0.36,-0.055));
#5849=CARTESIAN_POINT('',(0.052180339887499,-0.37,-0.055));
#5850=CARTESIAN_POINT('',(0.052180339887499,-0.37,-0.055));
#5851=CARTESIAN_POINT('',(0.041,-0.36,-0.055));
#5852=CARTESIAN_POINT('',(0.195,-0.37,-0.055));
#5853=CARTESIAN_POINT('',(0.062,-0.37,-0.055));
#5854=CARTESIAN_POINT('',(0.0587267799624997,-0.37,-0.055));
#5855=CARTESIAN_POINT('',(0.0554535599249993,-0.37,-0.055));
#5856=CARTESIAN_POINT('',(0.052180339887499,-0.37,-0.055));
#5857=CARTESIAN_POINT('',(0.195,-0.36,-0.055));
#5858=CARTESIAN_POINT('',(0.1375,-0.3025,-0.055));
#5859=CARTESIAN_POINT('',(0.0565,-0.3755,-0.055));
#5860=CARTESIAN_POINT('',(0.0565,-0.3775,-0.055));
#5861=CARTESIAN_POINT('',(0.0565,-0.3445,-0.055002));
#5862=CARTESIAN_POINT('',(0.195,-0.36,-0.0522));
#5863=CARTESIAN_POINT('',(0.0565,-0.3755,-0.055002));
#5864=CARTESIAN_POINT('',(0.195,-0.36,-0.0522));
#5865=CARTESIAN_POINT('',(0.0255,-0.3755,-0.055002));
#5866=CARTESIAN_POINT('',(0.195,-0.36,-0.0522));
#5867=CARTESIAN_POINT('',(0.0255,-0.3445,-0.055002));
#5868=CARTESIAN_POINT('',(0.195,-0.36,-0.0522));
#5869=CARTESIAN_POINT('',(0.020003,-0.3615,-0.0353480762113533));
#5870=CARTESIAN_POINT('',(0.020003,-0.36,-0.0362141016151378));
#5871=CARTESIAN_POINT('',(0.020003,-0.3585,-0.0353480762113533));
#5872=CARTESIAN_POINT('',(0.020003,-0.3615,-0.0498480762113533));
#5873=CARTESIAN_POINT('',(0.020003,-0.36,-0.0507141016151378));
#5874=CARTESIAN_POINT('',(0.020003,-0.3585,-0.0498480762113533));
#5875=CARTESIAN_POINT('',(-0.13,-0.36,1.196959198424E-16));
#5876=CARTESIAN_POINT('',(-0.066875,-0.423125,1.196959198424E-16));
#5877=CARTESIAN_POINT('',(-0.064,-0.294,1.196959198424E-16));
#5878=CARTESIAN_POINT('',(-0.0250000000000006,-0.465,1.196959198424E-16));
#5879=CARTESIAN_POINT('',(-0.0670010161090682,-0.44909401743428,1.196959198424E-16));
#5880=CARTESIAN_POINT('',(0.06925,-0.35275,1.196959198424E-16));
#5881=CARTESIAN_POINT('',(0.06925,-0.3445,1.196959198424E-16));
#5882=CARTESIAN_POINT('',(0.0255,-0.319,-0.04725));
#5883=CARTESIAN_POINT('',(0.031,-0.319,-0.04725));
#5884=CARTESIAN_POINT('',(0.023,-0.33325,-0.04725));
#5885=CARTESIAN_POINT('',(0.0255,-0.35,-0.04725));
#5886=CARTESIAN_POINT('',(0.03675,-0.319,-0.04));
#5887=CARTESIAN_POINT('',(0.03675,-0.319,-0.0415));
#5888=CARTESIAN_POINT('',(0.03675,-0.34112132034356,-0.0148713203435597));
#5889=CARTESIAN_POINT('',(0.0255,-0.319,-0.04));
#5890=CARTESIAN_POINT('',(0.027625,-0.319003,-0.0436806079660838));
#5891=CARTESIAN_POINT('',(0.0276256901189628,-0.348500491849982,-0.0436803602350712));
#5892=CARTESIAN_POINT('',(0.0255,-0.3485,-0.04));
#5893=CARTESIAN_POINT('',(0.0291797311077356,-0.3485,-0.0421271660183903));
#5894=CARTESIAN_POINT('',(0.0291806079660838,-0.319003,-0.042125));
#5895=CARTESIAN_POINT('',(0.027625,-0.319003,-0.0436806079660838));
#5896=CARTESIAN_POINT('',(0.0255,-0.319,-0.03275));
#5897=CARTESIAN_POINT('',(0.03375,-0.319,-0.03275));
#5898=CARTESIAN_POINT('',(0.0208905242917512,-0.321304737854125,-0.0304452621458756));
#5899=CARTESIAN_POINT('',(0.0333333333333334,-0.322916666666667,-0.0288333333333332));
#5900=CARTESIAN_POINT('',(0.038125,-0.35,-0.0275));
#5901=CARTESIAN_POINT('',(0.0192928932188134,-0.35,-0.0320428932188134));
#5902=CARTESIAN_POINT('',(0.03675,-0.31749632034356,-0.0384963203435596));
#5903=CARTESIAN_POINT('',(0.031,-0.319,-0.04725));
#5904=CARTESIAN_POINT('',(0.0260048094716167,-0.3485,-0.055));
#5905=CARTESIAN_POINT('',(0.0215084165753292,-0.3485,-0.0472120190528383));
#5906=CARTESIAN_POINT('',(0.0255,-0.3485,-0.0449074772881118));
#5907=CARTESIAN_POINT('',(0.0302487976320958,-0.3485,-0.0476491968793294));
#5908=CARTESIAN_POINT('',(0.0291806079660838,-0.3485,-0.037875));
#5909=CARTESIAN_POINT('',(0.0304074772881118,-0.3485,-0.04));
#5910=CARTESIAN_POINT('',(0.0228116198056047,-0.3485,-0.0531564110867544));
#5911=CARTESIAN_POINT('',(0.062,-0.3500000125,-0.02750125));
#5912=CARTESIAN_POINT('',(0.062,-0.3445,-0.02725));
#5913=CARTESIAN_POINT('',(0.072,-0.3445,-0.02725));
#5914=CARTESIAN_POINT('',(0.072,-0.339,-0.02725));
#5915=CARTESIAN_POINT('',(0.072,-0.3445,-0.02));
#5916=CARTESIAN_POINT('',(0.071997,-0.346625,-0.0236806079660839));
#5917=CARTESIAN_POINT('',(0.071997,-0.340819392033916,-0.017875));
#5918=CARTESIAN_POINT('',(0.071997,-0.346625,-0.0236806079660839));
#5919=CARTESIAN_POINT('',(0.071997,-0.346625,-0.0236806079660839));
#5920=CARTESIAN_POINT('',(0.072,-0.347510398644698,-0.023));
#5921=CARTESIAN_POINT('',(0.064,-0.347510398644698,-0.023));
#5922=CARTESIAN_POINT('',(0.07,-0.347510398644698,-0.023));
#5923=CARTESIAN_POINT('',(0.07,-0.3445,-0.02));
#5924=CARTESIAN_POINT('',(0.07,-0.347510398644698,-0.017));
#5925=CARTESIAN_POINT('',(0.072,-0.347510398644698,-0.017));
#5926=CARTESIAN_POINT('',(0.064,-0.347510398644698,-0.017));
#5927=CARTESIAN_POINT('',(0.064,-0.3445,-0.02));
#5928=CARTESIAN_POINT('',(0.082,-0.3445,-0.01275));
#5929=CARTESIAN_POINT('',(0.082,-0.35275,-0.01275));
#5930=CARTESIAN_POINT('',(0.072,-0.33325,-0.0215));
#5931=CARTESIAN_POINT('',(0.0621666666666667,-0.336416666666666,-0.0246666666666667));
#5932=CARTESIAN_POINT('',(0.0785036796564404,-0.35575,-0.0134963203435596));
#5933=CARTESIAN_POINT('',(0.062,-0.33625,-0.025));
#5934=CARTESIAN_POINT('',(0.023,-0.33325,-0.02));
#5935=CARTESIAN_POINT('',(0.023,-0.33325,-0.02));
#5936=CARTESIAN_POINT('',(0.059,-0.381,-0.025));
#5937=CARTESIAN_POINT('',(0.02,-0.378,-0.025));
#5938=CARTESIAN_POINT('',(0.029752,-0.326,-0.043));
#5939=CARTESIAN_POINT('',(0.029752,-0.329,-0.043));
#5940=CARTESIAN_POINT('',(0.01925,-0.318998,-0.043));
#5941=CARTESIAN_POINT('',(0.029752,-0.329,-0.04));
#5942=CARTESIAN_POINT('',(0.029752,-0.329,-0.037));
#5943=CARTESIAN_POINT('',(0.029752,-0.326,-0.037));
#5944=CARTESIAN_POINT('',(0.01925,-0.318998,-0.037));
#5945=CARTESIAN_POINT('',(0.067,-0.340248,-0.017));
#5946=CARTESIAN_POINT('',(0.064,-0.340248,-0.017));
#5947=CARTESIAN_POINT('',(0.07,-0.340248,-0.017));
#5948=CARTESIAN_POINT('',(0.07,-0.35075,-0.017));
#5949=CARTESIAN_POINT('',(0.072002,-0.35075,-0.017));
#5950=CARTESIAN_POINT('',(0.064,-0.340248,-0.02));
#5951=CARTESIAN_POINT('',(0.064,-0.340248,-0.023));
#5952=CARTESIAN_POINT('',(0.07,-0.340248,-0.02));
#5953=CARTESIAN_POINT('',(0.07,-0.340248,-0.023));
#5954=CARTESIAN_POINT('',(0.07,-0.35075,-0.023));
#5955=CARTESIAN_POINT('',(0.07,-0.35075,-0.02));
#5956=CARTESIAN_POINT('',(0.067,-0.340248,-0.023));
#5957=CARTESIAN_POINT('',(0.072002,-0.35075,-0.023));
#5958=CARTESIAN_POINT('',(0.0291806079660838,-0.319003,-0.042125));
#5959=CARTESIAN_POINT('',(0.0304074772881118,-0.319003,-0.04));
#5960=CARTESIAN_POINT('',(0.0291806079660838,-0.319003,-0.037875));
#5961=CARTESIAN_POINT('',(0.071997,-0.340819392033916,-0.022125));
#5962=CARTESIAN_POINT('',(0.071997,-0.339592522711888,-0.02));
#5963=CARTESIAN_POINT('',(0.071997,-0.340819392033916,-0.017875));
#5964=CARTESIAN_POINT('',(0.072002,-0.35075,-0.02));
#5965=CARTESIAN_POINT('',(0.01925,-0.318998,-0.04));
#5966=CARTESIAN_POINT('',(0.0192928932188134,-0.319,-0.0320428932188134));
#5967=CARTESIAN_POINT('',(0.043,-0.38,-0.017));
#5968=CARTESIAN_POINT('',(0.0475,-0.38,-0.0125));
#5969=CARTESIAN_POINT('',(0.0475,-0.38,-0.0125));
#5970=CARTESIAN_POINT('',(0.043,-0.38,-0.017));
#5971=CARTESIAN_POINT('',(0.0385,-0.38,-0.0215));
#5972=CARTESIAN_POINT('',(0.0385,-0.38,-0.0215));
#5973=CARTESIAN_POINT('',(0.043,-0.38,-0.008));
#5974=CARTESIAN_POINT('',(0.0385,-0.38,-0.0035));
#5975=CARTESIAN_POINT('',(0.0385,-0.38,-0.0035));
#5976=CARTESIAN_POINT('',(0.043,-0.38,-0.008));
#5977=CARTESIAN_POINT('',(0.0365,-0.38,-0.0055));
#5978=CARTESIAN_POINT('',(0.0345,-0.38,-0.0075));
#5979=CARTESIAN_POINT('',(0.0345,-0.38,-0.0075));
#5980=CARTESIAN_POINT('',(0.0365,-0.38,-0.0055));
#5981=CARTESIAN_POINT('',(0.04,-0.38,-0.01));
#5982=CARTESIAN_POINT('',(0.0455,-0.38,-0.0125));
#5983=CARTESIAN_POINT('',(0.0455,-0.38,-0.0125));
#5984=CARTESIAN_POINT('',(0.04,-0.38,-0.01));
#5985=CARTESIAN_POINT('',(0.04,-0.38,-0.015));
#5986=CARTESIAN_POINT('',(0.0345,-0.38,-0.0175));
#5987=CARTESIAN_POINT('',(0.0345,-0.38,-0.0175));
#5988=CARTESIAN_POINT('',(0.04,-0.38,-0.015));
#5989=CARTESIAN_POINT('',(0.0365,-0.38,-0.0195));
#5990=CARTESIAN_POINT('',(0.0365,-0.38,-0.0195));
#5991=CARTESIAN_POINT('',(0.041,-0.38,-0.0275));
#5992=CARTESIAN_POINT('',(0.027625,-0.319003,-0.0436806079660838));
#5993=CARTESIAN_POINT('',(0.0255,-0.319003,-0.0449074772881118));
#5994=CARTESIAN_POINT('',(0.023375,-0.319003,-0.0436806079660838));
#5995=CARTESIAN_POINT('',(0.027625,-0.319003,-0.0436806079660838));
#5996=CARTESIAN_POINT('',(0.0255,-0.319003,-0.0449074772881118));
#5997=CARTESIAN_POINT('',(0.023375,-0.319003,-0.0436806079660838));
#5998=CARTESIAN_POINT('',(0.071997,-0.342375,-0.0236806079660839));
#5999=CARTESIAN_POINT('',(0.071997,-0.3445,-0.0249074772881118));
#6000=CARTESIAN_POINT('',(0.071997,-0.346625,-0.0236806079660839));
#6001=CARTESIAN_POINT('',(0.071997,-0.342375,-0.0236806079660839));
#6002=CARTESIAN_POINT('',(0.071997,-0.3445,-0.0249074772881118));
#6003=CARTESIAN_POINT('',(0.071997,-0.346625,-0.0236806079660839));
#6004=CARTESIAN_POINT('',(0.071997,-0.342375,-0.0236806079660839));
#6005=CARTESIAN_POINT('',(0.071997,-0.3445,-0.0249074772881118));
#6006=CARTESIAN_POINT('',(0.071997,-0.346625,-0.0236806079660839));
#6007=CARTESIAN_POINT('',(0.066,-0.353753,-0.0217320508075688));
#6008=CARTESIAN_POINT('',(0.067,-0.353753,-0.0223094010767585));
#6009=CARTESIAN_POINT('',(0.068,-0.353753,-0.0217320508075688));
#6010=CARTESIAN_POINT('',(0.016247,-0.327,-0.0417320508075689));
#6011=CARTESIAN_POINT('',(0.016247,-0.326,-0.0423094010767585));
#6012=CARTESIAN_POINT('',(0.016247,-0.325,-0.0417320508075689));
#6013=MECHANICAL_DESIGN_GEOMETRIC_PRESENTATION_REPRESENTATION('',(#3599),
#6014);
#6014=(
GEOMETRIC_REPRESENTATION_CONTEXT(3)
GLOBAL_UNCERTAINTY_ASSIGNED_CONTEXT((#6015))
GLOBAL_UNIT_ASSIGNED_CONTEXT((#6018,#6017,#6016))
REPRESENTATION_CONTEXT('Long Mount','TOP_LEVEL_ASSEMBLY_PART')
);
#6015=UNCERTAINTY_MEASURE_WITH_UNIT(LENGTH_MEASURE(2.77161266405899E-5),
#6018,'DISTANCE_ACCURACY_VALUE','Maximum Tolerance applied to model');
#6016=(
NAMED_UNIT(*)
SI_UNIT($,.STERADIAN.)
SOLID_ANGLE_UNIT()
);
#6017=(
NAMED_UNIT(*)
PLANE_ANGLE_UNIT()
SI_UNIT($,.RADIAN.)
);
#6018=(
LENGTH_UNIT()
NAMED_UNIT(*)
SI_UNIT($,.METRE.)
);
#6019=PRODUCT_DEFINITION_SHAPE('','',#6020);
#6020=PRODUCT_DEFINITION('','',#6022,#6021);
#6021=PRODUCT_DEFINITION_CONTEXT('',#6028,'design');
#6022=PRODUCT_DEFINITION_FORMATION_WITH_SPECIFIED_SOURCE('','',#6024,
 .NOT_KNOWN.);
#6023=PRODUCT_RELATED_PRODUCT_CATEGORY('','',(#6024));
#6024=PRODUCT('Long Mount','Long Mount','Long Mount',(#6026));
#6025=PRODUCT_CATEGORY('','');
#6026=PRODUCT_CONTEXT('',#6028,'mechanical');
#6027=APPLICATION_PROTOCOL_DEFINITION('international standard',
'ap242_managed_model_based_3d_engineering',2020,#6028);
#6028=APPLICATION_CONTEXT('managed model based 3d engineering');
ENDSEC;
END-ISO-10303-21;
