ISO-10303-21;
HEADER;
/* Generated by software containing ST-Developer
 * from STEP Tools, Inc. (www.steptools.com) 
 */
/* OPTION: using custom renumber hook */

FILE_DESCRIPTION(
/* description */ ('STEP AP242 Edition 2',
'CAx-IF Rec.Pracs.---Representation and Presentation of Product Manufa
cturing Information (PMI)---4.0---2014-10-13',
'CAx-IF Rec.Pracs.---3D Tessellated Geometry---0.4---2014-09-14','2;1',
'CAx-IF Rec.Pracs.---User Defined Attributes---1.5---2016-08-15'),
/* implementation_level */ '2;1');

FILE_NAME(
/* name */ '6961f2f446b9ae42405cfb86',
/* time_stamp */ '2026-01-10T06:34:28Z',
/* author */ (''),
/* organization */ (''),
/* preprocessor_version */ 'ST-DEVELOPER v20',
/* originating_system */ 'ONSHAPE BY PTC INC, 1.209',
/* authorisation */ '  ');

FILE_SCHEMA (('AP242_MANAGED_MODEL_BASED_3D_ENGINEERING_MIM_LF { 1 0 10303 442 3 1 4 }'));
ENDSEC;

DATA;
#10=SHAPE_REPRESENTATION_RELATIONSHIP('','',#1569,#11);
#11=ADVANCED_BREP_SHAPE_REPRESENTATION('',(#1567),#2599);
#12=B_SPLINE_SURFACE_WITH_KNOTS('',5,1,((#2490,#2491),(#2492,#2493),(#2494,
#2495),(#2496,#2497),(#2498,#2499),(#2500,#2501),(#2502,#2503),(#2504,#2505)),
 .SURF_OF_LINEAR_EXTRUSION.,.F.,.F.,.F.,(6,2,6),(2,2),(0.,0.5,1.),(0.,1.),
 .UNSPECIFIED.);
#13=B_SPLINE_SURFACE_WITH_KNOTS('',5,1,((#2506,#2507),(#2508,#2509),(#2510,
#2511),(#2512,#2513),(#2514,#2515),(#2516,#2517),(#2518,#2519),(#2520,#2521)),
 .SURF_OF_LINEAR_EXTRUSION.,.F.,.F.,.F.,(6,2,6),(2,2),(0.,0.5,1.),(0.,1.),
 .UNSPECIFIED.);
#14=B_SPLINE_CURVE_WITH_KNOTS('',3,(#2263,#2264,#2265,#2266,#2267,#2268,
#2269,#2270,#2271,#2272,#2273,#2274,#2275),.UNSPECIFIED.,.T.,.F.,(1,1,1,
1,1,1,1,1,1,1,1,1,1,1,1,1,1),(-0.00317684555203884,-0.00158842277601942,
-0.000794211388009711,0.,0.00158842277601942,0.00317684555203884,0.00397105694004855,
0.00476526832805826,0.00635369110407768,0.0079421138800971,0.00953053665611651,
0.0111189594321359,0.0119131708201456,0.0127073822081554,0.0142958049841748,
0.0158842277601942,0.0166784391482039),.UNSPECIFIED.);
#15=B_SPLINE_CURVE_WITH_KNOTS('',3,(#2289,#2290,#2291,#2292,#2293,#2294,
#2295,#2296,#2297,#2298,#2299,#2300,#2301,#2302,#2303,#2304),
 .UNSPECIFIED.,.F.,.F.,(4,1,1,1,1,1,1,1,1,1,1,1,1,4),(0.,0.0625,0.125,0.15625,
0.1875,0.25,0.375,0.5,0.625,0.75,0.78125,0.8125,0.875,1.),.UNSPECIFIED.);
#16=B_SPLINE_CURVE_WITH_KNOTS('',3,(#2315,#2316,#2317,#2318,#2319,#2320,
#2321,#2322,#2323,#2324,#2325,#2326,#2327,#2328,#2329,#2330),
 .UNSPECIFIED.,.F.,.F.,(4,1,1,1,1,1,1,1,1,1,1,1,1,4),(0.,0.0625,0.125,0.15625,
0.1875,0.25,0.375,0.5,0.625,0.75,0.78125,0.8125,0.875,1.),.UNSPECIFIED.);
#17=B_SPLINE_CURVE_WITH_KNOTS('',3,(#2340,#2341,#2342,#2343),
 .UNSPECIFIED.,.F.,.F.,(4,4),(0.,1.),.UNSPECIFIED.);
#18=B_SPLINE_CURVE_WITH_KNOTS('',3,(#2411,#2412,#2413,#2414),
 .UNSPECIFIED.,.F.,.F.,(4,4),(0.,1.),.UNSPECIFIED.);
#19=B_SPLINE_CURVE_WITH_KNOTS('',3,(#2420,#2421,#2422,#2423,#2424,#2425,
#2426,#2427,#2428,#2429,#2430,#2431,#2432,#2433,#2434,#2435),
 .UNSPECIFIED.,.F.,.F.,(4,1,1,1,1,1,1,1,1,1,1,1,1,4),(0.,0.0625,0.125,0.15625,
0.1875,0.25,0.375,0.5,0.625,0.75,0.78125,0.8125,0.875,1.),.UNSPECIFIED.);
#20=B_SPLINE_CURVE_WITH_KNOTS('',3,(#2440,#2441,#2442,#2443,#2444,#2445,
#2446,#2447,#2448,#2449,#2450,#2451,#2452,#2453,#2454,#2455),
 .UNSPECIFIED.,.F.,.F.,(4,1,1,1,1,1,1,1,1,1,1,1,1,4),(0.,0.0625,0.125,0.15625,
0.1875,0.25,0.375,0.5,0.625,0.75,0.78125,0.8125,0.875,1.),.UNSPECIFIED.);
#21=B_SPLINE_CURVE_WITH_KNOTS('',3,(#2465,#2466,#2467,#2468),
 .UNSPECIFIED.,.F.,.F.,(4,4),(0.,1.),.UNSPECIFIED.);
#22=B_SPLINE_CURVE_WITH_KNOTS('',3,(#2470,#2471,#2472,#2473),
 .UNSPECIFIED.,.F.,.F.,(4,4),(0.,1.),.UNSPECIFIED.);
#23=CYLINDRICAL_SURFACE('',#1598,0.002);
#24=CYLINDRICAL_SURFACE('',#1608,0.0035);
#25=CYLINDRICAL_SURFACE('',#1611,0.002);
#26=CYLINDRICAL_SURFACE('',#1613,0.00775);
#27=CYLINDRICAL_SURFACE('',#1631,0.00405);
#28=CYLINDRICAL_SURFACE('',#1639,0.002);
#29=CIRCLE('',#1586,0.002);
#30=CIRCLE('',#1588,0.002);
#31=CIRCLE('',#1591,0.002);
#32=CIRCLE('',#1595,0.002);
#33=CIRCLE('',#1599,0.002);
#34=CIRCLE('',#1600,0.002);
#35=CIRCLE('',#1603,0.00775);
#36=CIRCLE('',#1609,0.0035);
#37=CIRCLE('',#1610,0.0035);
#38=CIRCLE('',#1612,0.002);
#39=CIRCLE('',#1614,0.00775);
#40=CIRCLE('',#1632,0.00405);
#41=CIRCLE('',#1633,0.00405);
#42=CIRCLE('',#1637,0.002);
#43=ORIENTED_EDGE('',*,*,#467,.T.);
#44=ORIENTED_EDGE('',*,*,#468,.F.);
#45=ORIENTED_EDGE('',*,*,#469,.F.);
#46=ORIENTED_EDGE('',*,*,#470,.T.);
#47=ORIENTED_EDGE('',*,*,#471,.T.);
#48=ORIENTED_EDGE('',*,*,#472,.T.);
#49=ORIENTED_EDGE('',*,*,#473,.F.);
#50=ORIENTED_EDGE('',*,*,#474,.T.);
#51=ORIENTED_EDGE('',*,*,#475,.F.);
#52=ORIENTED_EDGE('',*,*,#468,.T.);
#53=ORIENTED_EDGE('',*,*,#476,.T.);
#54=ORIENTED_EDGE('',*,*,#477,.F.);
#55=ORIENTED_EDGE('',*,*,#478,.T.);
#56=ORIENTED_EDGE('',*,*,#479,.F.);
#57=ORIENTED_EDGE('',*,*,#480,.T.);
#58=ORIENTED_EDGE('',*,*,#481,.T.);
#59=ORIENTED_EDGE('',*,*,#480,.F.);
#60=ORIENTED_EDGE('',*,*,#482,.F.);
#61=ORIENTED_EDGE('',*,*,#483,.T.);
#62=ORIENTED_EDGE('',*,*,#484,.T.);
#63=ORIENTED_EDGE('',*,*,#485,.F.);
#64=ORIENTED_EDGE('',*,*,#486,.F.);
#65=ORIENTED_EDGE('',*,*,#487,.T.);
#66=ORIENTED_EDGE('',*,*,#470,.F.);
#67=ORIENTED_EDGE('',*,*,#488,.T.);
#68=ORIENTED_EDGE('',*,*,#471,.F.);
#69=ORIENTED_EDGE('',*,*,#489,.F.);
#70=ORIENTED_EDGE('',*,*,#490,.T.);
#71=ORIENTED_EDGE('',*,*,#491,.T.);
#72=ORIENTED_EDGE('',*,*,#490,.F.);
#73=ORIENTED_EDGE('',*,*,#492,.F.);
#74=ORIENTED_EDGE('',*,*,#477,.T.);
#75=ORIENTED_EDGE('',*,*,#493,.F.);
#76=ORIENTED_EDGE('',*,*,#478,.F.);
#77=ORIENTED_EDGE('',*,*,#494,.T.);
#78=ORIENTED_EDGE('',*,*,#495,.T.);
#79=ORIENTED_EDGE('',*,*,#496,.T.);
#80=ORIENTED_EDGE('',*,*,#484,.F.);
#81=ORIENTED_EDGE('',*,*,#497,.F.);
#82=ORIENTED_EDGE('',*,*,#498,.T.);
#83=ORIENTED_EDGE('',*,*,#499,.T.);
#84=ORIENTED_EDGE('',*,*,#498,.F.);
#85=ORIENTED_EDGE('',*,*,#500,.F.);
#86=ORIENTED_EDGE('',*,*,#473,.T.);
#87=ORIENTED_EDGE('',*,*,#501,.F.);
#88=ORIENTED_EDGE('',*,*,#474,.F.);
#89=ORIENTED_EDGE('',*,*,#502,.T.);
#90=ORIENTED_EDGE('',*,*,#503,.T.);
#91=ORIENTED_EDGE('',*,*,#504,.F.);
#92=ORIENTED_EDGE('',*,*,#505,.F.);
#93=ORIENTED_EDGE('',*,*,#506,.T.);
#94=ORIENTED_EDGE('',*,*,#483,.F.);
#95=ORIENTED_EDGE('',*,*,#507,.F.);
#96=ORIENTED_EDGE('',*,*,#508,.F.);
#97=ORIENTED_EDGE('',*,*,#509,.F.);
#98=ORIENTED_EDGE('',*,*,#482,.T.);
#99=ORIENTED_EDGE('',*,*,#479,.T.);
#100=ORIENTED_EDGE('',*,*,#510,.F.);
#101=ORIENTED_EDGE('',*,*,#469,.T.);
#102=ORIENTED_EDGE('',*,*,#475,.T.);
#103=ORIENTED_EDGE('',*,*,#511,.F.);
#104=ORIENTED_EDGE('',*,*,#512,.T.);
#105=ORIENTED_EDGE('',*,*,#491,.F.);
#106=ORIENTED_EDGE('',*,*,#476,.F.);
#107=ORIENTED_EDGE('',*,*,#513,.T.);
#108=ORIENTED_EDGE('',*,*,#488,.F.);
#109=ORIENTED_EDGE('',*,*,#514,.T.);
#110=ORIENTED_EDGE('',*,*,#467,.F.);
#111=ORIENTED_EDGE('',*,*,#506,.F.);
#112=ORIENTED_EDGE('',*,*,#515,.T.);
#113=ORIENTED_EDGE('',*,*,#502,.F.);
#114=ORIENTED_EDGE('',*,*,#500,.T.);
#115=ORIENTED_EDGE('',*,*,#497,.T.);
#116=ORIENTED_EDGE('',*,*,#481,.F.);
#117=ORIENTED_EDGE('',*,*,#496,.F.);
#118=ORIENTED_EDGE('',*,*,#516,.T.);
#119=ORIENTED_EDGE('',*,*,#494,.F.);
#120=ORIENTED_EDGE('',*,*,#492,.T.);
#121=ORIENTED_EDGE('',*,*,#489,.T.);
#122=ORIENTED_EDGE('',*,*,#487,.F.);
#123=ORIENTED_EDGE('',*,*,#517,.F.);
#124=ORIENTED_EDGE('',*,*,#485,.T.);
#125=ORIENTED_EDGE('',*,*,#510,.T.);
#126=ORIENTED_EDGE('',*,*,#518,.T.);
#127=ORIENTED_EDGE('',*,*,#519,.F.);
#128=ORIENTED_EDGE('',*,*,#499,.F.);
#129=ORIENTED_EDGE('',*,*,#472,.F.);
#130=ORIENTED_EDGE('',*,*,#520,.T.);
#131=ORIENTED_EDGE('',*,*,#521,.F.);
#132=ORIENTED_EDGE('',*,*,#507,.T.);
#133=ORIENTED_EDGE('',*,*,#493,.T.);
#134=ORIENTED_EDGE('',*,*,#522,.F.);
#135=ORIENTED_EDGE('',*,*,#523,.T.);
#136=ORIENTED_EDGE('',*,*,#504,.T.);
#137=ORIENTED_EDGE('',*,*,#509,.T.);
#138=ORIENTED_EDGE('',*,*,#524,.F.);
#139=ORIENTED_EDGE('',*,*,#525,.F.);
#140=ORIENTED_EDGE('',*,*,#526,.F.);
#141=ORIENTED_EDGE('',*,*,#527,.F.);
#142=ORIENTED_EDGE('',*,*,#528,.T.);
#143=ORIENTED_EDGE('',*,*,#529,.F.);
#144=ORIENTED_EDGE('',*,*,#530,.T.);
#145=ORIENTED_EDGE('',*,*,#531,.F.);
#146=ORIENTED_EDGE('',*,*,#532,.F.);
#147=ORIENTED_EDGE('',*,*,#533,.F.);
#148=ORIENTED_EDGE('',*,*,#534,.T.);
#149=ORIENTED_EDGE('',*,*,#535,.T.);
#150=ORIENTED_EDGE('',*,*,#536,.F.);
#151=ORIENTED_EDGE('',*,*,#537,.F.);
#152=ORIENTED_EDGE('',*,*,#538,.T.);
#153=ORIENTED_EDGE('',*,*,#539,.T.);
#154=ORIENTED_EDGE('',*,*,#540,.F.);
#155=ORIENTED_EDGE('',*,*,#541,.T.);
#156=ORIENTED_EDGE('',*,*,#542,.T.);
#157=ORIENTED_EDGE('',*,*,#543,.T.);
#158=ORIENTED_EDGE('',*,*,#544,.T.);
#159=ORIENTED_EDGE('',*,*,#545,.T.);
#160=ORIENTED_EDGE('',*,*,#546,.F.);
#161=ORIENTED_EDGE('',*,*,#547,.T.);
#162=ORIENTED_EDGE('',*,*,#548,.T.);
#163=ORIENTED_EDGE('',*,*,#549,.F.);
#164=ORIENTED_EDGE('',*,*,#550,.T.);
#165=ORIENTED_EDGE('',*,*,#551,.T.);
#166=ORIENTED_EDGE('',*,*,#532,.T.);
#167=ORIENTED_EDGE('',*,*,#552,.T.);
#168=ORIENTED_EDGE('',*,*,#553,.F.);
#169=ORIENTED_EDGE('',*,*,#518,.F.);
#170=ORIENTED_EDGE('',*,*,#512,.F.);
#171=ORIENTED_EDGE('',*,*,#554,.F.);
#172=ORIENTED_EDGE('',*,*,#555,.F.);
#173=ORIENTED_EDGE('',*,*,#556,.T.);
#174=ORIENTED_EDGE('',*,*,#524,.T.);
#175=ORIENTED_EDGE('',*,*,#508,.T.);
#176=ORIENTED_EDGE('',*,*,#521,.T.);
#177=ORIENTED_EDGE('',*,*,#557,.T.);
#178=ORIENTED_EDGE('',*,*,#558,.F.);
#179=ORIENTED_EDGE('',*,*,#530,.F.);
#180=ORIENTED_EDGE('',*,*,#559,.F.);
#181=ORIENTED_EDGE('',*,*,#556,.F.);
#182=ORIENTED_EDGE('',*,*,#560,.T.);
#183=ORIENTED_EDGE('',*,*,#549,.T.);
#184=ORIENTED_EDGE('',*,*,#561,.F.);
#185=ORIENTED_EDGE('',*,*,#503,.F.);
#186=ORIENTED_EDGE('',*,*,#515,.F.);
#187=ORIENTED_EDGE('',*,*,#505,.T.);
#188=ORIENTED_EDGE('',*,*,#523,.F.);
#189=ORIENTED_EDGE('',*,*,#562,.T.);
#190=ORIENTED_EDGE('',*,*,#563,.T.);
#191=ORIENTED_EDGE('',*,*,#564,.F.);
#192=ORIENTED_EDGE('',*,*,#540,.T.);
#193=ORIENTED_EDGE('',*,*,#565,.F.);
#194=ORIENTED_EDGE('',*,*,#526,.T.);
#195=ORIENTED_EDGE('',*,*,#566,.T.);
#196=ORIENTED_EDGE('',*,*,#567,.F.);
#197=ORIENTED_EDGE('',*,*,#568,.F.);
#198=ORIENTED_EDGE('',*,*,#569,.F.);
#199=ORIENTED_EDGE('',*,*,#570,.T.);
#200=ORIENTED_EDGE('',*,*,#571,.F.);
#201=ORIENTED_EDGE('',*,*,#572,.T.);
#202=ORIENTED_EDGE('',*,*,#573,.F.);
#203=ORIENTED_EDGE('',*,*,#574,.T.);
#204=ORIENTED_EDGE('',*,*,#575,.F.);
#205=ORIENTED_EDGE('',*,*,#547,.F.);
#206=ORIENTED_EDGE('',*,*,#576,.F.);
#207=ORIENTED_EDGE('',*,*,#577,.T.);
#208=ORIENTED_EDGE('',*,*,#578,.F.);
#209=ORIENTED_EDGE('',*,*,#536,.T.);
#210=ORIENTED_EDGE('',*,*,#579,.T.);
#211=ORIENTED_EDGE('',*,*,#580,.T.);
#212=ORIENTED_EDGE('',*,*,#581,.T.);
#213=ORIENTED_EDGE('',*,*,#582,.T.);
#214=ORIENTED_EDGE('',*,*,#583,.T.);
#215=ORIENTED_EDGE('',*,*,#584,.T.);
#216=ORIENTED_EDGE('',*,*,#585,.F.);
#217=ORIENTED_EDGE('',*,*,#586,.F.);
#218=ORIENTED_EDGE('',*,*,#587,.F.);
#219=ORIENTED_EDGE('',*,*,#534,.F.);
#220=ORIENTED_EDGE('',*,*,#578,.T.);
#221=ORIENTED_EDGE('',*,*,#588,.T.);
#222=ORIENTED_EDGE('',*,*,#582,.F.);
#223=ORIENTED_EDGE('',*,*,#533,.T.);
#224=ORIENTED_EDGE('',*,*,#587,.T.);
#225=ORIENTED_EDGE('',*,*,#589,.T.);
#226=ORIENTED_EDGE('',*,*,#579,.F.);
#227=ORIENTED_EDGE('',*,*,#535,.F.);
#228=ORIENTED_EDGE('',*,*,#590,.T.);
#229=ORIENTED_EDGE('',*,*,#591,.T.);
#230=ORIENTED_EDGE('',*,*,#592,.T.);
#231=ORIENTED_EDGE('',*,*,#593,.T.);
#232=ORIENTED_EDGE('',*,*,#581,.F.);
#233=ORIENTED_EDGE('',*,*,#594,.T.);
#234=ORIENTED_EDGE('',*,*,#585,.T.);
#235=ORIENTED_EDGE('',*,*,#595,.F.);
#236=ORIENTED_EDGE('',*,*,#596,.F.);
#237=ORIENTED_EDGE('',*,*,#597,.T.);
#238=ORIENTED_EDGE('',*,*,#598,.T.);
#239=ORIENTED_EDGE('',*,*,#599,.F.);
#240=ORIENTED_EDGE('',*,*,#600,.F.);
#241=ORIENTED_EDGE('',*,*,#570,.F.);
#242=ORIENTED_EDGE('',*,*,#601,.T.);
#243=ORIENTED_EDGE('',*,*,#602,.F.);
#244=ORIENTED_EDGE('',*,*,#603,.T.);
#245=ORIENTED_EDGE('',*,*,#604,.T.);
#246=ORIENTED_EDGE('',*,*,#605,.T.);
#247=ORIENTED_EDGE('',*,*,#557,.F.);
#248=ORIENTED_EDGE('',*,*,#522,.T.);
#249=ORIENTED_EDGE('',*,*,#495,.F.);
#250=ORIENTED_EDGE('',*,*,#517,.T.);
#251=ORIENTED_EDGE('',*,*,#486,.T.);
#252=ORIENTED_EDGE('',*,*,#519,.T.);
#253=ORIENTED_EDGE('',*,*,#553,.T.);
#254=ORIENTED_EDGE('',*,*,#606,.T.);
#255=ORIENTED_EDGE('',*,*,#607,.F.);
#256=ORIENTED_EDGE('',*,*,#574,.F.);
#257=ORIENTED_EDGE('',*,*,#608,.T.);
#258=ORIENTED_EDGE('',*,*,#609,.T.);
#259=ORIENTED_EDGE('',*,*,#610,.T.);
#260=ORIENTED_EDGE('',*,*,#611,.T.);
#261=ORIENTED_EDGE('',*,*,#612,.T.);
#262=ORIENTED_EDGE('',*,*,#613,.T.);
#263=ORIENTED_EDGE('',*,*,#614,.F.);
#264=ORIENTED_EDGE('',*,*,#615,.T.);
#265=ORIENTED_EDGE('',*,*,#616,.T.);
#266=ORIENTED_EDGE('',*,*,#617,.F.);
#267=ORIENTED_EDGE('',*,*,#618,.T.);
#268=ORIENTED_EDGE('',*,*,#619,.T.);
#269=ORIENTED_EDGE('',*,*,#611,.F.);
#270=ORIENTED_EDGE('',*,*,#620,.T.);
#271=ORIENTED_EDGE('',*,*,#590,.F.);
#272=ORIENTED_EDGE('',*,*,#621,.T.);
#273=ORIENTED_EDGE('',*,*,#541,.F.);
#274=ORIENTED_EDGE('',*,*,#622,.T.);
#275=ORIENTED_EDGE('',*,*,#623,.F.);
#276=ORIENTED_EDGE('',*,*,#624,.T.);
#277=ORIENTED_EDGE('',*,*,#625,.T.);
#278=ORIENTED_EDGE('',*,*,#617,.T.);
#279=ORIENTED_EDGE('',*,*,#626,.F.);
#280=ORIENTED_EDGE('',*,*,#627,.T.);
#281=ORIENTED_EDGE('',*,*,#623,.T.);
#282=ORIENTED_EDGE('',*,*,#616,.F.);
#283=ORIENTED_EDGE('',*,*,#628,.F.);
#284=ORIENTED_EDGE('',*,*,#629,.T.);
#285=ORIENTED_EDGE('',*,*,#599,.T.);
#286=ORIENTED_EDGE('',*,*,#625,.F.);
#287=ORIENTED_EDGE('',*,*,#630,.T.);
#288=ORIENTED_EDGE('',*,*,#631,.T.);
#289=ORIENTED_EDGE('',*,*,#597,.F.);
#290=ORIENTED_EDGE('',*,*,#632,.F.);
#291=ORIENTED_EDGE('',*,*,#633,.T.);
#292=ORIENTED_EDGE('',*,*,#614,.T.);
#293=ORIENTED_EDGE('',*,*,#634,.F.);
#294=ORIENTED_EDGE('',*,*,#628,.T.);
#295=ORIENTED_EDGE('',*,*,#615,.F.);
#296=ORIENTED_EDGE('',*,*,#633,.F.);
#297=ORIENTED_EDGE('',*,*,#586,.T.);
#298=ORIENTED_EDGE('',*,*,#594,.F.);
#299=ORIENTED_EDGE('',*,*,#580,.F.);
#300=ORIENTED_EDGE('',*,*,#589,.F.);
#301=ORIENTED_EDGE('',*,*,#584,.F.);
#302=ORIENTED_EDGE('',*,*,#635,.T.);
#303=ORIENTED_EDGE('',*,*,#576,.T.);
#304=ORIENTED_EDGE('',*,*,#595,.T.);
#305=ORIENTED_EDGE('',*,*,#631,.F.);
#306=ORIENTED_EDGE('',*,*,#636,.T.);
#307=ORIENTED_EDGE('',*,*,#626,.T.);
#308=ORIENTED_EDGE('',*,*,#598,.F.);
#309=ORIENTED_EDGE('',*,*,#634,.T.);
#310=ORIENTED_EDGE('',*,*,#632,.T.);
#311=ORIENTED_EDGE('',*,*,#596,.T.);
#312=ORIENTED_EDGE('',*,*,#629,.F.);
#313=ORIENTED_EDGE('',*,*,#571,.T.);
#314=ORIENTED_EDGE('',*,*,#637,.T.);
#315=ORIENTED_EDGE('',*,*,#638,.F.);
#316=ORIENTED_EDGE('',*,*,#639,.T.);
#317=ORIENTED_EDGE('',*,*,#640,.T.);
#318=ORIENTED_EDGE('',*,*,#641,.T.);
#319=ORIENTED_EDGE('',*,*,#642,.T.);
#320=ORIENTED_EDGE('',*,*,#637,.F.);
#321=ORIENTED_EDGE('',*,*,#638,.T.);
#322=ORIENTED_EDGE('',*,*,#627,.F.);
#323=ORIENTED_EDGE('',*,*,#636,.F.);
#324=ORIENTED_EDGE('',*,*,#630,.F.);
#325=ORIENTED_EDGE('',*,*,#624,.F.);
#326=ORIENTED_EDGE('',*,*,#583,.F.);
#327=ORIENTED_EDGE('',*,*,#588,.F.);
#328=ORIENTED_EDGE('',*,*,#577,.F.);
#329=ORIENTED_EDGE('',*,*,#635,.F.);
#330=ORIENTED_EDGE('',*,*,#643,.F.);
#331=ORIENTED_EDGE('',*,*,#644,.T.);
#332=ORIENTED_EDGE('',*,*,#645,.T.);
#333=ORIENTED_EDGE('',*,*,#602,.T.);
#334=ORIENTED_EDGE('',*,*,#646,.T.);
#335=ORIENTED_EDGE('',*,*,#592,.F.);
#336=ORIENTED_EDGE('',*,*,#647,.T.);
#337=ORIENTED_EDGE('',*,*,#644,.F.);
#338=ORIENTED_EDGE('',*,*,#648,.T.);
#339=ORIENTED_EDGE('',*,*,#520,.F.);
#340=ORIENTED_EDGE('',*,*,#514,.F.);
#341=ORIENTED_EDGE('',*,*,#513,.F.);
#342=ORIENTED_EDGE('',*,*,#516,.F.);
#343=ORIENTED_EDGE('',*,*,#643,.T.);
#344=ORIENTED_EDGE('',*,*,#554,.T.);
#345=ORIENTED_EDGE('',*,*,#511,.T.);
#346=ORIENTED_EDGE('',*,*,#501,.T.);
#347=ORIENTED_EDGE('',*,*,#561,.T.);
#348=ORIENTED_EDGE('',*,*,#531,.T.);
#349=ORIENTED_EDGE('',*,*,#558,.T.);
#350=ORIENTED_EDGE('',*,*,#606,.F.);
#351=ORIENTED_EDGE('',*,*,#552,.F.);
#352=ORIENTED_EDGE('',*,*,#562,.F.);
#353=ORIENTED_EDGE('',*,*,#539,.F.);
#354=ORIENTED_EDGE('',*,*,#649,.T.);
#355=ORIENTED_EDGE('',*,*,#650,.T.);
#356=ORIENTED_EDGE('',*,*,#564,.T.);
#357=ORIENTED_EDGE('',*,*,#651,.F.);
#358=ORIENTED_EDGE('',*,*,#652,.F.);
#359=ORIENTED_EDGE('',*,*,#537,.T.);
#360=ORIENTED_EDGE('',*,*,#563,.F.);
#361=ORIENTED_EDGE('',*,*,#650,.F.);
#362=ORIENTED_EDGE('',*,*,#653,.T.);
#363=ORIENTED_EDGE('',*,*,#651,.T.);
#364=ORIENTED_EDGE('',*,*,#649,.F.);
#365=ORIENTED_EDGE('',*,*,#538,.F.);
#366=ORIENTED_EDGE('',*,*,#652,.T.);
#367=ORIENTED_EDGE('',*,*,#653,.F.);
#368=ORIENTED_EDGE('',*,*,#572,.F.);
#369=ORIENTED_EDGE('',*,*,#654,.F.);
#370=ORIENTED_EDGE('',*,*,#528,.F.);
#371=ORIENTED_EDGE('',*,*,#655,.T.);
#372=ORIENTED_EDGE('',*,*,#568,.T.);
#373=ORIENTED_EDGE('',*,*,#656,.T.);
#374=ORIENTED_EDGE('',*,*,#657,.F.);
#375=ORIENTED_EDGE('',*,*,#658,.T.);
#376=ORIENTED_EDGE('',*,*,#659,.T.);
#377=ORIENTED_EDGE('',*,*,#618,.F.);
#378=ORIENTED_EDGE('',*,*,#660,.T.);
#379=ORIENTED_EDGE('',*,*,#620,.F.);
#380=ORIENTED_EDGE('',*,*,#610,.F.);
#381=ORIENTED_EDGE('',*,*,#661,.F.);
#382=ORIENTED_EDGE('',*,*,#645,.F.);
#383=ORIENTED_EDGE('',*,*,#647,.F.);
#384=ORIENTED_EDGE('',*,*,#591,.F.);
#385=ORIENTED_EDGE('',*,*,#648,.F.);
#386=ORIENTED_EDGE('',*,*,#646,.F.);
#387=ORIENTED_EDGE('',*,*,#662,.F.);
#388=ORIENTED_EDGE('',*,*,#542,.F.);
#389=ORIENTED_EDGE('',*,*,#621,.F.);
#390=ORIENTED_EDGE('',*,*,#593,.F.);
#391=ORIENTED_EDGE('',*,*,#661,.T.);
#392=ORIENTED_EDGE('',*,*,#609,.F.);
#393=ORIENTED_EDGE('',*,*,#663,.F.);
#394=ORIENTED_EDGE('',*,*,#603,.F.);
#395=ORIENTED_EDGE('',*,*,#664,.F.);
#396=ORIENTED_EDGE('',*,*,#604,.F.);
#397=ORIENTED_EDGE('',*,*,#665,.F.);
#398=ORIENTED_EDGE('',*,*,#642,.F.);
#399=ORIENTED_EDGE('',*,*,#662,.T.);
#400=ORIENTED_EDGE('',*,*,#605,.F.);
#401=ORIENTED_EDGE('',*,*,#666,.F.);
#402=ORIENTED_EDGE('',*,*,#543,.F.);
#403=ORIENTED_EDGE('',*,*,#665,.T.);
#404=ORIENTED_EDGE('',*,*,#663,.T.);
#405=ORIENTED_EDGE('',*,*,#667,.F.);
#406=ORIENTED_EDGE('',*,*,#666,.T.);
#407=ORIENTED_EDGE('',*,*,#664,.T.);
#408=ORIENTED_EDGE('',*,*,#668,.F.);
#409=ORIENTED_EDGE('',*,*,#619,.F.);
#410=ORIENTED_EDGE('',*,*,#659,.F.);
#411=ORIENTED_EDGE('',*,*,#669,.F.);
#412=ORIENTED_EDGE('',*,*,#612,.F.);
#413=ORIENTED_EDGE('',*,*,#667,.T.);
#414=ORIENTED_EDGE('',*,*,#613,.F.);
#415=ORIENTED_EDGE('',*,*,#670,.F.);
#416=ORIENTED_EDGE('',*,*,#639,.F.);
#417=ORIENTED_EDGE('',*,*,#668,.T.);
#418=ORIENTED_EDGE('',*,*,#641,.F.);
#419=ORIENTED_EDGE('',*,*,#671,.F.);
#420=ORIENTED_EDGE('',*,*,#544,.F.);
#421=ORIENTED_EDGE('',*,*,#622,.F.);
#422=ORIENTED_EDGE('',*,*,#545,.F.);
#423=ORIENTED_EDGE('',*,*,#672,.F.);
#424=ORIENTED_EDGE('',*,*,#660,.F.);
#425=ORIENTED_EDGE('',*,*,#670,.T.);
#426=ORIENTED_EDGE('',*,*,#669,.T.);
#427=ORIENTED_EDGE('',*,*,#673,.F.);
#428=ORIENTED_EDGE('',*,*,#672,.T.);
#429=ORIENTED_EDGE('',*,*,#671,.T.);
#430=ORIENTED_EDGE('',*,*,#674,.F.);
#431=ORIENTED_EDGE('',*,*,#673,.T.);
#432=ORIENTED_EDGE('',*,*,#658,.F.);
#433=ORIENTED_EDGE('',*,*,#674,.T.);
#434=ORIENTED_EDGE('',*,*,#640,.F.);
#435=ORIENTED_EDGE('',*,*,#560,.F.);
#436=ORIENTED_EDGE('',*,*,#555,.T.);
#437=ORIENTED_EDGE('',*,*,#675,.F.);
#438=ORIENTED_EDGE('',*,*,#608,.F.);
#439=ORIENTED_EDGE('',*,*,#573,.T.);
#440=ORIENTED_EDGE('',*,*,#546,.T.);
#441=ORIENTED_EDGE('',*,*,#676,.F.);
#442=ORIENTED_EDGE('',*,*,#550,.F.);
#443=ORIENTED_EDGE('',*,*,#676,.T.);
#444=ORIENTED_EDGE('',*,*,#548,.F.);
#445=ORIENTED_EDGE('',*,*,#575,.T.);
#446=ORIENTED_EDGE('',*,*,#607,.T.);
#447=ORIENTED_EDGE('',*,*,#675,.T.);
#448=ORIENTED_EDGE('',*,*,#559,.T.);
#449=ORIENTED_EDGE('',*,*,#529,.T.);
#450=ORIENTED_EDGE('',*,*,#551,.F.);
#451=ORIENTED_EDGE('',*,*,#565,.T.);
#452=ORIENTED_EDGE('',*,*,#677,.T.);
#453=ORIENTED_EDGE('',*,*,#655,.F.);
#454=ORIENTED_EDGE('',*,*,#527,.T.);
#455=ORIENTED_EDGE('',*,*,#677,.F.);
#456=ORIENTED_EDGE('',*,*,#566,.F.);
#457=ORIENTED_EDGE('',*,*,#525,.T.);
#458=ORIENTED_EDGE('',*,*,#654,.T.);
#459=ORIENTED_EDGE('',*,*,#569,.T.);
#460=ORIENTED_EDGE('',*,*,#657,.T.);
#461=ORIENTED_EDGE('',*,*,#678,.T.);
#462=ORIENTED_EDGE('',*,*,#601,.F.);
#463=ORIENTED_EDGE('',*,*,#678,.F.);
#464=ORIENTED_EDGE('',*,*,#656,.F.);
#465=ORIENTED_EDGE('',*,*,#567,.T.);
#466=ORIENTED_EDGE('',*,*,#600,.T.);
#467=EDGE_CURVE('',#679,#680,#812,.F.);
#468=EDGE_CURVE('',#681,#680,#813,.F.);
#469=EDGE_CURVE('',#682,#681,#814,.F.);
#470=EDGE_CURVE('',#682,#683,#815,.F.);
#471=EDGE_CURVE('',#683,#679,#816,.F.);
#472=EDGE_CURVE('',#680,#684,#817,.F.);
#473=EDGE_CURVE('',#685,#684,#818,.F.);
#474=EDGE_CURVE('',#685,#686,#819,.T.);
#475=EDGE_CURVE('',#681,#686,#820,.F.);
#476=EDGE_CURVE('',#687,#688,#821,.T.);
#477=EDGE_CURVE('',#689,#688,#822,.F.);
#478=EDGE_CURVE('',#689,#690,#823,.T.);
#479=EDGE_CURVE('',#691,#690,#824,.T.);
#480=EDGE_CURVE('',#691,#687,#825,.F.);
#481=EDGE_CURVE('',#692,#687,#826,.T.);
#482=EDGE_CURVE('',#693,#691,#827,.T.);
#483=EDGE_CURVE('',#693,#694,#828,.F.);
#484=EDGE_CURVE('',#694,#692,#829,.F.);
#485=EDGE_CURVE('',#695,#682,#830,.T.);
#486=EDGE_CURVE('',#696,#695,#831,.F.);
#487=EDGE_CURVE('',#696,#683,#832,.T.);
#488=EDGE_CURVE('',#697,#679,#833,.F.);
#489=EDGE_CURVE('',#698,#683,#834,.F.);
#490=EDGE_CURVE('',#698,#697,#835,.F.);
#491=EDGE_CURVE('',#688,#697,#836,.F.);
#492=EDGE_CURVE('',#689,#698,#837,.F.);
#493=EDGE_CURVE('',#690,#699,#838,.F.);
#494=EDGE_CURVE('',#689,#700,#839,.F.);
#495=EDGE_CURVE('',#700,#699,#840,.F.);
#496=EDGE_CURVE('',#701,#692,#841,.T.);
#497=EDGE_CURVE('',#702,#694,#842,.T.);
#498=EDGE_CURVE('',#702,#701,#843,.F.);
#499=EDGE_CURVE('',#684,#701,#844,.T.);
#500=EDGE_CURVE('',#685,#702,#845,.T.);
#501=EDGE_CURVE('',#686,#703,#846,.T.);
#502=EDGE_CURVE('',#685,#704,#847,.T.);
#503=EDGE_CURVE('',#704,#703,#848,.F.);
#504=EDGE_CURVE('',#705,#693,#849,.F.);
#505=EDGE_CURVE('',#706,#705,#850,.F.);
#506=EDGE_CURVE('',#706,#694,#851,.F.);
#507=EDGE_CURVE('',#707,#690,#852,.F.);
#508=EDGE_CURVE('',#708,#707,#853,.T.);
#509=EDGE_CURVE('',#693,#708,#854,.T.);
#510=EDGE_CURVE('',#682,#709,#855,.F.);
#511=EDGE_CURVE('',#710,#686,#856,.T.);
#512=EDGE_CURVE('',#710,#709,#857,.T.);
#513=EDGE_CURVE('',#687,#697,#29,.T.);
#514=EDGE_CURVE('',#697,#680,#30,.T.);
#515=EDGE_CURVE('',#706,#704,#858,.T.);
#516=EDGE_CURVE('',#701,#687,#31,.T.);
#517=EDGE_CURVE('',#700,#696,#859,.T.);
#518=EDGE_CURVE('',#709,#711,#860,.T.);
#519=EDGE_CURVE('',#695,#711,#861,.T.);
#520=EDGE_CURVE('',#680,#701,#32,.T.);
#521=EDGE_CURVE('',#707,#712,#862,.T.);
#522=EDGE_CURVE('',#712,#699,#863,.T.);
#523=EDGE_CURVE('',#713,#705,#864,.T.);
#524=EDGE_CURVE('',#713,#708,#865,.T.);
#525=EDGE_CURVE('',#714,#715,#866,.T.);
#526=EDGE_CURVE('',#716,#714,#33,.T.);
#527=EDGE_CURVE('',#717,#716,#867,.T.);
#528=EDGE_CURVE('',#717,#715,#34,.T.);
#529=EDGE_CURVE('',#718,#719,#868,.T.);
#530=EDGE_CURVE('',#718,#720,#869,.T.);
#531=EDGE_CURVE('',#721,#720,#870,.T.);
#532=EDGE_CURVE('',#719,#721,#871,.T.);
#533=EDGE_CURVE('',#722,#723,#872,.T.);
#534=EDGE_CURVE('',#722,#724,#873,.T.);
#535=EDGE_CURVE('',#724,#725,#874,.T.);
#536=EDGE_CURVE('',#723,#725,#875,.T.);
#537=EDGE_CURVE('',#726,#727,#876,.T.);
#538=EDGE_CURVE('',#726,#728,#877,.T.);
#539=EDGE_CURVE('',#728,#729,#878,.T.);
#540=EDGE_CURVE('',#727,#729,#879,.T.);
#541=EDGE_CURVE('',#730,#731,#880,.T.);
#542=EDGE_CURVE('',#731,#732,#881,.T.);
#543=EDGE_CURVE('',#732,#733,#882,.T.);
#544=EDGE_CURVE('',#733,#734,#883,.T.);
#545=EDGE_CURVE('',#734,#730,#884,.T.);
#546=EDGE_CURVE('',#735,#736,#885,.T.);
#547=EDGE_CURVE('',#735,#737,#35,.T.);
#548=EDGE_CURVE('',#737,#736,#886,.T.);
#549=EDGE_CURVE('',#738,#739,#887,.T.);
#550=EDGE_CURVE('',#738,#740,#888,.T.);
#551=EDGE_CURVE('',#740,#719,#889,.T.);
#552=EDGE_CURVE('',#721,#741,#890,.T.);
#553=EDGE_CURVE('',#711,#741,#891,.T.);
#554=EDGE_CURVE('',#739,#710,#892,.T.);
#555=EDGE_CURVE('',#742,#743,#893,.T.);
#556=EDGE_CURVE('',#742,#713,#894,.T.);
#557=EDGE_CURVE('',#712,#744,#895,.T.);
#558=EDGE_CURVE('',#720,#744,#896,.T.);
#559=EDGE_CURVE('',#743,#718,#897,.T.);
#560=EDGE_CURVE('',#742,#738,#898,.T.);
#561=EDGE_CURVE('',#703,#739,#899,.T.);
#562=EDGE_CURVE('',#729,#745,#900,.T.);
#563=EDGE_CURVE('',#745,#746,#901,.T.);
#564=EDGE_CURVE('',#727,#746,#902,.T.);
#565=EDGE_CURVE('',#716,#747,#903,.T.);
#566=EDGE_CURVE('',#714,#747,#904,.T.);
#567=EDGE_CURVE('',#748,#749,#905,.T.);
#568=EDGE_CURVE('',#750,#748,#36,.T.);
#569=EDGE_CURVE('',#751,#750,#906,.T.);
#570=EDGE_CURVE('',#751,#749,#37,.T.);
#571=EDGE_CURVE('',#752,#752,#14,.T.);
#572=EDGE_CURVE('',#753,#753,#38,.T.);
#573=EDGE_CURVE('',#754,#735,#907,.T.);
#574=EDGE_CURVE('',#754,#755,#39,.T.);
#575=EDGE_CURVE('',#737,#755,#908,.T.);
#576=EDGE_CURVE('',#756,#757,#909,.T.);
#577=EDGE_CURVE('',#756,#758,#15,.T.);
#578=EDGE_CURVE('',#723,#758,#910,.T.);
#579=EDGE_CURVE('',#725,#759,#911,.T.);
#580=EDGE_CURVE('',#759,#760,#912,.T.);
#581=EDGE_CURVE('',#760,#757,#913,.T.);
#582=EDGE_CURVE('',#722,#761,#914,.T.);
#583=EDGE_CURVE('',#761,#762,#16,.T.);
#584=EDGE_CURVE('',#762,#763,#915,.T.);
#585=EDGE_CURVE('',#764,#763,#916,.T.);
#586=EDGE_CURVE('',#765,#764,#917,.T.);
#587=EDGE_CURVE('',#724,#765,#918,.T.);
#588=EDGE_CURVE('',#758,#761,#17,.T.);
#589=EDGE_CURVE('',#765,#759,#919,.T.);
#590=EDGE_CURVE('',#766,#767,#920,.T.);
#591=EDGE_CURVE('',#767,#768,#921,.F.);
#592=EDGE_CURVE('',#768,#769,#922,.F.);
#593=EDGE_CURVE('',#769,#766,#923,.T.);
#594=EDGE_CURVE('',#760,#764,#924,.T.);
#595=EDGE_CURVE('',#757,#763,#925,.T.);
#596=EDGE_CURVE('',#770,#771,#926,.T.);
#597=EDGE_CURVE('',#770,#772,#927,.T.);
#598=EDGE_CURVE('',#772,#773,#928,.T.);
#599=EDGE_CURVE('',#771,#773,#929,.T.);
#600=EDGE_CURVE('',#749,#774,#930,.T.);
#601=EDGE_CURVE('',#751,#774,#931,.T.);
#602=EDGE_CURVE('',#775,#776,#932,.T.);
#603=EDGE_CURVE('',#775,#777,#933,.T.);
#604=EDGE_CURVE('',#777,#778,#934,.T.);
#605=EDGE_CURVE('',#778,#776,#935,.T.);
#606=EDGE_CURVE('',#741,#744,#936,.T.);
#607=EDGE_CURVE('',#755,#779,#937,.T.);
#608=EDGE_CURVE('',#754,#779,#938,.T.);
#609=EDGE_CURVE('',#780,#781,#939,.T.);
#610=EDGE_CURVE('',#781,#782,#940,.T.);
#611=EDGE_CURVE('',#782,#783,#941,.T.);
#612=EDGE_CURVE('',#783,#784,#942,.T.);
#613=EDGE_CURVE('',#784,#780,#943,.T.);
#614=EDGE_CURVE('',#785,#786,#944,.T.);
#615=EDGE_CURVE('',#785,#787,#945,.T.);
#616=EDGE_CURVE('',#787,#788,#946,.T.);
#617=EDGE_CURVE('',#786,#788,#947,.T.);
#618=EDGE_CURVE('',#789,#790,#948,.T.);
#619=EDGE_CURVE('',#790,#783,#949,.F.);
#620=EDGE_CURVE('',#782,#767,#950,.F.);
#621=EDGE_CURVE('',#766,#731,#951,.T.);
#622=EDGE_CURVE('',#730,#789,#952,.T.);
#623=EDGE_CURVE('',#791,#788,#953,.T.);
#624=EDGE_CURVE('',#791,#792,#18,.T.);
#625=EDGE_CURVE('',#792,#786,#954,.T.);
#626=EDGE_CURVE('',#793,#773,#955,.T.);
#627=EDGE_CURVE('',#793,#791,#19,.T.);
#628=EDGE_CURVE('',#794,#787,#956,.T.);
#629=EDGE_CURVE('',#794,#771,#957,.T.);
#630=EDGE_CURVE('',#792,#795,#20,.T.);
#631=EDGE_CURVE('',#795,#772,#958,.T.);
#632=EDGE_CURVE('',#796,#770,#959,.T.);
#633=EDGE_CURVE('',#796,#785,#960,.T.);
#634=EDGE_CURVE('',#794,#796,#961,.T.);
#635=EDGE_CURVE('',#762,#756,#21,.T.);
#636=EDGE_CURVE('',#795,#793,#22,.T.);
#637=EDGE_CURVE('',#797,#797,#40,.T.);
#638=EDGE_CURVE('',#798,#798,#41,.T.);
#639=EDGE_CURVE('',#799,#800,#962,.T.);
#640=EDGE_CURVE('',#800,#801,#963,.T.);
#641=EDGE_CURVE('',#801,#802,#964,.T.);
#642=EDGE_CURVE('',#802,#799,#965,.T.);
#643=EDGE_CURVE('',#803,#803,#42,.T.);
#644=EDGE_CURVE('',#804,#805,#966,.T.);
#645=EDGE_CURVE('',#805,#775,#967,.T.);
#646=EDGE_CURVE('',#776,#804,#968,.T.);
#647=EDGE_CURVE('',#768,#805,#969,.T.);
#648=EDGE_CURVE('',#804,#769,#970,.F.);
#649=EDGE_CURVE('',#728,#806,#971,.T.);
#650=EDGE_CURVE('',#806,#745,#972,.T.);
#651=EDGE_CURVE('',#807,#746,#973,.T.);
#652=EDGE_CURVE('',#726,#807,#974,.T.);
#653=EDGE_CURVE('',#806,#807,#975,.T.);
#654=EDGE_CURVE('',#715,#808,#976,.T.);
#655=EDGE_CURVE('',#717,#808,#977,.T.);
#656=EDGE_CURVE('',#748,#809,#978,.T.);
#657=EDGE_CURVE('',#750,#809,#979,.T.);
#658=EDGE_CURVE('',#810,#811,#980,.T.);
#659=EDGE_CURVE('',#811,#790,#981,.T.);
#660=EDGE_CURVE('',#789,#810,#982,.T.);
#661=EDGE_CURVE('',#775,#781,#983,.F.);
#662=EDGE_CURVE('',#732,#776,#984,.F.);
#663=EDGE_CURVE('',#777,#780,#985,.F.);
#664=EDGE_CURVE('',#778,#802,#986,.F.);
#665=EDGE_CURVE('',#799,#777,#987,.F.);
#666=EDGE_CURVE('',#733,#778,#988,.T.);
#667=EDGE_CURVE('',#799,#780,#989,.T.);
#668=EDGE_CURVE('',#733,#802,#990,.F.);
#669=EDGE_CURVE('',#784,#811,#991,.F.);
#670=EDGE_CURVE('',#800,#784,#992,.F.);
#671=EDGE_CURVE('',#734,#801,#993,.T.);
#672=EDGE_CURVE('',#810,#734,#994,.T.);
#673=EDGE_CURVE('',#800,#811,#995,.T.);
#674=EDGE_CURVE('',#810,#801,#996,.T.);
#675=EDGE_CURVE('',#779,#743,#997,.T.);
#676=EDGE_CURVE('',#740,#736,#998,.T.);
#677=EDGE_CURVE('',#747,#808,#999,.T.);
#678=EDGE_CURVE('',#809,#774,#1000,.T.);
#679=VERTEX_POINT('',#2056);
#680=VERTEX_POINT('',#2057);
#681=VERTEX_POINT('',#2059);
#682=VERTEX_POINT('',#2061);
#683=VERTEX_POINT('',#2063);
#684=VERTEX_POINT('',#2067);
#685=VERTEX_POINT('',#2069);
#686=VERTEX_POINT('',#2071);
#687=VERTEX_POINT('',#2075);
#688=VERTEX_POINT('',#2076);
#689=VERTEX_POINT('',#2078);
#690=VERTEX_POINT('',#2080);
#691=VERTEX_POINT('',#2082);
#692=VERTEX_POINT('',#2086);
#693=VERTEX_POINT('',#2088);
#694=VERTEX_POINT('',#2090);
#695=VERTEX_POINT('',#2094);
#696=VERTEX_POINT('',#2096);
#697=VERTEX_POINT('',#2100);
#698=VERTEX_POINT('',#2102);
#699=VERTEX_POINT('',#2109);
#700=VERTEX_POINT('',#2111);
#701=VERTEX_POINT('',#2115);
#702=VERTEX_POINT('',#2117);
#703=VERTEX_POINT('',#2124);
#704=VERTEX_POINT('',#2126);
#705=VERTEX_POINT('',#2130);
#706=VERTEX_POINT('',#2132);
#707=VERTEX_POINT('',#2136);
#708=VERTEX_POINT('',#2138);
#709=VERTEX_POINT('',#2142);
#710=VERTEX_POINT('',#2144);
#711=VERTEX_POINT('',#2158);
#712=VERTEX_POINT('',#2164);
#713=VERTEX_POINT('',#2168);
#714=VERTEX_POINT('',#2172);
#715=VERTEX_POINT('',#2173);
#716=VERTEX_POINT('',#2175);
#717=VERTEX_POINT('',#2177);
#718=VERTEX_POINT('',#2181);
#719=VERTEX_POINT('',#2182);
#720=VERTEX_POINT('',#2184);
#721=VERTEX_POINT('',#2186);
#722=VERTEX_POINT('',#2190);
#723=VERTEX_POINT('',#2191);
#724=VERTEX_POINT('',#2193);
#725=VERTEX_POINT('',#2195);
#726=VERTEX_POINT('',#2198);
#727=VERTEX_POINT('',#2199);
#728=VERTEX_POINT('',#2201);
#729=VERTEX_POINT('',#2203);
#730=VERTEX_POINT('',#2206);
#731=VERTEX_POINT('',#2207);
#732=VERTEX_POINT('',#2209);
#733=VERTEX_POINT('',#2211);
#734=VERTEX_POINT('',#2213);
#735=VERTEX_POINT('',#2216);
#736=VERTEX_POINT('',#2217);
#737=VERTEX_POINT('',#2219);
#738=VERTEX_POINT('',#2223);
#739=VERTEX_POINT('',#2224);
#740=VERTEX_POINT('',#2226);
#741=VERTEX_POINT('',#2229);
#742=VERTEX_POINT('',#2234);
#743=VERTEX_POINT('',#2235);
#744=VERTEX_POINT('',#2238);
#745=VERTEX_POINT('',#2246);
#746=VERTEX_POINT('',#2248);
#747=VERTEX_POINT('',#2251);
#748=VERTEX_POINT('',#2255);
#749=VERTEX_POINT('',#2256);
#750=VERTEX_POINT('',#2258);
#751=VERTEX_POINT('',#2260);
#752=VERTEX_POINT('',#2276);
#753=VERTEX_POINT('',#2278);
#754=VERTEX_POINT('',#2281);
#755=VERTEX_POINT('',#2283);
#756=VERTEX_POINT('',#2287);
#757=VERTEX_POINT('',#2288);
#758=VERTEX_POINT('',#2305);
#759=VERTEX_POINT('',#2308);
#760=VERTEX_POINT('',#2310);
#761=VERTEX_POINT('',#2314);
#762=VERTEX_POINT('',#2331);
#763=VERTEX_POINT('',#2333);
#764=VERTEX_POINT('',#2335);
#765=VERTEX_POINT('',#2337);
#766=VERTEX_POINT('',#2348);
#767=VERTEX_POINT('',#2349);
#768=VERTEX_POINT('',#2351);
#769=VERTEX_POINT('',#2353);
#770=VERTEX_POINT('',#2358);
#771=VERTEX_POINT('',#2359);
#772=VERTEX_POINT('',#2361);
#773=VERTEX_POINT('',#2363);
#774=VERTEX_POINT('',#2367);
#775=VERTEX_POINT('',#2370);
#776=VERTEX_POINT('',#2371);
#777=VERTEX_POINT('',#2373);
#778=VERTEX_POINT('',#2375);
#779=VERTEX_POINT('',#2380);
#780=VERTEX_POINT('',#2383);
#781=VERTEX_POINT('',#2384);
#782=VERTEX_POINT('',#2386);
#783=VERTEX_POINT('',#2388);
#784=VERTEX_POINT('',#2390);
#785=VERTEX_POINT('',#2393);
#786=VERTEX_POINT('',#2394);
#787=VERTEX_POINT('',#2396);
#788=VERTEX_POINT('',#2398);
#789=VERTEX_POINT('',#2402);
#790=VERTEX_POINT('',#2403);
#791=VERTEX_POINT('',#2410);
#792=VERTEX_POINT('',#2415);
#793=VERTEX_POINT('',#2419);
#794=VERTEX_POINT('',#2437);
#795=VERTEX_POINT('',#2456);
#796=VERTEX_POINT('',#2459);
#797=VERTEX_POINT('',#2477);
#798=VERTEX_POINT('',#2479);
#799=VERTEX_POINT('',#2482);
#800=VERTEX_POINT('',#2483);
#801=VERTEX_POINT('',#2485);
#802=VERTEX_POINT('',#2487);
#803=VERTEX_POINT('',#2524);
#804=VERTEX_POINT('',#2526);
#805=VERTEX_POINT('',#2527);
#806=VERTEX_POINT('',#2538);
#807=VERTEX_POINT('',#2542);
#808=VERTEX_POINT('',#2549);
#809=VERTEX_POINT('',#2552);
#810=VERTEX_POINT('',#2556);
#811=VERTEX_POINT('',#2557);
#812=LINE('',#2055,#1001);
#813=LINE('',#2058,#1002);
#814=LINE('',#2060,#1003);
#815=LINE('',#2062,#1004);
#816=LINE('',#2064,#1005);
#817=LINE('',#2066,#1006);
#818=LINE('',#2068,#1007);
#819=LINE('',#2070,#1008);
#820=LINE('',#2072,#1009);
#821=LINE('',#2074,#1010);
#822=LINE('',#2077,#1011);
#823=LINE('',#2079,#1012);
#824=LINE('',#2081,#1013);
#825=LINE('',#2083,#1014);
#826=LINE('',#2085,#1015);
#827=LINE('',#2087,#1016);
#828=LINE('',#2089,#1017);
#829=LINE('',#2091,#1018);
#830=LINE('',#2093,#1019);
#831=LINE('',#2095,#1020);
#832=LINE('',#2097,#1021);
#833=LINE('',#2099,#1022);
#834=LINE('',#2101,#1023);
#835=LINE('',#2103,#1024);
#836=LINE('',#2105,#1025);
#837=LINE('',#2106,#1026);
#838=LINE('',#2108,#1027);
#839=LINE('',#2110,#1028);
#840=LINE('',#2112,#1029);
#841=LINE('',#2114,#1030);
#842=LINE('',#2116,#1031);
#843=LINE('',#2118,#1032);
#844=LINE('',#2120,#1033);
#845=LINE('',#2121,#1034);
#846=LINE('',#2123,#1035);
#847=LINE('',#2125,#1036);
#848=LINE('',#2127,#1037);
#849=LINE('',#2129,#1038);
#850=LINE('',#2131,#1039);
#851=LINE('',#2133,#1040);
#852=LINE('',#2135,#1041);
#853=LINE('',#2137,#1042);
#854=LINE('',#2139,#1043);
#855=LINE('',#2141,#1044);
#856=LINE('',#2143,#1045);
#857=LINE('',#2145,#1046);
#858=LINE('',#2151,#1047);
#859=LINE('',#2155,#1048);
#860=LINE('',#2157,#1049);
#861=LINE('',#2159,#1050);
#862=LINE('',#2163,#1051);
#863=LINE('',#2165,#1052);
#864=LINE('',#2167,#1053);
#865=LINE('',#2169,#1054);
#866=LINE('',#2171,#1055);
#867=LINE('',#2176,#1056);
#868=LINE('',#2180,#1057);
#869=LINE('',#2183,#1058);
#870=LINE('',#2185,#1059);
#871=LINE('',#2187,#1060);
#872=LINE('',#2189,#1061);
#873=LINE('',#2192,#1062);
#874=LINE('',#2194,#1063);
#875=LINE('',#2196,#1064);
#876=LINE('',#2197,#1065);
#877=LINE('',#2200,#1066);
#878=LINE('',#2202,#1067);
#879=LINE('',#2204,#1068);
#880=LINE('',#2205,#1069);
#881=LINE('',#2208,#1070);
#882=LINE('',#2210,#1071);
#883=LINE('',#2212,#1072);
#884=LINE('',#2214,#1073);
#885=LINE('',#2215,#1074);
#886=LINE('',#2220,#1075);
#887=LINE('',#2222,#1076);
#888=LINE('',#2225,#1077);
#889=LINE('',#2227,#1078);
#890=LINE('',#2228,#1079);
#891=LINE('',#2230,#1080);
#892=LINE('',#2231,#1081);
#893=LINE('',#2233,#1082);
#894=LINE('',#2236,#1083);
#895=LINE('',#2237,#1084);
#896=LINE('',#2239,#1085);
#897=LINE('',#2240,#1086);
#898=LINE('',#2242,#1087);
#899=LINE('',#2243,#1088);
#900=LINE('',#2245,#1089);
#901=LINE('',#2247,#1090);
#902=LINE('',#2249,#1091);
#903=LINE('',#2250,#1092);
#904=LINE('',#2252,#1093);
#905=LINE('',#2254,#1094);
#906=LINE('',#2259,#1095);
#907=LINE('',#2280,#1096);
#908=LINE('',#2284,#1097);
#909=LINE('',#2286,#1098);
#910=LINE('',#2306,#1099);
#911=LINE('',#2307,#1100);
#912=LINE('',#2309,#1101);
#913=LINE('',#2311,#1102);
#914=LINE('',#2313,#1103);
#915=LINE('',#2332,#1104);
#916=LINE('',#2334,#1105);
#917=LINE('',#2336,#1106);
#918=LINE('',#2338,#1107);
#919=LINE('',#2345,#1108);
#920=LINE('',#2347,#1109);
#921=LINE('',#2350,#1110);
#922=LINE('',#2352,#1111);
#923=LINE('',#2354,#1112);
#924=LINE('',#2355,#1113);
#925=LINE('',#2356,#1114);
#926=LINE('',#2357,#1115);
#927=LINE('',#2360,#1116);
#928=LINE('',#2362,#1117);
#929=LINE('',#2364,#1118);
#930=LINE('',#2366,#1119);
#931=LINE('',#2368,#1120);
#932=LINE('',#2369,#1121);
#933=LINE('',#2372,#1122);
#934=LINE('',#2374,#1123);
#935=LINE('',#2376,#1124);
#936=LINE('',#2377,#1125);
#937=LINE('',#2379,#1126);
#938=LINE('',#2381,#1127);
#939=LINE('',#2382,#1128);
#940=LINE('',#2385,#1129);
#941=LINE('',#2387,#1130);
#942=LINE('',#2389,#1131);
#943=LINE('',#2391,#1132);
#944=LINE('',#2392,#1133);
#945=LINE('',#2395,#1134);
#946=LINE('',#2397,#1135);
#947=LINE('',#2399,#1136);
#948=LINE('',#2401,#1137);
#949=LINE('',#2404,#1138);
#950=LINE('',#2405,#1139);
#951=LINE('',#2406,#1140);
#952=LINE('',#2407,#1141);
#953=LINE('',#2409,#1142);
#954=LINE('',#2416,#1143);
#955=LINE('',#2418,#1144);
#956=LINE('',#2436,#1145);
#957=LINE('',#2438,#1146);
#958=LINE('',#2457,#1147);
#959=LINE('',#2458,#1148);
#960=LINE('',#2460,#1149);
#961=LINE('',#2462,#1150);
#962=LINE('',#2481,#1151);
#963=LINE('',#2484,#1152);
#964=LINE('',#2486,#1153);
#965=LINE('',#2488,#1154);
#966=LINE('',#2525,#1155);
#967=LINE('',#2528,#1156);
#968=LINE('',#2529,#1157);
#969=LINE('',#2531,#1158);
#970=LINE('',#2532,#1159);
#971=LINE('',#2537,#1160);
#972=LINE('',#2539,#1161);
#973=LINE('',#2541,#1162);
#974=LINE('',#2543,#1163);
#975=LINE('',#2545,#1164);
#976=LINE('',#2548,#1165);
#977=LINE('',#2550,#1166);
#978=LINE('',#2551,#1167);
#979=LINE('',#2553,#1168);
#980=LINE('',#2555,#1169);
#981=LINE('',#2558,#1170);
#982=LINE('',#2559,#1171);
#983=LINE('',#2561,#1172);
#984=LINE('',#2563,#1173);
#985=LINE('',#2565,#1174);
#986=LINE('',#2567,#1175);
#987=LINE('',#2568,#1176);
#988=LINE('',#2570,#1177);
#989=LINE('',#2572,#1178);
#990=LINE('',#2574,#1179);
#991=LINE('',#2576,#1180);
#992=LINE('',#2578,#1181);
#993=LINE('',#2580,#1182);
#994=LINE('',#2582,#1183);
#995=LINE('',#2584,#1184);
#996=LINE('',#2586,#1185);
#997=LINE('',#2589,#1186);
#998=LINE('',#2590,#1187);
#999=LINE('',#2593,#1188);
#1000=LINE('',#2596,#1189);
#1001=VECTOR('',#1672,1.);
#1002=VECTOR('',#1673,1.);
#1003=VECTOR('',#1674,1.);
#1004=VECTOR('',#1675,1.);
#1005=VECTOR('',#1676,1.);
#1006=VECTOR('',#1679,1.);
#1007=VECTOR('',#1680,1.);
#1008=VECTOR('',#1681,1.);
#1009=VECTOR('',#1682,1.);
#1010=VECTOR('',#1685,1.);
#1011=VECTOR('',#1686,1.);
#1012=VECTOR('',#1687,1.);
#1013=VECTOR('',#1688,1.);
#1014=VECTOR('',#1689,1.);
#1015=VECTOR('',#1692,1.);
#1016=VECTOR('',#1693,1.);
#1017=VECTOR('',#1694,1.);
#1018=VECTOR('',#1695,1.);
#1019=VECTOR('',#1698,1.);
#1020=VECTOR('',#1699,1.);
#1021=VECTOR('',#1700,1.);
#1022=VECTOR('',#1703,1.);
#1023=VECTOR('',#1704,1.);
#1024=VECTOR('',#1705,1.);
#1025=VECTOR('',#1708,1.);
#1026=VECTOR('',#1709,1.);
#1027=VECTOR('',#1712,1.);
#1028=VECTOR('',#1713,1.);
#1029=VECTOR('',#1714,1.);
#1030=VECTOR('',#1717,1.);
#1031=VECTOR('',#1718,1.);
#1032=VECTOR('',#1719,1.);
#1033=VECTOR('',#1722,1.);
#1034=VECTOR('',#1723,1.);
#1035=VECTOR('',#1726,1.);
#1036=VECTOR('',#1727,1.);
#1037=VECTOR('',#1728,1.);
#1038=VECTOR('',#1731,1.);
#1039=VECTOR('',#1732,1.);
#1040=VECTOR('',#1733,1.);
#1041=VECTOR('',#1736,1.);
#1042=VECTOR('',#1737,1.);
#1043=VECTOR('',#1738,1.);
#1044=VECTOR('',#1741,1.);
#1045=VECTOR('',#1742,1.);
#1046=VECTOR('',#1743,1.);
#1047=VECTOR('',#1754,1.);
#1048=VECTOR('',#1761,1.);
#1049=VECTOR('',#1764,1.);
#1050=VECTOR('',#1765,1.);
#1051=VECTOR('',#1772,1.);
#1052=VECTOR('',#1773,1.);
#1053=VECTOR('',#1776,1.);
#1054=VECTOR('',#1777,1.);
#1055=VECTOR('',#1780,1.);
#1056=VECTOR('',#1783,1.);
#1057=VECTOR('',#1788,1.);
#1058=VECTOR('',#1789,1.);
#1059=VECTOR('',#1790,1.);
#1060=VECTOR('',#1791,1.);
#1061=VECTOR('',#1794,1.);
#1062=VECTOR('',#1795,1.);
#1063=VECTOR('',#1796,1.);
#1064=VECTOR('',#1797,1.);
#1065=VECTOR('',#1798,1.);
#1066=VECTOR('',#1799,1.);
#1067=VECTOR('',#1800,1.);
#1068=VECTOR('',#1801,1.);
#1069=VECTOR('',#1802,1.);
#1070=VECTOR('',#1803,1.);
#1071=VECTOR('',#1804,1.);
#1072=VECTOR('',#1805,1.);
#1073=VECTOR('',#1806,1.);
#1074=VECTOR('',#1807,1.);
#1075=VECTOR('',#1810,1.);
#1076=VECTOR('',#1813,1.);
#1077=VECTOR('',#1814,1.);
#1078=VECTOR('',#1815,1.);
#1079=VECTOR('',#1816,1.);
#1080=VECTOR('',#1817,1.);
#1081=VECTOR('',#1818,1.);
#1082=VECTOR('',#1821,1.);
#1083=VECTOR('',#1822,1.);
#1084=VECTOR('',#1823,1.);
#1085=VECTOR('',#1824,1.);
#1086=VECTOR('',#1825,1.);
#1087=VECTOR('',#1828,1.);
#1088=VECTOR('',#1829,1.);
#1089=VECTOR('',#1832,1.);
#1090=VECTOR('',#1833,1.);
#1091=VECTOR('',#1834,1.);
#1092=VECTOR('',#1835,1.);
#1093=VECTOR('',#1836,1.);
#1094=VECTOR('',#1839,1.);
#1095=VECTOR('',#1842,1.);
#1096=VECTOR('',#1851,1.);
#1097=VECTOR('',#1854,1.);
#1098=VECTOR('',#1857,1.);
#1099=VECTOR('',#1858,1.);
#1100=VECTOR('',#1859,1.);
#1101=VECTOR('',#1860,1.);
#1102=VECTOR('',#1861,1.);
#1103=VECTOR('',#1864,1.);
#1104=VECTOR('',#1865,1.);
#1105=VECTOR('',#1866,1.);
#1106=VECTOR('',#1867,1.);
#1107=VECTOR('',#1868,1.);
#1108=VECTOR('',#1873,1.);
#1109=VECTOR('',#1876,1.);
#1110=VECTOR('',#1877,1.);
#1111=VECTOR('',#1878,1.);
#1112=VECTOR('',#1879,1.);
#1113=VECTOR('',#1880,1.);
#1114=VECTOR('',#1881,1.);
#1115=VECTOR('',#1882,1.);
#1116=VECTOR('',#1883,1.);
#1117=VECTOR('',#1884,1.);
#1118=VECTOR('',#1885,1.);
#1119=VECTOR('',#1888,1.);
#1120=VECTOR('',#1889,1.);
#1121=VECTOR('',#1890,1.);
#1122=VECTOR('',#1891,1.);
#1123=VECTOR('',#1892,1.);
#1124=VECTOR('',#1893,1.);
#1125=VECTOR('',#1894,1.);
#1126=VECTOR('',#1897,1.);
#1127=VECTOR('',#1898,1.);
#1128=VECTOR('',#1899,1.);
#1129=VECTOR('',#1900,1.);
#1130=VECTOR('',#1901,1.);
#1131=VECTOR('',#1902,1.);
#1132=VECTOR('',#1903,1.);
#1133=VECTOR('',#1904,1.);
#1134=VECTOR('',#1905,1.);
#1135=VECTOR('',#1906,1.);
#1136=VECTOR('',#1907,1.);
#1137=VECTOR('',#1910,1.);
#1138=VECTOR('',#1911,1.);
#1139=VECTOR('',#1912,1.);
#1140=VECTOR('',#1913,1.);
#1141=VECTOR('',#1914,1.);
#1142=VECTOR('',#1917,1.);
#1143=VECTOR('',#1918,1.);
#1144=VECTOR('',#1921,1.);
#1145=VECTOR('',#1922,1.);
#1146=VECTOR('',#1923,1.);
#1147=VECTOR('',#1926,1.);
#1148=VECTOR('',#1927,1.);
#1149=VECTOR('',#1928,1.);
#1150=VECTOR('',#1931,1.);
#1151=VECTOR('',#1948,1.);
#1152=VECTOR('',#1949,1.);
#1153=VECTOR('',#1950,1.);
#1154=VECTOR('',#1951,1.);
#1155=VECTOR('',#1958,1.);
#1156=VECTOR('',#1959,1.);
#1157=VECTOR('',#1960,1.);
#1158=VECTOR('',#1963,1.);
#1159=VECTOR('',#1964,1.);
#1160=VECTOR('',#1973,1.);
#1161=VECTOR('',#1974,1.);
#1162=VECTOR('',#1977,1.);
#1163=VECTOR('',#1978,1.);
#1164=VECTOR('',#1981,1.);
#1165=VECTOR('',#1986,1.);
#1166=VECTOR('',#1987,1.);
#1167=VECTOR('',#1988,1.);
#1168=VECTOR('',#1989,1.);
#1169=VECTOR('',#1992,1.);
#1170=VECTOR('',#1993,1.);
#1171=VECTOR('',#1994,1.);
#1172=VECTOR('',#1997,1.);
#1173=VECTOR('',#2000,1.);
#1174=VECTOR('',#2003,1.);
#1175=VECTOR('',#2006,1.);
#1176=VECTOR('',#2007,1.);
#1177=VECTOR('',#2010,1.);
#1178=VECTOR('',#2013,1.);
#1179=VECTOR('',#2016,1.);
#1180=VECTOR('',#2019,1.);
#1181=VECTOR('',#2022,1.);
#1182=VECTOR('',#2025,1.);
#1183=VECTOR('',#2028,1.);
#1184=VECTOR('',#2031,1.);
#1185=VECTOR('',#2034,1.);
#1186=VECTOR('',#2039,1.);
#1187=VECTOR('',#2040,1.);
#1188=VECTOR('',#2045,1.);
#1189=VECTOR('',#2050,1.);
#1190=EDGE_LOOP('',(#43,#44,#45,#46,#47));
#1191=EDGE_LOOP('',(#48,#49,#50,#51,#52));
#1192=EDGE_LOOP('',(#53,#54,#55,#56,#57));
#1193=EDGE_LOOP('',(#58,#59,#60,#61,#62));
#1194=EDGE_LOOP('',(#63,#64,#65,#66));
#1195=EDGE_LOOP('',(#67,#68,#69,#70));
#1196=EDGE_LOOP('',(#71,#72,#73,#74));
#1197=EDGE_LOOP('',(#75,#76,#77,#78));
#1198=EDGE_LOOP('',(#79,#80,#81,#82));
#1199=EDGE_LOOP('',(#83,#84,#85,#86));
#1200=EDGE_LOOP('',(#87,#88,#89,#90));
#1201=EDGE_LOOP('',(#91,#92,#93,#94));
#1202=EDGE_LOOP('',(#95,#96,#97,#98,#99));
#1203=EDGE_LOOP('',(#100,#101,#102,#103,#104));
#1204=EDGE_LOOP('',(#105,#106,#107));
#1205=EDGE_LOOP('',(#108,#109,#110));
#1206=EDGE_LOOP('',(#111,#112,#113,#114,#115));
#1207=EDGE_LOOP('',(#116,#117,#118));
#1208=EDGE_LOOP('',(#119,#120,#121,#122,#123));
#1209=EDGE_LOOP('',(#124,#125,#126,#127));
#1210=EDGE_LOOP('',(#128,#129,#130));
#1211=EDGE_LOOP('',(#131,#132,#133,#134));
#1212=EDGE_LOOP('',(#135,#136,#137,#138));
#1213=EDGE_LOOP('',(#139,#140,#141,#142));
#1214=EDGE_LOOP('',(#143,#144,#145,#146));
#1215=EDGE_LOOP('',(#147,#148,#149,#150));
#1216=EDGE_LOOP('',(#151,#152,#153,#154));
#1217=EDGE_LOOP('',(#155,#156,#157,#158,#159));
#1218=EDGE_LOOP('',(#160,#161,#162));
#1219=EDGE_LOOP('',(#163,#164,#165,#166,#167,#168,#169,#170,#171));
#1220=EDGE_LOOP('',(#172,#173,#174,#175,#176,#177,#178,#179,#180));
#1221=EDGE_LOOP('',(#181,#182,#183,#184,#185,#186,#187,#188));
#1222=EDGE_LOOP('',(#189,#190,#191,#192));
#1223=EDGE_LOOP('',(#193,#194,#195));
#1224=EDGE_LOOP('',(#196,#197,#198,#199));
#1225=EDGE_LOOP('',(#200));
#1226=EDGE_LOOP('',(#201));
#1227=EDGE_LOOP('',(#202,#203,#204,#205));
#1228=EDGE_LOOP('',(#206,#207,#208,#209,#210,#211,#212));
#1229=EDGE_LOOP('',(#213,#214,#215,#216,#217,#218,#219));
#1230=EDGE_LOOP('',(#220,#221,#222,#223));
#1231=EDGE_LOOP('',(#224,#225,#226,#227));
#1232=EDGE_LOOP('',(#228,#229,#230,#231));
#1233=EDGE_LOOP('',(#232,#233,#234,#235));
#1234=EDGE_LOOP('',(#236,#237,#238,#239));
#1235=EDGE_LOOP('',(#240,#241,#242));
#1236=EDGE_LOOP('',(#243,#244,#245,#246));
#1237=EDGE_LOOP('',(#247,#248,#249,#250,#251,#252,#253,#254));
#1238=EDGE_LOOP('',(#255,#256,#257));
#1239=EDGE_LOOP('',(#258,#259,#260,#261,#262));
#1240=EDGE_LOOP('',(#263,#264,#265,#266));
#1241=EDGE_LOOP('',(#267,#268,#269,#270,#271,#272,#273,#274));
#1242=EDGE_LOOP('',(#275,#276,#277,#278));
#1243=EDGE_LOOP('',(#279,#280,#281,#282,#283,#284,#285));
#1244=EDGE_LOOP('',(#286,#287,#288,#289,#290,#291,#292));
#1245=EDGE_LOOP('',(#293,#294,#295,#296));
#1246=EDGE_LOOP('',(#297,#298,#299,#300));
#1247=EDGE_LOOP('',(#301,#302,#303,#304));
#1248=EDGE_LOOP('',(#305,#306,#307,#308));
#1249=EDGE_LOOP('',(#309,#310,#311,#312));
#1250=EDGE_LOOP('',(#313));
#1251=EDGE_LOOP('',(#314));
#1252=EDGE_LOOP('',(#315));
#1253=EDGE_LOOP('',(#316,#317,#318,#319));
#1254=EDGE_LOOP('',(#320));
#1255=EDGE_LOOP('',(#321));
#1256=EDGE_LOOP('',(#322,#323,#324,#325));
#1257=EDGE_LOOP('',(#326,#327,#328,#329));
#1258=EDGE_LOOP('',(#330));
#1259=EDGE_LOOP('',(#331,#332,#333,#334));
#1260=EDGE_LOOP('',(#335,#336,#337,#338));
#1261=EDGE_LOOP('',(#339,#340,#341,#342));
#1262=EDGE_LOOP('',(#343));
#1263=EDGE_LOOP('',(#344,#345,#346,#347));
#1264=EDGE_LOOP('',(#348,#349,#350,#351));
#1265=EDGE_LOOP('',(#352,#353,#354,#355));
#1266=EDGE_LOOP('',(#356,#357,#358,#359));
#1267=EDGE_LOOP('',(#360,#361,#362,#363));
#1268=EDGE_LOOP('',(#364,#365,#366,#367));
#1269=EDGE_LOOP('',(#368));
#1270=EDGE_LOOP('',(#369,#370,#371));
#1271=EDGE_LOOP('',(#372,#373,#374));
#1272=EDGE_LOOP('',(#375,#376,#377,#378));
#1273=EDGE_LOOP('',(#379,#380,#381,#382,#383,#384));
#1274=EDGE_LOOP('',(#385,#386,#387,#388,#389,#390));
#1275=EDGE_LOOP('',(#391,#392,#393,#394));
#1276=EDGE_LOOP('',(#395,#396,#397,#398));
#1277=EDGE_LOOP('',(#399,#400,#401,#402));
#1278=EDGE_LOOP('',(#403,#404,#405));
#1279=EDGE_LOOP('',(#406,#407,#408));
#1280=EDGE_LOOP('',(#409,#410,#411,#412));
#1281=EDGE_LOOP('',(#413,#414,#415,#416));
#1282=EDGE_LOOP('',(#417,#418,#419,#420));
#1283=EDGE_LOOP('',(#421,#422,#423,#424));
#1284=EDGE_LOOP('',(#425,#426,#427));
#1285=EDGE_LOOP('',(#428,#429,#430));
#1286=EDGE_LOOP('',(#431,#432,#433,#434));
#1287=EDGE_LOOP('',(#435,#436,#437,#438,#439,#440,#441,#442));
#1288=EDGE_LOOP('',(#443,#444,#445,#446,#447,#448,#449,#450));
#1289=EDGE_LOOP('',(#451,#452,#453,#454));
#1290=EDGE_LOOP('',(#455,#456,#457,#458));
#1291=EDGE_LOOP('',(#459,#460,#461,#462));
#1292=EDGE_LOOP('',(#463,#464,#465,#466));
#1293=FACE_BOUND('',#1190,.T.);
#1294=FACE_BOUND('',#1191,.T.);
#1295=FACE_BOUND('',#1192,.T.);
#1296=FACE_BOUND('',#1193,.T.);
#1297=FACE_BOUND('',#1194,.T.);
#1298=FACE_BOUND('',#1195,.T.);
#1299=FACE_BOUND('',#1196,.T.);
#1300=FACE_BOUND('',#1197,.T.);
#1301=FACE_BOUND('',#1198,.T.);
#1302=FACE_BOUND('',#1199,.T.);
#1303=FACE_BOUND('',#1200,.T.);
#1304=FACE_BOUND('',#1201,.T.);
#1305=FACE_BOUND('',#1202,.T.);
#1306=FACE_BOUND('',#1203,.T.);
#1307=FACE_BOUND('',#1204,.T.);
#1308=FACE_BOUND('',#1205,.T.);
#1309=FACE_BOUND('',#1206,.T.);
#1310=FACE_BOUND('',#1207,.T.);
#1311=FACE_BOUND('',#1208,.T.);
#1312=FACE_BOUND('',#1209,.T.);
#1313=FACE_BOUND('',#1210,.T.);
#1314=FACE_BOUND('',#1211,.T.);
#1315=FACE_BOUND('',#1212,.T.);
#1316=FACE_BOUND('',#1213,.T.);
#1317=FACE_BOUND('',#1214,.T.);
#1318=FACE_BOUND('',#1215,.T.);
#1319=FACE_BOUND('',#1216,.T.);
#1320=FACE_BOUND('',#1217,.T.);
#1321=FACE_BOUND('',#1218,.T.);
#1322=FACE_BOUND('',#1219,.T.);
#1323=FACE_BOUND('',#1220,.T.);
#1324=FACE_BOUND('',#1221,.T.);
#1325=FACE_BOUND('',#1222,.T.);
#1326=FACE_BOUND('',#1223,.T.);
#1327=FACE_BOUND('',#1224,.T.);
#1328=FACE_BOUND('',#1225,.T.);
#1329=FACE_BOUND('',#1226,.T.);
#1330=FACE_BOUND('',#1227,.T.);
#1331=FACE_BOUND('',#1228,.T.);
#1332=FACE_BOUND('',#1229,.T.);
#1333=FACE_BOUND('',#1230,.T.);
#1334=FACE_BOUND('',#1231,.T.);
#1335=FACE_BOUND('',#1232,.T.);
#1336=FACE_BOUND('',#1233,.T.);
#1337=FACE_BOUND('',#1234,.T.);
#1338=FACE_BOUND('',#1235,.T.);
#1339=FACE_BOUND('',#1236,.T.);
#1340=FACE_BOUND('',#1237,.T.);
#1341=FACE_BOUND('',#1238,.T.);
#1342=FACE_BOUND('',#1239,.T.);
#1343=FACE_BOUND('',#1240,.T.);
#1344=FACE_BOUND('',#1241,.T.);
#1345=FACE_BOUND('',#1242,.T.);
#1346=FACE_BOUND('',#1243,.T.);
#1347=FACE_BOUND('',#1244,.T.);
#1348=FACE_BOUND('',#1245,.T.);
#1349=FACE_BOUND('',#1246,.T.);
#1350=FACE_BOUND('',#1247,.T.);
#1351=FACE_BOUND('',#1248,.T.);
#1352=FACE_BOUND('',#1249,.T.);
#1353=FACE_BOUND('',#1250,.T.);
#1354=FACE_BOUND('',#1251,.T.);
#1355=FACE_BOUND('',#1252,.T.);
#1356=FACE_BOUND('',#1253,.T.);
#1357=FACE_BOUND('',#1254,.T.);
#1358=FACE_BOUND('',#1255,.T.);
#1359=FACE_BOUND('',#1256,.T.);
#1360=FACE_BOUND('',#1257,.T.);
#1361=FACE_BOUND('',#1258,.T.);
#1362=FACE_BOUND('',#1259,.T.);
#1363=FACE_BOUND('',#1260,.T.);
#1364=FACE_BOUND('',#1261,.T.);
#1365=FACE_BOUND('',#1262,.T.);
#1366=FACE_BOUND('',#1263,.T.);
#1367=FACE_BOUND('',#1264,.T.);
#1368=FACE_BOUND('',#1265,.T.);
#1369=FACE_BOUND('',#1266,.T.);
#1370=FACE_BOUND('',#1267,.T.);
#1371=FACE_BOUND('',#1268,.T.);
#1372=FACE_BOUND('',#1269,.T.);
#1373=FACE_BOUND('',#1270,.T.);
#1374=FACE_BOUND('',#1271,.T.);
#1375=FACE_BOUND('',#1272,.T.);
#1376=FACE_BOUND('',#1273,.T.);
#1377=FACE_BOUND('',#1274,.T.);
#1378=FACE_BOUND('',#1275,.T.);
#1379=FACE_BOUND('',#1276,.T.);
#1380=FACE_BOUND('',#1277,.T.);
#1381=FACE_BOUND('',#1278,.T.);
#1382=FACE_BOUND('',#1279,.T.);
#1383=FACE_BOUND('',#1280,.T.);
#1384=FACE_BOUND('',#1281,.T.);
#1385=FACE_BOUND('',#1282,.T.);
#1386=FACE_BOUND('',#1283,.T.);
#1387=FACE_BOUND('',#1284,.T.);
#1388=FACE_BOUND('',#1285,.T.);
#1389=FACE_BOUND('',#1286,.T.);
#1390=FACE_BOUND('',#1287,.T.);
#1391=FACE_BOUND('',#1288,.T.);
#1392=FACE_BOUND('',#1289,.T.);
#1393=FACE_BOUND('',#1290,.T.);
#1394=FACE_BOUND('',#1291,.T.);
#1395=FACE_BOUND('',#1292,.T.);
#1396=PLANE('',#1571);
#1397=PLANE('',#1572);
#1398=PLANE('',#1573);
#1399=PLANE('',#1574);
#1400=PLANE('',#1575);
#1401=PLANE('',#1576);
#1402=PLANE('',#1577);
#1403=PLANE('',#1578);
#1404=PLANE('',#1579);
#1405=PLANE('',#1580);
#1406=PLANE('',#1581);
#1407=PLANE('',#1582);
#1408=PLANE('',#1583);
#1409=PLANE('',#1584);
#1410=PLANE('',#1585);
#1411=PLANE('',#1587);
#1412=PLANE('',#1589);
#1413=PLANE('',#1590);
#1414=PLANE('',#1592);
#1415=PLANE('',#1593);
#1416=PLANE('',#1594);
#1417=PLANE('',#1596);
#1418=PLANE('',#1597);
#1419=PLANE('',#1601);
#1420=PLANE('',#1602);
#1421=PLANE('',#1604);
#1422=PLANE('',#1605);
#1423=PLANE('',#1606);
#1424=PLANE('',#1607);
#1425=PLANE('',#1615);
#1426=PLANE('',#1616);
#1427=PLANE('',#1617);
#1428=PLANE('',#1618);
#1429=PLANE('',#1619);
#1430=PLANE('',#1620);
#1431=PLANE('',#1621);
#1432=PLANE('',#1622);
#1433=PLANE('',#1623);
#1434=PLANE('',#1624);
#1435=PLANE('',#1625);
#1436=PLANE('',#1626);
#1437=PLANE('',#1627);
#1438=PLANE('',#1628);
#1439=PLANE('',#1629);
#1440=PLANE('',#1630);
#1441=PLANE('',#1634);
#1442=PLANE('',#1635);
#1443=PLANE('',#1636);
#1444=PLANE('',#1638);
#1445=PLANE('',#1640);
#1446=PLANE('',#1641);
#1447=PLANE('',#1642);
#1448=PLANE('',#1643);
#1449=PLANE('',#1644);
#1450=PLANE('',#1645);
#1451=PLANE('',#1646);
#1452=PLANE('',#1647);
#1453=PLANE('',#1648);
#1454=PLANE('',#1649);
#1455=PLANE('',#1650);
#1456=PLANE('',#1651);
#1457=PLANE('',#1652);
#1458=PLANE('',#1653);
#1459=PLANE('',#1654);
#1460=PLANE('',#1655);
#1461=PLANE('',#1656);
#1462=PLANE('',#1657);
#1463=PLANE('',#1658);
#1464=PLANE('',#1659);
#1465=PLANE('',#1660);
#1466=PLANE('',#1661);
#1467=PLANE('',#1662);
#1468=PLANE('',#1663);
#1469=PLANE('',#1664);
#1470=PLANE('',#1665);
#1471=PLANE('',#1666);
#1472=PLANE('',#1667);
#1473=ADVANCED_FACE('',(#1293),#1396,.T.);
#1474=ADVANCED_FACE('',(#1294),#1397,.T.);
#1475=ADVANCED_FACE('',(#1295),#1398,.F.);
#1476=ADVANCED_FACE('',(#1296),#1399,.F.);
#1477=ADVANCED_FACE('',(#1297),#1400,.T.);
#1478=ADVANCED_FACE('',(#1298),#1401,.T.);
#1479=ADVANCED_FACE('',(#1299),#1402,.T.);
#1480=ADVANCED_FACE('',(#1300),#1403,.F.);
#1481=ADVANCED_FACE('',(#1301),#1404,.F.);
#1482=ADVANCED_FACE('',(#1302),#1405,.F.);
#1483=ADVANCED_FACE('',(#1303),#1406,.T.);
#1484=ADVANCED_FACE('',(#1304),#1407,.F.);
#1485=ADVANCED_FACE('',(#1305),#1408,.F.);
#1486=ADVANCED_FACE('',(#1306),#1409,.F.);
#1487=ADVANCED_FACE('',(#1307),#1410,.F.);
#1488=ADVANCED_FACE('',(#1308),#1411,.F.);
#1489=ADVANCED_FACE('',(#1309),#1412,.F.);
#1490=ADVANCED_FACE('',(#1310),#1413,.F.);
#1491=ADVANCED_FACE('',(#1311),#1414,.F.);
#1492=ADVANCED_FACE('',(#1312),#1415,.F.);
#1493=ADVANCED_FACE('',(#1313),#1416,.F.);
#1494=ADVANCED_FACE('',(#1314),#1417,.F.);
#1495=ADVANCED_FACE('',(#1315),#1418,.F.);
#1496=ADVANCED_FACE('',(#1316),#23,.F.);
#1497=ADVANCED_FACE('',(#1317),#1419,.F.);
#1498=ADVANCED_FACE('',(#1318,#1319,#1320,#1321),#1420,.F.);
#1499=ADVANCED_FACE('',(#1322),#1421,.T.);
#1500=ADVANCED_FACE('',(#1323),#1422,.F.);
#1501=ADVANCED_FACE('',(#1324),#1423,.T.);
#1502=ADVANCED_FACE('',(#1325,#1326),#1424,.F.);
#1503=ADVANCED_FACE('',(#1327),#24,.F.);
#1504=ADVANCED_FACE('',(#1328,#1329),#25,.F.);
#1505=ADVANCED_FACE('',(#1330),#26,.F.);
#1506=ADVANCED_FACE('',(#1331),#1425,.F.);
#1507=ADVANCED_FACE('',(#1332),#1426,.T.);
#1508=ADVANCED_FACE('',(#1333),#1427,.F.);
#1509=ADVANCED_FACE('',(#1334),#1428,.T.);
#1510=ADVANCED_FACE('',(#1335,#1336,#1337),#1429,.T.);
#1511=ADVANCED_FACE('',(#1338,#1339,#1340),#1430,.T.);
#1512=ADVANCED_FACE('',(#1341,#1342,#1343),#1431,.T.);
#1513=ADVANCED_FACE('',(#1344),#1432,.T.);
#1514=ADVANCED_FACE('',(#1345),#1433,.F.);
#1515=ADVANCED_FACE('',(#1346),#1434,.T.);
#1516=ADVANCED_FACE('',(#1347),#1435,.F.);
#1517=ADVANCED_FACE('',(#1348),#1436,.T.);
#1518=ADVANCED_FACE('',(#1349),#1437,.T.);
#1519=ADVANCED_FACE('',(#1350),#1438,.F.);
#1520=ADVANCED_FACE('',(#1351),#1439,.T.);
#1521=ADVANCED_FACE('',(#1352),#1440,.F.);
#1522=ADVANCED_FACE('',(#1353,#1354,#1355),#27,.F.);
#1523=ADVANCED_FACE('',(#1356,#1357),#1441,.T.);
#1524=ADVANCED_FACE('',(#1358),#1442,.T.);
#1525=ADVANCED_FACE('',(#1359),#12,.F.);
#1526=ADVANCED_FACE('',(#1360),#13,.F.);
#1527=ADVANCED_FACE('',(#1361,#1362),#1443,.T.);
#1528=ADVANCED_FACE('',(#1363),#1444,.F.);
#1529=ADVANCED_FACE('',(#1364,#1365),#28,.F.);
#1530=ADVANCED_FACE('',(#1366),#1445,.F.);
#1531=ADVANCED_FACE('',(#1367),#1446,.T.);
#1532=ADVANCED_FACE('',(#1368),#1447,.T.);
#1533=ADVANCED_FACE('',(#1369),#1448,.F.);
#1534=ADVANCED_FACE('',(#1370),#1449,.T.);
#1535=ADVANCED_FACE('',(#1371,#1372),#1450,.T.);
#1536=ADVANCED_FACE('',(#1373,#1374),#1451,.T.);
#1537=ADVANCED_FACE('',(#1375),#1452,.T.);
#1538=ADVANCED_FACE('',(#1376),#1453,.F.);
#1539=ADVANCED_FACE('',(#1377),#1454,.T.);
#1540=ADVANCED_FACE('',(#1378),#1455,.F.);
#1541=ADVANCED_FACE('',(#1379),#1456,.F.);
#1542=ADVANCED_FACE('',(#1380),#1457,.T.);
#1543=ADVANCED_FACE('',(#1381),#1458,.T.);
#1544=ADVANCED_FACE('',(#1382),#1459,.T.);
#1545=ADVANCED_FACE('',(#1383),#1460,.F.);
#1546=ADVANCED_FACE('',(#1384),#1461,.F.);
#1547=ADVANCED_FACE('',(#1385),#1462,.T.);
#1548=ADVANCED_FACE('',(#1386),#1463,.T.);
#1549=ADVANCED_FACE('',(#1387),#1464,.T.);
#1550=ADVANCED_FACE('',(#1388),#1465,.T.);
#1551=ADVANCED_FACE('',(#1389),#1466,.F.);
#1552=ADVANCED_FACE('',(#1390),#1467,.T.);
#1553=ADVANCED_FACE('',(#1391),#1468,.T.);
#1554=ADVANCED_FACE('',(#1392),#1469,.T.);
#1555=ADVANCED_FACE('',(#1393),#1470,.T.);
#1556=ADVANCED_FACE('',(#1394),#1471,.T.);
#1557=ADVANCED_FACE('',(#1395),#1472,.T.);
#1558=CLOSED_SHELL('',(#1473,#1474,#1475,#1476,#1477,#1478,#1479,#1480,
#1481,#1482,#1483,#1484,#1485,#1486,#1487,#1488,#1489,#1490,#1491,#1492,
#1493,#1494,#1495,#1496,#1497,#1498,#1499,#1500,#1501,#1502,#1503,#1504,
#1505,#1506,#1507,#1508,#1509,#1510,#1511,#1512,#1513,#1514,#1515,#1516,
#1517,#1518,#1519,#1520,#1521,#1522,#1523,#1524,#1525,#1526,#1527,#1528,
#1529,#1530,#1531,#1532,#1533,#1534,#1535,#1536,#1537,#1538,#1539,#1540,
#1541,#1542,#1543,#1544,#1545,#1546,#1547,#1548,#1549,#1550,#1551,#1552,
#1553,#1554,#1555,#1556,#1557));
#1559=STYLED_ITEM('',(#1560),#1567);
#1560=PRESENTATION_STYLE_ASSIGNMENT((#1561));
#1561=SURFACE_STYLE_USAGE(.BOTH.,#1562);
#1562=SURFACE_SIDE_STYLE('',(#1563));
#1563=SURFACE_STYLE_FILL_AREA(#1564);
#1564=FILL_AREA_STYLE('',(#1565));
#1565=FILL_AREA_STYLE_COLOUR('',#1566);
#1566=COLOUR_RGB('',0.129411764705882,0.341176470588236,0.352941176470589);
#1567=MANIFOLD_SOLID_BREP('Rod Block',#1558);
#1568=SHAPE_DEFINITION_REPRESENTATION(#2604,#1569);
#1569=SHAPE_REPRESENTATION('Rod Block',(#1570),#2599);
#1570=AXIS2_PLACEMENT_3D('',#2053,#1668,#1669);
#1571=AXIS2_PLACEMENT_3D('',#2054,#1670,#1671);
#1572=AXIS2_PLACEMENT_3D('',#2065,#1677,#1678);
#1573=AXIS2_PLACEMENT_3D('',#2073,#1683,#1684);
#1574=AXIS2_PLACEMENT_3D('',#2084,#1690,#1691);
#1575=AXIS2_PLACEMENT_3D('',#2092,#1696,#1697);
#1576=AXIS2_PLACEMENT_3D('',#2098,#1701,#1702);
#1577=AXIS2_PLACEMENT_3D('',#2104,#1706,#1707);
#1578=AXIS2_PLACEMENT_3D('',#2107,#1710,#1711);
#1579=AXIS2_PLACEMENT_3D('',#2113,#1715,#1716);
#1580=AXIS2_PLACEMENT_3D('',#2119,#1720,#1721);
#1581=AXIS2_PLACEMENT_3D('',#2122,#1724,#1725);
#1582=AXIS2_PLACEMENT_3D('',#2128,#1729,#1730);
#1583=AXIS2_PLACEMENT_3D('',#2134,#1734,#1735);
#1584=AXIS2_PLACEMENT_3D('',#2140,#1739,#1740);
#1585=AXIS2_PLACEMENT_3D('',#2146,#1744,#1745);
#1586=AXIS2_PLACEMENT_3D('',#2147,#1746,#1747);
#1587=AXIS2_PLACEMENT_3D('',#2148,#1748,#1749);
#1588=AXIS2_PLACEMENT_3D('',#2149,#1750,#1751);
#1589=AXIS2_PLACEMENT_3D('',#2150,#1752,#1753);
#1590=AXIS2_PLACEMENT_3D('',#2152,#1755,#1756);
#1591=AXIS2_PLACEMENT_3D('',#2153,#1757,#1758);
#1592=AXIS2_PLACEMENT_3D('',#2154,#1759,#1760);
#1593=AXIS2_PLACEMENT_3D('',#2156,#1762,#1763);
#1594=AXIS2_PLACEMENT_3D('',#2160,#1766,#1767);
#1595=AXIS2_PLACEMENT_3D('',#2161,#1768,#1769);
#1596=AXIS2_PLACEMENT_3D('',#2162,#1770,#1771);
#1597=AXIS2_PLACEMENT_3D('',#2166,#1774,#1775);
#1598=AXIS2_PLACEMENT_3D('',#2170,#1778,#1779);
#1599=AXIS2_PLACEMENT_3D('',#2174,#1781,#1782);
#1600=AXIS2_PLACEMENT_3D('',#2178,#1784,#1785);
#1601=AXIS2_PLACEMENT_3D('',#2179,#1786,#1787);
#1602=AXIS2_PLACEMENT_3D('',#2188,#1792,#1793);
#1603=AXIS2_PLACEMENT_3D('',#2218,#1808,#1809);
#1604=AXIS2_PLACEMENT_3D('',#2221,#1811,#1812);
#1605=AXIS2_PLACEMENT_3D('',#2232,#1819,#1820);
#1606=AXIS2_PLACEMENT_3D('',#2241,#1826,#1827);
#1607=AXIS2_PLACEMENT_3D('',#2244,#1830,#1831);
#1608=AXIS2_PLACEMENT_3D('',#2253,#1837,#1838);
#1609=AXIS2_PLACEMENT_3D('',#2257,#1840,#1841);
#1610=AXIS2_PLACEMENT_3D('',#2261,#1843,#1844);
#1611=AXIS2_PLACEMENT_3D('',#2262,#1845,#1846);
#1612=AXIS2_PLACEMENT_3D('',#2277,#1847,#1848);
#1613=AXIS2_PLACEMENT_3D('',#2279,#1849,#1850);
#1614=AXIS2_PLACEMENT_3D('',#2282,#1852,#1853);
#1615=AXIS2_PLACEMENT_3D('',#2285,#1855,#1856);
#1616=AXIS2_PLACEMENT_3D('',#2312,#1862,#1863);
#1617=AXIS2_PLACEMENT_3D('',#2339,#1869,#1870);
#1618=AXIS2_PLACEMENT_3D('',#2344,#1871,#1872);
#1619=AXIS2_PLACEMENT_3D('',#2346,#1874,#1875);
#1620=AXIS2_PLACEMENT_3D('',#2365,#1886,#1887);
#1621=AXIS2_PLACEMENT_3D('',#2378,#1895,#1896);
#1622=AXIS2_PLACEMENT_3D('',#2400,#1908,#1909);
#1623=AXIS2_PLACEMENT_3D('',#2408,#1915,#1916);
#1624=AXIS2_PLACEMENT_3D('',#2417,#1919,#1920);
#1625=AXIS2_PLACEMENT_3D('',#2439,#1924,#1925);
#1626=AXIS2_PLACEMENT_3D('',#2461,#1929,#1930);
#1627=AXIS2_PLACEMENT_3D('',#2463,#1932,#1933);
#1628=AXIS2_PLACEMENT_3D('',#2464,#1934,#1935);
#1629=AXIS2_PLACEMENT_3D('',#2469,#1936,#1937);
#1630=AXIS2_PLACEMENT_3D('',#2474,#1938,#1939);
#1631=AXIS2_PLACEMENT_3D('',#2475,#1940,#1941);
#1632=AXIS2_PLACEMENT_3D('',#2476,#1942,#1943);
#1633=AXIS2_PLACEMENT_3D('',#2478,#1944,#1945);
#1634=AXIS2_PLACEMENT_3D('',#2480,#1946,#1947);
#1635=AXIS2_PLACEMENT_3D('',#2489,#1952,#1953);
#1636=AXIS2_PLACEMENT_3D('',#2522,#1954,#1955);
#1637=AXIS2_PLACEMENT_3D('',#2523,#1956,#1957);
#1638=AXIS2_PLACEMENT_3D('',#2530,#1961,#1962);
#1639=AXIS2_PLACEMENT_3D('',#2533,#1965,#1966);
#1640=AXIS2_PLACEMENT_3D('',#2534,#1967,#1968);
#1641=AXIS2_PLACEMENT_3D('',#2535,#1969,#1970);
#1642=AXIS2_PLACEMENT_3D('',#2536,#1971,#1972);
#1643=AXIS2_PLACEMENT_3D('',#2540,#1975,#1976);
#1644=AXIS2_PLACEMENT_3D('',#2544,#1979,#1980);
#1645=AXIS2_PLACEMENT_3D('',#2546,#1982,#1983);
#1646=AXIS2_PLACEMENT_3D('',#2547,#1984,#1985);
#1647=AXIS2_PLACEMENT_3D('',#2554,#1990,#1991);
#1648=AXIS2_PLACEMENT_3D('',#2560,#1995,#1996);
#1649=AXIS2_PLACEMENT_3D('',#2562,#1998,#1999);
#1650=AXIS2_PLACEMENT_3D('',#2564,#2001,#2002);
#1651=AXIS2_PLACEMENT_3D('',#2566,#2004,#2005);
#1652=AXIS2_PLACEMENT_3D('',#2569,#2008,#2009);
#1653=AXIS2_PLACEMENT_3D('',#2571,#2011,#2012);
#1654=AXIS2_PLACEMENT_3D('',#2573,#2014,#2015);
#1655=AXIS2_PLACEMENT_3D('',#2575,#2017,#2018);
#1656=AXIS2_PLACEMENT_3D('',#2577,#2020,#2021);
#1657=AXIS2_PLACEMENT_3D('',#2579,#2023,#2024);
#1658=AXIS2_PLACEMENT_3D('',#2581,#2026,#2027);
#1659=AXIS2_PLACEMENT_3D('',#2583,#2029,#2030);
#1660=AXIS2_PLACEMENT_3D('',#2585,#2032,#2033);
#1661=AXIS2_PLACEMENT_3D('',#2587,#2035,#2036);
#1662=AXIS2_PLACEMENT_3D('',#2588,#2037,#2038);
#1663=AXIS2_PLACEMENT_3D('',#2591,#2041,#2042);
#1664=AXIS2_PLACEMENT_3D('',#2592,#2043,#2044);
#1665=AXIS2_PLACEMENT_3D('',#2594,#2046,#2047);
#1666=AXIS2_PLACEMENT_3D('',#2595,#2048,#2049);
#1667=AXIS2_PLACEMENT_3D('',#2597,#2051,#2052);
#1668=DIRECTION('',(0.,0.,1.));
#1669=DIRECTION('',(1.,0.,0.));
#1670=DIRECTION('',(0.,-1.,0.));
#1671=DIRECTION('',(2.08166817117217E-16,0.,1.));
#1672=DIRECTION('',(2.08166817117217E-16,0.,1.));
#1673=DIRECTION('',(1.,0.,-2.08166817117217E-16));
#1674=DIRECTION('',(2.08166817117217E-16,0.,1.));
#1675=DIRECTION('',(1.,0.,-2.08166817117217E-16));
#1676=DIRECTION('',(1.,0.,-2.08166817117217E-16));
#1677=DIRECTION('',(0.,-1.,0.));
#1678=DIRECTION('',(2.08166817117217E-16,0.,1.));
#1679=DIRECTION('',(2.08166817117217E-16,0.,1.));
#1680=DIRECTION('',(1.,0.,-2.08166817117217E-16));
#1681=DIRECTION('',(1.,0.,-2.08166817117217E-16));
#1682=DIRECTION('',(2.08166817117217E-16,0.,1.));
#1683=DIRECTION('',(0.,-1.,0.));
#1684=DIRECTION('',(2.08166817117217E-16,0.,1.));
#1685=DIRECTION('',(2.08166817117217E-16,0.,1.));
#1686=DIRECTION('',(1.,0.,-2.08166817117217E-16));
#1687=DIRECTION('',(1.,0.,-2.08166817117217E-16));
#1688=DIRECTION('',(2.08166817117217E-16,0.,1.));
#1689=DIRECTION('',(1.,0.,-2.08166817117217E-16));
#1690=DIRECTION('',(0.,-1.,0.));
#1691=DIRECTION('',(2.08166817117217E-16,0.,1.));
#1692=DIRECTION('',(2.08166817117217E-16,0.,1.));
#1693=DIRECTION('',(2.08166817117217E-16,0.,1.));
#1694=DIRECTION('',(1.,0.,-2.08166817117217E-16));
#1695=DIRECTION('',(1.,0.,-2.08166817117217E-16));
#1696=DIRECTION('',(0.,-1.,0.));
#1697=DIRECTION('',(2.08166817117217E-16,0.,1.));
#1698=DIRECTION('',(-2.08166817117217E-16,0.,-1.));
#1699=DIRECTION('',(-1.,0.,0.));
#1700=DIRECTION('',(-2.08166817117217E-16,0.,-1.));
#1701=DIRECTION('',(-2.08166817117217E-16,0.,-1.));
#1702=DIRECTION('',(0.,-1.,0.));
#1703=DIRECTION('',(0.,-1.,0.));
#1704=DIRECTION('',(0.,-1.,0.));
#1705=DIRECTION('',(1.,0.,-2.08166817117217E-16));
#1706=DIRECTION('',(-2.08166817117217E-16,0.,-1.));
#1707=DIRECTION('',(0.,-1.,0.));
#1708=DIRECTION('',(0.,-1.,0.));
#1709=DIRECTION('',(0.,-1.,0.));
#1710=DIRECTION('',(0.,-1.,0.));
#1711=DIRECTION('',(2.08166817117217E-16,0.,1.));
#1712=DIRECTION('',(-2.08166817117217E-16,0.,-1.));
#1713=DIRECTION('',(-2.08166817117217E-16,0.,-1.));
#1714=DIRECTION('',(-1.,0.,0.));
#1715=DIRECTION('',(-2.08166817117217E-16,0.,-1.));
#1716=DIRECTION('',(0.,-1.,0.));
#1717=DIRECTION('',(0.,-1.,0.));
#1718=DIRECTION('',(0.,-1.,0.));
#1719=DIRECTION('',(1.,0.,-2.08166817117217E-16));
#1720=DIRECTION('',(-2.08166817117217E-16,0.,-1.));
#1721=DIRECTION('',(0.,-1.,0.));
#1722=DIRECTION('',(0.,-1.,0.));
#1723=DIRECTION('',(0.,-1.,0.));
#1724=DIRECTION('',(0.,-1.,0.));
#1725=DIRECTION('',(2.08166817117217E-16,0.,1.));
#1726=DIRECTION('',(-2.08166817117217E-16,0.,-1.));
#1727=DIRECTION('',(-2.08166817117217E-16,0.,-1.));
#1728=DIRECTION('',(-1.,0.,2.08166817117217E-16));
#1729=DIRECTION('',(0.,-1.,0.));
#1730=DIRECTION('',(2.08166817117217E-16,0.,1.));
#1731=DIRECTION('',(-2.08166817117217E-16,0.,-1.));
#1732=DIRECTION('',(-1.,0.,2.08166817117217E-16));
#1733=DIRECTION('',(-2.08166817117217E-16,0.,-1.));
#1734=DIRECTION('',(-1.,0.,2.08166817117217E-16));
#1735=DIRECTION('',(0.,-1.,0.));
#1736=DIRECTION('',(0.,-1.,0.));
#1737=DIRECTION('',(2.08166817117217E-16,0.,1.));
#1738=DIRECTION('',(0.,-1.,0.));
#1739=DIRECTION('',(-1.,0.,2.08166817117217E-16));
#1740=DIRECTION('',(0.,-1.,0.));
#1741=DIRECTION('',(0.,-1.,0.));
#1742=DIRECTION('',(0.,-1.,0.));
#1743=DIRECTION('',(2.08166817117217E-16,0.,1.));
#1744=DIRECTION('',(-1.,0.,2.08166817117217E-16));
#1745=DIRECTION('',(0.,-1.,0.));
#1746=DIRECTION('',(-1.,0.,2.08166817117217E-16));
#1747=DIRECTION('',(2.08166817117217E-16,0.,1.));
#1748=DIRECTION('',(-1.,0.,2.08166817117217E-16));
#1749=DIRECTION('',(0.,-1.,0.));
#1750=DIRECTION('',(-1.,0.,2.08166817117217E-16));
#1751=DIRECTION('',(2.08166817117217E-16,0.,1.));
#1752=DIRECTION('',(-1.,0.,2.08166817117217E-16));
#1753=DIRECTION('',(0.,-1.,0.));
#1754=DIRECTION('',(-1.50463276905253E-32,1.,-7.2280144832367E-17));
#1755=DIRECTION('',(-1.,0.,2.08166817117217E-16));
#1756=DIRECTION('',(0.,-1.,0.));
#1757=DIRECTION('',(-1.,0.,2.08166817117217E-16));
#1758=DIRECTION('',(2.08166817117217E-16,0.,1.));
#1759=DIRECTION('',(-1.,0.,2.08166817117217E-16));
#1760=DIRECTION('',(0.,-1.,0.));
#1761=DIRECTION('',(0.,1.,0.));
#1762=DIRECTION('',(-1.,0.,2.08166817117217E-16));
#1763=DIRECTION('',(0.,-1.,0.));
#1764=DIRECTION('',(2.08166817117217E-16,0.,1.));
#1765=DIRECTION('',(0.,1.,0.));
#1766=DIRECTION('',(-1.,0.,2.08166817117217E-16));
#1767=DIRECTION('',(0.,-1.,0.));
#1768=DIRECTION('',(-1.,0.,2.08166817117217E-16));
#1769=DIRECTION('',(2.08166817117217E-16,0.,1.));
#1770=DIRECTION('',(-1.,0.,2.08166817117217E-16));
#1771=DIRECTION('',(0.,-1.,0.));
#1772=DIRECTION('',(2.08166817117217E-16,0.,1.));
#1773=DIRECTION('',(0.,1.,0.));
#1774=DIRECTION('',(-1.,0.,2.08166817117217E-16));
#1775=DIRECTION('',(0.,-1.,0.));
#1776=DIRECTION('',(-1.50463276905253E-32,1.,-7.2280144832367E-17));
#1777=DIRECTION('',(2.08166817117217E-16,0.,1.));
#1778=DIRECTION('',(0.,0.,1.));
#1779=DIRECTION('',(1.,0.,0.));
#1780=DIRECTION('',(0.,0.,1.));
#1781=DIRECTION('',(0.,0.,1.));
#1782=DIRECTION('',(1.,0.,0.));
#1783=DIRECTION('',(0.,0.,-1.));
#1784=DIRECTION('',(0.,0.,1.));
#1785=DIRECTION('',(1.,0.,0.));
#1786=DIRECTION('',(2.08166817117217E-16,1.44560289664734E-16,1.));
#1787=DIRECTION('',(1.,0.,-2.08166817117217E-16));
#1788=DIRECTION('',(-8.34619221520645E-17,1.,-1.44560289664734E-16));
#1789=DIRECTION('',(-1.,0.,2.08166817117217E-16));
#1790=DIRECTION('',(0.,-1.,1.44560289664734E-16));
#1791=DIRECTION('',(-1.,0.,2.08166817117217E-16));
#1792=DIRECTION('',(0.,-1.,0.));
#1793=DIRECTION('',(1.,0.,0.));
#1794=DIRECTION('',(3.81639164714897E-15,0.,-1.));
#1795=DIRECTION('',(-1.,0.,-4.37325246044568E-15));
#1796=DIRECTION('',(3.81639164714897E-15,0.,-1.));
#1797=DIRECTION('',(-1.,0.,-4.37325246044569E-15));
#1798=DIRECTION('',(0.,0.,1.));
#1799=DIRECTION('',(1.,0.,0.));
#1800=DIRECTION('',(0.,0.,1.));
#1801=DIRECTION('',(1.,0.,0.));
#1802=DIRECTION('',(-1.,0.,-3.54683238582617E-15));
#1803=DIRECTION('',(2.08166817117217E-16,0.,1.));
#1804=DIRECTION('',(1.,0.,0.));
#1805=DIRECTION('',(-2.08166817117217E-16,0.,-1.));
#1806=DIRECTION('',(-0.894558170880938,0.,-0.446951539778252));
#1807=DIRECTION('',(-0.5,0.,0.866025403784439));
#1808=DIRECTION('',(0.,-1.,0.));
#1809=DIRECTION('',(0.,0.,-1.));
#1810=DIRECTION('',(-0.5,0.,-0.866025403784439));
#1811=DIRECTION('',(0.,-1.,0.));
#1812=DIRECTION('',(0.,0.,-1.));
#1813=DIRECTION('',(-1.,0.,2.08166817117217E-16));
#1814=DIRECTION('',(-0.5,0.,0.866025403784439));
#1815=DIRECTION('',(0.5,0.,0.866025403784439));
#1816=DIRECTION('',(0.,0.,1.));
#1817=DIRECTION('',(1.,0.,0.));
#1818=DIRECTION('',(2.08166817117217E-16,0.,1.));
#1819=DIRECTION('',(0.,-1.,0.));
#1820=DIRECTION('',(0.,0.,-1.));
#1821=DIRECTION('',(-0.5,0.,0.866025403784439));
#1822=DIRECTION('',(-1.,0.,2.08166817117217E-16));
#1823=DIRECTION('',(1.,0.,0.));
#1824=DIRECTION('',(0.,0.,1.));
#1825=DIRECTION('',(0.5,0.,0.866025403784439));
#1826=DIRECTION('',(2.08166817117217E-16,7.2280144832367E-17,1.));
#1827=DIRECTION('',(1.,0.,-2.08166817117217E-16));
#1828=DIRECTION('',(4.17309610760323E-17,1.,-7.2280144832367E-17));
#1829=DIRECTION('',(-1.50463276905253E-32,1.,-7.2280144832367E-17));
#1830=DIRECTION('',(0.,0.,1.));
#1831=DIRECTION('',(1.,0.,0.));
#1832=DIRECTION('',(0.,-1.,0.));
#1833=DIRECTION('',(-1.,0.,0.));
#1834=DIRECTION('',(0.,-1.,0.));
#1835=DIRECTION('',(-0.5,0.866025403784439,0.));
#1836=DIRECTION('',(-0.5,-0.866025403784438,0.));
#1837=DIRECTION('',(0.,0.,1.));
#1838=DIRECTION('',(1.,0.,0.));
#1839=DIRECTION('',(0.,0.,1.));
#1840=DIRECTION('',(0.,0.,1.));
#1841=DIRECTION('',(1.,0.,0.));
#1842=DIRECTION('',(0.,0.,-1.));
#1843=DIRECTION('',(0.,0.,1.));
#1844=DIRECTION('',(1.,0.,0.));
#1845=DIRECTION('',(0.,0.,1.));
#1846=DIRECTION('',(1.,0.,0.));
#1847=DIRECTION('',(0.,0.,1.));
#1848=DIRECTION('',(1.,0.,0.));
#1849=DIRECTION('',(0.,1.,0.));
#1850=DIRECTION('',(0.,0.,1.));
#1851=DIRECTION('',(0.,1.,0.));
#1852=DIRECTION('',(0.,-1.,0.));
#1853=DIRECTION('',(0.,0.,-1.));
#1854=DIRECTION('',(0.,-1.,0.));
#1855=DIRECTION('',(4.37325246044569E-15,0.,-1.));
#1856=DIRECTION('',(-1.,0.,-4.37325246044569E-15));
#1857=DIRECTION('',(-1.,0.,-3.82227206571145E-15));
#1858=DIRECTION('',(0.,-1.,0.));
#1859=DIRECTION('',(0.,-1.,0.));
#1860=DIRECTION('',(-1.,0.,-3.82227206571145E-15));
#1861=DIRECTION('',(0.,-1.,0.));
#1862=DIRECTION('',(4.37325246044568E-15,0.,-1.));
#1863=DIRECTION('',(-1.,0.,-4.37325246044568E-15));
#1864=DIRECTION('',(0.,-1.,0.));
#1865=DIRECTION('',(-1.,0.,-3.82227206571145E-15));
#1866=DIRECTION('',(0.,-1.,0.));
#1867=DIRECTION('',(-1.,0.,-3.82227206571145E-15));
#1868=DIRECTION('',(0.,-1.,0.));
#1869=DIRECTION('',(1.,0.,3.81639164714897E-15));
#1870=DIRECTION('',(3.81639164714897E-15,0.,-1.));
#1871=DIRECTION('',(1.,0.,3.81639164714897E-15));
#1872=DIRECTION('',(3.81639164714897E-15,0.,-1.));
#1873=DIRECTION('',(3.81639164714897E-15,-1.73472347597615E-16,-1.));
#1874=DIRECTION('',(-1.,0.,-3.82227206571145E-15));
#1875=DIRECTION('',(-3.82227206571145E-15,0.,1.));
#1876=DIRECTION('',(0.,-1.,0.));
#1877=DIRECTION('',(3.82227206571145E-15,-4.03043888282867E-15,-1.));
#1878=DIRECTION('',(0.,-1.,0.));
#1879=DIRECTION('',(3.82227206571145E-15,4.03043888282867E-15,-1.));
#1880=DIRECTION('',(-3.82227206571145E-15,1.73472347597615E-16,1.));
#1881=DIRECTION('',(-3.82227206571145E-15,1.73472347597615E-16,1.));
#1882=DIRECTION('',(-3.82227206571145E-15,0.,1.));
#1883=DIRECTION('',(0.,1.,0.));
#1884=DIRECTION('',(-3.82227206571145E-15,0.,1.));
#1885=DIRECTION('',(0.,1.,0.));
#1886=DIRECTION('',(0.,0.,1.));
#1887=DIRECTION('',(1.,0.,0.));
#1888=DIRECTION('',(-0.5,-0.866025403784439,0.));
#1889=DIRECTION('',(-0.5,0.866025403784439,0.));
#1890=DIRECTION('',(0.,1.,0.));
#1891=DIRECTION('',(1.,0.,0.));
#1892=DIRECTION('',(0.,1.,0.));
#1893=DIRECTION('',(-1.,0.,0.));
#1894=DIRECTION('',(0.,-1.,0.));
#1895=DIRECTION('',(0.,-1.,0.));
#1896=DIRECTION('',(1.,0.,0.));
#1897=DIRECTION('',(-0.5,0.,-0.866025403784439));
#1898=DIRECTION('',(-0.5,0.,0.866025403784438));
#1899=DIRECTION('',(-1.,0.,0.));
#1900=DIRECTION('',(-2.08166817117217E-16,0.,-1.));
#1901=DIRECTION('',(1.,0.,3.54683238582617E-15));
#1902=DIRECTION('',(0.894558170880938,0.,0.446951539778252));
#1903=DIRECTION('',(2.08166817117217E-16,0.,1.));
#1904=DIRECTION('',(1.,0.,4.37325246044569E-15));
#1905=DIRECTION('',(-3.81639164714897E-15,0.,1.));
#1906=DIRECTION('',(1.,0.,4.37325246044568E-15));
#1907=DIRECTION('',(-3.81639164714897E-15,0.,1.));
#1908=DIRECTION('',(3.54683238582617E-15,0.,-1.));
#1909=DIRECTION('',(-1.,0.,-3.54683238582617E-15));
#1910=DIRECTION('',(0.,-1.,0.));
#1911=DIRECTION('',(0.912960069276376,0.408048908719133,3.23455870259367E-15));
#1912=DIRECTION('',(0.707106781186548,-0.707106781186548,2.50798923174975E-15));
#1913=DIRECTION('',(0.707106781186548,0.707106781186548,2.50798923174975E-15));
#1914=DIRECTION('',(0.912960069276376,-0.408048908719133,3.23455870259367E-15));
#1915=DIRECTION('',(1.,0.,3.81639164714897E-15));
#1916=DIRECTION('',(3.81639164714897E-15,0.,-1.));
#1917=DIRECTION('',(0.,-1.,0.));
#1918=DIRECTION('',(0.,-1.,0.));
#1919=DIRECTION('',(4.37325246044568E-15,0.,-1.));
#1920=DIRECTION('',(-1.,0.,-4.37325246044568E-15));
#1921=DIRECTION('',(-1.,0.,-3.82227206571145E-15));
#1922=DIRECTION('',(0.,-1.,0.));
#1923=DIRECTION('',(-1.,0.,-3.82227206571145E-15));
#1924=DIRECTION('',(4.37325246044569E-15,0.,-1.));
#1925=DIRECTION('',(-1.,0.,-4.37325246044569E-15));
#1926=DIRECTION('',(-1.,0.,-3.82227206571145E-15));
#1927=DIRECTION('',(-1.,0.,-3.82227206571145E-15));
#1928=DIRECTION('',(0.,-1.,0.));
#1929=DIRECTION('',(1.,0.,3.81639164714897E-15));
#1930=DIRECTION('',(3.81639164714897E-15,0.,-1.));
#1931=DIRECTION('',(3.81639164714897E-15,0.,-1.));
#1932=DIRECTION('',(-6.63058508395751E-31,-1.,1.73472347597615E-16));
#1933=DIRECTION('',(0.,-1.73472347597615E-16,-1.));
#1934=DIRECTION('',(-6.63058508395751E-31,-1.,1.73472347597615E-16));
#1935=DIRECTION('',(0.,-1.73472347597615E-16,-1.));
#1936=DIRECTION('',(0.,-1.,0.));
#1937=DIRECTION('',(0.,0.,-1.));
#1938=DIRECTION('',(0.,-1.,0.));
#1939=DIRECTION('',(0.,0.,-1.));
#1940=DIRECTION('',(-1.,0.,2.08166817117217E-16));
#1941=DIRECTION('',(2.08166817117217E-16,0.,1.));
#1942=DIRECTION('',(1.,0.,-2.08166817117217E-16));
#1943=DIRECTION('',(-2.08166817117217E-16,0.,-1.));
#1944=DIRECTION('',(1.,0.,-2.08166817117217E-16));
#1945=DIRECTION('',(-2.08166817117217E-16,0.,-1.));
#1946=DIRECTION('',(1.,0.,-2.08166817117217E-16));
#1947=DIRECTION('',(0.,1.,0.));
#1948=DIRECTION('',(-2.08166817117217E-16,0.,-1.));
#1949=DIRECTION('',(0.,1.,0.));
#1950=DIRECTION('',(2.08166817117217E-16,0.,1.));
#1951=DIRECTION('',(0.,-1.,0.));
#1952=DIRECTION('',(1.,0.,-2.08166817117217E-16));
#1953=DIRECTION('',(-2.08166817117217E-16,0.,-1.));
#1954=DIRECTION('',(-1.,0.,2.08166817117217E-16));
#1955=DIRECTION('',(0.,-1.,0.));
#1956=DIRECTION('',(-1.,0.,2.08166817117217E-16));
#1957=DIRECTION('',(2.08166817117217E-16,0.,1.));
#1958=DIRECTION('',(0.,-1.,0.));
#1959=DIRECTION('',(2.08166817117217E-16,0.,1.));
#1960=DIRECTION('',(-2.08166817117217E-16,0.,-1.));
#1961=DIRECTION('',(0.707106781186548,0.,0.707106781186548));
#1962=DIRECTION('',(0.,1.,0.));
#1963=DIRECTION('',(-0.577350269189626,0.577350269189626,0.577350269189626));
#1964=DIRECTION('',(-0.577350269189626,-0.577350269189626,0.577350269189626));
#1965=DIRECTION('',(-1.,0.,2.08166817117217E-16));
#1966=DIRECTION('',(2.08166817117217E-16,0.,1.));
#1967=DIRECTION('',(-1.,0.,2.08166817117217E-16));
#1968=DIRECTION('',(0.,-1.,0.));
#1969=DIRECTION('',(-1.,0.,0.));
#1970=DIRECTION('',(0.,0.,1.));
#1971=DIRECTION('',(-1.,0.,0.));
#1972=DIRECTION('',(0.,0.,1.));
#1973=DIRECTION('',(0.,-1.,0.));
#1974=DIRECTION('',(0.,0.,1.));
#1975=DIRECTION('',(-1.,0.,0.));
#1976=DIRECTION('',(0.,0.,1.));
#1977=DIRECTION('',(0.,0.,1.));
#1978=DIRECTION('',(0.,-1.,0.));
#1979=DIRECTION('',(0.,1.,0.));
#1980=DIRECTION('',(0.,0.,1.));
#1981=DIRECTION('',(-1.,0.,0.));
#1982=DIRECTION('',(0.,0.,1.));
#1983=DIRECTION('',(1.,0.,0.));
#1984=DIRECTION('',(0.,0.,1.));
#1985=DIRECTION('',(1.,0.,0.));
#1986=DIRECTION('',(-0.5,-0.866025403784439,0.));
#1987=DIRECTION('',(-0.5,0.866025403784438,0.));
#1988=DIRECTION('',(-0.5,-0.866025403784439,0.));
#1989=DIRECTION('',(-0.5,0.866025403784439,0.));
#1990=DIRECTION('',(0.446951539778252,0.,-0.894558170880938));
#1991=DIRECTION('',(-0.894558170880938,0.,-0.446951539778252));
#1992=DIRECTION('',(0.,-1.,0.));
#1993=DIRECTION('',(-0.894558170880938,0.,-0.446951539778252));
#1994=DIRECTION('',(0.894558170880938,0.,0.446951539778252));
#1995=DIRECTION('',(0.707106781186548,0.707106781186548,-1.47196168001604E-16));
#1996=DIRECTION('',(-2.08166817117217E-16,0.,-1.));
#1997=DIRECTION('',(-0.577350269189626,0.577350269189626,0.577350269189626));
#1998=DIRECTION('',(-0.707106781186548,0.707106781186548,1.47196168001604E-16));
#1999=DIRECTION('',(2.08166817117217E-16,0.,1.));
#2000=DIRECTION('',(0.577350269189626,0.577350269189626,-0.577350269189626));
#2001=DIRECTION('',(0.,0.707106781186548,-0.707106781186548));
#2002=DIRECTION('',(1.,0.,0.));
#2003=DIRECTION('',(0.,0.707106781186548,0.707106781186548));
#2004=DIRECTION('',(-0.707106781186549,0.,-0.707106781186546));
#2005=DIRECTION('',(0.,1.,0.));
#2006=DIRECTION('',(-0.707106781186546,2.60688827341906E-16,0.707106781186549));
#2007=DIRECTION('',(0.707106781186546,3.56836961661085E-16,-0.707106781186549));
#2008=DIRECTION('',(0.,0.707106781186548,0.707106781186548));
#2009=DIRECTION('',(-1.,0.,0.));
#2010=DIRECTION('',(8.65333208872602E-16,-0.707106781186548,0.707106781186548));
#2011=DIRECTION('',(0.577350269189628,-0.577350269189625,0.577350269189625));
#2012=DIRECTION('',(0.707106781186546,0.,-0.707106781186549));
#2013=DIRECTION('',(-0.707106781186548,-0.707106781186548,3.26182516024424E-15));
#2014=DIRECTION('',(0.577350269189627,0.577350269189625,0.577350269189625));
#2015=DIRECTION('',(-0.707106781186546,0.707106781186549,0.));
#2016=DIRECTION('',(-0.707106781186548,0.707106781186548,2.31552626634447E-15));
#2017=DIRECTION('',(-0.316042464638971,0.707106781186547,0.632548148795746));
#2018=DIRECTION('',(-0.894558170880938,0.,-0.446951539778252));
#2019=DIRECTION('',(0.465012864705194,-0.465694428289403,0.752922130846793));
#2020=DIRECTION('',(-0.707106781186548,0.707106781186548,1.47196168001604E-16));
#2021=DIRECTION('',(-2.08166817117217E-16,0.,-1.));
#2022=DIRECTION('',(0.682670452197321,0.682670452197321,0.260618701158246));
#2023=DIRECTION('',(0.707106781186548,0.707106781186548,-1.47196168001604E-16));
#2024=DIRECTION('',(2.08166817117217E-16,0.,1.));
#2025=DIRECTION('',(0.682670452197321,-0.682670452197321,0.260618701158247));
#2026=DIRECTION('',(0.316042464638971,0.707106781186547,-0.632548148795746));
#2027=DIRECTION('',(0.894558170880938,0.,0.446951539778252));
#2028=DIRECTION('',(0.465012864705194,0.465694428289403,0.752922130846793));
#2029=DIRECTION('',(0.647902124868825,-0.400556704076869,-0.647902124868824));
#2030=DIRECTION('',(-0.707106781186547,0.,-0.707106781186548));
#2031=DIRECTION('',(-0.707106781186547,2.49414426365438E-16,-0.707106781186548));
#2032=DIRECTION('',(0.647902124868825,0.400556704076869,-0.647902124868824));
#2033=DIRECTION('',(-0.707106781186547,0.,-0.707106781186548));
#2034=DIRECTION('',(0.707106781186547,4.15755002971602E-16,0.707106781186548));
#2035=DIRECTION('',(-0.707106781186548,0.,0.707106781186547));
#2036=DIRECTION('',(0.,1.,0.));
#2037=DIRECTION('',(0.866025403784438,0.,0.5));
#2038=DIRECTION('',(0.5,0.,-0.866025403784439));
#2039=DIRECTION('',(0.,1.,0.));
#2040=DIRECTION('',(0.,1.,0.));
#2041=DIRECTION('',(0.866025403784438,0.,-0.5));
#2042=DIRECTION('',(-0.5,0.,-0.866025403784439));
#2043=DIRECTION('',(0.866025403784439,0.5,0.));
#2044=DIRECTION('',(-0.5,0.866025403784439,0.));
#2045=DIRECTION('',(0.,0.,1.));
#2046=DIRECTION('',(0.866025403784439,-0.5,0.));
#2047=DIRECTION('',(0.5,0.866025403784439,0.));
#2048=DIRECTION('',(0.866025403784439,0.5,0.));
#2049=DIRECTION('',(-0.5,0.866025403784439,0.));
#2050=DIRECTION('',(0.,0.,1.));
#2051=DIRECTION('',(0.866025403784439,-0.5,0.));
#2052=DIRECTION('',(0.5,0.866025403784439,0.));
#2053=CARTESIAN_POINT('',(0.,0.,0.));
#2054=CARTESIAN_POINT('',(-0.0129,-0.0105,0.0005));
#2055=CARTESIAN_POINT('',(-0.0129,-0.0105,0.0005));
#2056=CARTESIAN_POINT('',(-0.0129,-0.0105,0.002));
#2057=CARTESIAN_POINT('',(-0.0129,-0.0105,2.81892564846231E-18));
#2058=CARTESIAN_POINT('',(-0.0129,-0.0105,2.81892564846231E-18));
#2059=CARTESIAN_POINT('',(-0.0125,-0.0105,2.73565892161542E-18));
#2060=CARTESIAN_POINT('',(-0.0125,-0.0105,0.0005));
#2061=CARTESIAN_POINT('',(-0.0125,-0.0105,0.002));
#2062=CARTESIAN_POINT('',(-0.0129,-0.0105,0.002));
#2063=CARTESIAN_POINT('',(-0.0127,-0.0105,0.002));
#2064=CARTESIAN_POINT('',(-0.0129,-0.0105,0.002));
#2065=CARTESIAN_POINT('',(-0.0129,-0.0105,0.0005));
#2066=CARTESIAN_POINT('',(-0.0129,-0.0105,0.0005));
#2067=CARTESIAN_POINT('',(-0.0129,-0.0105,-0.002));
#2068=CARTESIAN_POINT('',(-0.0129,-0.0105,-0.002));
#2069=CARTESIAN_POINT('',(-0.0127,-0.0105,-0.002));
#2070=CARTESIAN_POINT('',(-0.0129,-0.0105,-0.002));
#2071=CARTESIAN_POINT('',(-0.0125,-0.0105,-0.002));
#2072=CARTESIAN_POINT('',(-0.0125,-0.0105,0.0005));
#2073=CARTESIAN_POINT('',(-0.0129,-0.0145,0.0005));
#2074=CARTESIAN_POINT('',(-0.0129,-0.0145,0.0005));
#2075=CARTESIAN_POINT('',(-0.0129,-0.0145,2.60208521396521E-18));
#2076=CARTESIAN_POINT('',(-0.0129,-0.0145,0.002));
#2077=CARTESIAN_POINT('',(-0.0129,-0.0145,0.002));
#2078=CARTESIAN_POINT('',(-0.0127,-0.0145,0.002));
#2079=CARTESIAN_POINT('',(-0.0129,-0.0145,0.002));
#2080=CARTESIAN_POINT('',(-0.0125,-0.0145,0.002));
#2081=CARTESIAN_POINT('',(-0.0125,-0.0145,0.0005));
#2082=CARTESIAN_POINT('',(-0.0125,-0.0145,2.51881848711832E-18));
#2083=CARTESIAN_POINT('',(-0.0129,-0.0145,2.60208521396521E-18));
#2084=CARTESIAN_POINT('',(-0.0129,-0.0145,0.0005));
#2085=CARTESIAN_POINT('',(-0.0129,-0.0145,0.0005));
#2086=CARTESIAN_POINT('',(-0.0129,-0.0145,-0.002));
#2087=CARTESIAN_POINT('',(-0.0125,-0.0145,0.0005));
#2088=CARTESIAN_POINT('',(-0.0125,-0.0145,-0.002));
#2089=CARTESIAN_POINT('',(-0.0129,-0.0145,-0.002));
#2090=CARTESIAN_POINT('',(-0.0127,-0.0145,-0.002));
#2091=CARTESIAN_POINT('',(-0.0129,-0.0145,-0.002));
#2092=CARTESIAN_POINT('',(-0.0129,-0.0105,0.0005));
#2093=CARTESIAN_POINT('',(-0.0125,-0.0105,0.0005));
#2094=CARTESIAN_POINT('',(-0.0125,-0.0105,0.0125));
#2095=CARTESIAN_POINT('',(-0.0129,-0.0105,0.0125));
#2096=CARTESIAN_POINT('',(-0.0127,-0.0105,0.0125));
#2097=CARTESIAN_POINT('',(-0.0127,-0.0105,0.0005));
#2098=CARTESIAN_POINT('',(-0.0129,-0.0125,0.002));
#2099=CARTESIAN_POINT('',(-0.0129,-0.0125,0.002));
#2100=CARTESIAN_POINT('',(-0.0129,-0.0125,0.002));
#2101=CARTESIAN_POINT('',(-0.0127,-0.0125,0.002));
#2102=CARTESIAN_POINT('',(-0.0127,-0.0125,0.002));
#2103=CARTESIAN_POINT('',(-0.0129,-0.0125,0.002));
#2104=CARTESIAN_POINT('',(-0.0129,-0.0125,0.002));
#2105=CARTESIAN_POINT('',(-0.0129,-0.0125,0.002));
#2106=CARTESIAN_POINT('',(-0.0127,-0.0125,0.002));
#2107=CARTESIAN_POINT('',(-0.0129,-0.0145,0.0005));
#2108=CARTESIAN_POINT('',(-0.0125,-0.0145,0.0005));
#2109=CARTESIAN_POINT('',(-0.0125,-0.0145,0.0125));
#2110=CARTESIAN_POINT('',(-0.0127,-0.0145,0.0005));
#2111=CARTESIAN_POINT('',(-0.0127,-0.0145,0.0125));
#2112=CARTESIAN_POINT('',(-0.0129,-0.0145,0.0125));
#2113=CARTESIAN_POINT('',(-0.0129,-0.0125,-0.002));
#2114=CARTESIAN_POINT('',(-0.0129,-0.0125,-0.002));
#2115=CARTESIAN_POINT('',(-0.0129,-0.0125,-0.002));
#2116=CARTESIAN_POINT('',(-0.0127,-0.0125,-0.002));
#2117=CARTESIAN_POINT('',(-0.0127,-0.0125,-0.002));
#2118=CARTESIAN_POINT('',(-0.0129,-0.0125,-0.002));
#2119=CARTESIAN_POINT('',(-0.0129,-0.0125,-0.002));
#2120=CARTESIAN_POINT('',(-0.0129,-0.0125,-0.002));
#2121=CARTESIAN_POINT('',(-0.0127,-0.0125,-0.002));
#2122=CARTESIAN_POINT('',(-0.0129,-0.0105,0.0005));
#2123=CARTESIAN_POINT('',(-0.0125,-0.0105,0.0005));
#2124=CARTESIAN_POINT('',(-0.0125,-0.0105,-0.003));
#2125=CARTESIAN_POINT('',(-0.0127,-0.0105,0.0005));
#2126=CARTESIAN_POINT('',(-0.0127,-0.0105,-0.003));
#2127=CARTESIAN_POINT('',(-0.0129,-0.0105,-0.003));
#2128=CARTESIAN_POINT('',(-0.0129,-0.0145,0.0005));
#2129=CARTESIAN_POINT('',(-0.0125,-0.0145,0.0005));
#2130=CARTESIAN_POINT('',(-0.0125,-0.0145,-0.003));
#2131=CARTESIAN_POINT('',(-0.0129,-0.0145,-0.003));
#2132=CARTESIAN_POINT('',(-0.0127,-0.0145,-0.003));
#2133=CARTESIAN_POINT('',(-0.0127,-0.0145,0.0005));
#2134=CARTESIAN_POINT('',(-0.0125,-0.0125,0.0005));
#2135=CARTESIAN_POINT('',(-0.0125,-0.0125,0.002));
#2136=CARTESIAN_POINT('',(-0.0125,-0.0155,0.002));
#2137=CARTESIAN_POINT('',(-0.0125,-0.0155,0.0005));
#2138=CARTESIAN_POINT('',(-0.0125,-0.0155,-0.002));
#2139=CARTESIAN_POINT('',(-0.0125,-0.0125,-0.002));
#2140=CARTESIAN_POINT('',(-0.0125,-0.0125,0.0005));
#2141=CARTESIAN_POINT('',(-0.0125,-0.0125,0.002));
#2142=CARTESIAN_POINT('',(-0.0125,-0.0095,0.002));
#2143=CARTESIAN_POINT('',(-0.0125,-0.0125,-0.002));
#2144=CARTESIAN_POINT('',(-0.0125,-0.0095,-0.002));
#2145=CARTESIAN_POINT('',(-0.0125,-0.0095,0.0005));
#2146=CARTESIAN_POINT('',(-0.0129,-0.0125,0.0005));
#2147=CARTESIAN_POINT('',(-0.0129,-0.0125,2.80781662072684E-18));
#2148=CARTESIAN_POINT('',(-0.0129,-0.0125,0.0005));
#2149=CARTESIAN_POINT('',(-0.0129,-0.0125,2.80781662072684E-18));
#2150=CARTESIAN_POINT('',(-0.0127,-0.0125,0.0005));
#2151=CARTESIAN_POINT('',(-0.0127,-0.0125,-0.003));
#2152=CARTESIAN_POINT('',(-0.0129,-0.0125,0.0005));
#2153=CARTESIAN_POINT('',(-0.0129,-0.0125,2.80781662072684E-18));
#2154=CARTESIAN_POINT('',(-0.0127,-0.0125,0.0005));
#2155=CARTESIAN_POINT('',(-0.0127,-0.0125,0.0125));
#2156=CARTESIAN_POINT('',(-0.0125,-0.0125,0.0005));
#2157=CARTESIAN_POINT('',(-0.0125,-0.0095,0.0005));
#2158=CARTESIAN_POINT('',(-0.0125,-0.0095,0.0125));
#2159=CARTESIAN_POINT('',(-0.0125,-0.0125,0.0125));
#2160=CARTESIAN_POINT('',(-0.0129,-0.0125,0.0005));
#2161=CARTESIAN_POINT('',(-0.0129,-0.0125,2.80781662072684E-18));
#2162=CARTESIAN_POINT('',(-0.0125,-0.0125,0.0005));
#2163=CARTESIAN_POINT('',(-0.0125,-0.0155,0.0005));
#2164=CARTESIAN_POINT('',(-0.0125,-0.0155,0.0125));
#2165=CARTESIAN_POINT('',(-0.0125,-0.0125,0.0125));
#2166=CARTESIAN_POINT('',(-0.0125,-0.0125,0.0005));
#2167=CARTESIAN_POINT('',(-0.0125,-0.0125,-0.003));
#2168=CARTESIAN_POINT('',(-0.0125,-0.0155,-0.003));
#2169=CARTESIAN_POINT('',(-0.0125,-0.0155,0.0005));
#2170=CARTESIAN_POINT('',(0.0255,-0.0125,-0.0302020000000007));
#2171=CARTESIAN_POINT('',(0.0237679491924312,-0.0115,0.008503));
#2172=CARTESIAN_POINT('',(0.0237682962647909,-0.0114991990081121,0.00850086978010198));
#2173=CARTESIAN_POINT('',(0.0237678710027928,-0.0114999551874015,0.010500422859628));
#2174=CARTESIAN_POINT('',(0.0255,-0.0125,0.0085));
#2175=CARTESIAN_POINT('',(0.0237678779325108,-0.0135000408410054,0.00850142203037929));
#2176=CARTESIAN_POINT('',(0.0237679491924312,-0.0135,0.008503));
#2177=CARTESIAN_POINT('',(0.0237684036531977,-0.0135010488280235,0.0105000702224316));
#2178=CARTESIAN_POINT('',(0.0255,-0.0125,0.0105));
#2179=CARTESIAN_POINT('',(0.032502,-0.0125,0.003));
#2180=CARTESIAN_POINT('',(-0.00721687836487032,-0.0125,0.003));
#2181=CARTESIAN_POINT('',(-0.00721687836487031,-0.0155,0.003));
#2182=CARTESIAN_POINT('',(-0.00721687836487032,-0.0095,0.003));
#2183=CARTESIAN_POINT('',(0.032502,-0.0155,0.003));
#2184=CARTESIAN_POINT('',(-0.0095,-0.0155,0.003));
#2185=CARTESIAN_POINT('',(-0.0095,-0.0125,0.003));
#2186=CARTESIAN_POINT('',(-0.0095,-0.0095,0.003));
#2187=CARTESIAN_POINT('',(0.032502,-0.0095,0.003));
#2188=CARTESIAN_POINT('',(0.,0.,0.));
#2189=CARTESIAN_POINT('',(-0.00592594267031472,0.,-0.0222000000000007));
#2190=CARTESIAN_POINT('',(-0.00592594267031474,0.,-0.0172000000000007));
#2191=CARTESIAN_POINT('',(-0.0059259426703147,0.,-0.0272000000000007));
#2192=CARTESIAN_POINT('',(-0.00830594267031476,0.,-0.0172000000000007));
#2193=CARTESIAN_POINT('',(-0.0106859426703148,0.,-0.0172000000000007));
#2194=CARTESIAN_POINT('',(-0.0106859426703148,0.,-0.0222000000000008));
#2195=CARTESIAN_POINT('',(-0.0106859426703147,0.,-0.0272000000000007));
#2196=CARTESIAN_POINT('',(-0.00830594267031473,0.,-0.0272000000000007));
#2197=CARTESIAN_POINT('',(0.0225,0.,0.0055));
#2198=CARTESIAN_POINT('',(0.0225,0.,0.0055));
#2199=CARTESIAN_POINT('',(0.0225,0.,0.0085));
#2200=CARTESIAN_POINT('',(3.46944695195361E-18,0.,0.0055));
#2201=CARTESIAN_POINT('',(0.0285,0.,0.0055));
#2202=CARTESIAN_POINT('',(0.0285,0.,0.0055));
#2203=CARTESIAN_POINT('',(0.0285,0.,0.0085));
#2204=CARTESIAN_POINT('',(3.46944695195361E-18,0.,0.0085));
#2205=CARTESIAN_POINT('',(-0.00830594267031471,0.,-0.0302000000000007));
#2206=CARTESIAN_POINT('',(-0.00963807974335939,0.,-0.0302000000000008));
#2207=CARTESIAN_POINT('',(-0.0115,0.,-0.0302000000000008));
#2208=CARTESIAN_POINT('',(-0.0115,0.,0.0125));
#2209=CARTESIAN_POINT('',(-0.0115,0.,0.0095));
#2210=CARTESIAN_POINT('',(0.0325,0.,0.0095));
#2211=CARTESIAN_POINT('',(0.0295,0.,0.0095));
#2212=CARTESIAN_POINT('',(0.0295,0.,-0.0125));
#2213=CARTESIAN_POINT('',(0.0295,0.,-0.010645290675696));
#2214=CARTESIAN_POINT('',(-0.00426679728964944,0.,-0.0275163254873579));
#2215=CARTESIAN_POINT('',(-0.0067116968793294,0.,-0.003875));
#2216=CARTESIAN_POINT('',(-0.00671207678821558,2.48338852424962E-7,-0.00387521763744916));
#2217=CARTESIAN_POINT('',(-0.0089489291724392,0.,-7.58941520739853E-19));
#2218=CARTESIAN_POINT('',(0.,0.,4.74550634669599E-19));
#2219=CARTESIAN_POINT('',(-0.00670995160922006,0.,0.00387915887830666));
#2220=CARTESIAN_POINT('',(-0.0067116968793294,0.,0.003875));
#2221=CARTESIAN_POINT('',(0.032502,-0.0095,-7.18217152417822E-18));
#2222=CARTESIAN_POINT('',(0.032502,-0.0095,-0.003));
#2223=CARTESIAN_POINT('',(-0.0072168783648703,-0.0095,-0.003));
#2224=CARTESIAN_POINT('',(-0.0125,-0.0095,-0.003));
#2225=CARTESIAN_POINT('',(0.00141380312067063,-0.0095,-0.0179487788369009));
#2226=CARTESIAN_POINT('',(-0.0089489291724392,-0.0095,-3.03576608295941E-18));
#2227=CARTESIAN_POINT('',(0.00141380312067061,-0.0095,0.0179487788369009));
#2228=CARTESIAN_POINT('',(-0.0095,-0.0095,-0.003002));
#2229=CARTESIAN_POINT('',(-0.0095,-0.0095,0.0125));
#2230=CARTESIAN_POINT('',(-0.011,-0.0095,0.0125));
#2231=CARTESIAN_POINT('',(-0.0125,-0.0095,0.0005));
#2232=CARTESIAN_POINT('',(0.032502,-0.0155,-6.31480978618981E-18));
#2233=CARTESIAN_POINT('',(0.00141380312067062,-0.0155,-0.0179487788369009));
#2234=CARTESIAN_POINT('',(-0.00721687836487031,-0.0155,-0.003));
#2235=CARTESIAN_POINT('',(-0.0089489291724392,-0.0155,-3.03576608295941E-18));
#2236=CARTESIAN_POINT('',(0.032502,-0.0155,-0.003));
#2237=CARTESIAN_POINT('',(-0.011,-0.0155,0.0125));
#2238=CARTESIAN_POINT('',(-0.0095,-0.0155,0.0125));
#2239=CARTESIAN_POINT('',(-0.0095,-0.0155,-0.003002));
#2240=CARTESIAN_POINT('',(0.00141380312067061,-0.0155,0.0179487788369009));
#2241=CARTESIAN_POINT('',(0.032502,-0.0125,-0.003));
#2242=CARTESIAN_POINT('',(-0.00721687836487031,-0.0125,-0.003));
#2243=CARTESIAN_POINT('',(-0.0125,-0.0125,-0.003));
#2244=CARTESIAN_POINT('',(0.009,-0.0125,0.0085));
#2245=CARTESIAN_POINT('',(0.0285,-0.014901387818866,0.0085));
#2246=CARTESIAN_POINT('',(0.0285,-0.0155,0.0085));
#2247=CARTESIAN_POINT('',(0.027901387818866,-0.0155,0.0085));
#2248=CARTESIAN_POINT('',(0.0225,-0.0155,0.0085));
#2249=CARTESIAN_POINT('',(0.0225,-0.014901387818866,0.0085));
#2250=CARTESIAN_POINT('',(0.0196429491924312,-0.00635529041877838,0.0085));
#2251=CARTESIAN_POINT('',(0.0231905989232415,-0.0125,0.0085));
#2252=CARTESIAN_POINT('',(0.0237679491924312,-0.0115,0.0085));
#2253=CARTESIAN_POINT('',(0.0255,-0.0125,0.0105));
#2254=CARTESIAN_POINT('',(0.0224689110867545,-0.01075,0.010503));
#2255=CARTESIAN_POINT('',(0.0224695789095231,-0.0107484307972548,0.0105005465003609));
#2256=CARTESIAN_POINT('',(0.0224687652201906,-0.0107499162092174,0.0125003708489383));
#2257=CARTESIAN_POINT('',(0.0255,-0.0125,0.0105));
#2258=CARTESIAN_POINT('',(0.0224694838485652,-0.0142514225400233,0.0105005896256141));
#2259=CARTESIAN_POINT('',(0.0224689110867545,-0.01425,0.010503));
#2260=CARTESIAN_POINT('',(0.0224697277317173,-0.014251918851511,0.0125));
#2261=CARTESIAN_POINT('',(0.0255,-0.0125,0.0125));
#2262=CARTESIAN_POINT('',(0.0255,-0.0125,-0.0302020000000007));
#2263=CARTESIAN_POINT('',(0.0273892975059956,-0.0132997554747885,0.00399400916359016));
#2264=CARTESIAN_POINT('',(0.02761032409933,-0.0122295903733055,0.00410847551934394));
#2265=CARTESIAN_POINT('',(0.0270605955760516,-0.0109349092663081,0.00380367450795372));
#2266=CARTESIAN_POINT('',(0.0257757475892777,-0.0103914060768116,0.00345461813255299));
#2267=CARTESIAN_POINT('',(0.0247050922137319,-0.0106085025244944,0.00358611614959965));
#2268=CARTESIAN_POINT('',(0.0238359310220207,-0.0111899827650593,0.0038675148360398));
#2269=CARTESIAN_POINT('',(0.0232796069714921,-0.0124928700006185,0.00417221663744995));
#2270=CARTESIAN_POINT('',(0.0239344182653596,-0.0140673719458502,0.00380453824189972));
#2271=CARTESIAN_POINT('',(0.0254926297905982,-0.014718112061183,0.00338179830239054));
#2272=CARTESIAN_POINT('',(0.0268046755387228,-0.0141698080054395,0.00372913059565972));
#2273=CARTESIAN_POINT('',(0.0273892975059956,-0.0132997554747885,0.00399400916359016));
#2274=CARTESIAN_POINT('',(0.02761032409933,-0.0122295903733055,0.00410847551934394));
#2275=CARTESIAN_POINT('',(0.0270605955760516,-0.0109349092663081,0.00380367450795372));
#2276=CARTESIAN_POINT('',(0.0275,-0.0125,0.00405));
#2277=CARTESIAN_POINT('',(0.0255,-0.0125,0.0055));
#2278=CARTESIAN_POINT('',(0.0275,-0.0125,0.0055));
#2279=CARTESIAN_POINT('',(0.,-0.025,4.74550634669599E-19));
#2280=CARTESIAN_POINT('',(-0.0067116968793294,-0.024997,-0.003875));
#2281=CARTESIAN_POINT('',(-0.00671001183525108,-0.0249998964738473,-0.00387901536174382));
#2282=CARTESIAN_POINT('',(0.,-0.025,4.74550634669599E-19));
#2283=CARTESIAN_POINT('',(-0.00671199775951037,-0.0249987859023872,0.00387517236440461));
#2284=CARTESIAN_POINT('',(-0.0067116968793294,-0.024997,0.003875));
#2285=CARTESIAN_POINT('',(-0.00830594267031473,1.99999999999853E-6,-0.0272000000000007));
#2286=CARTESIAN_POINT('',(-0.0059239426703147,-0.007,-0.0272000000000007));
#2287=CARTESIAN_POINT('',(-0.0089259426703147,-0.007,-0.0272000000000007));
#2288=CARTESIAN_POINT('',(-0.0136859426703147,-0.007,-0.0272000000000007));
#2289=CARTESIAN_POINT('',(-0.0089259426703147,-0.007,-0.0272000000000007));
#2290=CARTESIAN_POINT('',(-0.00879860009767226,-0.007,-0.0272000000000007));
#2291=CARTESIAN_POINT('',(-0.00856438385163689,-0.00699546592141424,-0.0272000000000007));
#2292=CARTESIAN_POINT('',(-0.00834106312187711,-0.0069805529822583,-0.0272000000000007));
#2293=CARTESIAN_POINT('',(-0.00817117709135074,-0.00695931368640612,-0.0272000000000007));
#2294=CARTESIAN_POINT('',(-0.00795783608998613,-0.0069223293365352,-0.0272000000000007));
#2295=CARTESIAN_POINT('',(-0.00762434929443947,-0.00683850054676987,-0.0272000000000007));
#2296=CARTESIAN_POINT('',(-0.00712594615021623,-0.00662866630369623,-0.0272000000000007));
#2297=CARTESIAN_POINT('',(-0.00665296208122895,-0.00626522071609748,-0.0272000000000007));
#2298=CARTESIAN_POINT('',(-0.00629227219222366,-0.00578364543975185,-0.0272000000000007));
#2299=CARTESIAN_POINT('',(-0.00611548329195397,-0.00538017275983839,-0.0272000000000007));
#2300=CARTESIAN_POINT('',(-0.00602484078457757,-0.00505083179474124,-0.0272000000000007));
#2301=CARTESIAN_POINT('',(-0.00599102268387636,-0.00489727478672106,-0.0272000000000007));
#2302=CARTESIAN_POINT('',(-0.00594189426735956,-0.00457810126527245,-0.0272000000000007));
#2303=CARTESIAN_POINT('',(-0.0059259426703147,-0.0042482590588496,-0.0272000000000007));
#2304=CARTESIAN_POINT('',(-0.0059259426703147,-0.004,-0.0272000000000007));
#2305=CARTESIAN_POINT('',(-0.0059259426703147,-0.004,-0.0272000000000007));
#2306=CARTESIAN_POINT('',(-0.0059259426703147,1.99999999999853E-6,-0.0272000000000007));
#2307=CARTESIAN_POINT('',(-0.0106859426703147,1.99999999999853E-6,-0.0272000000000007));
#2308=CARTESIAN_POINT('',(-0.0106859426703148,-0.00299999999999989,-0.0272000000000007));
#2309=CARTESIAN_POINT('',(-0.0059239426703147,-0.00299999999999989,-0.0272000000000007));
#2310=CARTESIAN_POINT('',(-0.0136859426703147,-0.00299999999999989,-0.0272000000000007));
#2311=CARTESIAN_POINT('',(-0.0136859426703147,-0.00499999999999989,-0.0272000000000007));
#2312=CARTESIAN_POINT('',(-0.00830594267031476,1.99999999999853E-6,-0.0172000000000007));
#2313=CARTESIAN_POINT('',(-0.00592594267031474,1.99999999999853E-6,-0.0172000000000007));
#2314=CARTESIAN_POINT('',(-0.00592594267031474,-0.004,-0.0172000000000007));
#2315=CARTESIAN_POINT('',(-0.00592594267031474,-0.004,-0.0172000000000007));
#2316=CARTESIAN_POINT('',(-0.00592594267031474,-0.00412734257264271,-0.0172000000000007));
#2317=CARTESIAN_POINT('',(-0.0059304767489005,-0.00436155881867844,-0.0172000000000007));
#2318=CARTESIAN_POINT('',(-0.00594538968805641,-0.00458487954843776,-0.0172000000000007));
#2319=CARTESIAN_POINT('',(-0.00596662898390867,-0.00475476557896413,-0.0172000000000007));
#2320=CARTESIAN_POINT('',(-0.00600361333377976,-0.00496810658032955,-0.0172000000000007));
#2321=CARTESIAN_POINT('',(-0.00608744212354494,-0.00530159337587566,-0.0172000000000007));
#2322=CARTESIAN_POINT('',(-0.00629727636661869,-0.00579999652009826,-0.0172000000000007));
#2323=CARTESIAN_POINT('',(-0.00666072195421768,-0.00627298058908589,-0.0172000000000007));
#2324=CARTESIAN_POINT('',(-0.00714229723056204,-0.00663367047809054,-0.0172000000000007));
#2325=CARTESIAN_POINT('',(-0.00754576991047494,-0.00681045937836,-0.0172000000000007));
#2326=CARTESIAN_POINT('',(-0.00787511087557365,-0.00690110188573715,-0.0172000000000007));
#2327=CARTESIAN_POINT('',(-0.00802866788359296,-0.00693491998643832,-0.0172000000000007));
#2328=CARTESIAN_POINT('',(-0.00834784140504103,-0.00698404840295516,-0.0172000000000007));
#2329=CARTESIAN_POINT('',(-0.00867768361146434,-0.007,-0.0172000000000007));
#2330=CARTESIAN_POINT('',(-0.00892594267031474,-0.007,-0.0172000000000007));
#2331=CARTESIAN_POINT('',(-0.00892594267031473,-0.007,-0.017199999999997));
#2332=CARTESIAN_POINT('',(-0.00592394267031474,-0.007,-0.017199999999997));
#2333=CARTESIAN_POINT('',(-0.0136859426703148,-0.007,-0.017199999999997));
#2334=CARTESIAN_POINT('',(-0.0136859426703148,-0.005,-0.017199999999997));
#2335=CARTESIAN_POINT('',(-0.0136859426703148,-0.003,-0.017199999999997));
#2336=CARTESIAN_POINT('',(-0.00592394267031474,-0.003,-0.017199999999997));
#2337=CARTESIAN_POINT('',(-0.0106859426703148,-0.003,-0.017199999999997));
#2338=CARTESIAN_POINT('',(-0.0106859426703148,1.99999999999853E-6,-0.0172000000000007));
#2339=CARTESIAN_POINT('',(-0.00592594267031472,1.99999999999853E-6,-0.0222000000000007));
#2340=CARTESIAN_POINT('',(-0.0059259426703147,-0.004,-0.0271999999999981));
#2341=CARTESIAN_POINT('',(-0.00592594267031471,-0.004,-0.0238666666666665));
#2342=CARTESIAN_POINT('',(-0.00592594267031473,-0.004,-0.0205333333333349));
#2343=CARTESIAN_POINT('',(-0.00592594267031474,-0.004,-0.0172000000000033));
#2344=CARTESIAN_POINT('',(-0.0106859426703148,1.99999999999853E-6,-0.0222000000000008));
#2345=CARTESIAN_POINT('',(-0.0106859426703148,-0.003,-0.0222000000000008));
#2346=CARTESIAN_POINT('',(-0.0136859426703148,1.99999999999853E-6,-0.0213500000000004));
#2347=CARTESIAN_POINT('',(-0.0136859426703147,1.99999999999853E-6,-0.0302000000000008));
#2348=CARTESIAN_POINT('',(-0.0136859426703147,-0.00218594267031473,-0.0302000000000008));
#2349=CARTESIAN_POINT('',(-0.0136859426703147,-0.0228140573296853,-0.0302000000000008));
#2350=CARTESIAN_POINT('',(-0.0136859426703148,-0.0228140573296853,-0.0213500000000003));
#2351=CARTESIAN_POINT('',(-0.0136859426703148,-0.0228140573296852,-0.0123140573296852));
#2352=CARTESIAN_POINT('',(-0.0136859426703148,-0.025,-0.0123140573296852));
#2353=CARTESIAN_POINT('',(-0.0136859426703148,-0.00218594267031481,-0.0123140573296852));
#2354=CARTESIAN_POINT('',(-0.0136859426703148,-0.00218594267031477,-0.0213500000000004));
#2355=CARTESIAN_POINT('',(-0.0136859426703148,-0.003,-0.0221999999999988));
#2356=CARTESIAN_POINT('',(-0.0136859426703148,-0.007,-0.0221999999999988));
#2357=CARTESIAN_POINT('',(-0.0136859426703148,-0.022,-0.0221999999999988));
#2358=CARTESIAN_POINT('',(-0.0136859426703147,-0.022,-0.0272000000000007));
#2359=CARTESIAN_POINT('',(-0.0136859426703148,-0.022,-0.017199999999997));
#2360=CARTESIAN_POINT('',(-0.0136859426703147,-0.02,-0.0272000000000007));
#2361=CARTESIAN_POINT('',(-0.0136859426703147,-0.018,-0.0272000000000007));
#2362=CARTESIAN_POINT('',(-0.0136859426703148,-0.018,-0.0221999999999988));
#2363=CARTESIAN_POINT('',(-0.0136859426703148,-0.018,-0.017199999999997));
#2364=CARTESIAN_POINT('',(-0.0136859426703148,-0.02,-0.017199999999997));
#2365=CARTESIAN_POINT('',(3.46944695195361E-18,-0.025,0.0125));
#2366=CARTESIAN_POINT('',(0.0224689110867545,-0.01075,0.0125));
#2367=CARTESIAN_POINT('',(0.0214585481156726,-0.0125,0.0125));
#2368=CARTESIAN_POINT('',(0.0224689110867545,-0.01425,0.0125));
#2369=CARTESIAN_POINT('',(-0.0145,-0.025,0.0125));
#2370=CARTESIAN_POINT('',(-0.0145,-0.022,0.0125));
#2371=CARTESIAN_POINT('',(-0.0145,-0.003,0.0125));
#2372=CARTESIAN_POINT('',(3.46944695195361E-18,-0.022,0.0125));
#2373=CARTESIAN_POINT('',(0.0295,-0.022,0.0125));
#2374=CARTESIAN_POINT('',(0.0295,-0.025,0.0125));
#2375=CARTESIAN_POINT('',(0.0295,-0.003,0.0125));
#2376=CARTESIAN_POINT('',(-0.0145,-0.003,0.0125));
#2377=CARTESIAN_POINT('',(-0.0095,-0.0125,0.0125));
#2378=CARTESIAN_POINT('',(0.,-0.025,0.));
#2379=CARTESIAN_POINT('',(-0.0067116968793294,-0.025,0.003875));
#2380=CARTESIAN_POINT('',(-0.0089489291724392,-0.025,-1.0842021724855E-18));
#2381=CARTESIAN_POINT('',(-0.0067116968793294,-0.025,-0.003875));
#2382=CARTESIAN_POINT('',(0.,-0.025,0.0095));
#2383=CARTESIAN_POINT('',(0.0295,-0.025,0.0095));
#2384=CARTESIAN_POINT('',(-0.0115,-0.025,0.0095));
#2385=CARTESIAN_POINT('',(-0.0115,-0.025,2.39391839684799E-18));
#2386=CARTESIAN_POINT('',(-0.0115,-0.025,-0.0302000000000008));
#2387=CARTESIAN_POINT('',(-0.00830594267031471,-0.025,-0.0302000000000007));
#2388=CARTESIAN_POINT('',(-0.00963807974335939,-0.025,-0.0302000000000008));
#2389=CARTESIAN_POINT('',(0.0101493318439508,-0.025,-0.020313539437615));
#2390=CARTESIAN_POINT('',(0.0295,-0.025,-0.010645290675696));
#2391=CARTESIAN_POINT('',(0.0295,-0.025,-6.1409211049579E-18));
#2392=CARTESIAN_POINT('',(-0.00830594267031473,-0.025,-0.0272000000000007));
#2393=CARTESIAN_POINT('',(-0.0106859426703147,-0.025,-0.0272000000000007));
#2394=CARTESIAN_POINT('',(-0.0059259426703147,-0.025,-0.0272000000000007));
#2395=CARTESIAN_POINT('',(-0.0106859426703148,-0.025,-0.0222000000000008));
#2396=CARTESIAN_POINT('',(-0.0106859426703148,-0.025,-0.0172000000000007));
#2397=CARTESIAN_POINT('',(-0.00830594267031476,-0.025,-0.0172000000000007));
#2398=CARTESIAN_POINT('',(-0.00592594267031474,-0.025,-0.0172000000000007));
#2399=CARTESIAN_POINT('',(-0.00592594267031472,-0.025,-0.0222000000000007));
#2400=CARTESIAN_POINT('',(-0.00830594267031471,1.99999999999853E-6,-0.0302000000000007));
#2401=CARTESIAN_POINT('',(-0.00292594267031468,1.99999999999853E-6,-0.0302000000000007));
#2402=CARTESIAN_POINT('',(-0.00292594267031468,-0.003,-0.0302000000000007));
#2403=CARTESIAN_POINT('',(-0.00292594267031468,-0.022,-0.0302000000000007));
#2404=CARTESIAN_POINT('',(0.000786305359856351,-0.0203408050268763,-0.0302000000000007));
#2405=CARTESIAN_POINT('',(-0.0224039713351573,-0.0140960286648426,-0.0302000000000008));
#2406=CARTESIAN_POINT('',(-0.00990197133515736,0.00159802866484264,-0.0302000000000008));
#2407=CARTESIAN_POINT('',(-0.00852849376889277,-0.000495931159804204,-0.0302000000000007));
#2408=CARTESIAN_POINT('',(-0.00592594267031472,1.99999999999853E-6,-0.0222000000000007));
#2409=CARTESIAN_POINT('',(-0.00592594267031474,1.99999999999853E-6,-0.0172000000000007));
#2410=CARTESIAN_POINT('',(-0.00592594267031474,-0.021,-0.0172000000000007));
#2411=CARTESIAN_POINT('',(-0.00592594267031474,-0.021,-0.0172000000000023));
#2412=CARTESIAN_POINT('',(-0.00592594267031473,-0.021,-0.0205333333333349));
#2413=CARTESIAN_POINT('',(-0.00592594267031471,-0.021,-0.0238666666666676));
#2414=CARTESIAN_POINT('',(-0.0059259426703147,-0.021,-0.0272000000000002));
#2415=CARTESIAN_POINT('',(-0.0059259426703147,-0.021,-0.0272000000000007));
#2416=CARTESIAN_POINT('',(-0.0059259426703147,1.99999999999853E-6,-0.0272000000000007));
#2417=CARTESIAN_POINT('',(-0.00830594267031476,1.99999999999853E-6,-0.0172000000000007));
#2418=CARTESIAN_POINT('',(-0.00592394267031474,-0.018,-0.017199999999997));
#2419=CARTESIAN_POINT('',(-0.00892594267031474,-0.018,-0.017199999999997));
#2420=CARTESIAN_POINT('',(-0.00892594267031474,-0.018,-0.0172000000000007));
#2421=CARTESIAN_POINT('',(-0.00879860009767287,-0.018,-0.0172000000000007));
#2422=CARTESIAN_POINT('',(-0.00856438385163848,-0.0180045340785857,-0.0172000000000007));
#2423=CARTESIAN_POINT('',(-0.00834106312187699,-0.0180194470177418,-0.0172000000000007));
#2424=CARTESIAN_POINT('',(-0.00817117709135201,-0.0180406863135936,-0.0172000000000007));
#2425=CARTESIAN_POINT('',(-0.0079578360899921,-0.0180776706634638,-0.0172000000000007));
#2426=CARTESIAN_POINT('',(-0.00762434929444167,-0.0181614994532302,-0.0172000000000007));
#2427=CARTESIAN_POINT('',(-0.00712594615021928,-0.0183713336962998,-0.0172000000000007));
#2428=CARTESIAN_POINT('',(-0.00665296208123189,-0.0187347792839,-0.0172000000000007));
#2429=CARTESIAN_POINT('',(-0.00629227219222388,-0.0192163545602469,-0.0172000000000007));
#2430=CARTESIAN_POINT('',(-0.00611548329195565,-0.019619827240158,-0.0172000000000007));
#2431=CARTESIAN_POINT('',(-0.00602484078457755,-0.0199491682052591,-0.0172000000000007));
#2432=CARTESIAN_POINT('',(-0.00599102268387642,-0.0201027252132776,-0.0172000000000007));
#2433=CARTESIAN_POINT('',(-0.00594189426735957,-0.0204218987347252,-0.0172000000000007));
#2434=CARTESIAN_POINT('',(-0.00592594267031473,-0.0207517409411489,-0.0172000000000007));
#2435=CARTESIAN_POINT('',(-0.00592594267031473,-0.021,-0.0172000000000007));
#2436=CARTESIAN_POINT('',(-0.0106859426703148,1.99999999999853E-6,-0.0172000000000007));
#2437=CARTESIAN_POINT('',(-0.0106859426703148,-0.022,-0.0172000000000007));
#2438=CARTESIAN_POINT('',(-0.00592394267031474,-0.022,-0.017199999999997));
#2439=CARTESIAN_POINT('',(-0.00830594267031473,1.99999999999853E-6,-0.0272000000000007));
#2440=CARTESIAN_POINT('',(-0.0059259426703147,-0.021,-0.0272000000000007));
#2441=CARTESIAN_POINT('',(-0.0059259426703147,-0.0208726574273587,-0.0272000000000007));
#2442=CARTESIAN_POINT('',(-0.00593047674890042,-0.0206384411813248,-0.0272000000000007));
#2443=CARTESIAN_POINT('',(-0.00594538968805652,-0.0204151204515632,-0.0272000000000007));
#2444=CARTESIAN_POINT('',(-0.0059666289839084,-0.0202452344210365,-0.0272000000000007));
#2445=CARTESIAN_POINT('',(-0.00600361333377869,-0.0200318934196746,-0.0272000000000007));
#2446=CARTESIAN_POINT('',(-0.00608744212354459,-0.019698406624126,-0.0272000000000007));
#2447=CARTESIAN_POINT('',(-0.00629727636661757,-0.0192000034799024,-0.0272000000000007));
#2448=CARTESIAN_POINT('',(-0.00666072195421559,-0.0187270194109161,-0.0272000000000007));
#2449=CARTESIAN_POINT('',(-0.00714229723056559,-0.0183663295219063,-0.0272000000000007));
#2450=CARTESIAN_POINT('',(-0.00754576991048142,-0.0181895406216358,-0.0272000000000007));
#2451=CARTESIAN_POINT('',(-0.00787511087557262,-0.0180988981142629,-0.0272000000000007));
#2452=CARTESIAN_POINT('',(-0.00802866788359778,-0.0180650800135616,-0.0272000000000007));
#2453=CARTESIAN_POINT('',(-0.00834784140504965,-0.0180159515970449,-0.0272000000000007));
#2454=CARTESIAN_POINT('',(-0.00867768361146979,-0.018,-0.0272000000000007));
#2455=CARTESIAN_POINT('',(-0.0089259426703147,-0.018,-0.0272000000000007));
#2456=CARTESIAN_POINT('',(-0.0089259426703147,-0.018,-0.0272000000000007));
#2457=CARTESIAN_POINT('',(-0.0059239426703147,-0.018,-0.0272000000000007));
#2458=CARTESIAN_POINT('',(-0.0059239426703147,-0.022,-0.0272000000000007));
#2459=CARTESIAN_POINT('',(-0.0106859426703148,-0.022,-0.0272000000000007));
#2460=CARTESIAN_POINT('',(-0.0106859426703147,1.99999999999853E-6,-0.0272000000000007));
#2461=CARTESIAN_POINT('',(-0.0106859426703148,1.99999999999853E-6,-0.0222000000000008));
#2462=CARTESIAN_POINT('',(-0.0106859426703148,-0.022,-0.0222000000000008));
#2463=CARTESIAN_POINT('',(-0.00592394267031472,-0.003,-0.0221999999999988));
#2464=CARTESIAN_POINT('',(-0.00592394267031472,-0.007,-0.0221999999999988));
#2465=CARTESIAN_POINT('',(-0.00892594267031472,-0.007,-0.0171999999999995));
#2466=CARTESIAN_POINT('',(-0.00892594267031472,-0.007,-0.0205333333333324));
#2467=CARTESIAN_POINT('',(-0.00892594267031472,-0.007,-0.0238666666666652));
#2468=CARTESIAN_POINT('',(-0.00892594267031472,-0.007,-0.0271999999999981));
#2469=CARTESIAN_POINT('',(-0.00592394267031472,-0.018,-0.0221999999999988));
#2470=CARTESIAN_POINT('',(-0.00892594267031472,-0.018,-0.0272000000000002));
#2471=CARTESIAN_POINT('',(-0.00892594267031472,-0.018,-0.0238666666666663));
#2472=CARTESIAN_POINT('',(-0.00892594267031472,-0.018,-0.0205333333333324));
#2473=CARTESIAN_POINT('',(-0.00892594267031472,-0.018,-0.0171999999999985));
#2474=CARTESIAN_POINT('',(-0.00592394267031472,-0.022,-0.0221999999999988));
#2475=CARTESIAN_POINT('',(0.0325,-0.0125,-6.51743057948221E-18));
#2476=CARTESIAN_POINT('',(0.0325,-0.0125,-6.51743057948221E-18));
#2477=CARTESIAN_POINT('',(0.0325,-0.0125,-0.00405000000000001));
#2478=CARTESIAN_POINT('',(0.0125,-0.0125,-2.35409423713787E-18));
#2479=CARTESIAN_POINT('',(0.0125,-0.0125,-0.00405));
#2480=CARTESIAN_POINT('',(0.0325,-0.0125,-3.29597460435593E-18));
#2481=CARTESIAN_POINT('',(0.0325,-0.022,-3.29597460435593E-18));
#2482=CARTESIAN_POINT('',(0.0325,-0.022,0.0095));
#2483=CARTESIAN_POINT('',(0.0325,-0.022,-0.0095));
#2484=CARTESIAN_POINT('',(0.0325,-0.0125,-0.0095));
#2485=CARTESIAN_POINT('',(0.0325,-0.003,-0.0095));
#2486=CARTESIAN_POINT('',(0.0325,-0.003,0.0125));
#2487=CARTESIAN_POINT('',(0.0325,-0.003,0.0095));
#2488=CARTESIAN_POINT('',(0.0325,-0.0125,0.0095));
#2489=CARTESIAN_POINT('',(0.0125,-0.025,0.));
#2490=CARTESIAN_POINT('',(-0.00592594267031471,-0.021,-0.0272000000000007));
#2491=CARTESIAN_POINT('',(-0.00592594267031474,-0.021,-0.0171999999999985));
#2492=CARTESIAN_POINT('',(-0.00592594267031471,-0.02055,-0.0272000000000007));
#2493=CARTESIAN_POINT('',(-0.00592594267031474,-0.02055,-0.0171999999999985));
#2494=CARTESIAN_POINT('',(-0.00592594267031471,-0.0201,-0.0272000000000007));
#2495=CARTESIAN_POINT('',(-0.00592594267031474,-0.0201,-0.0171999999999985));
#2496=CARTESIAN_POINT('',(-0.00622594267031471,-0.019,-0.0272000000000007));
#2497=CARTESIAN_POINT('',(-0.00622594267031473,-0.019,-0.0171999999999985));
#2498=CARTESIAN_POINT('',(-0.0069259426703147,-0.0183,-0.0271999999999936));
#2499=CARTESIAN_POINT('',(-0.00692594267031473,-0.0183,-0.0171999999999913));
#2500=CARTESIAN_POINT('',(-0.0080259426703147,-0.018,-0.0272000000000007));
#2501=CARTESIAN_POINT('',(-0.00802594267031473,-0.018,-0.0171999999999985));
#2502=CARTESIAN_POINT('',(-0.00847594267031471,-0.018,-0.0272000000000007));
#2503=CARTESIAN_POINT('',(-0.00847594267031474,-0.018,-0.0171999999999985));
#2504=CARTESIAN_POINT('',(-0.00892594267031471,-0.018,-0.0272000000000007));
#2505=CARTESIAN_POINT('',(-0.00892594267031473,-0.018,-0.0171999999999985));
#2506=CARTESIAN_POINT('',(-0.00592594267031473,-0.004,-0.0171999999999995));
#2507=CARTESIAN_POINT('',(-0.00592594267031471,-0.004,-0.0272000000000007));
#2508=CARTESIAN_POINT('',(-0.00592594267031473,-0.00445,-0.0171999999999995));
#2509=CARTESIAN_POINT('',(-0.00592594267031471,-0.00445,-0.0272000000000007));
#2510=CARTESIAN_POINT('',(-0.00592594267031474,-0.0049,-0.0171999999999995));
#2511=CARTESIAN_POINT('',(-0.00592594267031471,-0.0049,-0.0272000000000007));
#2512=CARTESIAN_POINT('',(-0.00622594267031474,-0.00600000000000002,-0.0171999999999995));
#2513=CARTESIAN_POINT('',(-0.00622594267031471,-0.00600000000000002,-0.0272000000000007));
#2514=CARTESIAN_POINT('',(-0.00692594267031474,-0.00670000000000001,-0.0171999999999924));
#2515=CARTESIAN_POINT('',(-0.00692594267031472,-0.00670000000000001,-0.0271999999999935));
#2516=CARTESIAN_POINT('',(-0.00802594267031475,-0.007,-0.0172000000000139));
#2517=CARTESIAN_POINT('',(-0.00802594267031472,-0.007,-0.027200000000015));
#2518=CARTESIAN_POINT('',(-0.00847594267031475,-0.007,-0.0172000000000067));
#2519=CARTESIAN_POINT('',(-0.00847594267031472,-0.007,-0.0272000000000079));
#2520=CARTESIAN_POINT('',(-0.00892594267031475,-0.007,-0.0171999999999995));
#2521=CARTESIAN_POINT('',(-0.00892594267031472,-0.007,-0.0272000000000007));
#2522=CARTESIAN_POINT('',(-0.0145,-0.0125,-4.5102810375397E-19));
#2523=CARTESIAN_POINT('',(-0.0145,-0.0125,3.14088352811438E-18));
#2524=CARTESIAN_POINT('',(-0.0145,-0.0125,0.002));
#2525=CARTESIAN_POINT('',(-0.0145,-0.0125,-0.0115));
#2526=CARTESIAN_POINT('',(-0.0145,-0.003,-0.0115));
#2527=CARTESIAN_POINT('',(-0.0145,-0.022,-0.0115));
#2528=CARTESIAN_POINT('',(-0.0145,-0.022,-4.5102810375397E-19));
#2529=CARTESIAN_POINT('',(-0.0145,-0.003,-0.0115));
#2530=CARTESIAN_POINT('',(-0.0135,-0.025,-0.0125));
#2531=CARTESIAN_POINT('',(-0.0128333333333333,-0.0236666666666667,-0.0131666666666667));
#2532=CARTESIAN_POINT('',(-0.0211666666666666,-0.00966666666666667,-0.00483333333333333));
#2533=CARTESIAN_POINT('',(0.032502,-0.0125,-6.64337321002905E-18));
#2534=CARTESIAN_POINT('',(-0.0125,-0.0125,0.0005));
#2535=CARTESIAN_POINT('',(-0.0095,-0.0125,-0.003002));
#2536=CARTESIAN_POINT('',(0.0285,-0.014901387818866,0.0055));
#2537=CARTESIAN_POINT('',(0.0285,-0.014901387818866,0.0055));
#2538=CARTESIAN_POINT('',(0.0285,-0.0155,0.0055));
#2539=CARTESIAN_POINT('',(0.0285,-0.0155,0.0055));
#2540=CARTESIAN_POINT('',(0.0225,-0.014901387818866,0.0055));
#2541=CARTESIAN_POINT('',(0.0225,-0.0155,0.0055));
#2542=CARTESIAN_POINT('',(0.0225,-0.0155,0.0055));
#2543=CARTESIAN_POINT('',(0.0225,-0.014901387818866,0.0055));
#2544=CARTESIAN_POINT('',(0.027901387818866,-0.0155,0.0055));
#2545=CARTESIAN_POINT('',(0.027901387818866,-0.0155,0.0055));
#2546=CARTESIAN_POINT('',(0.009,-0.0125,0.0055));
#2547=CARTESIAN_POINT('',(0.009,-0.0125,0.0105));
#2548=CARTESIAN_POINT('',(0.0237679491924312,-0.0115,0.0105));
#2549=CARTESIAN_POINT('',(0.0231905989232415,-0.0125,0.0105));
#2550=CARTESIAN_POINT('',(0.0237679491924312,-0.0135,0.0105));
#2551=CARTESIAN_POINT('',(0.0224689110867545,-0.01075,0.0105));
#2552=CARTESIAN_POINT('',(0.0214585481156726,-0.0125,0.0105));
#2553=CARTESIAN_POINT('',(0.0183439110867545,-0.00710529041877839,0.0105));
#2554=CARTESIAN_POINT('',(0.0147870286648427,-0.025002,-0.0213500000000004));
#2555=CARTESIAN_POINT('',(0.0265043906274768,-0.025002,-0.0154956093725233));
#2556=CARTESIAN_POINT('',(0.0265043906274768,-0.003,-0.0154956093725233));
#2557=CARTESIAN_POINT('',(0.0265043906274768,-0.022,-0.0154956093725233));
#2558=CARTESIAN_POINT('',(0.0147870286648427,-0.022,-0.0213500000000004));
#2559=CARTESIAN_POINT('',(0.0325,-0.003,-0.0125));
#2560=CARTESIAN_POINT('',(-0.0115,-0.025,2.39391839684799E-18));
#2561=CARTESIAN_POINT('',(-0.00833333333333333,-0.0281666666666667,0.00633333333333334));
#2562=CARTESIAN_POINT('',(-0.0145,-0.003,-4.5102810375397E-19));
#2563=CARTESIAN_POINT('',(-0.0103333333333333,0.00116666666666667,0.00833333333333333));
#2564=CARTESIAN_POINT('',(3.46944695195361E-18,-0.022,0.0125));
#2565=CARTESIAN_POINT('',(0.0295,-0.022,0.0125));
#2566=CARTESIAN_POINT('',(0.0295,-0.025,0.0125));
#2567=CARTESIAN_POINT('',(0.031,-0.003,0.011));
#2568=CARTESIAN_POINT('',(0.0295,-0.022,0.0125));
#2569=CARTESIAN_POINT('',(0.,0.,0.0095));
#2570=CARTESIAN_POINT('',(0.0295,0.,0.0095));
#2571=CARTESIAN_POINT('',(0.0295,-0.022,0.0125));
#2572=CARTESIAN_POINT('',(0.031,-0.0235,0.0095));
#2573=CARTESIAN_POINT('',(0.0295,0.,0.0095));
#2574=CARTESIAN_POINT('',(0.0295,9.88792381306784E-19,0.0095));
#2575=CARTESIAN_POINT('',(0.0147870286648427,-0.022,-0.0213500000000004));
#2576=CARTESIAN_POINT('',(0.0265043906274768,-0.022,-0.0154956093725233));
#2577=CARTESIAN_POINT('',(0.0325,-0.022,-3.29597460435593E-18));
#2578=CARTESIAN_POINT('',(0.0286390935720511,-0.0258609064279489,-0.0109739533772215));
#2579=CARTESIAN_POINT('',(0.0295,0.,-6.1409211049579E-18));
#2580=CARTESIAN_POINT('',(0.0325,-0.003,-0.0095));
#2581=CARTESIAN_POINT('',(0.0101493318439508,0.,-0.020313539437615));
#2582=CARTESIAN_POINT('',(0.0299000366195526,0.000400622948260731,-0.0099975743502536));
#2583=CARTESIAN_POINT('',(0.0265043906274768,-0.022,-0.0154956093725233));
#2584=CARTESIAN_POINT('',(0.0265043906274768,-0.022,-0.0154956093725233));
#2585=CARTESIAN_POINT('',(0.0325,-0.003,-0.0095));
#2586=CARTESIAN_POINT('',(0.0325,-0.003,-0.0095));
#2587=CARTESIAN_POINT('',(0.0325,-0.0125,-0.0095));
#2588=CARTESIAN_POINT('',(-0.0067116968793294,-0.024997,-0.003875));
#2589=CARTESIAN_POINT('',(-0.0089489291724392,-0.024997,8.67361737988404E-19));
#2590=CARTESIAN_POINT('',(-0.0089489291724392,-0.024997,8.67361737988404E-19));
#2591=CARTESIAN_POINT('',(-0.0067116968793294,-0.024997,0.003875));
#2592=CARTESIAN_POINT('',(0.0237679491924312,-0.0135,0.008503));
#2593=CARTESIAN_POINT('',(0.0231905989232415,-0.0125,0.008503));
#2594=CARTESIAN_POINT('',(0.0237679491924312,-0.0115,0.008503));
#2595=CARTESIAN_POINT('',(0.0224689110867545,-0.01425,0.010503));
#2596=CARTESIAN_POINT('',(0.0214585481156726,-0.0125,0.010503));
#2597=CARTESIAN_POINT('',(0.0224689110867545,-0.01075,0.010503));
#2598=MECHANICAL_DESIGN_GEOMETRIC_PRESENTATION_REPRESENTATION('',(#1559),
#2599);
#2599=(
GEOMETRIC_REPRESENTATION_CONTEXT(3)
GLOBAL_UNCERTAINTY_ASSIGNED_CONTEXT((#2600))
GLOBAL_UNIT_ASSIGNED_CONTEXT((#2603,#2602,#2601))
REPRESENTATION_CONTEXT('Rod Block','TOP_LEVEL_ASSEMBLY_PART')
);
#2600=UNCERTAINTY_MEASURE_WITH_UNIT(LENGTH_MEASURE(3.14598401951878E-5),
#2603,'DISTANCE_ACCURACY_VALUE','Maximum Tolerance applied to model');
#2601=(
NAMED_UNIT(*)
SI_UNIT($,.STERADIAN.)
SOLID_ANGLE_UNIT()
);
#2602=(
NAMED_UNIT(*)
PLANE_ANGLE_UNIT()
SI_UNIT($,.RADIAN.)
);
#2603=(
LENGTH_UNIT()
NAMED_UNIT(*)
SI_UNIT($,.METRE.)
);
#2604=PRODUCT_DEFINITION_SHAPE('','',#2605);
#2605=PRODUCT_DEFINITION('','',#2607,#2606);
#2606=PRODUCT_DEFINITION_CONTEXT('',#2613,'design');
#2607=PRODUCT_DEFINITION_FORMATION_WITH_SPECIFIED_SOURCE('','',#2609,
 .NOT_KNOWN.);
#2608=PRODUCT_RELATED_PRODUCT_CATEGORY('','',(#2609));
#2609=PRODUCT('Rod Block','Rod Block','Rod Block',(#2611));
#2610=PRODUCT_CATEGORY('','');
#2611=PRODUCT_CONTEXT('',#2613,'mechanical');
#2612=APPLICATION_PROTOCOL_DEFINITION('international standard',
'ap242_managed_model_based_3d_engineering',2020,#2613);
#2613=APPLICATION_CONTEXT('managed model based 3d engineering');
ENDSEC;
END-ISO-10303-21;
