ISO-10303-21;
HEADER;
/* Generated by software containing ST-Developer
 * from STEP Tools, Inc. (www.steptools.com) 
 */
/* OPTION: using custom renumber hook */

FILE_DESCRIPTION(
/* description */ ('STEP AP242 Edition 2',
'CAx-IF Rec.Pracs.---Representation and Presentation of Product Manufa
cturing Information (PMI)---4.0---2014-10-13',
'CAx-IF Rec.Pracs.---3D Tessellated Geometry---0.4---2014-09-14','2;1',
'CAx-IF Rec.Pracs.---User Defined Attributes---1.5---2016-08-15'),
/* implementation_level */ '2;1');

FILE_NAME(
/* name */ '6961f2fd46b9ae42405cfb9f',
/* time_stamp */ '2026-01-10T06:34:38Z',
/* author */ (''),
/* organization */ (''),
/* preprocessor_version */ 'ST-DEVELOPER v20',
/* originating_system */ 'ONSHAPE BY PTC INC, 1.209',
/* authorisation */ '  ');

FILE_SCHEMA (('AP242_MANAGED_MODEL_BASED_3D_ENGINEERING_MIM_LF { 1 0 10303 442 3 1 4 }'));
ENDSEC;

DATA;
#10=SHAPE_REPRESENTATION_RELATIONSHIP('','',#1804,#11);
#11=ADVANCED_BREP_SHAPE_REPRESENTATION('',(#1802),#2966);
#12=B_SPLINE_SURFACE_WITH_KNOTS('',5,1,((#2837,#2838),(#2839,#2840),(#2841,
#2842),(#2843,#2844),(#2845,#2846),(#2847,#2848),(#2849,#2850),(#2851,#2852)),
 .SURF_OF_LINEAR_EXTRUSION.,.F.,.F.,.F.,(6,2,6),(2,2),(0.,0.5,1.),(0.,1.),
 .UNSPECIFIED.);
#13=B_SPLINE_SURFACE_WITH_KNOTS('',5,1,((#2853,#2854),(#2855,#2856),(#2857,
#2858),(#2859,#2860),(#2861,#2862),(#2863,#2864),(#2865,#2866),(#2867,#2868)),
 .SURF_OF_LINEAR_EXTRUSION.,.F.,.F.,.F.,(6,2,6),(2,2),(0.,0.5,1.),(0.,1.),
 .UNSPECIFIED.);
#14=B_SPLINE_CURVE_WITH_KNOTS('',3,(#2621,#2622,#2623,#2624,#2625,#2626,
#2627,#2628,#2629,#2630,#2631,#2632,#2633),.UNSPECIFIED.,.T.,.F.,(1,1,1,
1,1,1,1,1,1,1,1,1,1,1,1,1,1),(-0.00317684555203884,-0.00158842277601942,
-0.000794211388009709,0.,0.00158842277601942,0.00317684555203884,0.00397105694004855,
0.00476526832805826,0.00635369110407768,0.0079421138800971,0.00953053665611652,
0.0111189594321359,0.0119131708201457,0.0127073822081554,0.0142958049841748,
0.0158842277601942,0.0166784391482039),.UNSPECIFIED.);
#15=B_SPLINE_CURVE_WITH_KNOTS('',3,(#2647,#2648,#2649,#2650,#2651,#2652,
#2653,#2654,#2655,#2656,#2657,#2658,#2659,#2660,#2661,#2662),
 .UNSPECIFIED.,.F.,.F.,(4,1,1,1,1,1,1,1,1,1,1,1,1,4),(0.,0.0625,0.125,0.15625,
0.1875,0.25,0.375,0.5,0.625,0.75,0.78125,0.8125,0.875,1.),.UNSPECIFIED.);
#16=B_SPLINE_CURVE_WITH_KNOTS('',3,(#2673,#2674,#2675,#2676,#2677,#2678,
#2679,#2680,#2681,#2682,#2683,#2684,#2685,#2686,#2687,#2688),
 .UNSPECIFIED.,.F.,.F.,(4,1,1,1,1,1,1,1,1,1,1,1,1,4),(0.,0.0625,0.125,0.15625,
0.1875,0.25,0.375,0.5,0.625,0.75,0.78125,0.8125,0.875,1.),.UNSPECIFIED.);
#17=B_SPLINE_CURVE_WITH_KNOTS('',3,(#2698,#2699,#2700,#2701),
 .UNSPECIFIED.,.F.,.F.,(4,4),(0.,1.),.UNSPECIFIED.);
#18=B_SPLINE_CURVE_WITH_KNOTS('',3,(#2769,#2770,#2771,#2772),
 .UNSPECIFIED.,.F.,.F.,(4,4),(0.,1.),.UNSPECIFIED.);
#19=B_SPLINE_CURVE_WITH_KNOTS('',3,(#2778,#2779,#2780,#2781,#2782,#2783,
#2784,#2785,#2786,#2787,#2788,#2789,#2790,#2791,#2792,#2793),
 .UNSPECIFIED.,.F.,.F.,(4,1,1,1,1,1,1,1,1,1,1,1,1,4),(0.,0.0625,0.125,0.15625,
0.1875,0.25,0.375,0.5,0.625,0.75,0.78125,0.8125,0.875,1.),.UNSPECIFIED.);
#20=B_SPLINE_CURVE_WITH_KNOTS('',3,(#2798,#2799,#2800,#2801,#2802,#2803,
#2804,#2805,#2806,#2807,#2808,#2809,#2810,#2811,#2812,#2813),
 .UNSPECIFIED.,.F.,.F.,(4,1,1,1,1,1,1,1,1,1,1,1,1,4),(0.,0.0625,0.125,0.15625,
0.1875,0.25,0.375,0.5,0.625,0.75,0.78125,0.8125,0.875,1.),.UNSPECIFIED.);
#21=B_SPLINE_CURVE_WITH_KNOTS('',3,(#2823,#2824,#2825,#2826),
 .UNSPECIFIED.,.F.,.F.,(4,4),(0.,1.),.UNSPECIFIED.);
#22=B_SPLINE_CURVE_WITH_KNOTS('',3,(#2828,#2829,#2830,#2831),
 .UNSPECIFIED.,.F.,.F.,(4,4),(0.,1.),.UNSPECIFIED.);
#23=CYLINDRICAL_SURFACE('',#1839,0.002);
#24=CYLINDRICAL_SURFACE('',#1847,0.0035);
#25=CYLINDRICAL_SURFACE('',#1850,0.002);
#26=CYLINDRICAL_SURFACE('',#1852,0.00775);
#27=CYLINDRICAL_SURFACE('',#1870,0.00405);
#28=CYLINDRICAL_SURFACE('',#1876,0.002);
#29=CIRCLE('',#1807,0.00775);
#30=CIRCLE('',#1810,0.00405);
#31=CIRCLE('',#1827,0.002);
#32=CIRCLE('',#1829,0.002);
#33=CIRCLE('',#1832,0.002);
#34=CIRCLE('',#1836,0.002);
#35=CIRCLE('',#1840,0.002);
#36=CIRCLE('',#1841,0.002);
#37=CIRCLE('',#1848,0.0035);
#38=CIRCLE('',#1849,0.0035);
#39=CIRCLE('',#1851,0.002);
#40=CIRCLE('',#1853,0.00775);
#41=CIRCLE('',#1871,0.00405);
#42=CIRCLE('',#1874,0.002);
#43=ORIENTED_EDGE('',*,*,#533,.F.);
#44=ORIENTED_EDGE('',*,*,#534,.T.);
#45=ORIENTED_EDGE('',*,*,#535,.T.);
#46=ORIENTED_EDGE('',*,*,#536,.T.);
#47=ORIENTED_EDGE('',*,*,#537,.T.);
#48=ORIENTED_EDGE('',*,*,#538,.T.);
#49=ORIENTED_EDGE('',*,*,#539,.T.);
#50=ORIENTED_EDGE('',*,*,#540,.T.);
#51=ORIENTED_EDGE('',*,*,#541,.T.);
#52=ORIENTED_EDGE('',*,*,#542,.T.);
#53=ORIENTED_EDGE('',*,*,#543,.F.);
#54=ORIENTED_EDGE('',*,*,#544,.T.);
#55=ORIENTED_EDGE('',*,*,#545,.T.);
#56=ORIENTED_EDGE('',*,*,#546,.T.);
#57=ORIENTED_EDGE('',*,*,#547,.F.);
#58=ORIENTED_EDGE('',*,*,#548,.T.);
#59=ORIENTED_EDGE('',*,*,#549,.T.);
#60=ORIENTED_EDGE('',*,*,#550,.F.);
#61=ORIENTED_EDGE('',*,*,#551,.F.);
#62=ORIENTED_EDGE('',*,*,#552,.T.);
#63=ORIENTED_EDGE('',*,*,#553,.T.);
#64=ORIENTED_EDGE('',*,*,#554,.F.);
#65=ORIENTED_EDGE('',*,*,#555,.T.);
#66=ORIENTED_EDGE('',*,*,#556,.F.);
#67=ORIENTED_EDGE('',*,*,#557,.F.);
#68=ORIENTED_EDGE('',*,*,#558,.T.);
#69=ORIENTED_EDGE('',*,*,#559,.F.);
#70=ORIENTED_EDGE('',*,*,#560,.T.);
#71=ORIENTED_EDGE('',*,*,#561,.T.);
#72=ORIENTED_EDGE('',*,*,#562,.F.);
#73=ORIENTED_EDGE('',*,*,#563,.T.);
#74=ORIENTED_EDGE('',*,*,#564,.T.);
#75=ORIENTED_EDGE('',*,*,#565,.T.);
#76=ORIENTED_EDGE('',*,*,#566,.T.);
#77=ORIENTED_EDGE('',*,*,#567,.T.);
#78=ORIENTED_EDGE('',*,*,#542,.F.);
#79=ORIENTED_EDGE('',*,*,#568,.F.);
#80=ORIENTED_EDGE('',*,*,#569,.T.);
#81=ORIENTED_EDGE('',*,*,#570,.T.);
#82=ORIENTED_EDGE('',*,*,#571,.T.);
#83=ORIENTED_EDGE('',*,*,#572,.F.);
#84=ORIENTED_EDGE('',*,*,#573,.F.);
#85=ORIENTED_EDGE('',*,*,#562,.T.);
#86=ORIENTED_EDGE('',*,*,#574,.T.);
#87=ORIENTED_EDGE('',*,*,#575,.F.);
#88=ORIENTED_EDGE('',*,*,#545,.F.);
#89=ORIENTED_EDGE('',*,*,#576,.T.);
#90=ORIENTED_EDGE('',*,*,#565,.F.);
#91=ORIENTED_EDGE('',*,*,#577,.F.);
#92=ORIENTED_EDGE('',*,*,#578,.T.);
#93=ORIENTED_EDGE('',*,*,#579,.F.);
#94=ORIENTED_EDGE('',*,*,#580,.F.);
#95=ORIENTED_EDGE('',*,*,#581,.T.);
#96=ORIENTED_EDGE('',*,*,#582,.T.);
#97=ORIENTED_EDGE('',*,*,#583,.T.);
#98=ORIENTED_EDGE('',*,*,#584,.F.);
#99=ORIENTED_EDGE('',*,*,#585,.T.);
#100=ORIENTED_EDGE('',*,*,#586,.F.);
#101=ORIENTED_EDGE('',*,*,#579,.T.);
#102=ORIENTED_EDGE('',*,*,#587,.T.);
#103=ORIENTED_EDGE('',*,*,#588,.F.);
#104=ORIENTED_EDGE('',*,*,#589,.T.);
#105=ORIENTED_EDGE('',*,*,#590,.F.);
#106=ORIENTED_EDGE('',*,*,#591,.T.);
#107=ORIENTED_EDGE('',*,*,#592,.T.);
#108=ORIENTED_EDGE('',*,*,#591,.F.);
#109=ORIENTED_EDGE('',*,*,#593,.F.);
#110=ORIENTED_EDGE('',*,*,#594,.T.);
#111=ORIENTED_EDGE('',*,*,#595,.T.);
#112=ORIENTED_EDGE('',*,*,#596,.F.);
#113=ORIENTED_EDGE('',*,*,#597,.F.);
#114=ORIENTED_EDGE('',*,*,#598,.T.);
#115=ORIENTED_EDGE('',*,*,#581,.F.);
#116=ORIENTED_EDGE('',*,*,#599,.T.);
#117=ORIENTED_EDGE('',*,*,#582,.F.);
#118=ORIENTED_EDGE('',*,*,#600,.F.);
#119=ORIENTED_EDGE('',*,*,#601,.T.);
#120=ORIENTED_EDGE('',*,*,#602,.T.);
#121=ORIENTED_EDGE('',*,*,#601,.F.);
#122=ORIENTED_EDGE('',*,*,#603,.F.);
#123=ORIENTED_EDGE('',*,*,#588,.T.);
#124=ORIENTED_EDGE('',*,*,#604,.F.);
#125=ORIENTED_EDGE('',*,*,#589,.F.);
#126=ORIENTED_EDGE('',*,*,#605,.T.);
#127=ORIENTED_EDGE('',*,*,#606,.T.);
#128=ORIENTED_EDGE('',*,*,#607,.T.);
#129=ORIENTED_EDGE('',*,*,#595,.F.);
#130=ORIENTED_EDGE('',*,*,#608,.F.);
#131=ORIENTED_EDGE('',*,*,#609,.T.);
#132=ORIENTED_EDGE('',*,*,#610,.T.);
#133=ORIENTED_EDGE('',*,*,#609,.F.);
#134=ORIENTED_EDGE('',*,*,#611,.F.);
#135=ORIENTED_EDGE('',*,*,#584,.T.);
#136=ORIENTED_EDGE('',*,*,#612,.F.);
#137=ORIENTED_EDGE('',*,*,#585,.F.);
#138=ORIENTED_EDGE('',*,*,#613,.T.);
#139=ORIENTED_EDGE('',*,*,#614,.T.);
#140=ORIENTED_EDGE('',*,*,#615,.F.);
#141=ORIENTED_EDGE('',*,*,#616,.F.);
#142=ORIENTED_EDGE('',*,*,#617,.T.);
#143=ORIENTED_EDGE('',*,*,#594,.F.);
#144=ORIENTED_EDGE('',*,*,#618,.F.);
#145=ORIENTED_EDGE('',*,*,#619,.F.);
#146=ORIENTED_EDGE('',*,*,#620,.F.);
#147=ORIENTED_EDGE('',*,*,#593,.T.);
#148=ORIENTED_EDGE('',*,*,#590,.T.);
#149=ORIENTED_EDGE('',*,*,#621,.F.);
#150=ORIENTED_EDGE('',*,*,#580,.T.);
#151=ORIENTED_EDGE('',*,*,#586,.T.);
#152=ORIENTED_EDGE('',*,*,#622,.F.);
#153=ORIENTED_EDGE('',*,*,#623,.T.);
#154=ORIENTED_EDGE('',*,*,#602,.F.);
#155=ORIENTED_EDGE('',*,*,#587,.F.);
#156=ORIENTED_EDGE('',*,*,#624,.T.);
#157=ORIENTED_EDGE('',*,*,#599,.F.);
#158=ORIENTED_EDGE('',*,*,#625,.T.);
#159=ORIENTED_EDGE('',*,*,#578,.F.);
#160=ORIENTED_EDGE('',*,*,#617,.F.);
#161=ORIENTED_EDGE('',*,*,#626,.T.);
#162=ORIENTED_EDGE('',*,*,#613,.F.);
#163=ORIENTED_EDGE('',*,*,#611,.T.);
#164=ORIENTED_EDGE('',*,*,#608,.T.);
#165=ORIENTED_EDGE('',*,*,#592,.F.);
#166=ORIENTED_EDGE('',*,*,#607,.F.);
#167=ORIENTED_EDGE('',*,*,#627,.T.);
#168=ORIENTED_EDGE('',*,*,#605,.F.);
#169=ORIENTED_EDGE('',*,*,#603,.T.);
#170=ORIENTED_EDGE('',*,*,#600,.T.);
#171=ORIENTED_EDGE('',*,*,#598,.F.);
#172=ORIENTED_EDGE('',*,*,#628,.F.);
#173=ORIENTED_EDGE('',*,*,#596,.T.);
#174=ORIENTED_EDGE('',*,*,#621,.T.);
#175=ORIENTED_EDGE('',*,*,#629,.T.);
#176=ORIENTED_EDGE('',*,*,#630,.F.);
#177=ORIENTED_EDGE('',*,*,#610,.F.);
#178=ORIENTED_EDGE('',*,*,#583,.F.);
#179=ORIENTED_EDGE('',*,*,#631,.T.);
#180=ORIENTED_EDGE('',*,*,#632,.F.);
#181=ORIENTED_EDGE('',*,*,#618,.T.);
#182=ORIENTED_EDGE('',*,*,#604,.T.);
#183=ORIENTED_EDGE('',*,*,#633,.F.);
#184=ORIENTED_EDGE('',*,*,#634,.T.);
#185=ORIENTED_EDGE('',*,*,#615,.T.);
#186=ORIENTED_EDGE('',*,*,#620,.T.);
#187=ORIENTED_EDGE('',*,*,#635,.F.);
#188=ORIENTED_EDGE('',*,*,#636,.F.);
#189=ORIENTED_EDGE('',*,*,#637,.F.);
#190=ORIENTED_EDGE('',*,*,#638,.F.);
#191=ORIENTED_EDGE('',*,*,#639,.T.);
#192=ORIENTED_EDGE('',*,*,#640,.F.);
#193=ORIENTED_EDGE('',*,*,#641,.T.);
#194=ORIENTED_EDGE('',*,*,#642,.F.);
#195=ORIENTED_EDGE('',*,*,#643,.F.);
#196=ORIENTED_EDGE('',*,*,#644,.F.);
#197=ORIENTED_EDGE('',*,*,#645,.T.);
#198=ORIENTED_EDGE('',*,*,#646,.T.);
#199=ORIENTED_EDGE('',*,*,#643,.T.);
#200=ORIENTED_EDGE('',*,*,#647,.T.);
#201=ORIENTED_EDGE('',*,*,#648,.F.);
#202=ORIENTED_EDGE('',*,*,#629,.F.);
#203=ORIENTED_EDGE('',*,*,#623,.F.);
#204=ORIENTED_EDGE('',*,*,#649,.F.);
#205=ORIENTED_EDGE('',*,*,#650,.F.);
#206=ORIENTED_EDGE('',*,*,#651,.T.);
#207=ORIENTED_EDGE('',*,*,#635,.T.);
#208=ORIENTED_EDGE('',*,*,#619,.T.);
#209=ORIENTED_EDGE('',*,*,#632,.T.);
#210=ORIENTED_EDGE('',*,*,#652,.T.);
#211=ORIENTED_EDGE('',*,*,#653,.F.);
#212=ORIENTED_EDGE('',*,*,#641,.F.);
#213=ORIENTED_EDGE('',*,*,#654,.F.);
#214=ORIENTED_EDGE('',*,*,#651,.F.);
#215=ORIENTED_EDGE('',*,*,#655,.T.);
#216=ORIENTED_EDGE('',*,*,#644,.T.);
#217=ORIENTED_EDGE('',*,*,#656,.F.);
#218=ORIENTED_EDGE('',*,*,#614,.F.);
#219=ORIENTED_EDGE('',*,*,#626,.F.);
#220=ORIENTED_EDGE('',*,*,#616,.T.);
#221=ORIENTED_EDGE('',*,*,#634,.F.);
#222=ORIENTED_EDGE('',*,*,#657,.T.);
#223=ORIENTED_EDGE('',*,*,#658,.T.);
#224=ORIENTED_EDGE('',*,*,#659,.F.);
#225=ORIENTED_EDGE('',*,*,#550,.T.);
#226=ORIENTED_EDGE('',*,*,#660,.F.);
#227=ORIENTED_EDGE('',*,*,#637,.T.);
#228=ORIENTED_EDGE('',*,*,#661,.T.);
#229=ORIENTED_EDGE('',*,*,#662,.F.);
#230=ORIENTED_EDGE('',*,*,#663,.F.);
#231=ORIENTED_EDGE('',*,*,#664,.F.);
#232=ORIENTED_EDGE('',*,*,#665,.T.);
#233=ORIENTED_EDGE('',*,*,#666,.F.);
#234=ORIENTED_EDGE('',*,*,#667,.T.);
#235=ORIENTED_EDGE('',*,*,#668,.F.);
#236=ORIENTED_EDGE('',*,*,#669,.T.);
#237=ORIENTED_EDGE('',*,*,#670,.F.);
#238=ORIENTED_EDGE('',*,*,#534,.F.);
#239=ORIENTED_EDGE('',*,*,#671,.F.);
#240=ORIENTED_EDGE('',*,*,#672,.T.);
#241=ORIENTED_EDGE('',*,*,#673,.F.);
#242=ORIENTED_EDGE('',*,*,#554,.T.);
#243=ORIENTED_EDGE('',*,*,#674,.T.);
#244=ORIENTED_EDGE('',*,*,#675,.T.);
#245=ORIENTED_EDGE('',*,*,#676,.T.);
#246=ORIENTED_EDGE('',*,*,#677,.T.);
#247=ORIENTED_EDGE('',*,*,#678,.T.);
#248=ORIENTED_EDGE('',*,*,#679,.T.);
#249=ORIENTED_EDGE('',*,*,#680,.F.);
#250=ORIENTED_EDGE('',*,*,#681,.F.);
#251=ORIENTED_EDGE('',*,*,#682,.F.);
#252=ORIENTED_EDGE('',*,*,#552,.F.);
#253=ORIENTED_EDGE('',*,*,#673,.T.);
#254=ORIENTED_EDGE('',*,*,#683,.T.);
#255=ORIENTED_EDGE('',*,*,#677,.F.);
#256=ORIENTED_EDGE('',*,*,#551,.T.);
#257=ORIENTED_EDGE('',*,*,#682,.T.);
#258=ORIENTED_EDGE('',*,*,#684,.T.);
#259=ORIENTED_EDGE('',*,*,#674,.F.);
#260=ORIENTED_EDGE('',*,*,#553,.F.);
#261=ORIENTED_EDGE('',*,*,#685,.T.);
#262=ORIENTED_EDGE('',*,*,#686,.T.);
#263=ORIENTED_EDGE('',*,*,#687,.T.);
#264=ORIENTED_EDGE('',*,*,#688,.T.);
#265=ORIENTED_EDGE('',*,*,#676,.F.);
#266=ORIENTED_EDGE('',*,*,#689,.T.);
#267=ORIENTED_EDGE('',*,*,#680,.T.);
#268=ORIENTED_EDGE('',*,*,#690,.F.);
#269=ORIENTED_EDGE('',*,*,#691,.F.);
#270=ORIENTED_EDGE('',*,*,#692,.T.);
#271=ORIENTED_EDGE('',*,*,#693,.T.);
#272=ORIENTED_EDGE('',*,*,#694,.F.);
#273=ORIENTED_EDGE('',*,*,#695,.F.);
#274=ORIENTED_EDGE('',*,*,#665,.F.);
#275=ORIENTED_EDGE('',*,*,#696,.T.);
#276=ORIENTED_EDGE('',*,*,#697,.F.);
#277=ORIENTED_EDGE('',*,*,#698,.T.);
#278=ORIENTED_EDGE('',*,*,#699,.T.);
#279=ORIENTED_EDGE('',*,*,#700,.T.);
#280=ORIENTED_EDGE('',*,*,#652,.F.);
#281=ORIENTED_EDGE('',*,*,#633,.T.);
#282=ORIENTED_EDGE('',*,*,#606,.F.);
#283=ORIENTED_EDGE('',*,*,#628,.T.);
#284=ORIENTED_EDGE('',*,*,#597,.T.);
#285=ORIENTED_EDGE('',*,*,#630,.T.);
#286=ORIENTED_EDGE('',*,*,#648,.T.);
#287=ORIENTED_EDGE('',*,*,#701,.T.);
#288=ORIENTED_EDGE('',*,*,#702,.F.);
#289=ORIENTED_EDGE('',*,*,#669,.F.);
#290=ORIENTED_EDGE('',*,*,#703,.T.);
#291=ORIENTED_EDGE('',*,*,#704,.T.);
#292=ORIENTED_EDGE('',*,*,#705,.T.);
#293=ORIENTED_EDGE('',*,*,#706,.T.);
#294=ORIENTED_EDGE('',*,*,#707,.T.);
#295=ORIENTED_EDGE('',*,*,#708,.T.);
#296=ORIENTED_EDGE('',*,*,#709,.F.);
#297=ORIENTED_EDGE('',*,*,#710,.T.);
#298=ORIENTED_EDGE('',*,*,#711,.T.);
#299=ORIENTED_EDGE('',*,*,#712,.F.);
#300=ORIENTED_EDGE('',*,*,#713,.T.);
#301=ORIENTED_EDGE('',*,*,#714,.T.);
#302=ORIENTED_EDGE('',*,*,#706,.F.);
#303=ORIENTED_EDGE('',*,*,#715,.T.);
#304=ORIENTED_EDGE('',*,*,#685,.F.);
#305=ORIENTED_EDGE('',*,*,#716,.T.);
#306=ORIENTED_EDGE('',*,*,#536,.F.);
#307=ORIENTED_EDGE('',*,*,#717,.T.);
#308=ORIENTED_EDGE('',*,*,#718,.F.);
#309=ORIENTED_EDGE('',*,*,#719,.T.);
#310=ORIENTED_EDGE('',*,*,#720,.T.);
#311=ORIENTED_EDGE('',*,*,#712,.T.);
#312=ORIENTED_EDGE('',*,*,#721,.F.);
#313=ORIENTED_EDGE('',*,*,#722,.T.);
#314=ORIENTED_EDGE('',*,*,#718,.T.);
#315=ORIENTED_EDGE('',*,*,#711,.F.);
#316=ORIENTED_EDGE('',*,*,#723,.F.);
#317=ORIENTED_EDGE('',*,*,#724,.T.);
#318=ORIENTED_EDGE('',*,*,#694,.T.);
#319=ORIENTED_EDGE('',*,*,#720,.F.);
#320=ORIENTED_EDGE('',*,*,#725,.T.);
#321=ORIENTED_EDGE('',*,*,#726,.T.);
#322=ORIENTED_EDGE('',*,*,#692,.F.);
#323=ORIENTED_EDGE('',*,*,#727,.F.);
#324=ORIENTED_EDGE('',*,*,#728,.T.);
#325=ORIENTED_EDGE('',*,*,#709,.T.);
#326=ORIENTED_EDGE('',*,*,#729,.F.);
#327=ORIENTED_EDGE('',*,*,#723,.T.);
#328=ORIENTED_EDGE('',*,*,#710,.F.);
#329=ORIENTED_EDGE('',*,*,#728,.F.);
#330=ORIENTED_EDGE('',*,*,#681,.T.);
#331=ORIENTED_EDGE('',*,*,#689,.F.);
#332=ORIENTED_EDGE('',*,*,#675,.F.);
#333=ORIENTED_EDGE('',*,*,#684,.F.);
#334=ORIENTED_EDGE('',*,*,#679,.F.);
#335=ORIENTED_EDGE('',*,*,#730,.T.);
#336=ORIENTED_EDGE('',*,*,#671,.T.);
#337=ORIENTED_EDGE('',*,*,#690,.T.);
#338=ORIENTED_EDGE('',*,*,#726,.F.);
#339=ORIENTED_EDGE('',*,*,#731,.T.);
#340=ORIENTED_EDGE('',*,*,#721,.T.);
#341=ORIENTED_EDGE('',*,*,#693,.F.);
#342=ORIENTED_EDGE('',*,*,#729,.T.);
#343=ORIENTED_EDGE('',*,*,#727,.T.);
#344=ORIENTED_EDGE('',*,*,#691,.T.);
#345=ORIENTED_EDGE('',*,*,#724,.F.);
#346=ORIENTED_EDGE('',*,*,#666,.T.);
#347=ORIENTED_EDGE('',*,*,#572,.T.);
#348=ORIENTED_EDGE('',*,*,#732,.F.);
#349=ORIENTED_EDGE('',*,*,#732,.T.);
#350=ORIENTED_EDGE('',*,*,#722,.F.);
#351=ORIENTED_EDGE('',*,*,#731,.F.);
#352=ORIENTED_EDGE('',*,*,#725,.F.);
#353=ORIENTED_EDGE('',*,*,#719,.F.);
#354=ORIENTED_EDGE('',*,*,#678,.F.);
#355=ORIENTED_EDGE('',*,*,#683,.F.);
#356=ORIENTED_EDGE('',*,*,#672,.F.);
#357=ORIENTED_EDGE('',*,*,#730,.F.);
#358=ORIENTED_EDGE('',*,*,#733,.F.);
#359=ORIENTED_EDGE('',*,*,#734,.T.);
#360=ORIENTED_EDGE('',*,*,#735,.T.);
#361=ORIENTED_EDGE('',*,*,#697,.T.);
#362=ORIENTED_EDGE('',*,*,#736,.T.);
#363=ORIENTED_EDGE('',*,*,#687,.F.);
#364=ORIENTED_EDGE('',*,*,#737,.T.);
#365=ORIENTED_EDGE('',*,*,#734,.F.);
#366=ORIENTED_EDGE('',*,*,#738,.T.);
#367=ORIENTED_EDGE('',*,*,#631,.F.);
#368=ORIENTED_EDGE('',*,*,#625,.F.);
#369=ORIENTED_EDGE('',*,*,#624,.F.);
#370=ORIENTED_EDGE('',*,*,#627,.F.);
#371=ORIENTED_EDGE('',*,*,#733,.T.);
#372=ORIENTED_EDGE('',*,*,#649,.T.);
#373=ORIENTED_EDGE('',*,*,#622,.T.);
#374=ORIENTED_EDGE('',*,*,#612,.T.);
#375=ORIENTED_EDGE('',*,*,#656,.T.);
#376=ORIENTED_EDGE('',*,*,#642,.T.);
#377=ORIENTED_EDGE('',*,*,#653,.T.);
#378=ORIENTED_EDGE('',*,*,#701,.F.);
#379=ORIENTED_EDGE('',*,*,#647,.F.);
#380=ORIENTED_EDGE('',*,*,#657,.F.);
#381=ORIENTED_EDGE('',*,*,#549,.F.);
#382=ORIENTED_EDGE('',*,*,#739,.T.);
#383=ORIENTED_EDGE('',*,*,#740,.T.);
#384=ORIENTED_EDGE('',*,*,#659,.T.);
#385=ORIENTED_EDGE('',*,*,#741,.F.);
#386=ORIENTED_EDGE('',*,*,#742,.F.);
#387=ORIENTED_EDGE('',*,*,#547,.T.);
#388=ORIENTED_EDGE('',*,*,#658,.F.);
#389=ORIENTED_EDGE('',*,*,#740,.F.);
#390=ORIENTED_EDGE('',*,*,#743,.T.);
#391=ORIENTED_EDGE('',*,*,#741,.T.);
#392=ORIENTED_EDGE('',*,*,#739,.F.);
#393=ORIENTED_EDGE('',*,*,#548,.F.);
#394=ORIENTED_EDGE('',*,*,#742,.T.);
#395=ORIENTED_EDGE('',*,*,#743,.F.);
#396=ORIENTED_EDGE('',*,*,#667,.F.);
#397=ORIENTED_EDGE('',*,*,#744,.F.);
#398=ORIENTED_EDGE('',*,*,#639,.F.);
#399=ORIENTED_EDGE('',*,*,#745,.T.);
#400=ORIENTED_EDGE('',*,*,#663,.T.);
#401=ORIENTED_EDGE('',*,*,#746,.T.);
#402=ORIENTED_EDGE('',*,*,#747,.F.);
#403=ORIENTED_EDGE('',*,*,#748,.T.);
#404=ORIENTED_EDGE('',*,*,#749,.T.);
#405=ORIENTED_EDGE('',*,*,#713,.F.);
#406=ORIENTED_EDGE('',*,*,#750,.T.);
#407=ORIENTED_EDGE('',*,*,#715,.F.);
#408=ORIENTED_EDGE('',*,*,#705,.F.);
#409=ORIENTED_EDGE('',*,*,#751,.F.);
#410=ORIENTED_EDGE('',*,*,#735,.F.);
#411=ORIENTED_EDGE('',*,*,#737,.F.);
#412=ORIENTED_EDGE('',*,*,#686,.F.);
#413=ORIENTED_EDGE('',*,*,#738,.F.);
#414=ORIENTED_EDGE('',*,*,#736,.F.);
#415=ORIENTED_EDGE('',*,*,#752,.F.);
#416=ORIENTED_EDGE('',*,*,#537,.F.);
#417=ORIENTED_EDGE('',*,*,#716,.F.);
#418=ORIENTED_EDGE('',*,*,#688,.F.);
#419=ORIENTED_EDGE('',*,*,#751,.T.);
#420=ORIENTED_EDGE('',*,*,#704,.F.);
#421=ORIENTED_EDGE('',*,*,#753,.F.);
#422=ORIENTED_EDGE('',*,*,#698,.F.);
#423=ORIENTED_EDGE('',*,*,#754,.F.);
#424=ORIENTED_EDGE('',*,*,#699,.F.);
#425=ORIENTED_EDGE('',*,*,#755,.F.);
#426=ORIENTED_EDGE('',*,*,#571,.F.);
#427=ORIENTED_EDGE('',*,*,#752,.T.);
#428=ORIENTED_EDGE('',*,*,#700,.F.);
#429=ORIENTED_EDGE('',*,*,#756,.F.);
#430=ORIENTED_EDGE('',*,*,#538,.F.);
#431=ORIENTED_EDGE('',*,*,#755,.T.);
#432=ORIENTED_EDGE('',*,*,#753,.T.);
#433=ORIENTED_EDGE('',*,*,#757,.F.);
#434=ORIENTED_EDGE('',*,*,#756,.T.);
#435=ORIENTED_EDGE('',*,*,#754,.T.);
#436=ORIENTED_EDGE('',*,*,#758,.F.);
#437=ORIENTED_EDGE('',*,*,#714,.F.);
#438=ORIENTED_EDGE('',*,*,#749,.F.);
#439=ORIENTED_EDGE('',*,*,#759,.F.);
#440=ORIENTED_EDGE('',*,*,#707,.F.);
#441=ORIENTED_EDGE('',*,*,#757,.T.);
#442=ORIENTED_EDGE('',*,*,#708,.F.);
#443=ORIENTED_EDGE('',*,*,#760,.F.);
#444=ORIENTED_EDGE('',*,*,#563,.F.);
#445=ORIENTED_EDGE('',*,*,#570,.F.);
#446=ORIENTED_EDGE('',*,*,#761,.T.);
#447=ORIENTED_EDGE('',*,*,#539,.F.);
#448=ORIENTED_EDGE('',*,*,#758,.T.);
#449=ORIENTED_EDGE('',*,*,#717,.F.);
#450=ORIENTED_EDGE('',*,*,#546,.F.);
#451=ORIENTED_EDGE('',*,*,#762,.F.);
#452=ORIENTED_EDGE('',*,*,#750,.F.);
#453=ORIENTED_EDGE('',*,*,#760,.T.);
#454=ORIENTED_EDGE('',*,*,#759,.T.);
#455=ORIENTED_EDGE('',*,*,#763,.F.);
#456=ORIENTED_EDGE('',*,*,#762,.T.);
#457=ORIENTED_EDGE('',*,*,#577,.T.);
#458=ORIENTED_EDGE('',*,*,#764,.F.);
#459=ORIENTED_EDGE('',*,*,#763,.T.);
#460=ORIENTED_EDGE('',*,*,#748,.F.);
#461=ORIENTED_EDGE('',*,*,#764,.T.);
#462=ORIENTED_EDGE('',*,*,#564,.F.);
#463=ORIENTED_EDGE('',*,*,#655,.F.);
#464=ORIENTED_EDGE('',*,*,#650,.T.);
#465=ORIENTED_EDGE('',*,*,#765,.F.);
#466=ORIENTED_EDGE('',*,*,#703,.F.);
#467=ORIENTED_EDGE('',*,*,#668,.T.);
#468=ORIENTED_EDGE('',*,*,#533,.T.);
#469=ORIENTED_EDGE('',*,*,#766,.F.);
#470=ORIENTED_EDGE('',*,*,#645,.F.);
#471=ORIENTED_EDGE('',*,*,#766,.T.);
#472=ORIENTED_EDGE('',*,*,#535,.F.);
#473=ORIENTED_EDGE('',*,*,#670,.T.);
#474=ORIENTED_EDGE('',*,*,#702,.T.);
#475=ORIENTED_EDGE('',*,*,#765,.T.);
#476=ORIENTED_EDGE('',*,*,#654,.T.);
#477=ORIENTED_EDGE('',*,*,#640,.T.);
#478=ORIENTED_EDGE('',*,*,#646,.F.);
#479=ORIENTED_EDGE('',*,*,#660,.T.);
#480=ORIENTED_EDGE('',*,*,#767,.T.);
#481=ORIENTED_EDGE('',*,*,#745,.F.);
#482=ORIENTED_EDGE('',*,*,#638,.T.);
#483=ORIENTED_EDGE('',*,*,#767,.F.);
#484=ORIENTED_EDGE('',*,*,#661,.F.);
#485=ORIENTED_EDGE('',*,*,#636,.T.);
#486=ORIENTED_EDGE('',*,*,#744,.T.);
#487=ORIENTED_EDGE('',*,*,#664,.T.);
#488=ORIENTED_EDGE('',*,*,#747,.T.);
#489=ORIENTED_EDGE('',*,*,#768,.T.);
#490=ORIENTED_EDGE('',*,*,#696,.F.);
#491=ORIENTED_EDGE('',*,*,#768,.F.);
#492=ORIENTED_EDGE('',*,*,#746,.F.);
#493=ORIENTED_EDGE('',*,*,#662,.T.);
#494=ORIENTED_EDGE('',*,*,#695,.T.);
#495=ORIENTED_EDGE('',*,*,#567,.F.);
#496=ORIENTED_EDGE('',*,*,#769,.T.);
#497=ORIENTED_EDGE('',*,*,#543,.T.);
#498=ORIENTED_EDGE('',*,*,#541,.F.);
#499=ORIENTED_EDGE('',*,*,#770,.T.);
#500=ORIENTED_EDGE('',*,*,#568,.T.);
#501=ORIENTED_EDGE('',*,*,#771,.F.);
#502=ORIENTED_EDGE('',*,*,#555,.F.);
#503=ORIENTED_EDGE('',*,*,#772,.T.);
#504=ORIENTED_EDGE('',*,*,#559,.T.);
#505=ORIENTED_EDGE('',*,*,#573,.T.);
#506=ORIENTED_EDGE('',*,*,#773,.F.);
#507=ORIENTED_EDGE('',*,*,#773,.T.);
#508=ORIENTED_EDGE('',*,*,#575,.T.);
#509=ORIENTED_EDGE('',*,*,#774,.F.);
#510=ORIENTED_EDGE('',*,*,#775,.F.);
#511=ORIENTED_EDGE('',*,*,#774,.T.);
#512=ORIENTED_EDGE('',*,*,#574,.F.);
#513=ORIENTED_EDGE('',*,*,#561,.F.);
#514=ORIENTED_EDGE('',*,*,#776,.F.);
#515=ORIENTED_EDGE('',*,*,#557,.T.);
#516=ORIENTED_EDGE('',*,*,#777,.T.);
#517=ORIENTED_EDGE('',*,*,#777,.F.);
#518=ORIENTED_EDGE('',*,*,#556,.T.);
#519=ORIENTED_EDGE('',*,*,#771,.T.);
#520=ORIENTED_EDGE('',*,*,#775,.T.);
#521=ORIENTED_EDGE('',*,*,#772,.F.);
#522=ORIENTED_EDGE('',*,*,#558,.F.);
#523=ORIENTED_EDGE('',*,*,#776,.T.);
#524=ORIENTED_EDGE('',*,*,#560,.F.);
#525=ORIENTED_EDGE('',*,*,#544,.F.);
#526=ORIENTED_EDGE('',*,*,#769,.F.);
#527=ORIENTED_EDGE('',*,*,#566,.F.);
#528=ORIENTED_EDGE('',*,*,#576,.F.);
#529=ORIENTED_EDGE('',*,*,#540,.F.);
#530=ORIENTED_EDGE('',*,*,#761,.F.);
#531=ORIENTED_EDGE('',*,*,#569,.F.);
#532=ORIENTED_EDGE('',*,*,#770,.F.);
#533=EDGE_CURVE('',#778,#779,#933,.T.);
#534=EDGE_CURVE('',#778,#780,#29,.T.);
#535=EDGE_CURVE('',#780,#779,#934,.T.);
#536=EDGE_CURVE('',#781,#782,#935,.T.);
#537=EDGE_CURVE('',#782,#783,#936,.T.);
#538=EDGE_CURVE('',#783,#784,#937,.T.);
#539=EDGE_CURVE('',#784,#785,#938,.T.);
#540=EDGE_CURVE('',#785,#786,#939,.T.);
#541=EDGE_CURVE('',#786,#787,#940,.T.);
#542=EDGE_CURVE('',#787,#788,#941,.T.);
#543=EDGE_CURVE('',#789,#788,#942,.T.);
#544=EDGE_CURVE('',#789,#790,#943,.F.);
#545=EDGE_CURVE('',#790,#791,#944,.T.);
#546=EDGE_CURVE('',#791,#781,#945,.T.);
#547=EDGE_CURVE('',#792,#793,#946,.T.);
#548=EDGE_CURVE('',#792,#794,#947,.T.);
#549=EDGE_CURVE('',#794,#795,#948,.T.);
#550=EDGE_CURVE('',#793,#795,#949,.T.);
#551=EDGE_CURVE('',#796,#797,#950,.T.);
#552=EDGE_CURVE('',#796,#798,#951,.T.);
#553=EDGE_CURVE('',#798,#799,#952,.T.);
#554=EDGE_CURVE('',#797,#799,#953,.T.);
#555=EDGE_CURVE('',#800,#801,#954,.T.);
#556=EDGE_CURVE('',#802,#801,#955,.T.);
#557=EDGE_CURVE('',#803,#802,#956,.T.);
#558=EDGE_CURVE('',#803,#800,#957,.T.);
#559=EDGE_CURVE('',#804,#805,#958,.T.);
#560=EDGE_CURVE('',#804,#806,#959,.T.);
#561=EDGE_CURVE('',#806,#807,#960,.T.);
#562=EDGE_CURVE('',#805,#807,#961,.T.);
#563=EDGE_CURVE('',#808,#809,#962,.T.);
#564=EDGE_CURVE('',#809,#810,#963,.T.);
#565=EDGE_CURVE('',#810,#811,#964,.T.);
#566=EDGE_CURVE('',#811,#812,#965,.F.);
#567=EDGE_CURVE('',#812,#788,#966,.T.);
#568=EDGE_CURVE('',#813,#787,#967,.T.);
#569=EDGE_CURVE('',#813,#814,#968,.T.);
#570=EDGE_CURVE('',#814,#815,#969,.T.);
#571=EDGE_CURVE('',#815,#808,#970,.T.);
#572=EDGE_CURVE('',#816,#816,#30,.T.);
#573=EDGE_CURVE('',#805,#817,#971,.T.);
#574=EDGE_CURVE('',#807,#818,#972,.T.);
#575=EDGE_CURVE('',#817,#818,#973,.T.);
#576=EDGE_CURVE('',#790,#811,#974,.T.);
#577=EDGE_CURVE('',#791,#810,#975,.T.);
#578=EDGE_CURVE('',#819,#820,#976,.F.);
#579=EDGE_CURVE('',#821,#820,#977,.F.);
#580=EDGE_CURVE('',#822,#821,#978,.F.);
#581=EDGE_CURVE('',#822,#823,#979,.F.);
#582=EDGE_CURVE('',#823,#819,#980,.F.);
#583=EDGE_CURVE('',#820,#824,#981,.F.);
#584=EDGE_CURVE('',#825,#824,#982,.F.);
#585=EDGE_CURVE('',#825,#826,#983,.T.);
#586=EDGE_CURVE('',#821,#826,#984,.F.);
#587=EDGE_CURVE('',#827,#828,#985,.T.);
#588=EDGE_CURVE('',#829,#828,#986,.F.);
#589=EDGE_CURVE('',#829,#830,#987,.T.);
#590=EDGE_CURVE('',#831,#830,#988,.T.);
#591=EDGE_CURVE('',#831,#827,#989,.F.);
#592=EDGE_CURVE('',#832,#827,#990,.T.);
#593=EDGE_CURVE('',#833,#831,#991,.T.);
#594=EDGE_CURVE('',#833,#834,#992,.F.);
#595=EDGE_CURVE('',#834,#832,#993,.F.);
#596=EDGE_CURVE('',#835,#822,#994,.T.);
#597=EDGE_CURVE('',#836,#835,#995,.F.);
#598=EDGE_CURVE('',#836,#823,#996,.T.);
#599=EDGE_CURVE('',#837,#819,#997,.F.);
#600=EDGE_CURVE('',#838,#823,#998,.F.);
#601=EDGE_CURVE('',#838,#837,#999,.F.);
#602=EDGE_CURVE('',#828,#837,#1000,.F.);
#603=EDGE_CURVE('',#829,#838,#1001,.F.);
#604=EDGE_CURVE('',#830,#839,#1002,.F.);
#605=EDGE_CURVE('',#829,#840,#1003,.F.);
#606=EDGE_CURVE('',#840,#839,#1004,.F.);
#607=EDGE_CURVE('',#841,#832,#1005,.T.);
#608=EDGE_CURVE('',#842,#834,#1006,.T.);
#609=EDGE_CURVE('',#842,#841,#1007,.F.);
#610=EDGE_CURVE('',#824,#841,#1008,.T.);
#611=EDGE_CURVE('',#825,#842,#1009,.T.);
#612=EDGE_CURVE('',#826,#843,#1010,.T.);
#613=EDGE_CURVE('',#825,#844,#1011,.T.);
#614=EDGE_CURVE('',#844,#843,#1012,.F.);
#615=EDGE_CURVE('',#845,#833,#1013,.F.);
#616=EDGE_CURVE('',#846,#845,#1014,.F.);
#617=EDGE_CURVE('',#846,#834,#1015,.F.);
#618=EDGE_CURVE('',#847,#830,#1016,.F.);
#619=EDGE_CURVE('',#848,#847,#1017,.T.);
#620=EDGE_CURVE('',#833,#848,#1018,.T.);
#621=EDGE_CURVE('',#822,#849,#1019,.F.);
#622=EDGE_CURVE('',#850,#826,#1020,.T.);
#623=EDGE_CURVE('',#850,#849,#1021,.T.);
#624=EDGE_CURVE('',#827,#837,#31,.T.);
#625=EDGE_CURVE('',#837,#820,#32,.T.);
#626=EDGE_CURVE('',#846,#844,#1022,.T.);
#627=EDGE_CURVE('',#841,#827,#33,.T.);
#628=EDGE_CURVE('',#840,#836,#1023,.T.);
#629=EDGE_CURVE('',#849,#851,#1024,.T.);
#630=EDGE_CURVE('',#835,#851,#1025,.T.);
#631=EDGE_CURVE('',#820,#841,#34,.T.);
#632=EDGE_CURVE('',#847,#852,#1026,.T.);
#633=EDGE_CURVE('',#852,#839,#1027,.T.);
#634=EDGE_CURVE('',#853,#845,#1028,.T.);
#635=EDGE_CURVE('',#853,#848,#1029,.T.);
#636=EDGE_CURVE('',#854,#855,#1030,.T.);
#637=EDGE_CURVE('',#856,#854,#35,.T.);
#638=EDGE_CURVE('',#857,#856,#1031,.T.);
#639=EDGE_CURVE('',#857,#855,#36,.T.);
#640=EDGE_CURVE('',#858,#859,#1032,.T.);
#641=EDGE_CURVE('',#858,#860,#1033,.T.);
#642=EDGE_CURVE('',#861,#860,#1034,.T.);
#643=EDGE_CURVE('',#859,#861,#1035,.T.);
#644=EDGE_CURVE('',#862,#863,#1036,.T.);
#645=EDGE_CURVE('',#862,#864,#1037,.T.);
#646=EDGE_CURVE('',#864,#859,#1038,.T.);
#647=EDGE_CURVE('',#861,#865,#1039,.T.);
#648=EDGE_CURVE('',#851,#865,#1040,.T.);
#649=EDGE_CURVE('',#863,#850,#1041,.T.);
#650=EDGE_CURVE('',#866,#867,#1042,.T.);
#651=EDGE_CURVE('',#866,#853,#1043,.T.);
#652=EDGE_CURVE('',#852,#868,#1044,.T.);
#653=EDGE_CURVE('',#860,#868,#1045,.T.);
#654=EDGE_CURVE('',#867,#858,#1046,.T.);
#655=EDGE_CURVE('',#866,#862,#1047,.T.);
#656=EDGE_CURVE('',#843,#863,#1048,.T.);
#657=EDGE_CURVE('',#795,#869,#1049,.T.);
#658=EDGE_CURVE('',#869,#870,#1050,.T.);
#659=EDGE_CURVE('',#793,#870,#1051,.T.);
#660=EDGE_CURVE('',#856,#871,#1052,.T.);
#661=EDGE_CURVE('',#854,#871,#1053,.T.);
#662=EDGE_CURVE('',#872,#873,#1054,.T.);
#663=EDGE_CURVE('',#874,#872,#37,.T.);
#664=EDGE_CURVE('',#875,#874,#1055,.T.);
#665=EDGE_CURVE('',#875,#873,#38,.T.);
#666=EDGE_CURVE('',#876,#876,#14,.T.);
#667=EDGE_CURVE('',#877,#877,#39,.T.);
#668=EDGE_CURVE('',#878,#778,#1056,.T.);
#669=EDGE_CURVE('',#878,#879,#40,.T.);
#670=EDGE_CURVE('',#780,#879,#1057,.T.);
#671=EDGE_CURVE('',#880,#881,#1058,.T.);
#672=EDGE_CURVE('',#880,#882,#15,.T.);
#673=EDGE_CURVE('',#797,#882,#1059,.T.);
#674=EDGE_CURVE('',#799,#883,#1060,.T.);
#675=EDGE_CURVE('',#883,#884,#1061,.T.);
#676=EDGE_CURVE('',#884,#881,#1062,.T.);
#677=EDGE_CURVE('',#796,#885,#1063,.T.);
#678=EDGE_CURVE('',#885,#886,#16,.T.);
#679=EDGE_CURVE('',#886,#887,#1064,.T.);
#680=EDGE_CURVE('',#888,#887,#1065,.T.);
#681=EDGE_CURVE('',#889,#888,#1066,.T.);
#682=EDGE_CURVE('',#798,#889,#1067,.T.);
#683=EDGE_CURVE('',#882,#885,#17,.T.);
#684=EDGE_CURVE('',#889,#883,#1068,.T.);
#685=EDGE_CURVE('',#890,#891,#1069,.T.);
#686=EDGE_CURVE('',#891,#892,#1070,.F.);
#687=EDGE_CURVE('',#892,#893,#1071,.F.);
#688=EDGE_CURVE('',#893,#890,#1072,.T.);
#689=EDGE_CURVE('',#884,#888,#1073,.T.);
#690=EDGE_CURVE('',#881,#887,#1074,.T.);
#691=EDGE_CURVE('',#894,#895,#1075,.T.);
#692=EDGE_CURVE('',#894,#896,#1076,.T.);
#693=EDGE_CURVE('',#896,#897,#1077,.T.);
#694=EDGE_CURVE('',#895,#897,#1078,.T.);
#695=EDGE_CURVE('',#873,#898,#1079,.T.);
#696=EDGE_CURVE('',#875,#898,#1080,.T.);
#697=EDGE_CURVE('',#899,#900,#1081,.T.);
#698=EDGE_CURVE('',#899,#901,#1082,.T.);
#699=EDGE_CURVE('',#901,#902,#1083,.T.);
#700=EDGE_CURVE('',#902,#900,#1084,.T.);
#701=EDGE_CURVE('',#865,#868,#1085,.T.);
#702=EDGE_CURVE('',#879,#903,#1086,.T.);
#703=EDGE_CURVE('',#878,#903,#1087,.T.);
#704=EDGE_CURVE('',#904,#905,#1088,.T.);
#705=EDGE_CURVE('',#905,#906,#1089,.T.);
#706=EDGE_CURVE('',#906,#907,#1090,.T.);
#707=EDGE_CURVE('',#907,#908,#1091,.T.);
#708=EDGE_CURVE('',#908,#904,#1092,.T.);
#709=EDGE_CURVE('',#909,#910,#1093,.T.);
#710=EDGE_CURVE('',#909,#911,#1094,.T.);
#711=EDGE_CURVE('',#911,#912,#1095,.T.);
#712=EDGE_CURVE('',#910,#912,#1096,.T.);
#713=EDGE_CURVE('',#913,#914,#1097,.T.);
#714=EDGE_CURVE('',#914,#907,#1098,.F.);
#715=EDGE_CURVE('',#906,#891,#1099,.F.);
#716=EDGE_CURVE('',#890,#782,#1100,.T.);
#717=EDGE_CURVE('',#781,#913,#1101,.T.);
#718=EDGE_CURVE('',#915,#912,#1102,.T.);
#719=EDGE_CURVE('',#915,#916,#18,.T.);
#720=EDGE_CURVE('',#916,#910,#1103,.T.);
#721=EDGE_CURVE('',#917,#897,#1104,.T.);
#722=EDGE_CURVE('',#917,#915,#19,.T.);
#723=EDGE_CURVE('',#918,#911,#1105,.T.);
#724=EDGE_CURVE('',#918,#895,#1106,.T.);
#725=EDGE_CURVE('',#916,#919,#20,.T.);
#726=EDGE_CURVE('',#919,#896,#1107,.T.);
#727=EDGE_CURVE('',#920,#894,#1108,.T.);
#728=EDGE_CURVE('',#920,#909,#1109,.T.);
#729=EDGE_CURVE('',#918,#920,#1110,.T.);
#730=EDGE_CURVE('',#886,#880,#21,.T.);
#731=EDGE_CURVE('',#919,#917,#22,.T.);
#732=EDGE_CURVE('',#921,#921,#41,.T.);
#733=EDGE_CURVE('',#922,#922,#42,.T.);
#734=EDGE_CURVE('',#923,#924,#1111,.T.);
#735=EDGE_CURVE('',#924,#899,#1112,.T.);
#736=EDGE_CURVE('',#900,#923,#1113,.T.);
#737=EDGE_CURVE('',#892,#924,#1114,.T.);
#738=EDGE_CURVE('',#923,#893,#1115,.F.);
#739=EDGE_CURVE('',#794,#925,#1116,.T.);
#740=EDGE_CURVE('',#925,#869,#1117,.T.);
#741=EDGE_CURVE('',#926,#870,#1118,.T.);
#742=EDGE_CURVE('',#792,#926,#1119,.T.);
#743=EDGE_CURVE('',#925,#926,#1120,.T.);
#744=EDGE_CURVE('',#855,#927,#1121,.T.);
#745=EDGE_CURVE('',#857,#927,#1122,.T.);
#746=EDGE_CURVE('',#872,#928,#1123,.T.);
#747=EDGE_CURVE('',#874,#928,#1124,.T.);
#748=EDGE_CURVE('',#929,#930,#1125,.T.);
#749=EDGE_CURVE('',#930,#914,#1126,.T.);
#750=EDGE_CURVE('',#913,#929,#1127,.T.);
#751=EDGE_CURVE('',#899,#905,#1128,.F.);
#752=EDGE_CURVE('',#783,#900,#1129,.F.);
#753=EDGE_CURVE('',#901,#904,#1130,.F.);
#754=EDGE_CURVE('',#902,#815,#1131,.F.);
#755=EDGE_CURVE('',#808,#901,#1132,.F.);
#756=EDGE_CURVE('',#784,#902,#1133,.T.);
#757=EDGE_CURVE('',#808,#904,#1134,.T.);
#758=EDGE_CURVE('',#784,#815,#1135,.F.);
#759=EDGE_CURVE('',#908,#930,#1136,.F.);
#760=EDGE_CURVE('',#809,#908,#1137,.F.);
#761=EDGE_CURVE('',#814,#785,#1138,.T.);
#762=EDGE_CURVE('',#929,#791,#1139,.T.);
#763=EDGE_CURVE('',#809,#930,#1140,.T.);
#764=EDGE_CURVE('',#929,#810,#1141,.T.);
#765=EDGE_CURVE('',#903,#867,#1142,.T.);
#766=EDGE_CURVE('',#864,#779,#1143,.T.);
#767=EDGE_CURVE('',#871,#927,#1144,.T.);
#768=EDGE_CURVE('',#928,#898,#1145,.T.);
#769=EDGE_CURVE('',#812,#789,#1146,.T.);
#770=EDGE_CURVE('',#786,#813,#1147,.T.);
#771=EDGE_CURVE('',#801,#931,#1148,.T.);
#772=EDGE_CURVE('',#800,#804,#1149,.T.);
#773=EDGE_CURVE('',#931,#817,#1150,.T.);
#774=EDGE_CURVE('',#932,#818,#1151,.T.);
#775=EDGE_CURVE('',#931,#932,#1152,.T.);
#776=EDGE_CURVE('',#803,#806,#1153,.T.);
#777=EDGE_CURVE('',#802,#932,#1154,.T.);
#778=VERTEX_POINT('',#2357);
#779=VERTEX_POINT('',#2358);
#780=VERTEX_POINT('',#2360);
#781=VERTEX_POINT('',#2363);
#782=VERTEX_POINT('',#2364);
#783=VERTEX_POINT('',#2366);
#784=VERTEX_POINT('',#2368);
#785=VERTEX_POINT('',#2370);
#786=VERTEX_POINT('',#2372);
#787=VERTEX_POINT('',#2374);
#788=VERTEX_POINT('',#2376);
#789=VERTEX_POINT('',#2378);
#790=VERTEX_POINT('',#2380);
#791=VERTEX_POINT('',#2382);
#792=VERTEX_POINT('',#2385);
#793=VERTEX_POINT('',#2386);
#794=VERTEX_POINT('',#2388);
#795=VERTEX_POINT('',#2390);
#796=VERTEX_POINT('',#2393);
#797=VERTEX_POINT('',#2394);
#798=VERTEX_POINT('',#2396);
#799=VERTEX_POINT('',#2398);
#800=VERTEX_POINT('',#2401);
#801=VERTEX_POINT('',#2402);
#802=VERTEX_POINT('',#2404);
#803=VERTEX_POINT('',#2406);
#804=VERTEX_POINT('',#2410);
#805=VERTEX_POINT('',#2411);
#806=VERTEX_POINT('',#2413);
#807=VERTEX_POINT('',#2415);
#808=VERTEX_POINT('',#2419);
#809=VERTEX_POINT('',#2420);
#810=VERTEX_POINT('',#2422);
#811=VERTEX_POINT('',#2424);
#812=VERTEX_POINT('',#2426);
#813=VERTEX_POINT('',#2429);
#814=VERTEX_POINT('',#2431);
#815=VERTEX_POINT('',#2433);
#816=VERTEX_POINT('',#2436);
#817=VERTEX_POINT('',#2438);
#818=VERTEX_POINT('',#2440);
#819=VERTEX_POINT('',#2447);
#820=VERTEX_POINT('',#2448);
#821=VERTEX_POINT('',#2450);
#822=VERTEX_POINT('',#2452);
#823=VERTEX_POINT('',#2454);
#824=VERTEX_POINT('',#2458);
#825=VERTEX_POINT('',#2460);
#826=VERTEX_POINT('',#2462);
#827=VERTEX_POINT('',#2466);
#828=VERTEX_POINT('',#2467);
#829=VERTEX_POINT('',#2469);
#830=VERTEX_POINT('',#2471);
#831=VERTEX_POINT('',#2473);
#832=VERTEX_POINT('',#2477);
#833=VERTEX_POINT('',#2479);
#834=VERTEX_POINT('',#2481);
#835=VERTEX_POINT('',#2485);
#836=VERTEX_POINT('',#2487);
#837=VERTEX_POINT('',#2491);
#838=VERTEX_POINT('',#2493);
#839=VERTEX_POINT('',#2500);
#840=VERTEX_POINT('',#2502);
#841=VERTEX_POINT('',#2506);
#842=VERTEX_POINT('',#2508);
#843=VERTEX_POINT('',#2515);
#844=VERTEX_POINT('',#2517);
#845=VERTEX_POINT('',#2521);
#846=VERTEX_POINT('',#2523);
#847=VERTEX_POINT('',#2527);
#848=VERTEX_POINT('',#2529);
#849=VERTEX_POINT('',#2533);
#850=VERTEX_POINT('',#2535);
#851=VERTEX_POINT('',#2549);
#852=VERTEX_POINT('',#2555);
#853=VERTEX_POINT('',#2559);
#854=VERTEX_POINT('',#2563);
#855=VERTEX_POINT('',#2564);
#856=VERTEX_POINT('',#2566);
#857=VERTEX_POINT('',#2568);
#858=VERTEX_POINT('',#2572);
#859=VERTEX_POINT('',#2573);
#860=VERTEX_POINT('',#2575);
#861=VERTEX_POINT('',#2577);
#862=VERTEX_POINT('',#2581);
#863=VERTEX_POINT('',#2582);
#864=VERTEX_POINT('',#2584);
#865=VERTEX_POINT('',#2587);
#866=VERTEX_POINT('',#2592);
#867=VERTEX_POINT('',#2593);
#868=VERTEX_POINT('',#2596);
#869=VERTEX_POINT('',#2604);
#870=VERTEX_POINT('',#2606);
#871=VERTEX_POINT('',#2609);
#872=VERTEX_POINT('',#2613);
#873=VERTEX_POINT('',#2614);
#874=VERTEX_POINT('',#2616);
#875=VERTEX_POINT('',#2618);
#876=VERTEX_POINT('',#2634);
#877=VERTEX_POINT('',#2636);
#878=VERTEX_POINT('',#2639);
#879=VERTEX_POINT('',#2641);
#880=VERTEX_POINT('',#2645);
#881=VERTEX_POINT('',#2646);
#882=VERTEX_POINT('',#2663);
#883=VERTEX_POINT('',#2666);
#884=VERTEX_POINT('',#2668);
#885=VERTEX_POINT('',#2672);
#886=VERTEX_POINT('',#2689);
#887=VERTEX_POINT('',#2691);
#888=VERTEX_POINT('',#2693);
#889=VERTEX_POINT('',#2695);
#890=VERTEX_POINT('',#2706);
#891=VERTEX_POINT('',#2707);
#892=VERTEX_POINT('',#2709);
#893=VERTEX_POINT('',#2711);
#894=VERTEX_POINT('',#2716);
#895=VERTEX_POINT('',#2717);
#896=VERTEX_POINT('',#2719);
#897=VERTEX_POINT('',#2721);
#898=VERTEX_POINT('',#2725);
#899=VERTEX_POINT('',#2728);
#900=VERTEX_POINT('',#2729);
#901=VERTEX_POINT('',#2731);
#902=VERTEX_POINT('',#2733);
#903=VERTEX_POINT('',#2738);
#904=VERTEX_POINT('',#2741);
#905=VERTEX_POINT('',#2742);
#906=VERTEX_POINT('',#2744);
#907=VERTEX_POINT('',#2746);
#908=VERTEX_POINT('',#2748);
#909=VERTEX_POINT('',#2751);
#910=VERTEX_POINT('',#2752);
#911=VERTEX_POINT('',#2754);
#912=VERTEX_POINT('',#2756);
#913=VERTEX_POINT('',#2760);
#914=VERTEX_POINT('',#2761);
#915=VERTEX_POINT('',#2768);
#916=VERTEX_POINT('',#2773);
#917=VERTEX_POINT('',#2777);
#918=VERTEX_POINT('',#2795);
#919=VERTEX_POINT('',#2814);
#920=VERTEX_POINT('',#2817);
#921=VERTEX_POINT('',#2835);
#922=VERTEX_POINT('',#2871);
#923=VERTEX_POINT('',#2873);
#924=VERTEX_POINT('',#2874);
#925=VERTEX_POINT('',#2885);
#926=VERTEX_POINT('',#2889);
#927=VERTEX_POINT('',#2896);
#928=VERTEX_POINT('',#2899);
#929=VERTEX_POINT('',#2903);
#930=VERTEX_POINT('',#2904);
#931=VERTEX_POINT('',#2951);
#932=VERTEX_POINT('',#2956);
#933=LINE('',#2356,#1155);
#934=LINE('',#2361,#1156);
#935=LINE('',#2362,#1157);
#936=LINE('',#2365,#1158);
#937=LINE('',#2367,#1159);
#938=LINE('',#2369,#1160);
#939=LINE('',#2371,#1161);
#940=LINE('',#2373,#1162);
#941=LINE('',#2375,#1163);
#942=LINE('',#2377,#1164);
#943=LINE('',#2379,#1165);
#944=LINE('',#2381,#1166);
#945=LINE('',#2383,#1167);
#946=LINE('',#2384,#1168);
#947=LINE('',#2387,#1169);
#948=LINE('',#2389,#1170);
#949=LINE('',#2391,#1171);
#950=LINE('',#2392,#1172);
#951=LINE('',#2395,#1173);
#952=LINE('',#2397,#1174);
#953=LINE('',#2399,#1175);
#954=LINE('',#2400,#1176);
#955=LINE('',#2403,#1177);
#956=LINE('',#2405,#1178);
#957=LINE('',#2407,#1179);
#958=LINE('',#2409,#1180);
#959=LINE('',#2412,#1181);
#960=LINE('',#2414,#1182);
#961=LINE('',#2416,#1183);
#962=LINE('',#2418,#1184);
#963=LINE('',#2421,#1185);
#964=LINE('',#2423,#1186);
#965=LINE('',#2425,#1187);
#966=LINE('',#2427,#1188);
#967=LINE('',#2428,#1189);
#968=LINE('',#2430,#1190);
#969=LINE('',#2432,#1191);
#970=LINE('',#2434,#1192);
#971=LINE('',#2437,#1193);
#972=LINE('',#2439,#1194);
#973=LINE('',#2441,#1195);
#974=LINE('',#2443,#1196);
#975=LINE('',#2444,#1197);
#976=LINE('',#2446,#1198);
#977=LINE('',#2449,#1199);
#978=LINE('',#2451,#1200);
#979=LINE('',#2453,#1201);
#980=LINE('',#2455,#1202);
#981=LINE('',#2457,#1203);
#982=LINE('',#2459,#1204);
#983=LINE('',#2461,#1205);
#984=LINE('',#2463,#1206);
#985=LINE('',#2465,#1207);
#986=LINE('',#2468,#1208);
#987=LINE('',#2470,#1209);
#988=LINE('',#2472,#1210);
#989=LINE('',#2474,#1211);
#990=LINE('',#2476,#1212);
#991=LINE('',#2478,#1213);
#992=LINE('',#2480,#1214);
#993=LINE('',#2482,#1215);
#994=LINE('',#2484,#1216);
#995=LINE('',#2486,#1217);
#996=LINE('',#2488,#1218);
#997=LINE('',#2490,#1219);
#998=LINE('',#2492,#1220);
#999=LINE('',#2494,#1221);
#1000=LINE('',#2496,#1222);
#1001=LINE('',#2497,#1223);
#1002=LINE('',#2499,#1224);
#1003=LINE('',#2501,#1225);
#1004=LINE('',#2503,#1226);
#1005=LINE('',#2505,#1227);
#1006=LINE('',#2507,#1228);
#1007=LINE('',#2509,#1229);
#1008=LINE('',#2511,#1230);
#1009=LINE('',#2512,#1231);
#1010=LINE('',#2514,#1232);
#1011=LINE('',#2516,#1233);
#1012=LINE('',#2518,#1234);
#1013=LINE('',#2520,#1235);
#1014=LINE('',#2522,#1236);
#1015=LINE('',#2524,#1237);
#1016=LINE('',#2526,#1238);
#1017=LINE('',#2528,#1239);
#1018=LINE('',#2530,#1240);
#1019=LINE('',#2532,#1241);
#1020=LINE('',#2534,#1242);
#1021=LINE('',#2536,#1243);
#1022=LINE('',#2542,#1244);
#1023=LINE('',#2546,#1245);
#1024=LINE('',#2548,#1246);
#1025=LINE('',#2550,#1247);
#1026=LINE('',#2554,#1248);
#1027=LINE('',#2556,#1249);
#1028=LINE('',#2558,#1250);
#1029=LINE('',#2560,#1251);
#1030=LINE('',#2562,#1252);
#1031=LINE('',#2567,#1253);
#1032=LINE('',#2571,#1254);
#1033=LINE('',#2574,#1255);
#1034=LINE('',#2576,#1256);
#1035=LINE('',#2578,#1257);
#1036=LINE('',#2580,#1258);
#1037=LINE('',#2583,#1259);
#1038=LINE('',#2585,#1260);
#1039=LINE('',#2586,#1261);
#1040=LINE('',#2588,#1262);
#1041=LINE('',#2589,#1263);
#1042=LINE('',#2591,#1264);
#1043=LINE('',#2594,#1265);
#1044=LINE('',#2595,#1266);
#1045=LINE('',#2597,#1267);
#1046=LINE('',#2598,#1268);
#1047=LINE('',#2600,#1269);
#1048=LINE('',#2601,#1270);
#1049=LINE('',#2603,#1271);
#1050=LINE('',#2605,#1272);
#1051=LINE('',#2607,#1273);
#1052=LINE('',#2608,#1274);
#1053=LINE('',#2610,#1275);
#1054=LINE('',#2612,#1276);
#1055=LINE('',#2617,#1277);
#1056=LINE('',#2638,#1278);
#1057=LINE('',#2642,#1279);
#1058=LINE('',#2644,#1280);
#1059=LINE('',#2664,#1281);
#1060=LINE('',#2665,#1282);
#1061=LINE('',#2667,#1283);
#1062=LINE('',#2669,#1284);
#1063=LINE('',#2671,#1285);
#1064=LINE('',#2690,#1286);
#1065=LINE('',#2692,#1287);
#1066=LINE('',#2694,#1288);
#1067=LINE('',#2696,#1289);
#1068=LINE('',#2703,#1290);
#1069=LINE('',#2705,#1291);
#1070=LINE('',#2708,#1292);
#1071=LINE('',#2710,#1293);
#1072=LINE('',#2712,#1294);
#1073=LINE('',#2713,#1295);
#1074=LINE('',#2714,#1296);
#1075=LINE('',#2715,#1297);
#1076=LINE('',#2718,#1298);
#1077=LINE('',#2720,#1299);
#1078=LINE('',#2722,#1300);
#1079=LINE('',#2724,#1301);
#1080=LINE('',#2726,#1302);
#1081=LINE('',#2727,#1303);
#1082=LINE('',#2730,#1304);
#1083=LINE('',#2732,#1305);
#1084=LINE('',#2734,#1306);
#1085=LINE('',#2735,#1307);
#1086=LINE('',#2737,#1308);
#1087=LINE('',#2739,#1309);
#1088=LINE('',#2740,#1310);
#1089=LINE('',#2743,#1311);
#1090=LINE('',#2745,#1312);
#1091=LINE('',#2747,#1313);
#1092=LINE('',#2749,#1314);
#1093=LINE('',#2750,#1315);
#1094=LINE('',#2753,#1316);
#1095=LINE('',#2755,#1317);
#1096=LINE('',#2757,#1318);
#1097=LINE('',#2759,#1319);
#1098=LINE('',#2762,#1320);
#1099=LINE('',#2763,#1321);
#1100=LINE('',#2764,#1322);
#1101=LINE('',#2765,#1323);
#1102=LINE('',#2767,#1324);
#1103=LINE('',#2774,#1325);
#1104=LINE('',#2776,#1326);
#1105=LINE('',#2794,#1327);
#1106=LINE('',#2796,#1328);
#1107=LINE('',#2815,#1329);
#1108=LINE('',#2816,#1330);
#1109=LINE('',#2818,#1331);
#1110=LINE('',#2820,#1332);
#1111=LINE('',#2872,#1333);
#1112=LINE('',#2875,#1334);
#1113=LINE('',#2876,#1335);
#1114=LINE('',#2878,#1336);
#1115=LINE('',#2879,#1337);
#1116=LINE('',#2884,#1338);
#1117=LINE('',#2886,#1339);
#1118=LINE('',#2888,#1340);
#1119=LINE('',#2890,#1341);
#1120=LINE('',#2892,#1342);
#1121=LINE('',#2895,#1343);
#1122=LINE('',#2897,#1344);
#1123=LINE('',#2898,#1345);
#1124=LINE('',#2900,#1346);
#1125=LINE('',#2902,#1347);
#1126=LINE('',#2905,#1348);
#1127=LINE('',#2906,#1349);
#1128=LINE('',#2908,#1350);
#1129=LINE('',#2910,#1351);
#1130=LINE('',#2912,#1352);
#1131=LINE('',#2914,#1353);
#1132=LINE('',#2915,#1354);
#1133=LINE('',#2917,#1355);
#1134=LINE('',#2919,#1356);
#1135=LINE('',#2921,#1357);
#1136=LINE('',#2923,#1358);
#1137=LINE('',#2925,#1359);
#1138=LINE('',#2927,#1360);
#1139=LINE('',#2929,#1361);
#1140=LINE('',#2931,#1362);
#1141=LINE('',#2933,#1363);
#1142=LINE('',#2936,#1364);
#1143=LINE('',#2937,#1365);
#1144=LINE('',#2940,#1366);
#1145=LINE('',#2943,#1367);
#1146=LINE('',#2946,#1368);
#1147=LINE('',#2948,#1369);
#1148=LINE('',#2950,#1370);
#1149=LINE('',#2952,#1371);
#1150=LINE('',#2953,#1372);
#1151=LINE('',#2955,#1373);
#1152=LINE('',#2957,#1374);
#1153=LINE('',#2959,#1375);
#1154=LINE('',#2960,#1376);
#1155=VECTOR('',#1918,1.);
#1156=VECTOR('',#1921,1.);
#1157=VECTOR('',#1922,1.);
#1158=VECTOR('',#1923,1.);
#1159=VECTOR('',#1924,1.);
#1160=VECTOR('',#1925,1.);
#1161=VECTOR('',#1926,1.);
#1162=VECTOR('',#1927,1.);
#1163=VECTOR('',#1928,1.);
#1164=VECTOR('',#1929,1.);
#1165=VECTOR('',#1930,1.);
#1166=VECTOR('',#1931,1.);
#1167=VECTOR('',#1932,1.);
#1168=VECTOR('',#1933,1.);
#1169=VECTOR('',#1934,1.);
#1170=VECTOR('',#1935,1.);
#1171=VECTOR('',#1936,1.);
#1172=VECTOR('',#1937,1.);
#1173=VECTOR('',#1938,1.);
#1174=VECTOR('',#1939,1.);
#1175=VECTOR('',#1940,1.);
#1176=VECTOR('',#1941,1.);
#1177=VECTOR('',#1942,1.);
#1178=VECTOR('',#1943,1.);
#1179=VECTOR('',#1944,1.);
#1180=VECTOR('',#1947,1.);
#1181=VECTOR('',#1948,1.);
#1182=VECTOR('',#1949,1.);
#1183=VECTOR('',#1950,1.);
#1184=VECTOR('',#1953,1.);
#1185=VECTOR('',#1954,1.);
#1186=VECTOR('',#1955,1.);
#1187=VECTOR('',#1956,1.);
#1188=VECTOR('',#1957,1.);
#1189=VECTOR('',#1958,1.);
#1190=VECTOR('',#1959,1.);
#1191=VECTOR('',#1960,1.);
#1192=VECTOR('',#1961,1.);
#1193=VECTOR('',#1964,1.);
#1194=VECTOR('',#1965,1.);
#1195=VECTOR('',#1966,1.);
#1196=VECTOR('',#1969,1.);
#1197=VECTOR('',#1970,1.);
#1198=VECTOR('',#1973,1.);
#1199=VECTOR('',#1974,1.);
#1200=VECTOR('',#1975,1.);
#1201=VECTOR('',#1976,1.);
#1202=VECTOR('',#1977,1.);
#1203=VECTOR('',#1980,1.);
#1204=VECTOR('',#1981,1.);
#1205=VECTOR('',#1982,1.);
#1206=VECTOR('',#1983,1.);
#1207=VECTOR('',#1986,1.);
#1208=VECTOR('',#1987,1.);
#1209=VECTOR('',#1988,1.);
#1210=VECTOR('',#1989,1.);
#1211=VECTOR('',#1990,1.);
#1212=VECTOR('',#1993,1.);
#1213=VECTOR('',#1994,1.);
#1214=VECTOR('',#1995,1.);
#1215=VECTOR('',#1996,1.);
#1216=VECTOR('',#1999,1.);
#1217=VECTOR('',#2000,1.);
#1218=VECTOR('',#2001,1.);
#1219=VECTOR('',#2004,1.);
#1220=VECTOR('',#2005,1.);
#1221=VECTOR('',#2006,1.);
#1222=VECTOR('',#2009,1.);
#1223=VECTOR('',#2010,1.);
#1224=VECTOR('',#2013,1.);
#1225=VECTOR('',#2014,1.);
#1226=VECTOR('',#2015,1.);
#1227=VECTOR('',#2018,1.);
#1228=VECTOR('',#2019,1.);
#1229=VECTOR('',#2020,1.);
#1230=VECTOR('',#2023,1.);
#1231=VECTOR('',#2024,1.);
#1232=VECTOR('',#2027,1.);
#1233=VECTOR('',#2028,1.);
#1234=VECTOR('',#2029,1.);
#1235=VECTOR('',#2032,1.);
#1236=VECTOR('',#2033,1.);
#1237=VECTOR('',#2034,1.);
#1238=VECTOR('',#2037,1.);
#1239=VECTOR('',#2038,1.);
#1240=VECTOR('',#2039,1.);
#1241=VECTOR('',#2042,1.);
#1242=VECTOR('',#2043,1.);
#1243=VECTOR('',#2044,1.);
#1244=VECTOR('',#2055,1.);
#1245=VECTOR('',#2062,1.);
#1246=VECTOR('',#2065,1.);
#1247=VECTOR('',#2066,1.);
#1248=VECTOR('',#2073,1.);
#1249=VECTOR('',#2074,1.);
#1250=VECTOR('',#2077,1.);
#1251=VECTOR('',#2078,1.);
#1252=VECTOR('',#2081,1.);
#1253=VECTOR('',#2084,1.);
#1254=VECTOR('',#2089,1.);
#1255=VECTOR('',#2090,1.);
#1256=VECTOR('',#2091,1.);
#1257=VECTOR('',#2092,1.);
#1258=VECTOR('',#2095,1.);
#1259=VECTOR('',#2096,1.);
#1260=VECTOR('',#2097,1.);
#1261=VECTOR('',#2098,1.);
#1262=VECTOR('',#2099,1.);
#1263=VECTOR('',#2100,1.);
#1264=VECTOR('',#2103,1.);
#1265=VECTOR('',#2104,1.);
#1266=VECTOR('',#2105,1.);
#1267=VECTOR('',#2106,1.);
#1268=VECTOR('',#2107,1.);
#1269=VECTOR('',#2110,1.);
#1270=VECTOR('',#2111,1.);
#1271=VECTOR('',#2114,1.);
#1272=VECTOR('',#2115,1.);
#1273=VECTOR('',#2116,1.);
#1274=VECTOR('',#2117,1.);
#1275=VECTOR('',#2118,1.);
#1276=VECTOR('',#2121,1.);
#1277=VECTOR('',#2124,1.);
#1278=VECTOR('',#2133,1.);
#1279=VECTOR('',#2136,1.);
#1280=VECTOR('',#2139,1.);
#1281=VECTOR('',#2140,1.);
#1282=VECTOR('',#2141,1.);
#1283=VECTOR('',#2142,1.);
#1284=VECTOR('',#2143,1.);
#1285=VECTOR('',#2146,1.);
#1286=VECTOR('',#2147,1.);
#1287=VECTOR('',#2148,1.);
#1288=VECTOR('',#2149,1.);
#1289=VECTOR('',#2150,1.);
#1290=VECTOR('',#2155,1.);
#1291=VECTOR('',#2158,1.);
#1292=VECTOR('',#2159,1.);
#1293=VECTOR('',#2160,1.);
#1294=VECTOR('',#2161,1.);
#1295=VECTOR('',#2162,1.);
#1296=VECTOR('',#2163,1.);
#1297=VECTOR('',#2164,1.);
#1298=VECTOR('',#2165,1.);
#1299=VECTOR('',#2166,1.);
#1300=VECTOR('',#2167,1.);
#1301=VECTOR('',#2170,1.);
#1302=VECTOR('',#2171,1.);
#1303=VECTOR('',#2172,1.);
#1304=VECTOR('',#2173,1.);
#1305=VECTOR('',#2174,1.);
#1306=VECTOR('',#2175,1.);
#1307=VECTOR('',#2176,1.);
#1308=VECTOR('',#2179,1.);
#1309=VECTOR('',#2180,1.);
#1310=VECTOR('',#2181,1.);
#1311=VECTOR('',#2182,1.);
#1312=VECTOR('',#2183,1.);
#1313=VECTOR('',#2184,1.);
#1314=VECTOR('',#2185,1.);
#1315=VECTOR('',#2186,1.);
#1316=VECTOR('',#2187,1.);
#1317=VECTOR('',#2188,1.);
#1318=VECTOR('',#2189,1.);
#1319=VECTOR('',#2192,1.);
#1320=VECTOR('',#2193,1.);
#1321=VECTOR('',#2194,1.);
#1322=VECTOR('',#2195,1.);
#1323=VECTOR('',#2196,1.);
#1324=VECTOR('',#2199,1.);
#1325=VECTOR('',#2200,1.);
#1326=VECTOR('',#2203,1.);
#1327=VECTOR('',#2204,1.);
#1328=VECTOR('',#2205,1.);
#1329=VECTOR('',#2208,1.);
#1330=VECTOR('',#2209,1.);
#1331=VECTOR('',#2210,1.);
#1332=VECTOR('',#2213,1.);
#1333=VECTOR('',#2232,1.);
#1334=VECTOR('',#2233,1.);
#1335=VECTOR('',#2234,1.);
#1336=VECTOR('',#2237,1.);
#1337=VECTOR('',#2238,1.);
#1338=VECTOR('',#2247,1.);
#1339=VECTOR('',#2248,1.);
#1340=VECTOR('',#2251,1.);
#1341=VECTOR('',#2252,1.);
#1342=VECTOR('',#2255,1.);
#1343=VECTOR('',#2260,1.);
#1344=VECTOR('',#2261,1.);
#1345=VECTOR('',#2262,1.);
#1346=VECTOR('',#2263,1.);
#1347=VECTOR('',#2266,1.);
#1348=VECTOR('',#2267,1.);
#1349=VECTOR('',#2268,1.);
#1350=VECTOR('',#2271,1.);
#1351=VECTOR('',#2274,1.);
#1352=VECTOR('',#2277,1.);
#1353=VECTOR('',#2280,1.);
#1354=VECTOR('',#2281,1.);
#1355=VECTOR('',#2284,1.);
#1356=VECTOR('',#2287,1.);
#1357=VECTOR('',#2290,1.);
#1358=VECTOR('',#2293,1.);
#1359=VECTOR('',#2296,1.);
#1360=VECTOR('',#2299,1.);
#1361=VECTOR('',#2302,1.);
#1362=VECTOR('',#2305,1.);
#1363=VECTOR('',#2308,1.);
#1364=VECTOR('',#2313,1.);
#1365=VECTOR('',#2314,1.);
#1366=VECTOR('',#2319,1.);
#1367=VECTOR('',#2324,1.);
#1368=VECTOR('',#2329,1.);
#1369=VECTOR('',#2332,1.);
#1370=VECTOR('',#2335,1.);
#1371=VECTOR('',#2336,1.);
#1372=VECTOR('',#2337,1.);
#1373=VECTOR('',#2340,1.);
#1374=VECTOR('',#2341,1.);
#1375=VECTOR('',#2344,1.);
#1376=VECTOR('',#2345,1.);
#1377=EDGE_LOOP('',(#43,#44,#45));
#1378=EDGE_LOOP('',(#46,#47,#48,#49,#50,#51,#52,#53,#54,#55,#56));
#1379=EDGE_LOOP('',(#57,#58,#59,#60));
#1380=EDGE_LOOP('',(#61,#62,#63,#64));
#1381=EDGE_LOOP('',(#65,#66,#67,#68));
#1382=EDGE_LOOP('',(#69,#70,#71,#72));
#1383=EDGE_LOOP('',(#73,#74,#75,#76,#77,#78,#79,#80,#81,#82));
#1384=EDGE_LOOP('',(#83));
#1385=EDGE_LOOP('',(#84,#85,#86,#87));
#1386=EDGE_LOOP('',(#88,#89,#90,#91));
#1387=EDGE_LOOP('',(#92,#93,#94,#95,#96));
#1388=EDGE_LOOP('',(#97,#98,#99,#100,#101));
#1389=EDGE_LOOP('',(#102,#103,#104,#105,#106));
#1390=EDGE_LOOP('',(#107,#108,#109,#110,#111));
#1391=EDGE_LOOP('',(#112,#113,#114,#115));
#1392=EDGE_LOOP('',(#116,#117,#118,#119));
#1393=EDGE_LOOP('',(#120,#121,#122,#123));
#1394=EDGE_LOOP('',(#124,#125,#126,#127));
#1395=EDGE_LOOP('',(#128,#129,#130,#131));
#1396=EDGE_LOOP('',(#132,#133,#134,#135));
#1397=EDGE_LOOP('',(#136,#137,#138,#139));
#1398=EDGE_LOOP('',(#140,#141,#142,#143));
#1399=EDGE_LOOP('',(#144,#145,#146,#147,#148));
#1400=EDGE_LOOP('',(#149,#150,#151,#152,#153));
#1401=EDGE_LOOP('',(#154,#155,#156));
#1402=EDGE_LOOP('',(#157,#158,#159));
#1403=EDGE_LOOP('',(#160,#161,#162,#163,#164));
#1404=EDGE_LOOP('',(#165,#166,#167));
#1405=EDGE_LOOP('',(#168,#169,#170,#171,#172));
#1406=EDGE_LOOP('',(#173,#174,#175,#176));
#1407=EDGE_LOOP('',(#177,#178,#179));
#1408=EDGE_LOOP('',(#180,#181,#182,#183));
#1409=EDGE_LOOP('',(#184,#185,#186,#187));
#1410=EDGE_LOOP('',(#188,#189,#190,#191));
#1411=EDGE_LOOP('',(#192,#193,#194,#195));
#1412=EDGE_LOOP('',(#196,#197,#198,#199,#200,#201,#202,#203,#204));
#1413=EDGE_LOOP('',(#205,#206,#207,#208,#209,#210,#211,#212,#213));
#1414=EDGE_LOOP('',(#214,#215,#216,#217,#218,#219,#220,#221));
#1415=EDGE_LOOP('',(#222,#223,#224,#225));
#1416=EDGE_LOOP('',(#226,#227,#228));
#1417=EDGE_LOOP('',(#229,#230,#231,#232));
#1418=EDGE_LOOP('',(#233));
#1419=EDGE_LOOP('',(#234));
#1420=EDGE_LOOP('',(#235,#236,#237,#238));
#1421=EDGE_LOOP('',(#239,#240,#241,#242,#243,#244,#245));
#1422=EDGE_LOOP('',(#246,#247,#248,#249,#250,#251,#252));
#1423=EDGE_LOOP('',(#253,#254,#255,#256));
#1424=EDGE_LOOP('',(#257,#258,#259,#260));
#1425=EDGE_LOOP('',(#261,#262,#263,#264));
#1426=EDGE_LOOP('',(#265,#266,#267,#268));
#1427=EDGE_LOOP('',(#269,#270,#271,#272));
#1428=EDGE_LOOP('',(#273,#274,#275));
#1429=EDGE_LOOP('',(#276,#277,#278,#279));
#1430=EDGE_LOOP('',(#280,#281,#282,#283,#284,#285,#286,#287));
#1431=EDGE_LOOP('',(#288,#289,#290));
#1432=EDGE_LOOP('',(#291,#292,#293,#294,#295));
#1433=EDGE_LOOP('',(#296,#297,#298,#299));
#1434=EDGE_LOOP('',(#300,#301,#302,#303,#304,#305,#306,#307));
#1435=EDGE_LOOP('',(#308,#309,#310,#311));
#1436=EDGE_LOOP('',(#312,#313,#314,#315,#316,#317,#318));
#1437=EDGE_LOOP('',(#319,#320,#321,#322,#323,#324,#325));
#1438=EDGE_LOOP('',(#326,#327,#328,#329));
#1439=EDGE_LOOP('',(#330,#331,#332,#333));
#1440=EDGE_LOOP('',(#334,#335,#336,#337));
#1441=EDGE_LOOP('',(#338,#339,#340,#341));
#1442=EDGE_LOOP('',(#342,#343,#344,#345));
#1443=EDGE_LOOP('',(#346));
#1444=EDGE_LOOP('',(#347));
#1445=EDGE_LOOP('',(#348));
#1446=EDGE_LOOP('',(#349));
#1447=EDGE_LOOP('',(#350,#351,#352,#353));
#1448=EDGE_LOOP('',(#354,#355,#356,#357));
#1449=EDGE_LOOP('',(#358));
#1450=EDGE_LOOP('',(#359,#360,#361,#362));
#1451=EDGE_LOOP('',(#363,#364,#365,#366));
#1452=EDGE_LOOP('',(#367,#368,#369,#370));
#1453=EDGE_LOOP('',(#371));
#1454=EDGE_LOOP('',(#372,#373,#374,#375));
#1455=EDGE_LOOP('',(#376,#377,#378,#379));
#1456=EDGE_LOOP('',(#380,#381,#382,#383));
#1457=EDGE_LOOP('',(#384,#385,#386,#387));
#1458=EDGE_LOOP('',(#388,#389,#390,#391));
#1459=EDGE_LOOP('',(#392,#393,#394,#395));
#1460=EDGE_LOOP('',(#396));
#1461=EDGE_LOOP('',(#397,#398,#399));
#1462=EDGE_LOOP('',(#400,#401,#402));
#1463=EDGE_LOOP('',(#403,#404,#405,#406));
#1464=EDGE_LOOP('',(#407,#408,#409,#410,#411,#412));
#1465=EDGE_LOOP('',(#413,#414,#415,#416,#417,#418));
#1466=EDGE_LOOP('',(#419,#420,#421,#422));
#1467=EDGE_LOOP('',(#423,#424,#425,#426));
#1468=EDGE_LOOP('',(#427,#428,#429,#430));
#1469=EDGE_LOOP('',(#431,#432,#433));
#1470=EDGE_LOOP('',(#434,#435,#436));
#1471=EDGE_LOOP('',(#437,#438,#439,#440));
#1472=EDGE_LOOP('',(#441,#442,#443,#444));
#1473=EDGE_LOOP('',(#445,#446,#447,#448));
#1474=EDGE_LOOP('',(#449,#450,#451,#452));
#1475=EDGE_LOOP('',(#453,#454,#455));
#1476=EDGE_LOOP('',(#456,#457,#458));
#1477=EDGE_LOOP('',(#459,#460,#461,#462));
#1478=EDGE_LOOP('',(#463,#464,#465,#466,#467,#468,#469,#470));
#1479=EDGE_LOOP('',(#471,#472,#473,#474,#475,#476,#477,#478));
#1480=EDGE_LOOP('',(#479,#480,#481,#482));
#1481=EDGE_LOOP('',(#483,#484,#485,#486));
#1482=EDGE_LOOP('',(#487,#488,#489,#490));
#1483=EDGE_LOOP('',(#491,#492,#493,#494));
#1484=EDGE_LOOP('',(#495,#496,#497));
#1485=EDGE_LOOP('',(#498,#499,#500));
#1486=EDGE_LOOP('',(#501,#502,#503,#504,#505,#506));
#1487=EDGE_LOOP('',(#507,#508,#509,#510));
#1488=EDGE_LOOP('',(#511,#512,#513,#514,#515,#516));
#1489=EDGE_LOOP('',(#517,#518,#519,#520));
#1490=EDGE_LOOP('',(#521,#522,#523,#524));
#1491=EDGE_LOOP('',(#525,#526,#527,#528));
#1492=EDGE_LOOP('',(#529,#530,#531,#532));
#1493=FACE_BOUND('',#1377,.T.);
#1494=FACE_BOUND('',#1378,.T.);
#1495=FACE_BOUND('',#1379,.T.);
#1496=FACE_BOUND('',#1380,.T.);
#1497=FACE_BOUND('',#1381,.T.);
#1498=FACE_BOUND('',#1382,.T.);
#1499=FACE_BOUND('',#1383,.T.);
#1500=FACE_BOUND('',#1384,.T.);
#1501=FACE_BOUND('',#1385,.T.);
#1502=FACE_BOUND('',#1386,.T.);
#1503=FACE_BOUND('',#1387,.T.);
#1504=FACE_BOUND('',#1388,.T.);
#1505=FACE_BOUND('',#1389,.T.);
#1506=FACE_BOUND('',#1390,.T.);
#1507=FACE_BOUND('',#1391,.T.);
#1508=FACE_BOUND('',#1392,.T.);
#1509=FACE_BOUND('',#1393,.T.);
#1510=FACE_BOUND('',#1394,.T.);
#1511=FACE_BOUND('',#1395,.T.);
#1512=FACE_BOUND('',#1396,.T.);
#1513=FACE_BOUND('',#1397,.T.);
#1514=FACE_BOUND('',#1398,.T.);
#1515=FACE_BOUND('',#1399,.T.);
#1516=FACE_BOUND('',#1400,.T.);
#1517=FACE_BOUND('',#1401,.T.);
#1518=FACE_BOUND('',#1402,.T.);
#1519=FACE_BOUND('',#1403,.T.);
#1520=FACE_BOUND('',#1404,.T.);
#1521=FACE_BOUND('',#1405,.T.);
#1522=FACE_BOUND('',#1406,.T.);
#1523=FACE_BOUND('',#1407,.T.);
#1524=FACE_BOUND('',#1408,.T.);
#1525=FACE_BOUND('',#1409,.T.);
#1526=FACE_BOUND('',#1410,.T.);
#1527=FACE_BOUND('',#1411,.T.);
#1528=FACE_BOUND('',#1412,.T.);
#1529=FACE_BOUND('',#1413,.T.);
#1530=FACE_BOUND('',#1414,.T.);
#1531=FACE_BOUND('',#1415,.T.);
#1532=FACE_BOUND('',#1416,.T.);
#1533=FACE_BOUND('',#1417,.T.);
#1534=FACE_BOUND('',#1418,.T.);
#1535=FACE_BOUND('',#1419,.T.);
#1536=FACE_BOUND('',#1420,.T.);
#1537=FACE_BOUND('',#1421,.T.);
#1538=FACE_BOUND('',#1422,.T.);
#1539=FACE_BOUND('',#1423,.T.);
#1540=FACE_BOUND('',#1424,.T.);
#1541=FACE_BOUND('',#1425,.T.);
#1542=FACE_BOUND('',#1426,.T.);
#1543=FACE_BOUND('',#1427,.T.);
#1544=FACE_BOUND('',#1428,.T.);
#1545=FACE_BOUND('',#1429,.T.);
#1546=FACE_BOUND('',#1430,.T.);
#1547=FACE_BOUND('',#1431,.T.);
#1548=FACE_BOUND('',#1432,.T.);
#1549=FACE_BOUND('',#1433,.T.);
#1550=FACE_BOUND('',#1434,.T.);
#1551=FACE_BOUND('',#1435,.T.);
#1552=FACE_BOUND('',#1436,.T.);
#1553=FACE_BOUND('',#1437,.T.);
#1554=FACE_BOUND('',#1438,.T.);
#1555=FACE_BOUND('',#1439,.T.);
#1556=FACE_BOUND('',#1440,.T.);
#1557=FACE_BOUND('',#1441,.T.);
#1558=FACE_BOUND('',#1442,.T.);
#1559=FACE_BOUND('',#1443,.T.);
#1560=FACE_BOUND('',#1444,.T.);
#1561=FACE_BOUND('',#1445,.T.);
#1562=FACE_BOUND('',#1446,.T.);
#1563=FACE_BOUND('',#1447,.T.);
#1564=FACE_BOUND('',#1448,.T.);
#1565=FACE_BOUND('',#1449,.T.);
#1566=FACE_BOUND('',#1450,.T.);
#1567=FACE_BOUND('',#1451,.T.);
#1568=FACE_BOUND('',#1452,.T.);
#1569=FACE_BOUND('',#1453,.T.);
#1570=FACE_BOUND('',#1454,.T.);
#1571=FACE_BOUND('',#1455,.T.);
#1572=FACE_BOUND('',#1456,.T.);
#1573=FACE_BOUND('',#1457,.T.);
#1574=FACE_BOUND('',#1458,.T.);
#1575=FACE_BOUND('',#1459,.T.);
#1576=FACE_BOUND('',#1460,.T.);
#1577=FACE_BOUND('',#1461,.T.);
#1578=FACE_BOUND('',#1462,.T.);
#1579=FACE_BOUND('',#1463,.T.);
#1580=FACE_BOUND('',#1464,.T.);
#1581=FACE_BOUND('',#1465,.T.);
#1582=FACE_BOUND('',#1466,.T.);
#1583=FACE_BOUND('',#1467,.T.);
#1584=FACE_BOUND('',#1468,.T.);
#1585=FACE_BOUND('',#1469,.T.);
#1586=FACE_BOUND('',#1470,.T.);
#1587=FACE_BOUND('',#1471,.T.);
#1588=FACE_BOUND('',#1472,.T.);
#1589=FACE_BOUND('',#1473,.T.);
#1590=FACE_BOUND('',#1474,.T.);
#1591=FACE_BOUND('',#1475,.T.);
#1592=FACE_BOUND('',#1476,.T.);
#1593=FACE_BOUND('',#1477,.T.);
#1594=FACE_BOUND('',#1478,.T.);
#1595=FACE_BOUND('',#1479,.T.);
#1596=FACE_BOUND('',#1480,.T.);
#1597=FACE_BOUND('',#1481,.T.);
#1598=FACE_BOUND('',#1482,.T.);
#1599=FACE_BOUND('',#1483,.T.);
#1600=FACE_BOUND('',#1484,.T.);
#1601=FACE_BOUND('',#1485,.T.);
#1602=FACE_BOUND('',#1486,.T.);
#1603=FACE_BOUND('',#1487,.T.);
#1604=FACE_BOUND('',#1488,.T.);
#1605=FACE_BOUND('',#1489,.T.);
#1606=FACE_BOUND('',#1490,.T.);
#1607=FACE_BOUND('',#1491,.T.);
#1608=FACE_BOUND('',#1492,.T.);
#1609=PLANE('',#1806);
#1610=PLANE('',#1808);
#1611=PLANE('',#1809);
#1612=PLANE('',#1811);
#1613=PLANE('',#1812);
#1614=PLANE('',#1813);
#1615=PLANE('',#1814);
#1616=PLANE('',#1815);
#1617=PLANE('',#1816);
#1618=PLANE('',#1817);
#1619=PLANE('',#1818);
#1620=PLANE('',#1819);
#1621=PLANE('',#1820);
#1622=PLANE('',#1821);
#1623=PLANE('',#1822);
#1624=PLANE('',#1823);
#1625=PLANE('',#1824);
#1626=PLANE('',#1825);
#1627=PLANE('',#1826);
#1628=PLANE('',#1828);
#1629=PLANE('',#1830);
#1630=PLANE('',#1831);
#1631=PLANE('',#1833);
#1632=PLANE('',#1834);
#1633=PLANE('',#1835);
#1634=PLANE('',#1837);
#1635=PLANE('',#1838);
#1636=PLANE('',#1842);
#1637=PLANE('',#1843);
#1638=PLANE('',#1844);
#1639=PLANE('',#1845);
#1640=PLANE('',#1846);
#1641=PLANE('',#1854);
#1642=PLANE('',#1855);
#1643=PLANE('',#1856);
#1644=PLANE('',#1857);
#1645=PLANE('',#1858);
#1646=PLANE('',#1859);
#1647=PLANE('',#1860);
#1648=PLANE('',#1861);
#1649=PLANE('',#1862);
#1650=PLANE('',#1863);
#1651=PLANE('',#1864);
#1652=PLANE('',#1865);
#1653=PLANE('',#1866);
#1654=PLANE('',#1867);
#1655=PLANE('',#1868);
#1656=PLANE('',#1869);
#1657=PLANE('',#1872);
#1658=PLANE('',#1873);
#1659=PLANE('',#1875);
#1660=PLANE('',#1877);
#1661=PLANE('',#1878);
#1662=PLANE('',#1879);
#1663=PLANE('',#1880);
#1664=PLANE('',#1881);
#1665=PLANE('',#1882);
#1666=PLANE('',#1883);
#1667=PLANE('',#1884);
#1668=PLANE('',#1885);
#1669=PLANE('',#1886);
#1670=PLANE('',#1887);
#1671=PLANE('',#1888);
#1672=PLANE('',#1889);
#1673=PLANE('',#1890);
#1674=PLANE('',#1891);
#1675=PLANE('',#1892);
#1676=PLANE('',#1893);
#1677=PLANE('',#1894);
#1678=PLANE('',#1895);
#1679=PLANE('',#1896);
#1680=PLANE('',#1897);
#1681=PLANE('',#1898);
#1682=PLANE('',#1899);
#1683=PLANE('',#1900);
#1684=PLANE('',#1901);
#1685=PLANE('',#1902);
#1686=PLANE('',#1903);
#1687=PLANE('',#1904);
#1688=PLANE('',#1905);
#1689=PLANE('',#1906);
#1690=PLANE('',#1907);
#1691=PLANE('',#1908);
#1692=PLANE('',#1909);
#1693=PLANE('',#1910);
#1694=PLANE('',#1911);
#1695=PLANE('',#1912);
#1696=PLANE('',#1913);
#1697=ADVANCED_FACE('',(#1493,#1494,#1495,#1496,#1497),#1609,.F.);
#1698=ADVANCED_FACE('',(#1498),#1610,.T.);
#1699=ADVANCED_FACE('',(#1499,#1500,#1501),#1611,.T.);
#1700=ADVANCED_FACE('',(#1502),#1612,.T.);
#1701=ADVANCED_FACE('',(#1503),#1613,.T.);
#1702=ADVANCED_FACE('',(#1504),#1614,.T.);
#1703=ADVANCED_FACE('',(#1505),#1615,.F.);
#1704=ADVANCED_FACE('',(#1506),#1616,.F.);
#1705=ADVANCED_FACE('',(#1507),#1617,.T.);
#1706=ADVANCED_FACE('',(#1508),#1618,.T.);
#1707=ADVANCED_FACE('',(#1509),#1619,.T.);
#1708=ADVANCED_FACE('',(#1510),#1620,.F.);
#1709=ADVANCED_FACE('',(#1511),#1621,.F.);
#1710=ADVANCED_FACE('',(#1512),#1622,.F.);
#1711=ADVANCED_FACE('',(#1513),#1623,.T.);
#1712=ADVANCED_FACE('',(#1514),#1624,.F.);
#1713=ADVANCED_FACE('',(#1515),#1625,.F.);
#1714=ADVANCED_FACE('',(#1516),#1626,.F.);
#1715=ADVANCED_FACE('',(#1517),#1627,.F.);
#1716=ADVANCED_FACE('',(#1518),#1628,.F.);
#1717=ADVANCED_FACE('',(#1519),#1629,.F.);
#1718=ADVANCED_FACE('',(#1520),#1630,.F.);
#1719=ADVANCED_FACE('',(#1521),#1631,.F.);
#1720=ADVANCED_FACE('',(#1522),#1632,.F.);
#1721=ADVANCED_FACE('',(#1523),#1633,.F.);
#1722=ADVANCED_FACE('',(#1524),#1634,.F.);
#1723=ADVANCED_FACE('',(#1525),#1635,.F.);
#1724=ADVANCED_FACE('',(#1526),#23,.F.);
#1725=ADVANCED_FACE('',(#1527),#1636,.F.);
#1726=ADVANCED_FACE('',(#1528),#1637,.T.);
#1727=ADVANCED_FACE('',(#1529),#1638,.F.);
#1728=ADVANCED_FACE('',(#1530),#1639,.T.);
#1729=ADVANCED_FACE('',(#1531,#1532),#1640,.F.);
#1730=ADVANCED_FACE('',(#1533),#24,.F.);
#1731=ADVANCED_FACE('',(#1534,#1535),#25,.F.);
#1732=ADVANCED_FACE('',(#1536),#26,.F.);
#1733=ADVANCED_FACE('',(#1537),#1641,.F.);
#1734=ADVANCED_FACE('',(#1538),#1642,.T.);
#1735=ADVANCED_FACE('',(#1539),#1643,.F.);
#1736=ADVANCED_FACE('',(#1540),#1644,.T.);
#1737=ADVANCED_FACE('',(#1541,#1542,#1543),#1645,.T.);
#1738=ADVANCED_FACE('',(#1544,#1545,#1546),#1646,.T.);
#1739=ADVANCED_FACE('',(#1547,#1548,#1549),#1647,.T.);
#1740=ADVANCED_FACE('',(#1550),#1648,.T.);
#1741=ADVANCED_FACE('',(#1551),#1649,.F.);
#1742=ADVANCED_FACE('',(#1552),#1650,.T.);
#1743=ADVANCED_FACE('',(#1553),#1651,.F.);
#1744=ADVANCED_FACE('',(#1554),#1652,.T.);
#1745=ADVANCED_FACE('',(#1555),#1653,.T.);
#1746=ADVANCED_FACE('',(#1556),#1654,.F.);
#1747=ADVANCED_FACE('',(#1557),#1655,.T.);
#1748=ADVANCED_FACE('',(#1558),#1656,.F.);
#1749=ADVANCED_FACE('',(#1559,#1560,#1561),#27,.F.);
#1750=ADVANCED_FACE('',(#1562),#1657,.T.);
#1751=ADVANCED_FACE('',(#1563),#12,.F.);
#1752=ADVANCED_FACE('',(#1564),#13,.F.);
#1753=ADVANCED_FACE('',(#1565,#1566),#1658,.T.);
#1754=ADVANCED_FACE('',(#1567),#1659,.F.);
#1755=ADVANCED_FACE('',(#1568,#1569),#28,.F.);
#1756=ADVANCED_FACE('',(#1570),#1660,.F.);
#1757=ADVANCED_FACE('',(#1571),#1661,.T.);
#1758=ADVANCED_FACE('',(#1572),#1662,.T.);
#1759=ADVANCED_FACE('',(#1573),#1663,.F.);
#1760=ADVANCED_FACE('',(#1574),#1664,.T.);
#1761=ADVANCED_FACE('',(#1575,#1576),#1665,.T.);
#1762=ADVANCED_FACE('',(#1577,#1578),#1666,.T.);
#1763=ADVANCED_FACE('',(#1579),#1667,.T.);
#1764=ADVANCED_FACE('',(#1580),#1668,.F.);
#1765=ADVANCED_FACE('',(#1581),#1669,.T.);
#1766=ADVANCED_FACE('',(#1582),#1670,.F.);
#1767=ADVANCED_FACE('',(#1583),#1671,.F.);
#1768=ADVANCED_FACE('',(#1584),#1672,.T.);
#1769=ADVANCED_FACE('',(#1585),#1673,.T.);
#1770=ADVANCED_FACE('',(#1586),#1674,.T.);
#1771=ADVANCED_FACE('',(#1587),#1675,.F.);
#1772=ADVANCED_FACE('',(#1588),#1676,.F.);
#1773=ADVANCED_FACE('',(#1589),#1677,.T.);
#1774=ADVANCED_FACE('',(#1590),#1678,.T.);
#1775=ADVANCED_FACE('',(#1591),#1679,.T.);
#1776=ADVANCED_FACE('',(#1592),#1680,.T.);
#1777=ADVANCED_FACE('',(#1593),#1681,.F.);
#1778=ADVANCED_FACE('',(#1594),#1682,.T.);
#1779=ADVANCED_FACE('',(#1595),#1683,.T.);
#1780=ADVANCED_FACE('',(#1596),#1684,.T.);
#1781=ADVANCED_FACE('',(#1597),#1685,.T.);
#1782=ADVANCED_FACE('',(#1598),#1686,.T.);
#1783=ADVANCED_FACE('',(#1599),#1687,.T.);
#1784=ADVANCED_FACE('',(#1600),#1688,.T.);
#1785=ADVANCED_FACE('',(#1601),#1689,.F.);
#1786=ADVANCED_FACE('',(#1602),#1690,.F.);
#1787=ADVANCED_FACE('',(#1603),#1691,.F.);
#1788=ADVANCED_FACE('',(#1604),#1692,.T.);
#1789=ADVANCED_FACE('',(#1605),#1693,.T.);
#1790=ADVANCED_FACE('',(#1606),#1694,.T.);
#1791=ADVANCED_FACE('',(#1607),#1695,.T.);
#1792=ADVANCED_FACE('',(#1608),#1696,.F.);
#1793=CLOSED_SHELL('',(#1697,#1698,#1699,#1700,#1701,#1702,#1703,#1704,
#1705,#1706,#1707,#1708,#1709,#1710,#1711,#1712,#1713,#1714,#1715,#1716,
#1717,#1718,#1719,#1720,#1721,#1722,#1723,#1724,#1725,#1726,#1727,#1728,
#1729,#1730,#1731,#1732,#1733,#1734,#1735,#1736,#1737,#1738,#1739,#1740,
#1741,#1742,#1743,#1744,#1745,#1746,#1747,#1748,#1749,#1750,#1751,#1752,
#1753,#1754,#1755,#1756,#1757,#1758,#1759,#1760,#1761,#1762,#1763,#1764,
#1765,#1766,#1767,#1768,#1769,#1770,#1771,#1772,#1773,#1774,#1775,#1776,
#1777,#1778,#1779,#1780,#1781,#1782,#1783,#1784,#1785,#1786,#1787,#1788,
#1789,#1790,#1791,#1792));
#1794=STYLED_ITEM('',(#1795),#1802);
#1795=PRESENTATION_STYLE_ASSIGNMENT((#1796));
#1796=SURFACE_STYLE_USAGE(.BOTH.,#1797);
#1797=SURFACE_SIDE_STYLE('',(#1798));
#1798=SURFACE_STYLE_FILL_AREA(#1799);
#1799=FILL_AREA_STYLE('',(#1800));
#1800=FILL_AREA_STYLE_COLOUR('',#1801);
#1801=COLOUR_RGB('',0.129411764705882,0.341176470588236,0.352941176470589);
#1802=MANIFOLD_SOLID_BREP('Rod Block with Zip Tie',#1793);
#1803=SHAPE_DEFINITION_REPRESENTATION(#2971,#1804);
#1804=SHAPE_REPRESENTATION('Rod Block with Zip Tie',(#1805),#2966);
#1805=AXIS2_PLACEMENT_3D('',#2354,#1914,#1915);
#1806=AXIS2_PLACEMENT_3D('',#2355,#1916,#1917);
#1807=AXIS2_PLACEMENT_3D('',#2359,#1919,#1920);
#1808=AXIS2_PLACEMENT_3D('',#2408,#1945,#1946);
#1809=AXIS2_PLACEMENT_3D('',#2417,#1951,#1952);
#1810=AXIS2_PLACEMENT_3D('',#2435,#1962,#1963);
#1811=AXIS2_PLACEMENT_3D('',#2442,#1967,#1968);
#1812=AXIS2_PLACEMENT_3D('',#2445,#1971,#1972);
#1813=AXIS2_PLACEMENT_3D('',#2456,#1978,#1979);
#1814=AXIS2_PLACEMENT_3D('',#2464,#1984,#1985);
#1815=AXIS2_PLACEMENT_3D('',#2475,#1991,#1992);
#1816=AXIS2_PLACEMENT_3D('',#2483,#1997,#1998);
#1817=AXIS2_PLACEMENT_3D('',#2489,#2002,#2003);
#1818=AXIS2_PLACEMENT_3D('',#2495,#2007,#2008);
#1819=AXIS2_PLACEMENT_3D('',#2498,#2011,#2012);
#1820=AXIS2_PLACEMENT_3D('',#2504,#2016,#2017);
#1821=AXIS2_PLACEMENT_3D('',#2510,#2021,#2022);
#1822=AXIS2_PLACEMENT_3D('',#2513,#2025,#2026);
#1823=AXIS2_PLACEMENT_3D('',#2519,#2030,#2031);
#1824=AXIS2_PLACEMENT_3D('',#2525,#2035,#2036);
#1825=AXIS2_PLACEMENT_3D('',#2531,#2040,#2041);
#1826=AXIS2_PLACEMENT_3D('',#2537,#2045,#2046);
#1827=AXIS2_PLACEMENT_3D('',#2538,#2047,#2048);
#1828=AXIS2_PLACEMENT_3D('',#2539,#2049,#2050);
#1829=AXIS2_PLACEMENT_3D('',#2540,#2051,#2052);
#1830=AXIS2_PLACEMENT_3D('',#2541,#2053,#2054);
#1831=AXIS2_PLACEMENT_3D('',#2543,#2056,#2057);
#1832=AXIS2_PLACEMENT_3D('',#2544,#2058,#2059);
#1833=AXIS2_PLACEMENT_3D('',#2545,#2060,#2061);
#1834=AXIS2_PLACEMENT_3D('',#2547,#2063,#2064);
#1835=AXIS2_PLACEMENT_3D('',#2551,#2067,#2068);
#1836=AXIS2_PLACEMENT_3D('',#2552,#2069,#2070);
#1837=AXIS2_PLACEMENT_3D('',#2553,#2071,#2072);
#1838=AXIS2_PLACEMENT_3D('',#2557,#2075,#2076);
#1839=AXIS2_PLACEMENT_3D('',#2561,#2079,#2080);
#1840=AXIS2_PLACEMENT_3D('',#2565,#2082,#2083);
#1841=AXIS2_PLACEMENT_3D('',#2569,#2085,#2086);
#1842=AXIS2_PLACEMENT_3D('',#2570,#2087,#2088);
#1843=AXIS2_PLACEMENT_3D('',#2579,#2093,#2094);
#1844=AXIS2_PLACEMENT_3D('',#2590,#2101,#2102);
#1845=AXIS2_PLACEMENT_3D('',#2599,#2108,#2109);
#1846=AXIS2_PLACEMENT_3D('',#2602,#2112,#2113);
#1847=AXIS2_PLACEMENT_3D('',#2611,#2119,#2120);
#1848=AXIS2_PLACEMENT_3D('',#2615,#2122,#2123);
#1849=AXIS2_PLACEMENT_3D('',#2619,#2125,#2126);
#1850=AXIS2_PLACEMENT_3D('',#2620,#2127,#2128);
#1851=AXIS2_PLACEMENT_3D('',#2635,#2129,#2130);
#1852=AXIS2_PLACEMENT_3D('',#2637,#2131,#2132);
#1853=AXIS2_PLACEMENT_3D('',#2640,#2134,#2135);
#1854=AXIS2_PLACEMENT_3D('',#2643,#2137,#2138);
#1855=AXIS2_PLACEMENT_3D('',#2670,#2144,#2145);
#1856=AXIS2_PLACEMENT_3D('',#2697,#2151,#2152);
#1857=AXIS2_PLACEMENT_3D('',#2702,#2153,#2154);
#1858=AXIS2_PLACEMENT_3D('',#2704,#2156,#2157);
#1859=AXIS2_PLACEMENT_3D('',#2723,#2168,#2169);
#1860=AXIS2_PLACEMENT_3D('',#2736,#2177,#2178);
#1861=AXIS2_PLACEMENT_3D('',#2758,#2190,#2191);
#1862=AXIS2_PLACEMENT_3D('',#2766,#2197,#2198);
#1863=AXIS2_PLACEMENT_3D('',#2775,#2201,#2202);
#1864=AXIS2_PLACEMENT_3D('',#2797,#2206,#2207);
#1865=AXIS2_PLACEMENT_3D('',#2819,#2211,#2212);
#1866=AXIS2_PLACEMENT_3D('',#2821,#2214,#2215);
#1867=AXIS2_PLACEMENT_3D('',#2822,#2216,#2217);
#1868=AXIS2_PLACEMENT_3D('',#2827,#2218,#2219);
#1869=AXIS2_PLACEMENT_3D('',#2832,#2220,#2221);
#1870=AXIS2_PLACEMENT_3D('',#2833,#2222,#2223);
#1871=AXIS2_PLACEMENT_3D('',#2834,#2224,#2225);
#1872=AXIS2_PLACEMENT_3D('',#2836,#2226,#2227);
#1873=AXIS2_PLACEMENT_3D('',#2869,#2228,#2229);
#1874=AXIS2_PLACEMENT_3D('',#2870,#2230,#2231);
#1875=AXIS2_PLACEMENT_3D('',#2877,#2235,#2236);
#1876=AXIS2_PLACEMENT_3D('',#2880,#2239,#2240);
#1877=AXIS2_PLACEMENT_3D('',#2881,#2241,#2242);
#1878=AXIS2_PLACEMENT_3D('',#2882,#2243,#2244);
#1879=AXIS2_PLACEMENT_3D('',#2883,#2245,#2246);
#1880=AXIS2_PLACEMENT_3D('',#2887,#2249,#2250);
#1881=AXIS2_PLACEMENT_3D('',#2891,#2253,#2254);
#1882=AXIS2_PLACEMENT_3D('',#2893,#2256,#2257);
#1883=AXIS2_PLACEMENT_3D('',#2894,#2258,#2259);
#1884=AXIS2_PLACEMENT_3D('',#2901,#2264,#2265);
#1885=AXIS2_PLACEMENT_3D('',#2907,#2269,#2270);
#1886=AXIS2_PLACEMENT_3D('',#2909,#2272,#2273);
#1887=AXIS2_PLACEMENT_3D('',#2911,#2275,#2276);
#1888=AXIS2_PLACEMENT_3D('',#2913,#2278,#2279);
#1889=AXIS2_PLACEMENT_3D('',#2916,#2282,#2283);
#1890=AXIS2_PLACEMENT_3D('',#2918,#2285,#2286);
#1891=AXIS2_PLACEMENT_3D('',#2920,#2288,#2289);
#1892=AXIS2_PLACEMENT_3D('',#2922,#2291,#2292);
#1893=AXIS2_PLACEMENT_3D('',#2924,#2294,#2295);
#1894=AXIS2_PLACEMENT_3D('',#2926,#2297,#2298);
#1895=AXIS2_PLACEMENT_3D('',#2928,#2300,#2301);
#1896=AXIS2_PLACEMENT_3D('',#2930,#2303,#2304);
#1897=AXIS2_PLACEMENT_3D('',#2932,#2306,#2307);
#1898=AXIS2_PLACEMENT_3D('',#2934,#2309,#2310);
#1899=AXIS2_PLACEMENT_3D('',#2935,#2311,#2312);
#1900=AXIS2_PLACEMENT_3D('',#2938,#2315,#2316);
#1901=AXIS2_PLACEMENT_3D('',#2939,#2317,#2318);
#1902=AXIS2_PLACEMENT_3D('',#2941,#2320,#2321);
#1903=AXIS2_PLACEMENT_3D('',#2942,#2322,#2323);
#1904=AXIS2_PLACEMENT_3D('',#2944,#2325,#2326);
#1905=AXIS2_PLACEMENT_3D('',#2945,#2327,#2328);
#1906=AXIS2_PLACEMENT_3D('',#2947,#2330,#2331);
#1907=AXIS2_PLACEMENT_3D('',#2949,#2333,#2334);
#1908=AXIS2_PLACEMENT_3D('',#2954,#2338,#2339);
#1909=AXIS2_PLACEMENT_3D('',#2958,#2342,#2343);
#1910=AXIS2_PLACEMENT_3D('',#2961,#2346,#2347);
#1911=AXIS2_PLACEMENT_3D('',#2962,#2348,#2349);
#1912=AXIS2_PLACEMENT_3D('',#2963,#2350,#2351);
#1913=AXIS2_PLACEMENT_3D('',#2964,#2352,#2353);
#1914=DIRECTION('',(0.,0.,1.));
#1915=DIRECTION('',(1.,0.,0.));
#1916=DIRECTION('',(0.,-1.,0.));
#1917=DIRECTION('',(1.,0.,0.));
#1918=DIRECTION('',(-0.5,0.,0.866025403784439));
#1919=DIRECTION('',(0.,-1.,0.));
#1920=DIRECTION('',(0.,0.,-1.));
#1921=DIRECTION('',(-0.5,0.,-0.866025403784439));
#1922=DIRECTION('',(-1.,0.,-3.54683238582617E-15));
#1923=DIRECTION('',(2.08166817117217E-16,0.,1.));
#1924=DIRECTION('',(1.,0.,0.));
#1925=DIRECTION('',(-2.08166817117217E-16,0.,-1.));
#1926=DIRECTION('',(0.816496580927726,0.,-0.577350269189625));
#1927=DIRECTION('',(1.,0.,-2.08166817117217E-16));
#1928=DIRECTION('',(-2.08166817117217E-16,0.,-1.));
#1929=DIRECTION('',(1.,0.,-2.08166817117217E-16));
#1930=DIRECTION('',(0.816496580927727,0.,0.577350269189624));
#1931=DIRECTION('',(-2.08166817117217E-16,0.,-1.));
#1932=DIRECTION('',(-0.894558170880938,0.,-0.446951539778252));
#1933=DIRECTION('',(0.,0.,1.));
#1934=DIRECTION('',(1.,0.,0.));
#1935=DIRECTION('',(0.,0.,1.));
#1936=DIRECTION('',(1.,0.,0.));
#1937=DIRECTION('',(3.81639164714897E-15,0.,-1.));
#1938=DIRECTION('',(-1.,0.,-4.37325246044568E-15));
#1939=DIRECTION('',(3.81639164714897E-15,0.,-1.));
#1940=DIRECTION('',(-1.,0.,-4.37325246044569E-15));
#1941=DIRECTION('',(-1.,0.,2.08166817117217E-16));
#1942=DIRECTION('',(2.08166817117217E-16,0.,1.));
#1943=DIRECTION('',(-1.,0.,2.08166817117217E-16));
#1944=DIRECTION('',(0.,0.,1.));
#1945=DIRECTION('',(0.,-1.,0.));
#1946=DIRECTION('',(0.,0.,-1.));
#1947=DIRECTION('',(1.,0.,-2.08166817117217E-16));
#1948=DIRECTION('',(0.,0.,-1.));
#1949=DIRECTION('',(1.,0.,-2.08166817117217E-16));
#1950=DIRECTION('',(-2.08166817117217E-16,0.,-1.));
#1951=DIRECTION('',(1.,0.,-2.08166817117217E-16));
#1952=DIRECTION('',(0.,1.,0.));
#1953=DIRECTION('',(-2.08166817117217E-16,0.,-1.));
#1954=DIRECTION('',(0.,1.,0.));
#1955=DIRECTION('',(2.08166817117217E-16,0.,1.));
#1956=DIRECTION('',(-1.20185167898972E-16,-0.816496580927727,-0.577350269189625));
#1957=DIRECTION('',(0.,1.,0.));
#1958=DIRECTION('',(6.01853107621011E-32,1.,2.89120579329468E-16));
#1959=DIRECTION('',(1.20185167898973E-16,-0.816496580927727,0.577350269189625));
#1960=DIRECTION('',(2.08166817117217E-16,0.,1.));
#1961=DIRECTION('',(0.,-1.,0.));
#1962=DIRECTION('',(1.,0.,-2.08166817117217E-16));
#1963=DIRECTION('',(-2.08166817117217E-16,0.,-1.));
#1964=DIRECTION('',(0.,-1.,0.));
#1965=DIRECTION('',(0.,-1.,0.));
#1966=DIRECTION('',(-2.08166817117217E-16,0.,-1.));
#1967=DIRECTION('',(0.707106781186548,0.707106781186548,-1.47196168001604E-16));
#1968=DIRECTION('',(2.08166817117217E-16,0.,1.));
#1969=DIRECTION('',(0.707106781186548,-0.707106781186548,-1.47196168001604E-16));
#1970=DIRECTION('',(0.682670452197321,-0.682670452197321,0.260618701158247));
#1971=DIRECTION('',(0.,-1.,0.));
#1972=DIRECTION('',(2.08166817117217E-16,0.,1.));
#1973=DIRECTION('',(2.08166817117217E-16,0.,1.));
#1974=DIRECTION('',(1.,0.,-2.08166817117217E-16));
#1975=DIRECTION('',(2.08166817117217E-16,0.,1.));
#1976=DIRECTION('',(1.,0.,-2.08166817117217E-16));
#1977=DIRECTION('',(1.,0.,-2.08166817117217E-16));
#1978=DIRECTION('',(0.,-1.,0.));
#1979=DIRECTION('',(2.08166817117217E-16,0.,1.));
#1980=DIRECTION('',(2.08166817117217E-16,0.,1.));
#1981=DIRECTION('',(1.,0.,-2.08166817117217E-16));
#1982=DIRECTION('',(1.,0.,-2.08166817117217E-16));
#1983=DIRECTION('',(2.08166817117217E-16,0.,1.));
#1984=DIRECTION('',(0.,-1.,0.));
#1985=DIRECTION('',(2.08166817117217E-16,0.,1.));
#1986=DIRECTION('',(2.08166817117217E-16,0.,1.));
#1987=DIRECTION('',(1.,0.,-2.08166817117217E-16));
#1988=DIRECTION('',(1.,0.,-2.08166817117217E-16));
#1989=DIRECTION('',(2.08166817117217E-16,0.,1.));
#1990=DIRECTION('',(1.,0.,-2.08166817117217E-16));
#1991=DIRECTION('',(0.,-1.,0.));
#1992=DIRECTION('',(2.08166817117217E-16,0.,1.));
#1993=DIRECTION('',(2.08166817117217E-16,0.,1.));
#1994=DIRECTION('',(2.08166817117217E-16,0.,1.));
#1995=DIRECTION('',(1.,0.,-2.08166817117217E-16));
#1996=DIRECTION('',(1.,0.,-2.08166817117217E-16));
#1997=DIRECTION('',(0.,-1.,0.));
#1998=DIRECTION('',(2.08166817117217E-16,0.,1.));
#1999=DIRECTION('',(-2.08166817117217E-16,0.,-1.));
#2000=DIRECTION('',(-1.,0.,0.));
#2001=DIRECTION('',(-2.08166817117217E-16,0.,-1.));
#2002=DIRECTION('',(-2.08166817117217E-16,0.,-1.));
#2003=DIRECTION('',(0.,-1.,0.));
#2004=DIRECTION('',(0.,-1.,0.));
#2005=DIRECTION('',(0.,-1.,0.));
#2006=DIRECTION('',(1.,0.,-2.08166817117217E-16));
#2007=DIRECTION('',(-2.08166817117217E-16,0.,-1.));
#2008=DIRECTION('',(0.,-1.,0.));
#2009=DIRECTION('',(0.,-1.,0.));
#2010=DIRECTION('',(0.,-1.,0.));
#2011=DIRECTION('',(0.,-1.,0.));
#2012=DIRECTION('',(2.08166817117217E-16,0.,1.));
#2013=DIRECTION('',(-2.08166817117217E-16,0.,-1.));
#2014=DIRECTION('',(-2.08166817117217E-16,0.,-1.));
#2015=DIRECTION('',(-1.,0.,0.));
#2016=DIRECTION('',(-2.08166817117217E-16,0.,-1.));
#2017=DIRECTION('',(0.,-1.,0.));
#2018=DIRECTION('',(0.,-1.,0.));
#2019=DIRECTION('',(0.,-1.,0.));
#2020=DIRECTION('',(1.,0.,-2.08166817117217E-16));
#2021=DIRECTION('',(-2.08166817117217E-16,0.,-1.));
#2022=DIRECTION('',(0.,-1.,0.));
#2023=DIRECTION('',(0.,-1.,0.));
#2024=DIRECTION('',(0.,-1.,0.));
#2025=DIRECTION('',(0.,-1.,0.));
#2026=DIRECTION('',(2.08166817117217E-16,0.,1.));
#2027=DIRECTION('',(-2.08166817117217E-16,0.,-1.));
#2028=DIRECTION('',(-2.08166817117217E-16,0.,-1.));
#2029=DIRECTION('',(-1.,0.,2.08166817117217E-16));
#2030=DIRECTION('',(0.,-1.,0.));
#2031=DIRECTION('',(2.08166817117217E-16,0.,1.));
#2032=DIRECTION('',(-2.08166817117217E-16,0.,-1.));
#2033=DIRECTION('',(-1.,0.,2.08166817117217E-16));
#2034=DIRECTION('',(-2.08166817117217E-16,0.,-1.));
#2035=DIRECTION('',(-1.,0.,2.08166817117217E-16));
#2036=DIRECTION('',(0.,-1.,0.));
#2037=DIRECTION('',(0.,-1.,0.));
#2038=DIRECTION('',(2.08166817117217E-16,0.,1.));
#2039=DIRECTION('',(0.,-1.,0.));
#2040=DIRECTION('',(-1.,0.,2.08166817117217E-16));
#2041=DIRECTION('',(0.,-1.,0.));
#2042=DIRECTION('',(0.,-1.,0.));
#2043=DIRECTION('',(0.,-1.,0.));
#2044=DIRECTION('',(2.08166817117217E-16,0.,1.));
#2045=DIRECTION('',(-1.,0.,2.08166817117217E-16));
#2046=DIRECTION('',(0.,-1.,0.));
#2047=DIRECTION('',(-1.,0.,2.08166817117217E-16));
#2048=DIRECTION('',(2.08166817117217E-16,0.,1.));
#2049=DIRECTION('',(-1.,0.,2.08166817117217E-16));
#2050=DIRECTION('',(0.,-1.,0.));
#2051=DIRECTION('',(-1.,0.,2.08166817117217E-16));
#2052=DIRECTION('',(2.08166817117217E-16,0.,1.));
#2053=DIRECTION('',(-1.,0.,2.08166817117217E-16));
#2054=DIRECTION('',(0.,-1.,0.));
#2055=DIRECTION('',(-1.50463276905253E-32,1.,-7.2280144832367E-17));
#2056=DIRECTION('',(-1.,0.,2.08166817117217E-16));
#2057=DIRECTION('',(0.,-1.,0.));
#2058=DIRECTION('',(-1.,0.,2.08166817117217E-16));
#2059=DIRECTION('',(2.08166817117217E-16,0.,1.));
#2060=DIRECTION('',(-1.,0.,2.08166817117217E-16));
#2061=DIRECTION('',(0.,-1.,0.));
#2062=DIRECTION('',(0.,1.,0.));
#2063=DIRECTION('',(-1.,0.,2.08166817117217E-16));
#2064=DIRECTION('',(0.,-1.,0.));
#2065=DIRECTION('',(2.08166817117217E-16,0.,1.));
#2066=DIRECTION('',(0.,1.,0.));
#2067=DIRECTION('',(-1.,0.,2.08166817117217E-16));
#2068=DIRECTION('',(0.,-1.,0.));
#2069=DIRECTION('',(-1.,0.,2.08166817117217E-16));
#2070=DIRECTION('',(2.08166817117217E-16,0.,1.));
#2071=DIRECTION('',(-1.,0.,2.08166817117217E-16));
#2072=DIRECTION('',(0.,-1.,0.));
#2073=DIRECTION('',(2.08166817117217E-16,0.,1.));
#2074=DIRECTION('',(0.,1.,0.));
#2075=DIRECTION('',(-1.,0.,2.08166817117217E-16));
#2076=DIRECTION('',(0.,-1.,0.));
#2077=DIRECTION('',(-1.50463276905253E-32,1.,-7.2280144832367E-17));
#2078=DIRECTION('',(2.08166817117217E-16,0.,1.));
#2079=DIRECTION('',(0.,0.,1.));
#2080=DIRECTION('',(1.,0.,0.));
#2081=DIRECTION('',(0.,0.,1.));
#2082=DIRECTION('',(0.,0.,1.));
#2083=DIRECTION('',(1.,0.,0.));
#2084=DIRECTION('',(0.,0.,-1.));
#2085=DIRECTION('',(0.,0.,1.));
#2086=DIRECTION('',(1.,0.,0.));
#2087=DIRECTION('',(2.08166817117217E-16,1.44560289664734E-16,1.));
#2088=DIRECTION('',(1.,0.,-2.08166817117217E-16));
#2089=DIRECTION('',(-8.34619221520645E-17,1.,-1.44560289664734E-16));
#2090=DIRECTION('',(-1.,0.,2.08166817117217E-16));
#2091=DIRECTION('',(0.,-1.,1.44560289664734E-16));
#2092=DIRECTION('',(-1.,0.,2.08166817117217E-16));
#2093=DIRECTION('',(0.,-1.,0.));
#2094=DIRECTION('',(0.,0.,-1.));
#2095=DIRECTION('',(-1.,0.,2.08166817117217E-16));
#2096=DIRECTION('',(-0.5,0.,0.866025403784439));
#2097=DIRECTION('',(0.5,0.,0.866025403784439));
#2098=DIRECTION('',(0.,0.,1.));
#2099=DIRECTION('',(1.,0.,0.));
#2100=DIRECTION('',(2.08166817117217E-16,0.,1.));
#2101=DIRECTION('',(0.,-1.,0.));
#2102=DIRECTION('',(0.,0.,-1.));
#2103=DIRECTION('',(-0.5,0.,0.866025403784439));
#2104=DIRECTION('',(-1.,0.,2.08166817117217E-16));
#2105=DIRECTION('',(1.,0.,0.));
#2106=DIRECTION('',(0.,0.,1.));
#2107=DIRECTION('',(0.5,0.,0.866025403784439));
#2108=DIRECTION('',(2.08166817117217E-16,7.2280144832367E-17,1.));
#2109=DIRECTION('',(1.,0.,-2.08166817117217E-16));
#2110=DIRECTION('',(4.17309610760323E-17,1.,-7.2280144832367E-17));
#2111=DIRECTION('',(-1.50463276905253E-32,1.,-7.2280144832367E-17));
#2112=DIRECTION('',(0.,0.,1.));
#2113=DIRECTION('',(1.,0.,0.));
#2114=DIRECTION('',(0.,-1.,0.));
#2115=DIRECTION('',(-1.,0.,0.));
#2116=DIRECTION('',(0.,-1.,0.));
#2117=DIRECTION('',(-0.5,0.866025403784439,0.));
#2118=DIRECTION('',(-0.5,-0.866025403784438,0.));
#2119=DIRECTION('',(0.,0.,1.));
#2120=DIRECTION('',(1.,0.,0.));
#2121=DIRECTION('',(0.,0.,1.));
#2122=DIRECTION('',(0.,0.,1.));
#2123=DIRECTION('',(1.,0.,0.));
#2124=DIRECTION('',(0.,0.,-1.));
#2125=DIRECTION('',(0.,0.,1.));
#2126=DIRECTION('',(1.,0.,0.));
#2127=DIRECTION('',(0.,0.,1.));
#2128=DIRECTION('',(1.,0.,0.));
#2129=DIRECTION('',(0.,0.,1.));
#2130=DIRECTION('',(1.,0.,0.));
#2131=DIRECTION('',(0.,1.,0.));
#2132=DIRECTION('',(0.,0.,1.));
#2133=DIRECTION('',(0.,1.,0.));
#2134=DIRECTION('',(0.,-1.,0.));
#2135=DIRECTION('',(0.,0.,-1.));
#2136=DIRECTION('',(0.,-1.,0.));
#2137=DIRECTION('',(4.37325246044569E-15,0.,-1.));
#2138=DIRECTION('',(-1.,0.,-4.37325246044569E-15));
#2139=DIRECTION('',(-1.,0.,-3.82227206571145E-15));
#2140=DIRECTION('',(0.,-1.,0.));
#2141=DIRECTION('',(0.,-1.,0.));
#2142=DIRECTION('',(-1.,0.,-3.82227206571145E-15));
#2143=DIRECTION('',(0.,-1.,0.));
#2144=DIRECTION('',(4.37325246044568E-15,0.,-1.));
#2145=DIRECTION('',(-1.,0.,-4.37325246044568E-15));
#2146=DIRECTION('',(0.,-1.,0.));
#2147=DIRECTION('',(-1.,0.,-3.82227206571145E-15));
#2148=DIRECTION('',(0.,-1.,0.));
#2149=DIRECTION('',(-1.,0.,-3.82227206571145E-15));
#2150=DIRECTION('',(0.,-1.,0.));
#2151=DIRECTION('',(1.,0.,3.81639164714897E-15));
#2152=DIRECTION('',(3.81639164714897E-15,0.,-1.));
#2153=DIRECTION('',(1.,0.,3.81639164714897E-15));
#2154=DIRECTION('',(3.81639164714897E-15,0.,-1.));
#2155=DIRECTION('',(3.81639164714897E-15,-1.73472347597615E-16,-1.));
#2156=DIRECTION('',(-1.,0.,-3.82227206571145E-15));
#2157=DIRECTION('',(-3.82227206571145E-15,0.,1.));
#2158=DIRECTION('',(0.,-1.,0.));
#2159=DIRECTION('',(3.82227206571145E-15,-4.03043888282867E-15,-1.));
#2160=DIRECTION('',(0.,-1.,0.));
#2161=DIRECTION('',(3.82227206571145E-15,4.03043888282867E-15,-1.));
#2162=DIRECTION('',(-3.82227206571145E-15,1.73472347597615E-16,1.));
#2163=DIRECTION('',(-3.82227206571145E-15,1.73472347597615E-16,1.));
#2164=DIRECTION('',(-3.82227206571145E-15,0.,1.));
#2165=DIRECTION('',(0.,1.,0.));
#2166=DIRECTION('',(-3.82227206571145E-15,0.,1.));
#2167=DIRECTION('',(0.,1.,0.));
#2168=DIRECTION('',(0.,0.,1.));
#2169=DIRECTION('',(1.,0.,0.));
#2170=DIRECTION('',(-0.5,-0.866025403784439,0.));
#2171=DIRECTION('',(-0.5,0.866025403784439,0.));
#2172=DIRECTION('',(0.,1.,0.));
#2173=DIRECTION('',(1.,0.,0.));
#2174=DIRECTION('',(0.,1.,0.));
#2175=DIRECTION('',(-1.,0.,0.));
#2176=DIRECTION('',(0.,-1.,0.));
#2177=DIRECTION('',(0.,-1.,0.));
#2178=DIRECTION('',(1.,0.,0.));
#2179=DIRECTION('',(-0.5,0.,-0.866025403784439));
#2180=DIRECTION('',(-0.5,0.,0.866025403784438));
#2181=DIRECTION('',(-1.,0.,0.));
#2182=DIRECTION('',(-2.08166817117217E-16,0.,-1.));
#2183=DIRECTION('',(1.,0.,3.54683238582617E-15));
#2184=DIRECTION('',(0.894558170880938,0.,0.446951539778252));
#2185=DIRECTION('',(2.08166817117217E-16,0.,1.));
#2186=DIRECTION('',(1.,0.,4.37325246044569E-15));
#2187=DIRECTION('',(-3.81639164714897E-15,0.,1.));
#2188=DIRECTION('',(1.,0.,4.37325246044568E-15));
#2189=DIRECTION('',(-3.81639164714897E-15,0.,1.));
#2190=DIRECTION('',(3.54683238582617E-15,0.,-1.));
#2191=DIRECTION('',(-1.,0.,-3.54683238582617E-15));
#2192=DIRECTION('',(0.,-1.,0.));
#2193=DIRECTION('',(0.912960069276376,0.408048908719133,3.23455870259367E-15));
#2194=DIRECTION('',(0.707106781186548,-0.707106781186548,2.50798923174975E-15));
#2195=DIRECTION('',(0.707106781186548,0.707106781186548,2.50798923174975E-15));
#2196=DIRECTION('',(0.912960069276376,-0.408048908719133,3.23455870259367E-15));
#2197=DIRECTION('',(1.,0.,3.81639164714897E-15));
#2198=DIRECTION('',(3.81639164714897E-15,0.,-1.));
#2199=DIRECTION('',(0.,-1.,0.));
#2200=DIRECTION('',(0.,-1.,0.));
#2201=DIRECTION('',(4.37325246044568E-15,0.,-1.));
#2202=DIRECTION('',(-1.,0.,-4.37325246044568E-15));
#2203=DIRECTION('',(-1.,0.,-3.82227206571145E-15));
#2204=DIRECTION('',(0.,-1.,0.));
#2205=DIRECTION('',(-1.,0.,-3.82227206571145E-15));
#2206=DIRECTION('',(4.37325246044569E-15,0.,-1.));
#2207=DIRECTION('',(-1.,0.,-4.37325246044569E-15));
#2208=DIRECTION('',(-1.,0.,-3.82227206571145E-15));
#2209=DIRECTION('',(-1.,0.,-3.82227206571145E-15));
#2210=DIRECTION('',(0.,-1.,0.));
#2211=DIRECTION('',(1.,0.,3.81639164714897E-15));
#2212=DIRECTION('',(3.81639164714897E-15,0.,-1.));
#2213=DIRECTION('',(3.81639164714897E-15,0.,-1.));
#2214=DIRECTION('',(-6.63058508395751E-31,-1.,1.73472347597615E-16));
#2215=DIRECTION('',(0.,-1.73472347597615E-16,-1.));
#2216=DIRECTION('',(-6.63058508395751E-31,-1.,1.73472347597615E-16));
#2217=DIRECTION('',(0.,-1.73472347597615E-16,-1.));
#2218=DIRECTION('',(0.,-1.,0.));
#2219=DIRECTION('',(0.,0.,-1.));
#2220=DIRECTION('',(0.,-1.,0.));
#2221=DIRECTION('',(0.,0.,-1.));
#2222=DIRECTION('',(-1.,0.,2.08166817117217E-16));
#2223=DIRECTION('',(2.08166817117217E-16,0.,1.));
#2224=DIRECTION('',(1.,0.,-2.08166817117217E-16));
#2225=DIRECTION('',(-2.08166817117217E-16,0.,-1.));
#2226=DIRECTION('',(1.,0.,-2.08166817117217E-16));
#2227=DIRECTION('',(-2.08166817117217E-16,0.,-1.));
#2228=DIRECTION('',(-1.,0.,2.08166817117217E-16));
#2229=DIRECTION('',(0.,-1.,0.));
#2230=DIRECTION('',(-1.,0.,2.08166817117217E-16));
#2231=DIRECTION('',(2.08166817117217E-16,0.,1.));
#2232=DIRECTION('',(0.,-1.,0.));
#2233=DIRECTION('',(2.08166817117217E-16,0.,1.));
#2234=DIRECTION('',(-2.08166817117217E-16,0.,-1.));
#2235=DIRECTION('',(0.707106781186548,0.,0.707106781186548));
#2236=DIRECTION('',(0.,1.,0.));
#2237=DIRECTION('',(-0.577350269189626,0.577350269189626,0.577350269189626));
#2238=DIRECTION('',(-0.577350269189626,-0.577350269189626,0.577350269189626));
#2239=DIRECTION('',(-1.,0.,2.08166817117217E-16));
#2240=DIRECTION('',(2.08166817117217E-16,0.,1.));
#2241=DIRECTION('',(-1.,0.,2.08166817117217E-16));
#2242=DIRECTION('',(0.,-1.,0.));
#2243=DIRECTION('',(-1.,0.,0.));
#2244=DIRECTION('',(0.,0.,1.));
#2245=DIRECTION('',(-1.,0.,0.));
#2246=DIRECTION('',(0.,0.,1.));
#2247=DIRECTION('',(0.,-1.,0.));
#2248=DIRECTION('',(0.,0.,1.));
#2249=DIRECTION('',(-1.,0.,0.));
#2250=DIRECTION('',(0.,0.,1.));
#2251=DIRECTION('',(0.,0.,1.));
#2252=DIRECTION('',(0.,-1.,0.));
#2253=DIRECTION('',(0.,1.,0.));
#2254=DIRECTION('',(0.,0.,1.));
#2255=DIRECTION('',(-1.,0.,0.));
#2256=DIRECTION('',(0.,0.,1.));
#2257=DIRECTION('',(1.,0.,0.));
#2258=DIRECTION('',(0.,0.,1.));
#2259=DIRECTION('',(1.,0.,0.));
#2260=DIRECTION('',(-0.5,-0.866025403784439,0.));
#2261=DIRECTION('',(-0.5,0.866025403784438,0.));
#2262=DIRECTION('',(-0.5,-0.866025403784439,0.));
#2263=DIRECTION('',(-0.5,0.866025403784439,0.));
#2264=DIRECTION('',(0.446951539778252,0.,-0.894558170880938));
#2265=DIRECTION('',(-0.894558170880938,0.,-0.446951539778252));
#2266=DIRECTION('',(0.,-1.,0.));
#2267=DIRECTION('',(-0.894558170880938,0.,-0.446951539778252));
#2268=DIRECTION('',(0.894558170880938,0.,0.446951539778252));
#2269=DIRECTION('',(0.707106781186548,0.707106781186548,-1.47196168001604E-16));
#2270=DIRECTION('',(-2.08166817117217E-16,0.,-1.));
#2271=DIRECTION('',(-0.577350269189626,0.577350269189626,0.577350269189626));
#2272=DIRECTION('',(-0.707106781186548,0.707106781186548,1.47196168001604E-16));
#2273=DIRECTION('',(2.08166817117217E-16,0.,1.));
#2274=DIRECTION('',(0.577350269189626,0.577350269189626,-0.577350269189626));
#2275=DIRECTION('',(0.,0.707106781186548,-0.707106781186548));
#2276=DIRECTION('',(1.,0.,0.));
#2277=DIRECTION('',(0.,0.707106781186548,0.707106781186548));
#2278=DIRECTION('',(-0.707106781186549,0.,-0.707106781186546));
#2279=DIRECTION('',(0.,1.,0.));
#2280=DIRECTION('',(-0.707106781186546,2.60688827341906E-16,0.707106781186549));
#2281=DIRECTION('',(0.707106781186546,3.56836961661085E-16,-0.707106781186549));
#2282=DIRECTION('',(0.,0.707106781186548,0.707106781186548));
#2283=DIRECTION('',(-1.,0.,0.));
#2284=DIRECTION('',(8.65333208872602E-16,-0.707106781186548,0.707106781186548));
#2285=DIRECTION('',(0.577350269189628,-0.577350269189625,0.577350269189625));
#2286=DIRECTION('',(0.707106781186546,0.,-0.707106781186549));
#2287=DIRECTION('',(-0.707106781186548,-0.707106781186548,3.26182516024424E-15));
#2288=DIRECTION('',(0.577350269189627,0.577350269189625,0.577350269189625));
#2289=DIRECTION('',(-0.707106781186546,0.707106781186549,0.));
#2290=DIRECTION('',(-0.707106781186548,0.707106781186548,2.31552626634447E-15));
#2291=DIRECTION('',(-0.316042464638971,0.707106781186547,0.632548148795746));
#2292=DIRECTION('',(-0.894558170880938,0.,-0.446951539778252));
#2293=DIRECTION('',(0.465012864705194,-0.465694428289403,0.752922130846793));
#2294=DIRECTION('',(-0.707106781186548,0.707106781186548,1.47196168001604E-16));
#2295=DIRECTION('',(-2.08166817117217E-16,0.,-1.));
#2296=DIRECTION('',(0.682670452197321,0.682670452197321,0.260618701158246));
#2297=DIRECTION('',(0.707106781186548,0.707106781186548,-1.47196168001604E-16));
#2298=DIRECTION('',(2.08166817117217E-16,0.,1.));
#2299=DIRECTION('',(-0.707106781186548,0.707106781186548,3.51635290226054E-16));
#2300=DIRECTION('',(0.316042464638971,0.707106781186547,-0.632548148795746));
#2301=DIRECTION('',(0.894558170880938,0.,0.446951539778252));
#2302=DIRECTION('',(0.465012864705194,0.465694428289403,0.752922130846793));
#2303=DIRECTION('',(0.647902124868825,-0.400556704076869,-0.647902124868824));
#2304=DIRECTION('',(-0.707106781186547,0.,-0.707106781186548));
#2305=DIRECTION('',(-0.707106781186547,2.49414426365438E-16,-0.707106781186548));
#2306=DIRECTION('',(0.647902124868825,0.400556704076869,-0.647902124868824));
#2307=DIRECTION('',(-0.707106781186547,0.,-0.707106781186548));
#2308=DIRECTION('',(0.707106781186547,4.15755002971602E-16,0.707106781186548));
#2309=DIRECTION('',(-0.707106781186548,0.,0.707106781186547));
#2310=DIRECTION('',(0.,1.,0.));
#2311=DIRECTION('',(0.866025403784438,0.,0.5));
#2312=DIRECTION('',(0.5,0.,-0.866025403784439));
#2313=DIRECTION('',(0.,1.,0.));
#2314=DIRECTION('',(0.,1.,0.));
#2315=DIRECTION('',(0.866025403784438,0.,-0.5));
#2316=DIRECTION('',(-0.5,0.,-0.866025403784439));
#2317=DIRECTION('',(0.866025403784439,0.5,0.));
#2318=DIRECTION('',(-0.5,0.866025403784439,0.));
#2319=DIRECTION('',(0.,0.,1.));
#2320=DIRECTION('',(0.866025403784439,-0.5,0.));
#2321=DIRECTION('',(0.5,0.866025403784439,0.));
#2322=DIRECTION('',(0.866025403784439,0.5,0.));
#2323=DIRECTION('',(-0.5,0.866025403784439,0.));
#2324=DIRECTION('',(0.,0.,1.));
#2325=DIRECTION('',(0.866025403784439,-0.5,0.));
#2326=DIRECTION('',(0.5,0.866025403784439,0.));
#2327=DIRECTION('',(-2.08166817117217E-16,0.,-1.));
#2328=DIRECTION('',(-1.,0.,2.08166817117217E-16));
#2329=DIRECTION('',(-0.707106781186548,0.707106781186548,1.47196168001604E-16));
#2330=DIRECTION('',(-2.08166817117217E-16,2.89120579329468E-16,-1.));
#2331=DIRECTION('',(0.,1.,2.89120579329468E-16));
#2332=DIRECTION('',(0.707106781186548,-0.707106781186548,-3.51635290226054E-16));
#2333=DIRECTION('',(2.08166817117217E-16,0.,1.));
#2334=DIRECTION('',(1.,0.,-2.08166817117217E-16));
#2335=DIRECTION('',(0.,-1.,0.));
#2336=DIRECTION('',(0.,-1.,0.));
#2337=DIRECTION('',(1.,0.,-2.08166817117217E-16));
#2338=DIRECTION('',(0.,-1.,0.));
#2339=DIRECTION('',(0.,0.,-1.));
#2340=DIRECTION('',(1.,0.,-2.08166817117217E-16));
#2341=DIRECTION('',(-2.08166817117217E-16,0.,-1.));
#2342=DIRECTION('',(2.08166817117217E-16,0.,1.));
#2343=DIRECTION('',(1.,0.,-2.08166817117217E-16));
#2344=DIRECTION('',(0.,-1.,0.));
#2345=DIRECTION('',(0.,-1.,0.));
#2346=DIRECTION('',(1.,0.,-2.08166817117217E-16));
#2347=DIRECTION('',(0.,1.,0.));
#2348=DIRECTION('',(-1.,0.,0.));
#2349=DIRECTION('',(0.,0.,1.));
#2350=DIRECTION('',(0.5,0.5,-0.707106781186549));
#2351=DIRECTION('',(-0.707106781186548,0.707106781186548,1.47196168001604E-16));
#2352=DIRECTION('',(-0.5,-0.5,-0.707106781186548));
#2353=DIRECTION('',(0.707106781186548,-0.707106781186548,-3.51635290226054E-16));
#2354=CARTESIAN_POINT('',(0.,0.,0.));
#2355=CARTESIAN_POINT('',(0.,0.06,0.));
#2356=CARTESIAN_POINT('',(-0.0067116968793294,0.06,-0.003875));
#2357=CARTESIAN_POINT('',(-0.00671207678821558,0.0600002483388524,-0.00387521763744916));
#2358=CARTESIAN_POINT('',(-0.0089489291724392,0.06,-7.58941520739853E-19));
#2359=CARTESIAN_POINT('',(0.,0.06,4.74550634669599E-19));
#2360=CARTESIAN_POINT('',(-0.00670995160922006,0.06,0.00387915887830666));
#2361=CARTESIAN_POINT('',(-0.0067116968793294,0.06,0.003875));
#2362=CARTESIAN_POINT('',(-0.00830594267031471,0.06,-0.0302000000000007));
#2363=CARTESIAN_POINT('',(-0.00963807974335939,0.06,-0.0302000000000008));
#2364=CARTESIAN_POINT('',(-0.0115,0.06,-0.0302000000000008));
#2365=CARTESIAN_POINT('',(-0.0115,0.06,0.0125));
#2366=CARTESIAN_POINT('',(-0.0115,0.06,0.0095));
#2367=CARTESIAN_POINT('',(0.0325,0.06,0.0095));
#2368=CARTESIAN_POINT('',(0.0295,0.06,0.0095));
#2369=CARTESIAN_POINT('',(0.0295,0.06,-0.0125));
#2370=CARTESIAN_POINT('',(0.0295,0.06,0.007));
#2371=CARTESIAN_POINT('',(0.0131331649788705,0.06,0.0185731000300021));
#2372=CARTESIAN_POINT('',(0.0323284271247462,0.06,0.005));
#2373=CARTESIAN_POINT('',(0.029498,0.06,0.005));
#2374=CARTESIAN_POINT('',(0.0325,0.06,0.005));
#2375=CARTESIAN_POINT('',(0.0325,0.06,-6.93889390390723E-18));
#2376=CARTESIAN_POINT('',(0.0325,0.06,-0.005));
#2377=CARTESIAN_POINT('',(0.029498,0.06,-0.005));
#2378=CARTESIAN_POINT('',(0.0323284271247462,0.06,-0.005));
#2379=CARTESIAN_POINT('',(0.0131331649788705,0.06,-0.0185731000300021));
#2380=CARTESIAN_POINT('',(0.0295,0.06,-0.007));
#2381=CARTESIAN_POINT('',(0.0295,0.06,-0.0125));
#2382=CARTESIAN_POINT('',(0.0295,0.06,-0.010645290675696));
#2383=CARTESIAN_POINT('',(-0.00426679728964944,0.06,-0.0275163254873579));
#2384=CARTESIAN_POINT('',(0.0225,0.06,0.0055));
#2385=CARTESIAN_POINT('',(0.0225,0.06,0.0055));
#2386=CARTESIAN_POINT('',(0.0225,0.06,0.0085));
#2387=CARTESIAN_POINT('',(3.46944695195361E-18,0.06,0.0055));
#2388=CARTESIAN_POINT('',(0.0285,0.06,0.0055));
#2389=CARTESIAN_POINT('',(0.0285,0.06,0.0055));
#2390=CARTESIAN_POINT('',(0.0285,0.06,0.0085));
#2391=CARTESIAN_POINT('',(3.46944695195361E-18,0.06,0.0085));
#2392=CARTESIAN_POINT('',(-0.00592594267031472,0.06,-0.0222000000000007));
#2393=CARTESIAN_POINT('',(-0.00592594267031474,0.06,-0.0172000000000007));
#2394=CARTESIAN_POINT('',(-0.0059259426703147,0.06,-0.0272000000000007));
#2395=CARTESIAN_POINT('',(-0.00830594267031476,0.06,-0.0172000000000007));
#2396=CARTESIAN_POINT('',(-0.0106859426703148,0.06,-0.0172000000000007));
#2397=CARTESIAN_POINT('',(-0.0106859426703148,0.06,-0.0222000000000008));
#2398=CARTESIAN_POINT('',(-0.0106859426703147,0.06,-0.0272000000000007));
#2399=CARTESIAN_POINT('',(-0.00830594267031473,0.06,-0.0272000000000007));
#2400=CARTESIAN_POINT('',(0.0285,0.06,0.003));
#2401=CARTESIAN_POINT('',(0.0305,0.06,0.003));
#2402=CARTESIAN_POINT('',(0.0285,0.06,0.003));
#2403=CARTESIAN_POINT('',(0.0285,0.06,-6.10622663543836E-18));
#2404=CARTESIAN_POINT('',(0.0285,0.06,-0.003));
#2405=CARTESIAN_POINT('',(0.0285,0.06,-0.003));
#2406=CARTESIAN_POINT('',(0.0305,0.06,-0.003));
#2407=CARTESIAN_POINT('',(0.0305,0.06,-6.07153216591882E-18));
#2408=CARTESIAN_POINT('',(0.0285,0.058,-6.10622663543836E-18));
#2409=CARTESIAN_POINT('',(0.0285,0.058,0.003));
#2410=CARTESIAN_POINT('',(0.0305,0.058,0.003));
#2411=CARTESIAN_POINT('',(0.0325,0.058,0.003));
#2412=CARTESIAN_POINT('',(0.0305,0.058,-6.10622663543836E-18));
#2413=CARTESIAN_POINT('',(0.0305,0.058,-0.003));
#2414=CARTESIAN_POINT('',(0.0285,0.058,-0.003));
#2415=CARTESIAN_POINT('',(0.0325,0.058,-0.003));
#2416=CARTESIAN_POINT('',(0.0325,0.058,-6.93889390390723E-18));
#2417=CARTESIAN_POINT('',(0.0325,0.0475,-3.29597460435593E-18));
#2418=CARTESIAN_POINT('',(0.0325,0.038,-3.29597460435593E-18));
#2419=CARTESIAN_POINT('',(0.0325,0.038,0.0095));
#2420=CARTESIAN_POINT('',(0.0325,0.038,-0.0095));
#2421=CARTESIAN_POINT('',(0.0325,0.0475,-0.0095));
#2422=CARTESIAN_POINT('',(0.0325,0.057,-0.0095));
#2423=CARTESIAN_POINT('',(0.0325,0.057,0.0125));
#2424=CARTESIAN_POINT('',(0.0325,0.057,-0.007));
#2425=CARTESIAN_POINT('',(0.0325,0.059,-0.00558578643762691));
#2426=CARTESIAN_POINT('',(0.0325,0.0598284271247462,-0.005));
#2427=CARTESIAN_POINT('',(0.0325,0.0585,-0.005));
#2428=CARTESIAN_POINT('',(0.0325,0.0585,0.005));
#2429=CARTESIAN_POINT('',(0.0325,0.0598284271247462,0.005));
#2430=CARTESIAN_POINT('',(0.0325,0.0603862847498308,0.00460553509036605));
#2431=CARTESIAN_POINT('',(0.0325,0.057,0.007));
#2432=CARTESIAN_POINT('',(0.0325,0.057,0.0125));
#2433=CARTESIAN_POINT('',(0.0325,0.057,0.0095));
#2434=CARTESIAN_POINT('',(0.0325,0.0475,0.0095));
#2435=CARTESIAN_POINT('',(0.0325,0.0475,-6.51743057948221E-18));
#2436=CARTESIAN_POINT('',(0.0325,0.0475,-0.00405000000000001));
#2437=CARTESIAN_POINT('',(0.0325,0.057,0.003));
#2438=CARTESIAN_POINT('',(0.0325,0.056,0.003));
#2439=CARTESIAN_POINT('',(0.0325,0.057,-0.003));
#2440=CARTESIAN_POINT('',(0.0325,0.056,-0.003));
#2441=CARTESIAN_POINT('',(0.0325,0.056,-6.93889390390723E-18));
#2442=CARTESIAN_POINT('',(0.0295,0.06,-6.1409211049579E-18));
#2443=CARTESIAN_POINT('',(0.0325,0.057,-0.007));
#2444=CARTESIAN_POINT('',(0.0325,0.057,-0.0095));
#2445=CARTESIAN_POINT('',(-0.0129,0.0495,0.0005));
#2446=CARTESIAN_POINT('',(-0.0129,0.0495,0.0005));
#2447=CARTESIAN_POINT('',(-0.0129,0.0495,0.002));
#2448=CARTESIAN_POINT('',(-0.0129,0.0495,2.81892564846231E-18));
#2449=CARTESIAN_POINT('',(-0.0129,0.0495,2.81892564846231E-18));
#2450=CARTESIAN_POINT('',(-0.0125,0.0495,2.73565892161542E-18));
#2451=CARTESIAN_POINT('',(-0.0125,0.0495,0.0005));
#2452=CARTESIAN_POINT('',(-0.0125,0.0495,0.002));
#2453=CARTESIAN_POINT('',(-0.0129,0.0495,0.002));
#2454=CARTESIAN_POINT('',(-0.0127,0.0495,0.002));
#2455=CARTESIAN_POINT('',(-0.0129,0.0495,0.002));
#2456=CARTESIAN_POINT('',(-0.0129,0.0495,0.0005));
#2457=CARTESIAN_POINT('',(-0.0129,0.0495,0.0005));
#2458=CARTESIAN_POINT('',(-0.0129,0.0495,-0.002));
#2459=CARTESIAN_POINT('',(-0.0129,0.0495,-0.002));
#2460=CARTESIAN_POINT('',(-0.0127,0.0495,-0.002));
#2461=CARTESIAN_POINT('',(-0.0129,0.0495,-0.002));
#2462=CARTESIAN_POINT('',(-0.0125,0.0495,-0.002));
#2463=CARTESIAN_POINT('',(-0.0125,0.0495,0.0005));
#2464=CARTESIAN_POINT('',(-0.0129,0.0455,0.0005));
#2465=CARTESIAN_POINT('',(-0.0129,0.0455,0.0005));
#2466=CARTESIAN_POINT('',(-0.0129,0.0455,2.60208521396521E-18));
#2467=CARTESIAN_POINT('',(-0.0129,0.0455,0.002));
#2468=CARTESIAN_POINT('',(-0.0129,0.0455,0.002));
#2469=CARTESIAN_POINT('',(-0.0127,0.0455,0.002));
#2470=CARTESIAN_POINT('',(-0.0129,0.0455,0.002));
#2471=CARTESIAN_POINT('',(-0.0125,0.0455,0.002));
#2472=CARTESIAN_POINT('',(-0.0125,0.0455,0.0005));
#2473=CARTESIAN_POINT('',(-0.0125,0.0455,2.51881848711832E-18));
#2474=CARTESIAN_POINT('',(-0.0129,0.0455,2.60208521396521E-18));
#2475=CARTESIAN_POINT('',(-0.0129,0.0455,0.0005));
#2476=CARTESIAN_POINT('',(-0.0129,0.0455,0.0005));
#2477=CARTESIAN_POINT('',(-0.0129,0.0455,-0.002));
#2478=CARTESIAN_POINT('',(-0.0125,0.0455,0.0005));
#2479=CARTESIAN_POINT('',(-0.0125,0.0455,-0.002));
#2480=CARTESIAN_POINT('',(-0.0129,0.0455,-0.002));
#2481=CARTESIAN_POINT('',(-0.0127,0.0455,-0.002));
#2482=CARTESIAN_POINT('',(-0.0129,0.0455,-0.002));
#2483=CARTESIAN_POINT('',(-0.0129,0.0495,0.0005));
#2484=CARTESIAN_POINT('',(-0.0125,0.0495,0.0005));
#2485=CARTESIAN_POINT('',(-0.0125,0.0495,0.0125));
#2486=CARTESIAN_POINT('',(-0.0129,0.0495,0.0125));
#2487=CARTESIAN_POINT('',(-0.0127,0.0495,0.0125));
#2488=CARTESIAN_POINT('',(-0.0127,0.0495,0.0005));
#2489=CARTESIAN_POINT('',(-0.0129,0.0475,0.002));
#2490=CARTESIAN_POINT('',(-0.0129,0.0475,0.002));
#2491=CARTESIAN_POINT('',(-0.0129,0.0475,0.002));
#2492=CARTESIAN_POINT('',(-0.0127,0.0475,0.002));
#2493=CARTESIAN_POINT('',(-0.0127,0.0475,0.002));
#2494=CARTESIAN_POINT('',(-0.0129,0.0475,0.002));
#2495=CARTESIAN_POINT('',(-0.0129,0.0475,0.002));
#2496=CARTESIAN_POINT('',(-0.0129,0.0475,0.002));
#2497=CARTESIAN_POINT('',(-0.0127,0.0475,0.002));
#2498=CARTESIAN_POINT('',(-0.0129,0.0455,0.0005));
#2499=CARTESIAN_POINT('',(-0.0125,0.0455,0.0005));
#2500=CARTESIAN_POINT('',(-0.0125,0.0455,0.0125));
#2501=CARTESIAN_POINT('',(-0.0127,0.0455,0.0005));
#2502=CARTESIAN_POINT('',(-0.0127,0.0455,0.0125));
#2503=CARTESIAN_POINT('',(-0.0129,0.0455,0.0125));
#2504=CARTESIAN_POINT('',(-0.0129,0.0475,-0.002));
#2505=CARTESIAN_POINT('',(-0.0129,0.0475,-0.002));
#2506=CARTESIAN_POINT('',(-0.0129,0.0475,-0.002));
#2507=CARTESIAN_POINT('',(-0.0127,0.0475,-0.002));
#2508=CARTESIAN_POINT('',(-0.0127,0.0475,-0.002));
#2509=CARTESIAN_POINT('',(-0.0129,0.0475,-0.002));
#2510=CARTESIAN_POINT('',(-0.0129,0.0475,-0.002));
#2511=CARTESIAN_POINT('',(-0.0129,0.0475,-0.002));
#2512=CARTESIAN_POINT('',(-0.0127,0.0475,-0.002));
#2513=CARTESIAN_POINT('',(-0.0129,0.0495,0.0005));
#2514=CARTESIAN_POINT('',(-0.0125,0.0495,0.0005));
#2515=CARTESIAN_POINT('',(-0.0125,0.0495,-0.003));
#2516=CARTESIAN_POINT('',(-0.0127,0.0495,0.0005));
#2517=CARTESIAN_POINT('',(-0.0127,0.0495,-0.003));
#2518=CARTESIAN_POINT('',(-0.0129,0.0495,-0.003));
#2519=CARTESIAN_POINT('',(-0.0129,0.0455,0.0005));
#2520=CARTESIAN_POINT('',(-0.0125,0.0455,0.0005));
#2521=CARTESIAN_POINT('',(-0.0125,0.0455,-0.003));
#2522=CARTESIAN_POINT('',(-0.0129,0.0455,-0.003));
#2523=CARTESIAN_POINT('',(-0.0127,0.0455,-0.003));
#2524=CARTESIAN_POINT('',(-0.0127,0.0455,0.0005));
#2525=CARTESIAN_POINT('',(-0.0125,0.0475,0.0005));
#2526=CARTESIAN_POINT('',(-0.0125,0.0475,0.002));
#2527=CARTESIAN_POINT('',(-0.0125,0.0445,0.002));
#2528=CARTESIAN_POINT('',(-0.0125,0.0445,0.0005));
#2529=CARTESIAN_POINT('',(-0.0125,0.0445,-0.002));
#2530=CARTESIAN_POINT('',(-0.0125,0.0475,-0.002));
#2531=CARTESIAN_POINT('',(-0.0125,0.0475,0.0005));
#2532=CARTESIAN_POINT('',(-0.0125,0.0475,0.002));
#2533=CARTESIAN_POINT('',(-0.0125,0.0505,0.002));
#2534=CARTESIAN_POINT('',(-0.0125,0.0475,-0.002));
#2535=CARTESIAN_POINT('',(-0.0125,0.0505,-0.002));
#2536=CARTESIAN_POINT('',(-0.0125,0.0505,0.0005));
#2537=CARTESIAN_POINT('',(-0.0129,0.0475,0.0005));
#2538=CARTESIAN_POINT('',(-0.0129,0.0475,2.80781662072684E-18));
#2539=CARTESIAN_POINT('',(-0.0129,0.0475,0.0005));
#2540=CARTESIAN_POINT('',(-0.0129,0.0475,2.80781662072684E-18));
#2541=CARTESIAN_POINT('',(-0.0127,0.0475,0.0005));
#2542=CARTESIAN_POINT('',(-0.0127,0.0475,-0.003));
#2543=CARTESIAN_POINT('',(-0.0129,0.0475,0.0005));
#2544=CARTESIAN_POINT('',(-0.0129,0.0475,2.80781662072684E-18));
#2545=CARTESIAN_POINT('',(-0.0127,0.0475,0.0005));
#2546=CARTESIAN_POINT('',(-0.0127,0.0475,0.0125));
#2547=CARTESIAN_POINT('',(-0.0125,0.0475,0.0005));
#2548=CARTESIAN_POINT('',(-0.0125,0.0505,0.0005));
#2549=CARTESIAN_POINT('',(-0.0125,0.0505,0.0125));
#2550=CARTESIAN_POINT('',(-0.0125,0.0475,0.0125));
#2551=CARTESIAN_POINT('',(-0.0129,0.0475,0.0005));
#2552=CARTESIAN_POINT('',(-0.0129,0.0475,2.80781662072684E-18));
#2553=CARTESIAN_POINT('',(-0.0125,0.0475,0.0005));
#2554=CARTESIAN_POINT('',(-0.0125,0.0445,0.0005));
#2555=CARTESIAN_POINT('',(-0.0125,0.0445,0.0125));
#2556=CARTESIAN_POINT('',(-0.0125,0.0475,0.0125));
#2557=CARTESIAN_POINT('',(-0.0125,0.0475,0.0005));
#2558=CARTESIAN_POINT('',(-0.0125,0.0475,-0.003));
#2559=CARTESIAN_POINT('',(-0.0125,0.0445,-0.003));
#2560=CARTESIAN_POINT('',(-0.0125,0.0445,0.0005));
#2561=CARTESIAN_POINT('',(0.0255,0.0475,-0.0302020000000007));
#2562=CARTESIAN_POINT('',(0.0237679491924312,0.0485,0.008503));
#2563=CARTESIAN_POINT('',(0.0237682962647909,0.0485008009918879,0.00850086978010198));
#2564=CARTESIAN_POINT('',(0.0237678710027928,0.0485000448125985,0.010500422859628));
#2565=CARTESIAN_POINT('',(0.0255,0.0475,0.0085));
#2566=CARTESIAN_POINT('',(0.0237678779325108,0.0464999591589946,0.00850142203037929));
#2567=CARTESIAN_POINT('',(0.0237679491924312,0.0465,0.008503));
#2568=CARTESIAN_POINT('',(0.0237684036531977,0.0464989511719765,0.0105000702224316));
#2569=CARTESIAN_POINT('',(0.0255,0.0475,0.0105));
#2570=CARTESIAN_POINT('',(0.032502,0.0475,0.003));
#2571=CARTESIAN_POINT('',(-0.00721687836487032,0.0475,0.003));
#2572=CARTESIAN_POINT('',(-0.00721687836487031,0.0445,0.003));
#2573=CARTESIAN_POINT('',(-0.00721687836487032,0.0505,0.003));
#2574=CARTESIAN_POINT('',(0.032502,0.0445,0.003));
#2575=CARTESIAN_POINT('',(-0.0095,0.0445,0.003));
#2576=CARTESIAN_POINT('',(-0.0095,0.0475,0.003));
#2577=CARTESIAN_POINT('',(-0.0095,0.0505,0.003));
#2578=CARTESIAN_POINT('',(0.032502,0.0505,0.003));
#2579=CARTESIAN_POINT('',(0.032502,0.0505,-7.18217152417822E-18));
#2580=CARTESIAN_POINT('',(0.032502,0.0505,-0.003));
#2581=CARTESIAN_POINT('',(-0.0072168783648703,0.0505,-0.003));
#2582=CARTESIAN_POINT('',(-0.0125,0.0505,-0.003));
#2583=CARTESIAN_POINT('',(0.00141380312067063,0.0505,-0.0179487788369009));
#2584=CARTESIAN_POINT('',(-0.0089489291724392,0.0505,-3.03576608295941E-18));
#2585=CARTESIAN_POINT('',(0.00141380312067061,0.0505,0.0179487788369009));
#2586=CARTESIAN_POINT('',(-0.0095,0.0505,-0.003002));
#2587=CARTESIAN_POINT('',(-0.0095,0.0505,0.0125));
#2588=CARTESIAN_POINT('',(-0.011,0.0505,0.0125));
#2589=CARTESIAN_POINT('',(-0.0125,0.0505,0.0005));
#2590=CARTESIAN_POINT('',(0.032502,0.0445,-6.31480978618981E-18));
#2591=CARTESIAN_POINT('',(0.00141380312067062,0.0445,-0.0179487788369009));
#2592=CARTESIAN_POINT('',(-0.00721687836487031,0.0445,-0.003));
#2593=CARTESIAN_POINT('',(-0.0089489291724392,0.0445,-3.03576608295941E-18));
#2594=CARTESIAN_POINT('',(0.032502,0.0445,-0.003));
#2595=CARTESIAN_POINT('',(-0.011,0.0445,0.0125));
#2596=CARTESIAN_POINT('',(-0.0095,0.0445,0.0125));
#2597=CARTESIAN_POINT('',(-0.0095,0.0445,-0.003002));
#2598=CARTESIAN_POINT('',(0.00141380312067061,0.0445,0.0179487788369009));
#2599=CARTESIAN_POINT('',(0.032502,0.0475,-0.003));
#2600=CARTESIAN_POINT('',(-0.00721687836487031,0.0475,-0.003));
#2601=CARTESIAN_POINT('',(-0.0125,0.0475,-0.003));
#2602=CARTESIAN_POINT('',(0.009,0.0475,0.0085));
#2603=CARTESIAN_POINT('',(0.0285,0.045098612181134,0.0085));
#2604=CARTESIAN_POINT('',(0.0285,0.0445,0.0085));
#2605=CARTESIAN_POINT('',(0.027901387818866,0.0445,0.0085));
#2606=CARTESIAN_POINT('',(0.0225,0.0445,0.0085));
#2607=CARTESIAN_POINT('',(0.0225,0.045098612181134,0.0085));
#2608=CARTESIAN_POINT('',(0.0196429491924312,0.0536447095812216,0.0085));
#2609=CARTESIAN_POINT('',(0.0231905989232415,0.0475,0.0085));
#2610=CARTESIAN_POINT('',(0.0237679491924312,0.0485,0.0085));
#2611=CARTESIAN_POINT('',(0.0255,0.0475,0.0105));
#2612=CARTESIAN_POINT('',(0.0224689110867545,0.04925,0.010503));
#2613=CARTESIAN_POINT('',(0.0224695789095231,0.0492515692027452,0.0105005465003609));
#2614=CARTESIAN_POINT('',(0.0224687652201906,0.0492500837907825,0.0125003708489383));
#2615=CARTESIAN_POINT('',(0.0255,0.0475,0.0105));
#2616=CARTESIAN_POINT('',(0.0224694838485652,0.0457485774599767,0.0105005896256141));
#2617=CARTESIAN_POINT('',(0.0224689110867545,0.04575,0.010503));
#2618=CARTESIAN_POINT('',(0.0224697277317173,0.045748081148489,0.0125));
#2619=CARTESIAN_POINT('',(0.0255,0.0475,0.0125));
#2620=CARTESIAN_POINT('',(0.0255,0.0475,-0.0302020000000007));
#2621=CARTESIAN_POINT('',(0.0273892975059956,0.0467002445252115,0.00399400916359016));
#2622=CARTESIAN_POINT('',(0.02761032409933,0.0477704096266945,0.00410847551934394));
#2623=CARTESIAN_POINT('',(0.0270605955760516,0.0490650907336919,0.00380367450795372));
#2624=CARTESIAN_POINT('',(0.0257757475892777,0.0496085939231884,0.00345461813255299));
#2625=CARTESIAN_POINT('',(0.0247050922137318,0.0493914974755056,0.00358611614959965));
#2626=CARTESIAN_POINT('',(0.0238359310220207,0.0488100172349407,0.0038675148360398));
#2627=CARTESIAN_POINT('',(0.0232796069714921,0.0475071299993815,0.00417221663744995));
#2628=CARTESIAN_POINT('',(0.0239344182653596,0.0459326280541498,0.00380453824189972));
#2629=CARTESIAN_POINT('',(0.0254926297905982,0.0452818879388171,0.00338179830239054));
#2630=CARTESIAN_POINT('',(0.0268046755387228,0.0458301919945605,0.00372913059565972));
#2631=CARTESIAN_POINT('',(0.0273892975059956,0.0467002445252115,0.00399400916359016));
#2632=CARTESIAN_POINT('',(0.02761032409933,0.0477704096266945,0.00410847551934394));
#2633=CARTESIAN_POINT('',(0.0270605955760516,0.0490650907336919,0.00380367450795372));
#2634=CARTESIAN_POINT('',(0.0275,0.0475,0.00405));
#2635=CARTESIAN_POINT('',(0.0255,0.0475,0.0055));
#2636=CARTESIAN_POINT('',(0.0275,0.0475,0.0055));
#2637=CARTESIAN_POINT('',(0.,0.035,4.74550634669599E-19));
#2638=CARTESIAN_POINT('',(-0.0067116968793294,0.035003,-0.003875));
#2639=CARTESIAN_POINT('',(-0.00671001183525108,0.0350001035261527,-0.00387901536174382));
#2640=CARTESIAN_POINT('',(0.,0.035,4.74550634669599E-19));
#2641=CARTESIAN_POINT('',(-0.00671199775951037,0.0350012140976129,0.00387517236440461));
#2642=CARTESIAN_POINT('',(-0.0067116968793294,0.035003,0.003875));
#2643=CARTESIAN_POINT('',(-0.00830594267031473,0.060002,-0.0272000000000007));
#2644=CARTESIAN_POINT('',(-0.0059239426703147,0.053,-0.0272000000000007));
#2645=CARTESIAN_POINT('',(-0.0089259426703147,0.053,-0.0272000000000007));
#2646=CARTESIAN_POINT('',(-0.0136859426703147,0.053,-0.0272000000000007));
#2647=CARTESIAN_POINT('',(-0.0089259426703147,0.053,-0.0272000000000007));
#2648=CARTESIAN_POINT('',(-0.00879860009767226,0.053,-0.0272000000000007));
#2649=CARTESIAN_POINT('',(-0.00856438385163689,0.0530045340785858,-0.0272000000000007));
#2650=CARTESIAN_POINT('',(-0.00834106312187711,0.0530194470177417,-0.0272000000000007));
#2651=CARTESIAN_POINT('',(-0.00817117709135074,0.0530406863135939,-0.0272000000000007));
#2652=CARTESIAN_POINT('',(-0.00795783608998613,0.0530776706634648,-0.0272000000000007));
#2653=CARTESIAN_POINT('',(-0.00762434929443947,0.0531614994532301,-0.0272000000000007));
#2654=CARTESIAN_POINT('',(-0.00712594615021623,0.0533713336963038,-0.0272000000000007));
#2655=CARTESIAN_POINT('',(-0.00665296208122895,0.0537347792839025,-0.0272000000000007));
#2656=CARTESIAN_POINT('',(-0.00629227219222366,0.0542163545602481,-0.0272000000000007));
#2657=CARTESIAN_POINT('',(-0.00611548329195397,0.0546198272401616,-0.0272000000000007));
#2658=CARTESIAN_POINT('',(-0.00602484078457757,0.0549491682052588,-0.0272000000000007));
#2659=CARTESIAN_POINT('',(-0.00599102268387636,0.0551027252132789,-0.0272000000000007));
#2660=CARTESIAN_POINT('',(-0.00594189426735956,0.0554218987347276,-0.0272000000000007));
#2661=CARTESIAN_POINT('',(-0.0059259426703147,0.0557517409411504,-0.0272000000000007));
#2662=CARTESIAN_POINT('',(-0.0059259426703147,0.056,-0.0272000000000007));
#2663=CARTESIAN_POINT('',(-0.0059259426703147,0.056,-0.0272000000000007));
#2664=CARTESIAN_POINT('',(-0.0059259426703147,0.060002,-0.0272000000000007));
#2665=CARTESIAN_POINT('',(-0.0106859426703147,0.060002,-0.0272000000000007));
#2666=CARTESIAN_POINT('',(-0.0106859426703148,0.057,-0.0272000000000007));
#2667=CARTESIAN_POINT('',(-0.0059239426703147,0.057,-0.0272000000000007));
#2668=CARTESIAN_POINT('',(-0.0136859426703147,0.057,-0.0272000000000007));
#2669=CARTESIAN_POINT('',(-0.0136859426703147,0.055,-0.0272000000000007));
#2670=CARTESIAN_POINT('',(-0.00830594267031476,0.060002,-0.0172000000000007));
#2671=CARTESIAN_POINT('',(-0.00592594267031474,0.060002,-0.0172000000000007));
#2672=CARTESIAN_POINT('',(-0.00592594267031474,0.056,-0.0172000000000007));
#2673=CARTESIAN_POINT('',(-0.00592594267031474,0.056,-0.0172000000000007));
#2674=CARTESIAN_POINT('',(-0.00592594267031474,0.0558726574273573,-0.0172000000000007));
#2675=CARTESIAN_POINT('',(-0.0059304767489005,0.0556384411813215,-0.0172000000000007));
#2676=CARTESIAN_POINT('',(-0.00594538968805641,0.0554151204515623,-0.0172000000000007));
#2677=CARTESIAN_POINT('',(-0.00596662898390867,0.0552452344210359,-0.0172000000000007));
#2678=CARTESIAN_POINT('',(-0.00600361333377976,0.0550318934196705,-0.0172000000000007));
#2679=CARTESIAN_POINT('',(-0.00608744212354494,0.0546984066241243,-0.0172000000000007));
#2680=CARTESIAN_POINT('',(-0.00629727636661869,0.0542000034799017,-0.0172000000000007));
#2681=CARTESIAN_POINT('',(-0.00666072195421768,0.0537270194109141,-0.0172000000000007));
#2682=CARTESIAN_POINT('',(-0.00714229723056204,0.0533663295219095,-0.0172000000000007));
#2683=CARTESIAN_POINT('',(-0.00754576991047494,0.05318954062164,-0.0172000000000007));
#2684=CARTESIAN_POINT('',(-0.00787511087557365,0.0530988981142628,-0.0172000000000007));
#2685=CARTESIAN_POINT('',(-0.00802866788359296,0.0530650800135617,-0.0172000000000007));
#2686=CARTESIAN_POINT('',(-0.00834784140504103,0.0530159515970448,-0.0172000000000007));
#2687=CARTESIAN_POINT('',(-0.00867768361146434,0.053,-0.0172000000000007));
#2688=CARTESIAN_POINT('',(-0.00892594267031474,0.053,-0.0172000000000007));
#2689=CARTESIAN_POINT('',(-0.00892594267031473,0.053,-0.017199999999997));
#2690=CARTESIAN_POINT('',(-0.00592394267031474,0.053,-0.017199999999997));
#2691=CARTESIAN_POINT('',(-0.0136859426703148,0.053,-0.017199999999997));
#2692=CARTESIAN_POINT('',(-0.0136859426703148,0.055,-0.017199999999997));
#2693=CARTESIAN_POINT('',(-0.0136859426703148,0.057,-0.017199999999997));
#2694=CARTESIAN_POINT('',(-0.00592394267031474,0.057,-0.017199999999997));
#2695=CARTESIAN_POINT('',(-0.0106859426703148,0.057,-0.017199999999997));
#2696=CARTESIAN_POINT('',(-0.0106859426703148,0.060002,-0.0172000000000007));
#2697=CARTESIAN_POINT('',(-0.00592594267031472,0.060002,-0.0222000000000007));
#2698=CARTESIAN_POINT('',(-0.0059259426703147,0.056,-0.0271999999999981));
#2699=CARTESIAN_POINT('',(-0.00592594267031471,0.056,-0.0238666666666665));
#2700=CARTESIAN_POINT('',(-0.00592594267031473,0.056,-0.0205333333333349));
#2701=CARTESIAN_POINT('',(-0.00592594267031474,0.056,-0.0172000000000033));
#2702=CARTESIAN_POINT('',(-0.0106859426703148,0.060002,-0.0222000000000008));
#2703=CARTESIAN_POINT('',(-0.0106859426703148,0.057,-0.0222000000000008));
#2704=CARTESIAN_POINT('',(-0.0136859426703148,0.060002,-0.0213500000000004));
#2705=CARTESIAN_POINT('',(-0.0136859426703147,0.060002,-0.0302000000000008));
#2706=CARTESIAN_POINT('',(-0.0136859426703147,0.0578140573296853,-0.0302000000000008));
#2707=CARTESIAN_POINT('',(-0.0136859426703147,0.0371859426703147,-0.0302000000000008));
#2708=CARTESIAN_POINT('',(-0.0136859426703148,0.0371859426703147,-0.0213500000000003));
#2709=CARTESIAN_POINT('',(-0.0136859426703148,0.0371859426703148,-0.0123140573296852));
#2710=CARTESIAN_POINT('',(-0.0136859426703148,0.035,-0.0123140573296852));
#2711=CARTESIAN_POINT('',(-0.0136859426703148,0.0578140573296852,-0.0123140573296852));
#2712=CARTESIAN_POINT('',(-0.0136859426703148,0.0578140573296852,-0.0213500000000004));
#2713=CARTESIAN_POINT('',(-0.0136859426703148,0.057,-0.0221999999999988));
#2714=CARTESIAN_POINT('',(-0.0136859426703148,0.053,-0.0221999999999988));
#2715=CARTESIAN_POINT('',(-0.0136859426703148,0.038,-0.0221999999999988));
#2716=CARTESIAN_POINT('',(-0.0136859426703147,0.038,-0.0272000000000007));
#2717=CARTESIAN_POINT('',(-0.0136859426703148,0.038,-0.017199999999997));
#2718=CARTESIAN_POINT('',(-0.0136859426703147,0.04,-0.0272000000000007));
#2719=CARTESIAN_POINT('',(-0.0136859426703147,0.042,-0.0272000000000007));
#2720=CARTESIAN_POINT('',(-0.0136859426703148,0.042,-0.0221999999999988));
#2721=CARTESIAN_POINT('',(-0.0136859426703148,0.042,-0.017199999999997));
#2722=CARTESIAN_POINT('',(-0.0136859426703148,0.04,-0.017199999999997));
#2723=CARTESIAN_POINT('',(3.46944695195361E-18,0.035,0.0125));
#2724=CARTESIAN_POINT('',(0.0224689110867545,0.04925,0.0125));
#2725=CARTESIAN_POINT('',(0.0214585481156726,0.0475,0.0125));
#2726=CARTESIAN_POINT('',(0.0224689110867545,0.04575,0.0125));
#2727=CARTESIAN_POINT('',(-0.0145,0.035,0.0125));
#2728=CARTESIAN_POINT('',(-0.0145,0.038,0.0125));
#2729=CARTESIAN_POINT('',(-0.0145,0.057,0.0125));
#2730=CARTESIAN_POINT('',(3.46944695195361E-18,0.038,0.0125));
#2731=CARTESIAN_POINT('',(0.0295,0.038,0.0125));
#2732=CARTESIAN_POINT('',(0.0295,0.035,0.0125));
#2733=CARTESIAN_POINT('',(0.0295,0.057,0.0125));
#2734=CARTESIAN_POINT('',(-0.0145,0.057,0.0125));
#2735=CARTESIAN_POINT('',(-0.0095,0.0475,0.0125));
#2736=CARTESIAN_POINT('',(0.,0.035,0.));
#2737=CARTESIAN_POINT('',(-0.0067116968793294,0.035,0.003875));
#2738=CARTESIAN_POINT('',(-0.0089489291724392,0.035,-1.0842021724855E-18));
#2739=CARTESIAN_POINT('',(-0.0067116968793294,0.035,-0.003875));
#2740=CARTESIAN_POINT('',(0.,0.035,0.0095));
#2741=CARTESIAN_POINT('',(0.0295,0.035,0.0095));
#2742=CARTESIAN_POINT('',(-0.0115,0.035,0.0095));
#2743=CARTESIAN_POINT('',(-0.0115,0.035,2.39391839684799E-18));
#2744=CARTESIAN_POINT('',(-0.0115,0.035,-0.0302000000000008));
#2745=CARTESIAN_POINT('',(-0.00830594267031471,0.035,-0.0302000000000007));
#2746=CARTESIAN_POINT('',(-0.00963807974335939,0.035,-0.0302000000000008));
#2747=CARTESIAN_POINT('',(0.0101493318439508,0.035,-0.020313539437615));
#2748=CARTESIAN_POINT('',(0.0295,0.035,-0.010645290675696));
#2749=CARTESIAN_POINT('',(0.0295,0.035,-6.1409211049579E-18));
#2750=CARTESIAN_POINT('',(-0.00830594267031473,0.035,-0.0272000000000007));
#2751=CARTESIAN_POINT('',(-0.0106859426703147,0.035,-0.0272000000000007));
#2752=CARTESIAN_POINT('',(-0.0059259426703147,0.035,-0.0272000000000007));
#2753=CARTESIAN_POINT('',(-0.0106859426703148,0.035,-0.0222000000000008));
#2754=CARTESIAN_POINT('',(-0.0106859426703148,0.035,-0.0172000000000007));
#2755=CARTESIAN_POINT('',(-0.00830594267031476,0.035,-0.0172000000000007));
#2756=CARTESIAN_POINT('',(-0.00592594267031474,0.035,-0.0172000000000007));
#2757=CARTESIAN_POINT('',(-0.00592594267031472,0.035,-0.0222000000000007));
#2758=CARTESIAN_POINT('',(-0.00830594267031471,0.060002,-0.0302000000000007));
#2759=CARTESIAN_POINT('',(-0.00292594267031468,0.060002,-0.0302000000000007));
#2760=CARTESIAN_POINT('',(-0.00292594267031468,0.057,-0.0302000000000007));
#2761=CARTESIAN_POINT('',(-0.00292594267031468,0.038,-0.0302000000000007));
#2762=CARTESIAN_POINT('',(0.000786305359856351,0.0396591949731237,-0.0302000000000007));
#2763=CARTESIAN_POINT('',(-0.0224039713351573,0.0459039713351574,-0.0302000000000008));
#2764=CARTESIAN_POINT('',(-0.00990197133515736,0.0615980286648427,-0.0302000000000008));
#2765=CARTESIAN_POINT('',(-0.00852849376889277,0.0595040688401958,-0.0302000000000007));
#2766=CARTESIAN_POINT('',(-0.00592594267031472,0.060002,-0.0222000000000007));
#2767=CARTESIAN_POINT('',(-0.00592594267031474,0.060002,-0.0172000000000007));
#2768=CARTESIAN_POINT('',(-0.00592594267031474,0.039,-0.0172000000000007));
#2769=CARTESIAN_POINT('',(-0.00592594267031474,0.039,-0.0172000000000023));
#2770=CARTESIAN_POINT('',(-0.00592594267031473,0.039,-0.0205333333333349));
#2771=CARTESIAN_POINT('',(-0.00592594267031471,0.039,-0.0238666666666676));
#2772=CARTESIAN_POINT('',(-0.0059259426703147,0.039,-0.0272000000000002));
#2773=CARTESIAN_POINT('',(-0.0059259426703147,0.039,-0.0272000000000007));
#2774=CARTESIAN_POINT('',(-0.0059259426703147,0.060002,-0.0272000000000007));
#2775=CARTESIAN_POINT('',(-0.00830594267031476,0.060002,-0.0172000000000007));
#2776=CARTESIAN_POINT('',(-0.00592394267031474,0.042,-0.017199999999997));
#2777=CARTESIAN_POINT('',(-0.00892594267031474,0.042,-0.017199999999997));
#2778=CARTESIAN_POINT('',(-0.00892594267031474,0.042,-0.0172000000000007));
#2779=CARTESIAN_POINT('',(-0.00879860009767287,0.042,-0.0172000000000007));
#2780=CARTESIAN_POINT('',(-0.00856438385163848,0.0419954659214143,-0.0172000000000007));
#2781=CARTESIAN_POINT('',(-0.00834106312187699,0.0419805529822582,-0.0172000000000007));
#2782=CARTESIAN_POINT('',(-0.00817117709135201,0.0419593136864064,-0.0172000000000007));
#2783=CARTESIAN_POINT('',(-0.0079578360899921,0.0419223293365362,-0.0172000000000007));
#2784=CARTESIAN_POINT('',(-0.00762434929444167,0.0418385005467698,-0.0172000000000007));
#2785=CARTESIAN_POINT('',(-0.00712594615021928,0.0416286663037002,-0.0172000000000007));
#2786=CARTESIAN_POINT('',(-0.00665296208123189,0.0412652207161,-0.0172000000000007));
#2787=CARTESIAN_POINT('',(-0.00629227219222388,0.0407836454397531,-0.0172000000000007));
#2788=CARTESIAN_POINT('',(-0.00611548329195565,0.040380172759842,-0.0172000000000007));
#2789=CARTESIAN_POINT('',(-0.00602484078457755,0.0400508317947409,-0.0172000000000007));
#2790=CARTESIAN_POINT('',(-0.00599102268387642,0.0398972747867224,-0.0172000000000007));
#2791=CARTESIAN_POINT('',(-0.00594189426735957,0.0395781012652748,-0.0172000000000007));
#2792=CARTESIAN_POINT('',(-0.00592594267031473,0.0392482590588511,-0.0172000000000007));
#2793=CARTESIAN_POINT('',(-0.00592594267031473,0.039,-0.0172000000000007));
#2794=CARTESIAN_POINT('',(-0.0106859426703148,0.060002,-0.0172000000000007));
#2795=CARTESIAN_POINT('',(-0.0106859426703148,0.038,-0.0172000000000007));
#2796=CARTESIAN_POINT('',(-0.00592394267031474,0.038,-0.017199999999997));
#2797=CARTESIAN_POINT('',(-0.00830594267031473,0.060002,-0.0272000000000007));
#2798=CARTESIAN_POINT('',(-0.0059259426703147,0.039,-0.0272000000000007));
#2799=CARTESIAN_POINT('',(-0.0059259426703147,0.0391273425726413,-0.0272000000000007));
#2800=CARTESIAN_POINT('',(-0.00593047674890042,0.0393615588186752,-0.0272000000000007));
#2801=CARTESIAN_POINT('',(-0.00594538968805652,0.0395848795484368,-0.0272000000000007));
#2802=CARTESIAN_POINT('',(-0.0059666289839084,0.0397547655789635,-0.0272000000000007));
#2803=CARTESIAN_POINT('',(-0.00600361333377869,0.0399681065803254,-0.0272000000000007));
#2804=CARTESIAN_POINT('',(-0.00608744212354459,0.040301593375874,-0.0272000000000007));
#2805=CARTESIAN_POINT('',(-0.00629727636661757,0.0407999965200977,-0.0272000000000007));
#2806=CARTESIAN_POINT('',(-0.00666072195421559,0.0412729805890839,-0.0272000000000007));
#2807=CARTESIAN_POINT('',(-0.00714229723056559,0.0416336704780937,-0.0272000000000007));
#2808=CARTESIAN_POINT('',(-0.00754576991048142,0.0418104593783642,-0.0272000000000007));
#2809=CARTESIAN_POINT('',(-0.00787511087557262,0.0419011018857371,-0.0272000000000007));
#2810=CARTESIAN_POINT('',(-0.00802866788359778,0.0419349199864384,-0.0272000000000007));
#2811=CARTESIAN_POINT('',(-0.00834784140504965,0.0419840484029551,-0.0272000000000007));
#2812=CARTESIAN_POINT('',(-0.00867768361146979,0.042,-0.0272000000000007));
#2813=CARTESIAN_POINT('',(-0.0089259426703147,0.042,-0.0272000000000007));
#2814=CARTESIAN_POINT('',(-0.0089259426703147,0.042,-0.0272000000000007));
#2815=CARTESIAN_POINT('',(-0.0059239426703147,0.042,-0.0272000000000007));
#2816=CARTESIAN_POINT('',(-0.0059239426703147,0.038,-0.0272000000000007));
#2817=CARTESIAN_POINT('',(-0.0106859426703148,0.038,-0.0272000000000007));
#2818=CARTESIAN_POINT('',(-0.0106859426703147,0.060002,-0.0272000000000007));
#2819=CARTESIAN_POINT('',(-0.0106859426703148,0.060002,-0.0222000000000008));
#2820=CARTESIAN_POINT('',(-0.0106859426703148,0.038,-0.0222000000000008));
#2821=CARTESIAN_POINT('',(-0.00592394267031472,0.057,-0.0221999999999988));
#2822=CARTESIAN_POINT('',(-0.00592394267031472,0.053,-0.0221999999999988));
#2823=CARTESIAN_POINT('',(-0.00892594267031472,0.053,-0.0171999999999995));
#2824=CARTESIAN_POINT('',(-0.00892594267031472,0.053,-0.0205333333333324));
#2825=CARTESIAN_POINT('',(-0.00892594267031472,0.053,-0.0238666666666652));
#2826=CARTESIAN_POINT('',(-0.00892594267031472,0.053,-0.0271999999999981));
#2827=CARTESIAN_POINT('',(-0.00592394267031472,0.042,-0.0221999999999988));
#2828=CARTESIAN_POINT('',(-0.00892594267031472,0.042,-0.0272000000000002));
#2829=CARTESIAN_POINT('',(-0.00892594267031472,0.042,-0.0238666666666663));
#2830=CARTESIAN_POINT('',(-0.00892594267031472,0.042,-0.0205333333333324));
#2831=CARTESIAN_POINT('',(-0.00892594267031472,0.042,-0.0171999999999985));
#2832=CARTESIAN_POINT('',(-0.00592394267031472,0.038,-0.0221999999999988));
#2833=CARTESIAN_POINT('',(0.0325,0.0475,-6.51743057948221E-18));
#2834=CARTESIAN_POINT('',(0.0125,0.0475,-2.35409423713787E-18));
#2835=CARTESIAN_POINT('',(0.0125,0.0475,-0.00405));
#2836=CARTESIAN_POINT('',(0.0125,0.035,0.));
#2837=CARTESIAN_POINT('',(-0.0059259426703147,0.039,-0.0272000000000007));
#2838=CARTESIAN_POINT('',(-0.00592594267031473,0.039,-0.0171999999999985));
#2839=CARTESIAN_POINT('',(-0.0059259426703147,0.03945,-0.0272000000000007));
#2840=CARTESIAN_POINT('',(-0.00592594267031473,0.03945,-0.0171999999999985));
#2841=CARTESIAN_POINT('',(-0.00592594267031471,0.0399,-0.0272000000000007));
#2842=CARTESIAN_POINT('',(-0.00592594267031473,0.0399,-0.0171999999999985));
#2843=CARTESIAN_POINT('',(-0.00622594267031471,0.041,-0.0272000000000007));
#2844=CARTESIAN_POINT('',(-0.00622594267031474,0.041,-0.0171999999999985));
#2845=CARTESIAN_POINT('',(-0.00692594267031471,0.0417,-0.0271999999999935));
#2846=CARTESIAN_POINT('',(-0.00692594267031474,0.0417,-0.0171999999999913));
#2847=CARTESIAN_POINT('',(-0.0080259426703147,0.042,-0.0272000000000007));
#2848=CARTESIAN_POINT('',(-0.00802594267031473,0.042,-0.0171999999999985));
#2849=CARTESIAN_POINT('',(-0.0084759426703147,0.042,-0.0272000000000007));
#2850=CARTESIAN_POINT('',(-0.00847594267031473,0.042,-0.0171999999999985));
#2851=CARTESIAN_POINT('',(-0.00892594267031471,0.042,-0.0272000000000007));
#2852=CARTESIAN_POINT('',(-0.00892594267031473,0.042,-0.0171999999999985));
#2853=CARTESIAN_POINT('',(-0.00592594267031473,0.056,-0.0171999999999995));
#2854=CARTESIAN_POINT('',(-0.00592594267031471,0.056,-0.0272000000000007));
#2855=CARTESIAN_POINT('',(-0.00592594267031473,0.05555,-0.0171999999999995));
#2856=CARTESIAN_POINT('',(-0.00592594267031471,0.05555,-0.0272000000000007));
#2857=CARTESIAN_POINT('',(-0.00592594267031473,0.0551,-0.0171999999999995));
#2858=CARTESIAN_POINT('',(-0.00592594267031471,0.0551,-0.0272000000000007));
#2859=CARTESIAN_POINT('',(-0.00622594267031474,0.054,-0.0171999999999995));
#2860=CARTESIAN_POINT('',(-0.00622594267031471,0.054,-0.0272000000000007));
#2861=CARTESIAN_POINT('',(-0.00692594267031474,0.0533,-0.0171999999999924));
#2862=CARTESIAN_POINT('',(-0.00692594267031471,0.0533,-0.0271999999999935));
#2863=CARTESIAN_POINT('',(-0.00802594267031475,0.053,-0.0172000000000139));
#2864=CARTESIAN_POINT('',(-0.00802594267031472,0.053,-0.027200000000015));
#2865=CARTESIAN_POINT('',(-0.00847594267031475,0.053,-0.0172000000000067));
#2866=CARTESIAN_POINT('',(-0.00847594267031472,0.053,-0.0272000000000079));
#2867=CARTESIAN_POINT('',(-0.00892594267031475,0.053,-0.0171999999999995));
#2868=CARTESIAN_POINT('',(-0.00892594267031472,0.053,-0.0272000000000007));
#2869=CARTESIAN_POINT('',(-0.0145,0.0475,-4.5102810375397E-19));
#2870=CARTESIAN_POINT('',(-0.0145,0.0475,3.14088352811438E-18));
#2871=CARTESIAN_POINT('',(-0.0145,0.0475,0.002));
#2872=CARTESIAN_POINT('',(-0.0145,0.0475,-0.0115));
#2873=CARTESIAN_POINT('',(-0.0145,0.057,-0.0115));
#2874=CARTESIAN_POINT('',(-0.0145,0.038,-0.0115));
#2875=CARTESIAN_POINT('',(-0.0145,0.038,-4.5102810375397E-19));
#2876=CARTESIAN_POINT('',(-0.0145,0.057,-0.0115));
#2877=CARTESIAN_POINT('',(-0.0135,0.035,-0.0125));
#2878=CARTESIAN_POINT('',(-0.0128333333333333,0.0363333333333333,-0.0131666666666667));
#2879=CARTESIAN_POINT('',(-0.0211666666666666,0.0503333333333333,-0.00483333333333333));
#2880=CARTESIAN_POINT('',(0.032502,0.0475,-6.64337321002905E-18));
#2881=CARTESIAN_POINT('',(-0.0125,0.0475,0.0005));
#2882=CARTESIAN_POINT('',(-0.0095,0.0475,-0.003002));
#2883=CARTESIAN_POINT('',(0.0285,0.045098612181134,0.0055));
#2884=CARTESIAN_POINT('',(0.0285,0.045098612181134,0.0055));
#2885=CARTESIAN_POINT('',(0.0285,0.0445,0.0055));
#2886=CARTESIAN_POINT('',(0.0285,0.0445,0.0055));
#2887=CARTESIAN_POINT('',(0.0225,0.045098612181134,0.0055));
#2888=CARTESIAN_POINT('',(0.0225,0.0445,0.0055));
#2889=CARTESIAN_POINT('',(0.0225,0.0445,0.0055));
#2890=CARTESIAN_POINT('',(0.0225,0.045098612181134,0.0055));
#2891=CARTESIAN_POINT('',(0.027901387818866,0.0445,0.0055));
#2892=CARTESIAN_POINT('',(0.027901387818866,0.0445,0.0055));
#2893=CARTESIAN_POINT('',(0.009,0.0475,0.0055));
#2894=CARTESIAN_POINT('',(0.009,0.0475,0.0105));
#2895=CARTESIAN_POINT('',(0.0237679491924312,0.0485,0.0105));
#2896=CARTESIAN_POINT('',(0.0231905989232415,0.0475,0.0105));
#2897=CARTESIAN_POINT('',(0.0237679491924312,0.0465,0.0105));
#2898=CARTESIAN_POINT('',(0.0224689110867545,0.04925,0.0105));
#2899=CARTESIAN_POINT('',(0.0214585481156726,0.0475,0.0105));
#2900=CARTESIAN_POINT('',(0.0183439110867545,0.0528947095812216,0.0105));
#2901=CARTESIAN_POINT('',(0.0147870286648427,0.034998,-0.0213500000000004));
#2902=CARTESIAN_POINT('',(0.0265043906274768,0.034998,-0.0154956093725233));
#2903=CARTESIAN_POINT('',(0.0265043906274768,0.057,-0.0154956093725233));
#2904=CARTESIAN_POINT('',(0.0265043906274768,0.038,-0.0154956093725233));
#2905=CARTESIAN_POINT('',(0.0147870286648427,0.038,-0.0213500000000004));
#2906=CARTESIAN_POINT('',(0.0325,0.057,-0.0125));
#2907=CARTESIAN_POINT('',(-0.0115,0.035,2.39391839684799E-18));
#2908=CARTESIAN_POINT('',(-0.00833333333333333,0.0318333333333334,0.00633333333333334));
#2909=CARTESIAN_POINT('',(-0.0145,0.057,-4.5102810375397E-19));
#2910=CARTESIAN_POINT('',(-0.0103333333333333,0.0611666666666667,0.00833333333333333));
#2911=CARTESIAN_POINT('',(3.46944695195361E-18,0.038,0.0125));
#2912=CARTESIAN_POINT('',(0.0295,0.038,0.0125));
#2913=CARTESIAN_POINT('',(0.0295,0.035,0.0125));
#2914=CARTESIAN_POINT('',(0.031,0.057,0.011));
#2915=CARTESIAN_POINT('',(0.0295,0.038,0.0125));
#2916=CARTESIAN_POINT('',(0.,0.06,0.0095));
#2917=CARTESIAN_POINT('',(0.0295,0.06,0.0095));
#2918=CARTESIAN_POINT('',(0.0295,0.038,0.0125));
#2919=CARTESIAN_POINT('',(0.031,0.0365,0.0095));
#2920=CARTESIAN_POINT('',(0.0295,0.06,0.0095));
#2921=CARTESIAN_POINT('',(0.0295,0.06,0.0095));
#2922=CARTESIAN_POINT('',(0.0147870286648427,0.038,-0.0213500000000004));
#2923=CARTESIAN_POINT('',(0.0265043906274768,0.038,-0.0154956093725233));
#2924=CARTESIAN_POINT('',(0.0325,0.038,-3.29597460435593E-18));
#2925=CARTESIAN_POINT('',(0.0286390935720511,0.0341390935720511,-0.0109739533772215));
#2926=CARTESIAN_POINT('',(0.0295,0.06,-6.1409211049579E-18));
#2927=CARTESIAN_POINT('',(0.0295,0.06,0.007));
#2928=CARTESIAN_POINT('',(0.0101493318439508,0.06,-0.020313539437615));
#2929=CARTESIAN_POINT('',(0.0299000366195526,0.0604006229482607,-0.0099975743502536));
#2930=CARTESIAN_POINT('',(0.0265043906274768,0.038,-0.0154956093725233));
#2931=CARTESIAN_POINT('',(0.0265043906274768,0.038,-0.0154956093725233));
#2932=CARTESIAN_POINT('',(0.0325,0.057,-0.0095));
#2933=CARTESIAN_POINT('',(0.0325,0.057,-0.0095));
#2934=CARTESIAN_POINT('',(0.0325,0.0475,-0.0095));
#2935=CARTESIAN_POINT('',(-0.0067116968793294,0.035003,-0.003875));
#2936=CARTESIAN_POINT('',(-0.0089489291724392,0.035003,8.67361737988404E-19));
#2937=CARTESIAN_POINT('',(-0.0089489291724392,0.035003,8.67361737988404E-19));
#2938=CARTESIAN_POINT('',(-0.0067116968793294,0.035003,0.003875));
#2939=CARTESIAN_POINT('',(0.0237679491924312,0.0465,0.008503));
#2940=CARTESIAN_POINT('',(0.0231905989232415,0.0475,0.008503));
#2941=CARTESIAN_POINT('',(0.0237679491924312,0.0485,0.008503));
#2942=CARTESIAN_POINT('',(0.0224689110867545,0.04575,0.010503));
#2943=CARTESIAN_POINT('',(0.0214585481156726,0.0475,0.010503));
#2944=CARTESIAN_POINT('',(0.0224689110867545,0.04925,0.010503));
#2945=CARTESIAN_POINT('',(0.029498,0.0585,-0.005));
#2946=CARTESIAN_POINT('',(0.0309142135623731,0.0614142135623731,-0.005));
#2947=CARTESIAN_POINT('',(0.029498,0.0585,0.005));
#2948=CARTESIAN_POINT('',(0.0316632135623731,0.0606652135623731,0.005));
#2949=CARTESIAN_POINT('',(0.0285,0.057,0.003));
#2950=CARTESIAN_POINT('',(0.0285,0.057,0.003));
#2951=CARTESIAN_POINT('',(0.0285,0.056,0.003));
#2952=CARTESIAN_POINT('',(0.0305,0.060002,0.003));
#2953=CARTESIAN_POINT('',(0.0285,0.056,0.003));
#2954=CARTESIAN_POINT('',(0.0285,0.056,-6.10622663543836E-18));
#2955=CARTESIAN_POINT('',(0.0285,0.056,-0.003));
#2956=CARTESIAN_POINT('',(0.0285,0.056,-0.003));
#2957=CARTESIAN_POINT('',(0.0285,0.056,-6.10622663543836E-18));
#2958=CARTESIAN_POINT('',(0.0285,0.057,-0.003));
#2959=CARTESIAN_POINT('',(0.0305,0.060002,-0.003));
#2960=CARTESIAN_POINT('',(0.0285,0.057,-0.003));
#2961=CARTESIAN_POINT('',(0.0285,0.049,-2.46330733588707E-18));
#2962=CARTESIAN_POINT('',(0.0305,0.060002,-6.07153216591882E-18));
#2963=CARTESIAN_POINT('',(0.0295,0.06,-0.007));
#2964=CARTESIAN_POINT('',(0.0316632135623731,0.0606652135623731,0.005));
#2965=MECHANICAL_DESIGN_GEOMETRIC_PRESENTATION_REPRESENTATION('',(#1794),
#2966);
#2966=(
GEOMETRIC_REPRESENTATION_CONTEXT(3)
GLOBAL_UNCERTAINTY_ASSIGNED_CONTEXT((#2967))
GLOBAL_UNIT_ASSIGNED_CONTEXT((#2970,#2969,#2968))
REPRESENTATION_CONTEXT('Rod Block with Zip Tie',
'TOP_LEVEL_ASSEMBLY_PART')
);
#2967=UNCERTAINTY_MEASURE_WITH_UNIT(LENGTH_MEASURE(3.14598401951878E-5),
#2970,'DISTANCE_ACCURACY_VALUE','Maximum Tolerance applied to model');
#2968=(
NAMED_UNIT(*)
SI_UNIT($,.STERADIAN.)
SOLID_ANGLE_UNIT()
);
#2969=(
NAMED_UNIT(*)
PLANE_ANGLE_UNIT()
SI_UNIT($,.RADIAN.)
);
#2970=(
LENGTH_UNIT()
NAMED_UNIT(*)
SI_UNIT($,.METRE.)
);
#2971=PRODUCT_DEFINITION_SHAPE('','',#2972);
#2972=PRODUCT_DEFINITION('','',#2974,#2973);
#2973=PRODUCT_DEFINITION_CONTEXT('',#2980,'design');
#2974=PRODUCT_DEFINITION_FORMATION_WITH_SPECIFIED_SOURCE('','',#2976,
 .NOT_KNOWN.);
#2975=PRODUCT_RELATED_PRODUCT_CATEGORY('','',(#2976));
#2976=PRODUCT('Rod Block with Zip Tie','Rod Block with Zip Tie',
'Rod Block with Zip Tie',(#2978));
#2977=PRODUCT_CATEGORY('','');
#2978=PRODUCT_CONTEXT('',#2980,'mechanical');
#2979=APPLICATION_PROTOCOL_DEFINITION('international standard',
'ap242_managed_model_based_3d_engineering',2020,#2980);
#2980=APPLICATION_CONTEXT('managed model based 3d engineering');
ENDSEC;
END-ISO-10303-21;
