ISO-10303-21;
HEADER;
/* Generated by software containing ST-Developer
 * from STEP Tools, Inc. (www.steptools.com) 
 */
/* OPTION: using custom renumber hook */

FILE_DESCRIPTION(
/* description */ ('STEP AP242 Edition 2',
'CAx-IF Rec.Pracs.---Representation and Presentation of Product Manufa
cturing Information (PMI)---4.0---2014-10-13',
'CAx-IF Rec.Pracs.---3D Tessellated Geometry---0.4---2014-09-14','2;1',
'CAx-IF Rec.Pracs.---User Defined Attributes---1.5---2016-08-15'),
/* implementation_level */ '2;1');

FILE_NAME(
/* name */ '6961f2c446b9ae42405cfb32',
/* time_stamp */ '2026-01-10T06:33:40Z',
/* author */ (''),
/* organization */ (''),
/* preprocessor_version */ 'ST-DEVELOPER v20',
/* originating_system */ 'ONSHAPE BY PTC INC, 1.209',
/* authorisation */ '  ');

FILE_SCHEMA (('AP242_MANAGED_MODEL_BASED_3D_ENGINEERING_MIM_LF { 1 0 10303 442 3 1 4 }'));
ENDSEC;

DATA;
#10=SHAPE_REPRESENTATION_RELATIONSHIP('','',#3321,#11);
#11=ADVANCED_BREP_SHAPE_REPRESENTATION('',(#3319),#5478);
#12=B_SPLINE_CURVE_WITH_KNOTS('',3,(#4562,#4563,#4564,#4565,#4566,#4567,
#4568,#4569,#4570),.UNSPECIFIED.,.F.,.F.,(4,1,1,1,1,1,4),(0.0023574834350207,
0.00409228382698548,0.00495968402296786,0.00582708421895025,0.00669448441493263,
0.00756188461091502,0.00929668500287979),.UNSPECIFIED.);
#13=B_SPLINE_CURVE_WITH_KNOTS('',3,(#4576,#4577,#4578,#4579,#4580,#4581,
#4582,#4583,#4584),.UNSPECIFIED.,.F.,.F.,(4,1,1,1,1,1,4),(0.0140093351473403,
0.0157415285108744,0.0166076251926414,0.0174737218744084,0.0183398185561754,
0.0192059152379425,0.0209381086014765),.UNSPECIFIED.);
#14=B_SPLINE_CURVE_WITH_KNOTS('',3,(#4638,#4639,#4640,#4641,#4642,#4643,
#4644,#4645,#4646,#4647,#4648,#4649,#4650,#4651,#4652,#4653,#4654,#4655,
#4656,#4657),.UNSPECIFIED.,.T.,.F.,(1,1,1,1,1,1,1,1,1,1,1,1,1,1,1,1,1,1,
1,1,1,1,1,1),(-0.00436676599064433,-0.00291117732709622,-0.00145558866354811,
0.,0.00145558866354811,0.00291117732709622,0.00436676599064434,0.00582235465419245,
0.00727794331774056,0.00873353198128867,0.0101891206448368,0.0116447093083849,
0.013100297971933,0.0145558866354811,0.0160114752990292,0.0167392696308033,
0.0174670639625773,0.0189226526261255,0.0203782412896736,0.0218338299532217,
0.0232894186167698,0.0247450072803179,0.026200595943866,0.0276561846074141),
 .UNSPECIFIED.);
#15=B_SPLINE_CURVE_WITH_KNOTS('',3,(#5246,#5247,#5248,#5249),
 .UNSPECIFIED.,.F.,.F.,(4,4),(0.,1.),.UNSPECIFIED.);
#16=B_SPLINE_CURVE_WITH_KNOTS('',3,(#5335,#5336,#5337,#5338),
 .UNSPECIFIED.,.F.,.F.,(4,4),(0.,1.),.UNSPECIFIED.);
#17=ELLIPSE('',#3335,0.00404145188432738,0.0035);
#18=ELLIPSE('',#3336,0.00404145188432738,0.0035);
#19=ELLIPSE('',#3337,0.00404145188432738,0.0035);
#20=ELLIPSE('',#3338,0.00404145188432738,0.0035);
#21=CYLINDRICAL_SURFACE('',#3326,0.0035);
#22=CYLINDRICAL_SURFACE('',#3341,0.00425);
#23=CYLINDRICAL_SURFACE('',#3345,0.00425);
#24=CYLINDRICAL_SURFACE('',#3350,0.002);
#25=CYLINDRICAL_SURFACE('',#3353,0.002);
#26=CYLINDRICAL_SURFACE('',#3361,0.003);
#27=CYLINDRICAL_SURFACE('',#3364,0.003);
#28=CYLINDRICAL_SURFACE('',#3496,0.0035);
#29=CYLINDRICAL_SURFACE('',#3498,0.0035);
#30=CYLINDRICAL_SURFACE('',#3501,0.0035);
#31=CYLINDRICAL_SURFACE('',#3504,0.0035);
#32=CYLINDRICAL_SURFACE('',#3515,0.015);
#33=CYLINDRICAL_SURFACE('',#3520,0.015);
#34=CYLINDRICAL_SURFACE('',#3528,0.0149999999999997);
#35=CYLINDRICAL_SURFACE('',#3533,0.002);
#36=CYLINDRICAL_SURFACE('',#3535,0.002);
#37=CYLINDRICAL_SURFACE('',#3537,0.002);
#38=CYLINDRICAL_SURFACE('',#3539,0.002);
#39=CYLINDRICAL_SURFACE('',#3547,0.00425);
#40=CYLINDRICAL_SURFACE('',#3556,0.00425);
#41=CIRCLE('',#3324,0.00425);
#42=CIRCLE('',#3325,0.00425);
#43=CIRCLE('',#3327,0.0035);
#44=CIRCLE('',#3328,0.0035);
#45=CIRCLE('',#3329,0.0035);
#46=CIRCLE('',#3330,0.0035);
#47=CIRCLE('',#3331,0.0035);
#48=CIRCLE('',#3332,0.0035);
#49=CIRCLE('',#3333,0.0035);
#50=CIRCLE('',#3334,0.0035);
#51=CIRCLE('',#3340,0.002);
#52=CIRCLE('',#3342,0.00425);
#53=CIRCLE('',#3344,0.002);
#54=CIRCLE('',#3346,0.00425);
#55=CIRCLE('',#3347,0.00425);
#56=CIRCLE('',#3348,0.00425);
#57=CIRCLE('',#3349,0.00425);
#58=CIRCLE('',#3351,0.002);
#59=CIRCLE('',#3354,0.002);
#60=CIRCLE('',#3358,0.00425);
#61=CIRCLE('',#3362,0.003);
#62=CIRCLE('',#3363,0.003);
#63=CIRCLE('',#3365,0.003);
#64=CIRCLE('',#3366,0.003);
#65=CIRCLE('',#3382,0.002);
#66=CIRCLE('',#3384,0.002);
#67=CIRCLE('',#3387,0.002);
#68=CIRCLE('',#3391,0.002);
#69=CIRCLE('',#3407,0.0035);
#70=CIRCLE('',#3409,0.0035);
#71=CIRCLE('',#3411,0.002);
#72=CIRCLE('',#3413,0.002);
#73=CIRCLE('',#3415,0.0035);
#74=CIRCLE('',#3417,0.002);
#75=CIRCLE('',#3419,0.0035);
#76=CIRCLE('',#3421,0.0035);
#77=CIRCLE('',#3423,0.002);
#78=CIRCLE('',#3425,0.0035);
#79=CIRCLE('',#3427,0.0035);
#80=CIRCLE('',#3441,0.0035);
#81=CIRCLE('',#3443,0.0035);
#82=CIRCLE('',#3445,0.002);
#83=CIRCLE('',#3447,0.002);
#84=CIRCLE('',#3449,0.0035);
#85=CIRCLE('',#3451,0.002);
#86=CIRCLE('',#3453,0.0035);
#87=CIRCLE('',#3455,0.0035);
#88=CIRCLE('',#3457,0.002);
#89=CIRCLE('',#3459,0.0035);
#90=CIRCLE('',#3461,0.0035);
#91=CIRCLE('',#3475,0.0035);
#92=CIRCLE('',#3477,0.0035);
#93=CIRCLE('',#3479,0.002);
#94=CIRCLE('',#3481,0.002);
#95=CIRCLE('',#3483,0.0035);
#96=CIRCLE('',#3485,0.002);
#97=CIRCLE('',#3487,0.0035);
#98=CIRCLE('',#3489,0.0035);
#99=CIRCLE('',#3491,0.002);
#100=CIRCLE('',#3493,0.0035);
#101=CIRCLE('',#3495,0.0035);
#102=CIRCLE('',#3497,0.0035);
#103=CIRCLE('',#3499,0.0035);
#104=CIRCLE('',#3500,0.0035);
#105=CIRCLE('',#3502,0.0035);
#106=CIRCLE('',#3503,0.0035);
#107=CIRCLE('',#3505,0.0035);
#108=CIRCLE('',#3506,0.0035);
#109=CIRCLE('',#3510,0.015);
#110=CIRCLE('',#3511,0.015);
#111=CIRCLE('',#3512,0.0149999999999997);
#112=CIRCLE('',#3516,0.015);
#113=CIRCLE('',#3521,0.015);
#114=CIRCLE('',#3524,0.002);
#115=CIRCLE('',#3525,0.002);
#116=CIRCLE('',#3526,0.002);
#117=CIRCLE('',#3529,0.0149999999999997);
#118=CIRCLE('',#3532,0.002);
#119=CIRCLE('',#3548,0.00425);
#120=CIRCLE('',#3549,0.00425);
#121=CIRCLE('',#3557,0.00425);
#122=CIRCLE('',#3558,0.00425);
#123=ORIENTED_EDGE('',*,*,#1043,.T.);
#124=ORIENTED_EDGE('',*,*,#1044,.T.);
#125=ORIENTED_EDGE('',*,*,#1045,.T.);
#126=ORIENTED_EDGE('',*,*,#1046,.T.);
#127=ORIENTED_EDGE('',*,*,#1047,.F.);
#128=ORIENTED_EDGE('',*,*,#1048,.T.);
#129=ORIENTED_EDGE('',*,*,#1049,.F.);
#130=ORIENTED_EDGE('',*,*,#1050,.F.);
#131=ORIENTED_EDGE('',*,*,#1051,.T.);
#132=ORIENTED_EDGE('',*,*,#1052,.T.);
#133=ORIENTED_EDGE('',*,*,#1053,.F.);
#134=ORIENTED_EDGE('',*,*,#1054,.T.);
#135=ORIENTED_EDGE('',*,*,#1055,.T.);
#136=ORIENTED_EDGE('',*,*,#1056,.T.);
#137=ORIENTED_EDGE('',*,*,#1057,.T.);
#138=ORIENTED_EDGE('',*,*,#1058,.T.);
#139=ORIENTED_EDGE('',*,*,#1059,.F.);
#140=ORIENTED_EDGE('',*,*,#1060,.T.);
#141=ORIENTED_EDGE('',*,*,#1061,.T.);
#142=ORIENTED_EDGE('',*,*,#1062,.T.);
#143=ORIENTED_EDGE('',*,*,#1063,.T.);
#144=ORIENTED_EDGE('',*,*,#1064,.T.);
#145=ORIENTED_EDGE('',*,*,#1065,.F.);
#146=ORIENTED_EDGE('',*,*,#1066,.T.);
#147=ORIENTED_EDGE('',*,*,#1067,.T.);
#148=ORIENTED_EDGE('',*,*,#1068,.T.);
#149=ORIENTED_EDGE('',*,*,#1069,.T.);
#150=ORIENTED_EDGE('',*,*,#1070,.F.);
#151=ORIENTED_EDGE('',*,*,#1071,.T.);
#152=ORIENTED_EDGE('',*,*,#1072,.T.);
#153=ORIENTED_EDGE('',*,*,#1073,.F.);
#154=ORIENTED_EDGE('',*,*,#1047,.T.);
#155=ORIENTED_EDGE('',*,*,#1074,.F.);
#156=ORIENTED_EDGE('',*,*,#1075,.F.);
#157=ORIENTED_EDGE('',*,*,#1076,.T.);
#158=ORIENTED_EDGE('',*,*,#1077,.F.);
#159=ORIENTED_EDGE('',*,*,#1078,.F.);
#160=ORIENTED_EDGE('',*,*,#1079,.T.);
#161=ORIENTED_EDGE('',*,*,#1080,.F.);
#162=ORIENTED_EDGE('',*,*,#1081,.T.);
#163=ORIENTED_EDGE('',*,*,#1082,.F.);
#164=ORIENTED_EDGE('',*,*,#1051,.F.);
#165=ORIENTED_EDGE('',*,*,#1083,.T.);
#166=ORIENTED_EDGE('',*,*,#1084,.T.);
#167=ORIENTED_EDGE('',*,*,#1085,.T.);
#168=ORIENTED_EDGE('',*,*,#1086,.F.);
#169=ORIENTED_EDGE('',*,*,#1087,.F.);
#170=ORIENTED_EDGE('',*,*,#1088,.F.);
#171=ORIENTED_EDGE('',*,*,#1089,.F.);
#172=ORIENTED_EDGE('',*,*,#1090,.T.);
#173=ORIENTED_EDGE('',*,*,#1091,.F.);
#174=ORIENTED_EDGE('',*,*,#1092,.T.);
#175=ORIENTED_EDGE('',*,*,#1093,.F.);
#176=ORIENTED_EDGE('',*,*,#1094,.F.);
#177=ORIENTED_EDGE('',*,*,#1095,.F.);
#178=ORIENTED_EDGE('',*,*,#1073,.T.);
#179=ORIENTED_EDGE('',*,*,#1096,.T.);
#180=ORIENTED_EDGE('',*,*,#1097,.T.);
#181=ORIENTED_EDGE('',*,*,#1098,.F.);
#182=ORIENTED_EDGE('',*,*,#1099,.F.);
#183=ORIENTED_EDGE('',*,*,#1100,.T.);
#184=ORIENTED_EDGE('',*,*,#1101,.F.);
#185=ORIENTED_EDGE('',*,*,#1102,.F.);
#186=ORIENTED_EDGE('',*,*,#1103,.F.);
#187=ORIENTED_EDGE('',*,*,#1089,.T.);
#188=ORIENTED_EDGE('',*,*,#1104,.T.);
#189=ORIENTED_EDGE('',*,*,#1105,.T.);
#190=ORIENTED_EDGE('',*,*,#1106,.T.);
#191=ORIENTED_EDGE('',*,*,#1107,.F.);
#192=ORIENTED_EDGE('',*,*,#1108,.F.);
#193=ORIENTED_EDGE('',*,*,#1102,.T.);
#194=ORIENTED_EDGE('',*,*,#1109,.T.);
#195=ORIENTED_EDGE('',*,*,#1110,.F.);
#196=ORIENTED_EDGE('',*,*,#1111,.F.);
#197=ORIENTED_EDGE('',*,*,#1112,.F.);
#198=ORIENTED_EDGE('',*,*,#1078,.T.);
#199=ORIENTED_EDGE('',*,*,#1113,.F.);
#200=ORIENTED_EDGE('',*,*,#1114,.F.);
#201=ORIENTED_EDGE('',*,*,#1115,.T.);
#202=ORIENTED_EDGE('',*,*,#1116,.F.);
#203=ORIENTED_EDGE('',*,*,#1117,.F.);
#204=ORIENTED_EDGE('',*,*,#1111,.T.);
#205=ORIENTED_EDGE('',*,*,#1118,.T.);
#206=ORIENTED_EDGE('',*,*,#1119,.F.);
#207=ORIENTED_EDGE('',*,*,#1120,.F.);
#208=ORIENTED_EDGE('',*,*,#1097,.F.);
#209=ORIENTED_EDGE('',*,*,#1121,.T.);
#210=ORIENTED_EDGE('',*,*,#1122,.F.);
#211=ORIENTED_EDGE('',*,*,#1123,.F.);
#212=ORIENTED_EDGE('',*,*,#1124,.T.);
#213=ORIENTED_EDGE('',*,*,#1125,.F.);
#214=ORIENTED_EDGE('',*,*,#1081,.F.);
#215=ORIENTED_EDGE('',*,*,#1126,.T.);
#216=ORIENTED_EDGE('',*,*,#1127,.F.);
#217=ORIENTED_EDGE('',*,*,#1128,.T.);
#218=ORIENTED_EDGE('',*,*,#1129,.F.);
#219=ORIENTED_EDGE('',*,*,#1130,.T.);
#220=ORIENTED_EDGE('',*,*,#1075,.T.);
#221=ORIENTED_EDGE('',*,*,#1114,.T.);
#222=ORIENTED_EDGE('',*,*,#1131,.T.);
#223=ORIENTED_EDGE('',*,*,#1132,.F.);
#224=ORIENTED_EDGE('',*,*,#1133,.F.);
#225=ORIENTED_EDGE('',*,*,#1134,.T.);
#226=ORIENTED_EDGE('',*,*,#1135,.T.);
#227=ORIENTED_EDGE('',*,*,#1136,.T.);
#228=ORIENTED_EDGE('',*,*,#1137,.T.);
#229=ORIENTED_EDGE('',*,*,#1138,.T.);
#230=ORIENTED_EDGE('',*,*,#1139,.F.);
#231=ORIENTED_EDGE('',*,*,#1140,.T.);
#232=ORIENTED_EDGE('',*,*,#1141,.T.);
#233=ORIENTED_EDGE('',*,*,#1142,.F.);
#234=ORIENTED_EDGE('',*,*,#1143,.T.);
#235=ORIENTED_EDGE('',*,*,#1144,.T.);
#236=ORIENTED_EDGE('',*,*,#1145,.T.);
#237=ORIENTED_EDGE('',*,*,#1146,.T.);
#238=ORIENTED_EDGE('',*,*,#1147,.F.);
#239=ORIENTED_EDGE('',*,*,#1148,.T.);
#240=ORIENTED_EDGE('',*,*,#1149,.T.);
#241=ORIENTED_EDGE('',*,*,#1150,.T.);
#242=ORIENTED_EDGE('',*,*,#1151,.T.);
#243=ORIENTED_EDGE('',*,*,#1152,.F.);
#244=ORIENTED_EDGE('',*,*,#1153,.F.);
#245=ORIENTED_EDGE('',*,*,#1154,.F.);
#246=ORIENTED_EDGE('',*,*,#1155,.F.);
#247=ORIENTED_EDGE('',*,*,#1156,.T.);
#248=ORIENTED_EDGE('',*,*,#1157,.F.);
#249=ORIENTED_EDGE('',*,*,#1158,.F.);
#250=ORIENTED_EDGE('',*,*,#1159,.F.);
#251=ORIENTED_EDGE('',*,*,#1160,.T.);
#252=ORIENTED_EDGE('',*,*,#1161,.T.);
#253=ORIENTED_EDGE('',*,*,#1162,.F.);
#254=ORIENTED_EDGE('',*,*,#1163,.T.);
#255=ORIENTED_EDGE('',*,*,#1164,.F.);
#256=ORIENTED_EDGE('',*,*,#1165,.T.);
#257=ORIENTED_EDGE('',*,*,#1166,.T.);
#258=ORIENTED_EDGE('',*,*,#1165,.F.);
#259=ORIENTED_EDGE('',*,*,#1167,.F.);
#260=ORIENTED_EDGE('',*,*,#1168,.T.);
#261=ORIENTED_EDGE('',*,*,#1169,.T.);
#262=ORIENTED_EDGE('',*,*,#1170,.T.);
#263=ORIENTED_EDGE('',*,*,#1171,.F.);
#264=ORIENTED_EDGE('',*,*,#1172,.F.);
#265=ORIENTED_EDGE('',*,*,#1173,.T.);
#266=ORIENTED_EDGE('',*,*,#1174,.T.);
#267=ORIENTED_EDGE('',*,*,#1175,.T.);
#268=ORIENTED_EDGE('',*,*,#1176,.F.);
#269=ORIENTED_EDGE('',*,*,#1177,.T.);
#270=ORIENTED_EDGE('',*,*,#1178,.F.);
#271=ORIENTED_EDGE('',*,*,#1171,.T.);
#272=ORIENTED_EDGE('',*,*,#1179,.F.);
#273=ORIENTED_EDGE('',*,*,#1067,.F.);
#274=ORIENTED_EDGE('',*,*,#1180,.T.);
#275=ORIENTED_EDGE('',*,*,#1173,.F.);
#276=ORIENTED_EDGE('',*,*,#1181,.T.);
#277=ORIENTED_EDGE('',*,*,#1174,.F.);
#278=ORIENTED_EDGE('',*,*,#1182,.F.);
#279=ORIENTED_EDGE('',*,*,#1183,.T.);
#280=ORIENTED_EDGE('',*,*,#1184,.T.);
#281=ORIENTED_EDGE('',*,*,#1183,.F.);
#282=ORIENTED_EDGE('',*,*,#1185,.F.);
#283=ORIENTED_EDGE('',*,*,#1162,.T.);
#284=ORIENTED_EDGE('',*,*,#1186,.F.);
#285=ORIENTED_EDGE('',*,*,#1163,.F.);
#286=ORIENTED_EDGE('',*,*,#1187,.T.);
#287=ORIENTED_EDGE('',*,*,#1065,.T.);
#288=ORIENTED_EDGE('',*,*,#1188,.T.);
#289=ORIENTED_EDGE('',*,*,#1169,.F.);
#290=ORIENTED_EDGE('',*,*,#1189,.F.);
#291=ORIENTED_EDGE('',*,*,#1190,.T.);
#292=ORIENTED_EDGE('',*,*,#1191,.T.);
#293=ORIENTED_EDGE('',*,*,#1190,.F.);
#294=ORIENTED_EDGE('',*,*,#1192,.F.);
#295=ORIENTED_EDGE('',*,*,#1176,.T.);
#296=ORIENTED_EDGE('',*,*,#1193,.F.);
#297=ORIENTED_EDGE('',*,*,#1177,.F.);
#298=ORIENTED_EDGE('',*,*,#1194,.T.);
#299=ORIENTED_EDGE('',*,*,#1059,.T.);
#300=ORIENTED_EDGE('',*,*,#1195,.F.);
#301=ORIENTED_EDGE('',*,*,#1061,.F.);
#302=ORIENTED_EDGE('',*,*,#1196,.T.);
#303=ORIENTED_EDGE('',*,*,#1168,.F.);
#304=ORIENTED_EDGE('',*,*,#1197,.F.);
#305=ORIENTED_EDGE('',*,*,#1063,.F.);
#306=ORIENTED_EDGE('',*,*,#1198,.F.);
#307=ORIENTED_EDGE('',*,*,#1167,.T.);
#308=ORIENTED_EDGE('',*,*,#1164,.T.);
#309=ORIENTED_EDGE('',*,*,#1199,.F.);
#310=ORIENTED_EDGE('',*,*,#1172,.T.);
#311=ORIENTED_EDGE('',*,*,#1178,.T.);
#312=ORIENTED_EDGE('',*,*,#1200,.F.);
#313=ORIENTED_EDGE('',*,*,#1057,.F.);
#314=ORIENTED_EDGE('',*,*,#1184,.F.);
#315=ORIENTED_EDGE('',*,*,#1161,.F.);
#316=ORIENTED_EDGE('',*,*,#1201,.T.);
#317=ORIENTED_EDGE('',*,*,#1181,.F.);
#318=ORIENTED_EDGE('',*,*,#1202,.T.);
#319=ORIENTED_EDGE('',*,*,#1170,.F.);
#320=ORIENTED_EDGE('',*,*,#1196,.F.);
#321=ORIENTED_EDGE('',*,*,#1060,.F.);
#322=ORIENTED_EDGE('',*,*,#1194,.F.);
#323=ORIENTED_EDGE('',*,*,#1192,.T.);
#324=ORIENTED_EDGE('',*,*,#1189,.T.);
#325=ORIENTED_EDGE('',*,*,#1166,.F.);
#326=ORIENTED_EDGE('',*,*,#1188,.F.);
#327=ORIENTED_EDGE('',*,*,#1203,.T.);
#328=ORIENTED_EDGE('',*,*,#1187,.F.);
#329=ORIENTED_EDGE('',*,*,#1185,.T.);
#330=ORIENTED_EDGE('',*,*,#1182,.T.);
#331=ORIENTED_EDGE('',*,*,#1180,.F.);
#332=ORIENTED_EDGE('',*,*,#1066,.F.);
#333=ORIENTED_EDGE('',*,*,#1179,.T.);
#334=ORIENTED_EDGE('',*,*,#1199,.T.);
#335=ORIENTED_EDGE('',*,*,#1056,.F.);
#336=ORIENTED_EDGE('',*,*,#1191,.F.);
#337=ORIENTED_EDGE('',*,*,#1175,.F.);
#338=ORIENTED_EDGE('',*,*,#1204,.T.);
#339=ORIENTED_EDGE('',*,*,#1064,.F.);
#340=ORIENTED_EDGE('',*,*,#1197,.T.);
#341=ORIENTED_EDGE('',*,*,#1186,.T.);
#342=ORIENTED_EDGE('',*,*,#1062,.F.);
#343=ORIENTED_EDGE('',*,*,#1195,.T.);
#344=ORIENTED_EDGE('',*,*,#1198,.T.);
#345=ORIENTED_EDGE('',*,*,#1205,.T.);
#346=ORIENTED_EDGE('',*,*,#1206,.F.);
#347=ORIENTED_EDGE('',*,*,#1207,.T.);
#348=ORIENTED_EDGE('',*,*,#1208,.F.);
#349=ORIENTED_EDGE('',*,*,#1209,.T.);
#350=ORIENTED_EDGE('',*,*,#1210,.T.);
#351=ORIENTED_EDGE('',*,*,#1209,.F.);
#352=ORIENTED_EDGE('',*,*,#1211,.F.);
#353=ORIENTED_EDGE('',*,*,#1212,.T.);
#354=ORIENTED_EDGE('',*,*,#1213,.T.);
#355=ORIENTED_EDGE('',*,*,#1214,.T.);
#356=ORIENTED_EDGE('',*,*,#1215,.F.);
#357=ORIENTED_EDGE('',*,*,#1216,.F.);
#358=ORIENTED_EDGE('',*,*,#1217,.T.);
#359=ORIENTED_EDGE('',*,*,#1218,.T.);
#360=ORIENTED_EDGE('',*,*,#1219,.T.);
#361=ORIENTED_EDGE('',*,*,#1220,.F.);
#362=ORIENTED_EDGE('',*,*,#1221,.T.);
#363=ORIENTED_EDGE('',*,*,#1222,.F.);
#364=ORIENTED_EDGE('',*,*,#1215,.T.);
#365=ORIENTED_EDGE('',*,*,#1223,.F.);
#366=ORIENTED_EDGE('',*,*,#1224,.F.);
#367=ORIENTED_EDGE('',*,*,#1225,.T.);
#368=ORIENTED_EDGE('',*,*,#1217,.F.);
#369=ORIENTED_EDGE('',*,*,#1226,.T.);
#370=ORIENTED_EDGE('',*,*,#1218,.F.);
#371=ORIENTED_EDGE('',*,*,#1227,.F.);
#372=ORIENTED_EDGE('',*,*,#1228,.T.);
#373=ORIENTED_EDGE('',*,*,#1229,.T.);
#374=ORIENTED_EDGE('',*,*,#1228,.F.);
#375=ORIENTED_EDGE('',*,*,#1230,.F.);
#376=ORIENTED_EDGE('',*,*,#1206,.T.);
#377=ORIENTED_EDGE('',*,*,#1231,.F.);
#378=ORIENTED_EDGE('',*,*,#1207,.F.);
#379=ORIENTED_EDGE('',*,*,#1232,.T.);
#380=ORIENTED_EDGE('',*,*,#1233,.T.);
#381=ORIENTED_EDGE('',*,*,#1234,.T.);
#382=ORIENTED_EDGE('',*,*,#1213,.F.);
#383=ORIENTED_EDGE('',*,*,#1235,.F.);
#384=ORIENTED_EDGE('',*,*,#1236,.T.);
#385=ORIENTED_EDGE('',*,*,#1237,.T.);
#386=ORIENTED_EDGE('',*,*,#1236,.F.);
#387=ORIENTED_EDGE('',*,*,#1238,.F.);
#388=ORIENTED_EDGE('',*,*,#1220,.T.);
#389=ORIENTED_EDGE('',*,*,#1239,.F.);
#390=ORIENTED_EDGE('',*,*,#1221,.F.);
#391=ORIENTED_EDGE('',*,*,#1240,.T.);
#392=ORIENTED_EDGE('',*,*,#1241,.T.);
#393=ORIENTED_EDGE('',*,*,#1242,.F.);
#394=ORIENTED_EDGE('',*,*,#1243,.F.);
#395=ORIENTED_EDGE('',*,*,#1244,.T.);
#396=ORIENTED_EDGE('',*,*,#1212,.F.);
#397=ORIENTED_EDGE('',*,*,#1245,.F.);
#398=ORIENTED_EDGE('',*,*,#1246,.F.);
#399=ORIENTED_EDGE('',*,*,#1247,.F.);
#400=ORIENTED_EDGE('',*,*,#1211,.T.);
#401=ORIENTED_EDGE('',*,*,#1208,.T.);
#402=ORIENTED_EDGE('',*,*,#1248,.F.);
#403=ORIENTED_EDGE('',*,*,#1216,.T.);
#404=ORIENTED_EDGE('',*,*,#1222,.T.);
#405=ORIENTED_EDGE('',*,*,#1249,.F.);
#406=ORIENTED_EDGE('',*,*,#1250,.F.);
#407=ORIENTED_EDGE('',*,*,#1229,.F.);
#408=ORIENTED_EDGE('',*,*,#1205,.F.);
#409=ORIENTED_EDGE('',*,*,#1251,.T.);
#410=ORIENTED_EDGE('',*,*,#1226,.F.);
#411=ORIENTED_EDGE('',*,*,#1252,.T.);
#412=ORIENTED_EDGE('',*,*,#1214,.F.);
#413=ORIENTED_EDGE('',*,*,#1244,.F.);
#414=ORIENTED_EDGE('',*,*,#1253,.F.);
#415=ORIENTED_EDGE('',*,*,#1240,.F.);
#416=ORIENTED_EDGE('',*,*,#1238,.T.);
#417=ORIENTED_EDGE('',*,*,#1235,.T.);
#418=ORIENTED_EDGE('',*,*,#1210,.F.);
#419=ORIENTED_EDGE('',*,*,#1234,.F.);
#420=ORIENTED_EDGE('',*,*,#1254,.T.);
#421=ORIENTED_EDGE('',*,*,#1232,.F.);
#422=ORIENTED_EDGE('',*,*,#1230,.T.);
#423=ORIENTED_EDGE('',*,*,#1227,.T.);
#424=ORIENTED_EDGE('',*,*,#1225,.F.);
#425=ORIENTED_EDGE('',*,*,#1255,.F.);
#426=ORIENTED_EDGE('',*,*,#1223,.T.);
#427=ORIENTED_EDGE('',*,*,#1248,.T.);
#428=ORIENTED_EDGE('',*,*,#1256,.F.);
#429=ORIENTED_EDGE('',*,*,#1237,.F.);
#430=ORIENTED_EDGE('',*,*,#1219,.F.);
#431=ORIENTED_EDGE('',*,*,#1257,.T.);
#432=ORIENTED_EDGE('',*,*,#1258,.F.);
#433=ORIENTED_EDGE('',*,*,#1245,.T.);
#434=ORIENTED_EDGE('',*,*,#1231,.T.);
#435=ORIENTED_EDGE('',*,*,#1259,.F.);
#436=ORIENTED_EDGE('',*,*,#1242,.T.);
#437=ORIENTED_EDGE('',*,*,#1247,.T.);
#438=ORIENTED_EDGE('',*,*,#1260,.T.);
#439=ORIENTED_EDGE('',*,*,#1261,.F.);
#440=ORIENTED_EDGE('',*,*,#1262,.T.);
#441=ORIENTED_EDGE('',*,*,#1263,.F.);
#442=ORIENTED_EDGE('',*,*,#1264,.T.);
#443=ORIENTED_EDGE('',*,*,#1265,.T.);
#444=ORIENTED_EDGE('',*,*,#1264,.F.);
#445=ORIENTED_EDGE('',*,*,#1266,.F.);
#446=ORIENTED_EDGE('',*,*,#1267,.T.);
#447=ORIENTED_EDGE('',*,*,#1268,.T.);
#448=ORIENTED_EDGE('',*,*,#1269,.T.);
#449=ORIENTED_EDGE('',*,*,#1270,.F.);
#450=ORIENTED_EDGE('',*,*,#1271,.F.);
#451=ORIENTED_EDGE('',*,*,#1272,.T.);
#452=ORIENTED_EDGE('',*,*,#1273,.T.);
#453=ORIENTED_EDGE('',*,*,#1274,.T.);
#454=ORIENTED_EDGE('',*,*,#1275,.F.);
#455=ORIENTED_EDGE('',*,*,#1276,.T.);
#456=ORIENTED_EDGE('',*,*,#1277,.F.);
#457=ORIENTED_EDGE('',*,*,#1270,.T.);
#458=ORIENTED_EDGE('',*,*,#1278,.F.);
#459=ORIENTED_EDGE('',*,*,#1279,.F.);
#460=ORIENTED_EDGE('',*,*,#1280,.T.);
#461=ORIENTED_EDGE('',*,*,#1272,.F.);
#462=ORIENTED_EDGE('',*,*,#1281,.T.);
#463=ORIENTED_EDGE('',*,*,#1273,.F.);
#464=ORIENTED_EDGE('',*,*,#1282,.F.);
#465=ORIENTED_EDGE('',*,*,#1283,.T.);
#466=ORIENTED_EDGE('',*,*,#1284,.T.);
#467=ORIENTED_EDGE('',*,*,#1283,.F.);
#468=ORIENTED_EDGE('',*,*,#1285,.F.);
#469=ORIENTED_EDGE('',*,*,#1261,.T.);
#470=ORIENTED_EDGE('',*,*,#1286,.F.);
#471=ORIENTED_EDGE('',*,*,#1262,.F.);
#472=ORIENTED_EDGE('',*,*,#1287,.T.);
#473=ORIENTED_EDGE('',*,*,#1288,.T.);
#474=ORIENTED_EDGE('',*,*,#1289,.T.);
#475=ORIENTED_EDGE('',*,*,#1268,.F.);
#476=ORIENTED_EDGE('',*,*,#1290,.F.);
#477=ORIENTED_EDGE('',*,*,#1291,.T.);
#478=ORIENTED_EDGE('',*,*,#1292,.T.);
#479=ORIENTED_EDGE('',*,*,#1291,.F.);
#480=ORIENTED_EDGE('',*,*,#1293,.F.);
#481=ORIENTED_EDGE('',*,*,#1275,.T.);
#482=ORIENTED_EDGE('',*,*,#1294,.F.);
#483=ORIENTED_EDGE('',*,*,#1276,.F.);
#484=ORIENTED_EDGE('',*,*,#1295,.T.);
#485=ORIENTED_EDGE('',*,*,#1296,.T.);
#486=ORIENTED_EDGE('',*,*,#1297,.F.);
#487=ORIENTED_EDGE('',*,*,#1298,.F.);
#488=ORIENTED_EDGE('',*,*,#1299,.T.);
#489=ORIENTED_EDGE('',*,*,#1267,.F.);
#490=ORIENTED_EDGE('',*,*,#1300,.F.);
#491=ORIENTED_EDGE('',*,*,#1301,.F.);
#492=ORIENTED_EDGE('',*,*,#1302,.F.);
#493=ORIENTED_EDGE('',*,*,#1266,.T.);
#494=ORIENTED_EDGE('',*,*,#1263,.T.);
#495=ORIENTED_EDGE('',*,*,#1303,.F.);
#496=ORIENTED_EDGE('',*,*,#1271,.T.);
#497=ORIENTED_EDGE('',*,*,#1277,.T.);
#498=ORIENTED_EDGE('',*,*,#1304,.F.);
#499=ORIENTED_EDGE('',*,*,#1305,.F.);
#500=ORIENTED_EDGE('',*,*,#1284,.F.);
#501=ORIENTED_EDGE('',*,*,#1260,.F.);
#502=ORIENTED_EDGE('',*,*,#1306,.T.);
#503=ORIENTED_EDGE('',*,*,#1281,.F.);
#504=ORIENTED_EDGE('',*,*,#1307,.T.);
#505=ORIENTED_EDGE('',*,*,#1269,.F.);
#506=ORIENTED_EDGE('',*,*,#1299,.F.);
#507=ORIENTED_EDGE('',*,*,#1308,.F.);
#508=ORIENTED_EDGE('',*,*,#1295,.F.);
#509=ORIENTED_EDGE('',*,*,#1293,.T.);
#510=ORIENTED_EDGE('',*,*,#1290,.T.);
#511=ORIENTED_EDGE('',*,*,#1265,.F.);
#512=ORIENTED_EDGE('',*,*,#1289,.F.);
#513=ORIENTED_EDGE('',*,*,#1309,.T.);
#514=ORIENTED_EDGE('',*,*,#1287,.F.);
#515=ORIENTED_EDGE('',*,*,#1285,.T.);
#516=ORIENTED_EDGE('',*,*,#1282,.T.);
#517=ORIENTED_EDGE('',*,*,#1280,.F.);
#518=ORIENTED_EDGE('',*,*,#1310,.F.);
#519=ORIENTED_EDGE('',*,*,#1278,.T.);
#520=ORIENTED_EDGE('',*,*,#1303,.T.);
#521=ORIENTED_EDGE('',*,*,#1311,.F.);
#522=ORIENTED_EDGE('',*,*,#1292,.F.);
#523=ORIENTED_EDGE('',*,*,#1274,.F.);
#524=ORIENTED_EDGE('',*,*,#1312,.T.);
#525=ORIENTED_EDGE('',*,*,#1313,.F.);
#526=ORIENTED_EDGE('',*,*,#1300,.T.);
#527=ORIENTED_EDGE('',*,*,#1286,.T.);
#528=ORIENTED_EDGE('',*,*,#1314,.F.);
#529=ORIENTED_EDGE('',*,*,#1297,.T.);
#530=ORIENTED_EDGE('',*,*,#1302,.T.);
#531=ORIENTED_EDGE('',*,*,#1315,.T.);
#532=ORIENTED_EDGE('',*,*,#1316,.F.);
#533=ORIENTED_EDGE('',*,*,#1317,.T.);
#534=ORIENTED_EDGE('',*,*,#1318,.F.);
#535=ORIENTED_EDGE('',*,*,#1319,.T.);
#536=ORIENTED_EDGE('',*,*,#1320,.T.);
#537=ORIENTED_EDGE('',*,*,#1319,.F.);
#538=ORIENTED_EDGE('',*,*,#1321,.F.);
#539=ORIENTED_EDGE('',*,*,#1322,.T.);
#540=ORIENTED_EDGE('',*,*,#1323,.T.);
#541=ORIENTED_EDGE('',*,*,#1324,.T.);
#542=ORIENTED_EDGE('',*,*,#1325,.F.);
#543=ORIENTED_EDGE('',*,*,#1326,.F.);
#544=ORIENTED_EDGE('',*,*,#1327,.T.);
#545=ORIENTED_EDGE('',*,*,#1328,.T.);
#546=ORIENTED_EDGE('',*,*,#1329,.T.);
#547=ORIENTED_EDGE('',*,*,#1330,.F.);
#548=ORIENTED_EDGE('',*,*,#1331,.T.);
#549=ORIENTED_EDGE('',*,*,#1332,.F.);
#550=ORIENTED_EDGE('',*,*,#1325,.T.);
#551=ORIENTED_EDGE('',*,*,#1333,.F.);
#552=ORIENTED_EDGE('',*,*,#1334,.F.);
#553=ORIENTED_EDGE('',*,*,#1335,.T.);
#554=ORIENTED_EDGE('',*,*,#1327,.F.);
#555=ORIENTED_EDGE('',*,*,#1336,.T.);
#556=ORIENTED_EDGE('',*,*,#1328,.F.);
#557=ORIENTED_EDGE('',*,*,#1337,.F.);
#558=ORIENTED_EDGE('',*,*,#1338,.T.);
#559=ORIENTED_EDGE('',*,*,#1339,.T.);
#560=ORIENTED_EDGE('',*,*,#1338,.F.);
#561=ORIENTED_EDGE('',*,*,#1340,.F.);
#562=ORIENTED_EDGE('',*,*,#1316,.T.);
#563=ORIENTED_EDGE('',*,*,#1341,.F.);
#564=ORIENTED_EDGE('',*,*,#1317,.F.);
#565=ORIENTED_EDGE('',*,*,#1342,.T.);
#566=ORIENTED_EDGE('',*,*,#1343,.T.);
#567=ORIENTED_EDGE('',*,*,#1344,.T.);
#568=ORIENTED_EDGE('',*,*,#1323,.F.);
#569=ORIENTED_EDGE('',*,*,#1345,.F.);
#570=ORIENTED_EDGE('',*,*,#1346,.T.);
#571=ORIENTED_EDGE('',*,*,#1347,.T.);
#572=ORIENTED_EDGE('',*,*,#1346,.F.);
#573=ORIENTED_EDGE('',*,*,#1348,.F.);
#574=ORIENTED_EDGE('',*,*,#1330,.T.);
#575=ORIENTED_EDGE('',*,*,#1349,.F.);
#576=ORIENTED_EDGE('',*,*,#1331,.F.);
#577=ORIENTED_EDGE('',*,*,#1350,.T.);
#578=ORIENTED_EDGE('',*,*,#1351,.T.);
#579=ORIENTED_EDGE('',*,*,#1352,.F.);
#580=ORIENTED_EDGE('',*,*,#1353,.F.);
#581=ORIENTED_EDGE('',*,*,#1354,.T.);
#582=ORIENTED_EDGE('',*,*,#1322,.F.);
#583=ORIENTED_EDGE('',*,*,#1355,.F.);
#584=ORIENTED_EDGE('',*,*,#1356,.F.);
#585=ORIENTED_EDGE('',*,*,#1357,.F.);
#586=ORIENTED_EDGE('',*,*,#1321,.T.);
#587=ORIENTED_EDGE('',*,*,#1318,.T.);
#588=ORIENTED_EDGE('',*,*,#1358,.F.);
#589=ORIENTED_EDGE('',*,*,#1326,.T.);
#590=ORIENTED_EDGE('',*,*,#1332,.T.);
#591=ORIENTED_EDGE('',*,*,#1359,.F.);
#592=ORIENTED_EDGE('',*,*,#1360,.F.);
#593=ORIENTED_EDGE('',*,*,#1339,.F.);
#594=ORIENTED_EDGE('',*,*,#1315,.F.);
#595=ORIENTED_EDGE('',*,*,#1361,.T.);
#596=ORIENTED_EDGE('',*,*,#1336,.F.);
#597=ORIENTED_EDGE('',*,*,#1362,.T.);
#598=ORIENTED_EDGE('',*,*,#1324,.F.);
#599=ORIENTED_EDGE('',*,*,#1354,.F.);
#600=ORIENTED_EDGE('',*,*,#1363,.F.);
#601=ORIENTED_EDGE('',*,*,#1350,.F.);
#602=ORIENTED_EDGE('',*,*,#1348,.T.);
#603=ORIENTED_EDGE('',*,*,#1345,.T.);
#604=ORIENTED_EDGE('',*,*,#1320,.F.);
#605=ORIENTED_EDGE('',*,*,#1344,.F.);
#606=ORIENTED_EDGE('',*,*,#1364,.T.);
#607=ORIENTED_EDGE('',*,*,#1342,.F.);
#608=ORIENTED_EDGE('',*,*,#1340,.T.);
#609=ORIENTED_EDGE('',*,*,#1337,.T.);
#610=ORIENTED_EDGE('',*,*,#1335,.F.);
#611=ORIENTED_EDGE('',*,*,#1365,.F.);
#612=ORIENTED_EDGE('',*,*,#1333,.T.);
#613=ORIENTED_EDGE('',*,*,#1358,.T.);
#614=ORIENTED_EDGE('',*,*,#1366,.F.);
#615=ORIENTED_EDGE('',*,*,#1347,.F.);
#616=ORIENTED_EDGE('',*,*,#1329,.F.);
#617=ORIENTED_EDGE('',*,*,#1367,.T.);
#618=ORIENTED_EDGE('',*,*,#1368,.F.);
#619=ORIENTED_EDGE('',*,*,#1355,.T.);
#620=ORIENTED_EDGE('',*,*,#1341,.T.);
#621=ORIENTED_EDGE('',*,*,#1369,.F.);
#622=ORIENTED_EDGE('',*,*,#1352,.T.);
#623=ORIENTED_EDGE('',*,*,#1357,.T.);
#624=ORIENTED_EDGE('',*,*,#1100,.F.);
#625=ORIENTED_EDGE('',*,*,#1370,.F.);
#626=ORIENTED_EDGE('',*,*,#1371,.F.);
#627=ORIENTED_EDGE('',*,*,#1366,.T.);
#628=ORIENTED_EDGE('',*,*,#1360,.T.);
#629=ORIENTED_EDGE('',*,*,#1372,.T.);
#630=ORIENTED_EDGE('',*,*,#1351,.F.);
#631=ORIENTED_EDGE('',*,*,#1363,.T.);
#632=ORIENTED_EDGE('',*,*,#1353,.T.);
#633=ORIENTED_EDGE('',*,*,#1369,.T.);
#634=ORIENTED_EDGE('',*,*,#1356,.T.);
#635=ORIENTED_EDGE('',*,*,#1368,.T.);
#636=ORIENTED_EDGE('',*,*,#1343,.F.);
#637=ORIENTED_EDGE('',*,*,#1365,.T.);
#638=ORIENTED_EDGE('',*,*,#1334,.T.);
#639=ORIENTED_EDGE('',*,*,#1373,.F.);
#640=ORIENTED_EDGE('',*,*,#1311,.T.);
#641=ORIENTED_EDGE('',*,*,#1305,.T.);
#642=ORIENTED_EDGE('',*,*,#1374,.T.);
#643=ORIENTED_EDGE('',*,*,#1296,.F.);
#644=ORIENTED_EDGE('',*,*,#1308,.T.);
#645=ORIENTED_EDGE('',*,*,#1298,.T.);
#646=ORIENTED_EDGE('',*,*,#1314,.T.);
#647=ORIENTED_EDGE('',*,*,#1301,.T.);
#648=ORIENTED_EDGE('',*,*,#1313,.T.);
#649=ORIENTED_EDGE('',*,*,#1288,.F.);
#650=ORIENTED_EDGE('',*,*,#1310,.T.);
#651=ORIENTED_EDGE('',*,*,#1279,.T.);
#652=ORIENTED_EDGE('',*,*,#1375,.F.);
#653=ORIENTED_EDGE('',*,*,#1256,.T.);
#654=ORIENTED_EDGE('',*,*,#1250,.T.);
#655=ORIENTED_EDGE('',*,*,#1376,.T.);
#656=ORIENTED_EDGE('',*,*,#1241,.F.);
#657=ORIENTED_EDGE('',*,*,#1253,.T.);
#658=ORIENTED_EDGE('',*,*,#1243,.T.);
#659=ORIENTED_EDGE('',*,*,#1259,.T.);
#660=ORIENTED_EDGE('',*,*,#1246,.T.);
#661=ORIENTED_EDGE('',*,*,#1258,.T.);
#662=ORIENTED_EDGE('',*,*,#1233,.F.);
#663=ORIENTED_EDGE('',*,*,#1255,.T.);
#664=ORIENTED_EDGE('',*,*,#1224,.T.);
#665=ORIENTED_EDGE('',*,*,#1377,.T.);
#666=ORIENTED_EDGE('',*,*,#1378,.T.);
#667=ORIENTED_EDGE('',*,*,#1379,.F.);
#668=ORIENTED_EDGE('',*,*,#1380,.T.);
#669=ORIENTED_EDGE('',*,*,#1381,.T.);
#670=ORIENTED_EDGE('',*,*,#1382,.T.);
#671=ORIENTED_EDGE('',*,*,#1383,.T.);
#672=ORIENTED_EDGE('',*,*,#1384,.F.);
#673=ORIENTED_EDGE('',*,*,#1385,.F.);
#674=ORIENTED_EDGE('',*,*,#1386,.T.);
#675=ORIENTED_EDGE('',*,*,#1387,.F.);
#676=ORIENTED_EDGE('',*,*,#1388,.T.);
#677=ORIENTED_EDGE('',*,*,#1389,.T.);
#678=ORIENTED_EDGE('',*,*,#1390,.F.);
#679=ORIENTED_EDGE('',*,*,#1391,.T.);
#680=ORIENTED_EDGE('',*,*,#1140,.F.);
#681=ORIENTED_EDGE('',*,*,#1392,.F.);
#682=ORIENTED_EDGE('',*,*,#1393,.T.);
#683=ORIENTED_EDGE('',*,*,#1394,.F.);
#684=ORIENTED_EDGE('',*,*,#1154,.T.);
#685=ORIENTED_EDGE('',*,*,#1395,.T.);
#686=ORIENTED_EDGE('',*,*,#1396,.F.);
#687=ORIENTED_EDGE('',*,*,#1158,.T.);
#688=ORIENTED_EDGE('',*,*,#1397,.T.);
#689=ORIENTED_EDGE('',*,*,#1398,.F.);
#690=ORIENTED_EDGE('',*,*,#1383,.F.);
#691=ORIENTED_EDGE('',*,*,#1399,.T.);
#692=ORIENTED_EDGE('',*,*,#1400,.F.);
#693=ORIENTED_EDGE('',*,*,#1401,.F.);
#694=ORIENTED_EDGE('',*,*,#1402,.F.);
#695=ORIENTED_EDGE('',*,*,#1403,.F.);
#696=ORIENTED_EDGE('',*,*,#1404,.F.);
#697=ORIENTED_EDGE('',*,*,#1405,.F.);
#698=ORIENTED_EDGE('',*,*,#1151,.F.);
#699=ORIENTED_EDGE('',*,*,#1406,.F.);
#700=ORIENTED_EDGE('',*,*,#1407,.F.);
#701=ORIENTED_EDGE('',*,*,#1147,.T.);
#702=ORIENTED_EDGE('',*,*,#1408,.T.);
#703=ORIENTED_EDGE('',*,*,#1134,.F.);
#704=ORIENTED_EDGE('',*,*,#1409,.T.);
#705=ORIENTED_EDGE('',*,*,#1410,.T.);
#706=ORIENTED_EDGE('',*,*,#1387,.T.);
#707=ORIENTED_EDGE('',*,*,#1411,.T.);
#708=ORIENTED_EDGE('',*,*,#1379,.T.);
#709=ORIENTED_EDGE('',*,*,#1412,.T.);
#710=ORIENTED_EDGE('',*,*,#1373,.T.);
#711=ORIENTED_EDGE('',*,*,#1371,.T.);
#712=ORIENTED_EDGE('',*,*,#1370,.T.);
#713=ORIENTED_EDGE('',*,*,#1375,.T.);
#714=ORIENTED_EDGE('',*,*,#1413,.T.);
#715=ORIENTED_EDGE('',*,*,#1049,.T.);
#716=ORIENTED_EDGE('',*,*,#1414,.T.);
#717=ORIENTED_EDGE('',*,*,#1415,.T.);
#718=ORIENTED_EDGE('',*,*,#1152,.T.);
#719=ORIENTED_EDGE('',*,*,#1405,.T.);
#720=ORIENTED_EDGE('',*,*,#1416,.F.);
#721=ORIENTED_EDGE('',*,*,#1416,.T.);
#722=ORIENTED_EDGE('',*,*,#1404,.T.);
#723=ORIENTED_EDGE('',*,*,#1417,.F.);
#724=ORIENTED_EDGE('',*,*,#1418,.T.);
#725=ORIENTED_EDGE('',*,*,#1417,.T.);
#726=ORIENTED_EDGE('',*,*,#1403,.T.);
#727=ORIENTED_EDGE('',*,*,#1419,.F.);
#728=ORIENTED_EDGE('',*,*,#1420,.T.);
#729=ORIENTED_EDGE('',*,*,#1421,.F.);
#730=ORIENTED_EDGE('',*,*,#1156,.F.);
#731=ORIENTED_EDGE('',*,*,#1422,.T.);
#732=ORIENTED_EDGE('',*,*,#1423,.F.);
#733=ORIENTED_EDGE('',*,*,#1160,.F.);
#734=ORIENTED_EDGE('',*,*,#1424,.T.);
#735=ORIENTED_EDGE('',*,*,#1419,.T.);
#736=ORIENTED_EDGE('',*,*,#1402,.T.);
#737=ORIENTED_EDGE('',*,*,#1425,.F.);
#738=ORIENTED_EDGE('',*,*,#1426,.T.);
#739=ORIENTED_EDGE('',*,*,#1425,.T.);
#740=ORIENTED_EDGE('',*,*,#1401,.T.);
#741=ORIENTED_EDGE('',*,*,#1427,.F.);
#742=ORIENTED_EDGE('',*,*,#1428,.T.);
#743=ORIENTED_EDGE('',*,*,#1427,.T.);
#744=ORIENTED_EDGE('',*,*,#1400,.T.);
#745=ORIENTED_EDGE('',*,*,#1429,.F.);
#746=ORIENTED_EDGE('',*,*,#1430,.T.);
#747=ORIENTED_EDGE('',*,*,#1399,.F.);
#748=ORIENTED_EDGE('',*,*,#1382,.F.);
#749=ORIENTED_EDGE('',*,*,#1431,.F.);
#750=ORIENTED_EDGE('',*,*,#1429,.T.);
#751=ORIENTED_EDGE('',*,*,#1381,.F.);
#752=ORIENTED_EDGE('',*,*,#1432,.T.);
#753=ORIENTED_EDGE('',*,*,#1385,.T.);
#754=ORIENTED_EDGE('',*,*,#1393,.F.);
#755=ORIENTED_EDGE('',*,*,#1392,.T.);
#756=ORIENTED_EDGE('',*,*,#1139,.T.);
#757=ORIENTED_EDGE('',*,*,#1433,.T.);
#758=ORIENTED_EDGE('',*,*,#1043,.F.);
#759=ORIENTED_EDGE('',*,*,#1413,.F.);
#760=ORIENTED_EDGE('',*,*,#1418,.F.);
#761=ORIENTED_EDGE('',*,*,#1420,.F.);
#762=ORIENTED_EDGE('',*,*,#1426,.F.);
#763=ORIENTED_EDGE('',*,*,#1428,.F.);
#764=ORIENTED_EDGE('',*,*,#1430,.F.);
#765=ORIENTED_EDGE('',*,*,#1431,.T.);
#766=ORIENTED_EDGE('',*,*,#1434,.F.);
#767=ORIENTED_EDGE('',*,*,#1435,.F.);
#768=ORIENTED_EDGE('',*,*,#1436,.F.);
#769=ORIENTED_EDGE('',*,*,#1384,.T.);
#770=ORIENTED_EDGE('',*,*,#1398,.T.);
#771=ORIENTED_EDGE('',*,*,#1437,.F.);
#772=ORIENTED_EDGE('',*,*,#1438,.T.);
#773=ORIENTED_EDGE('',*,*,#1437,.T.);
#774=ORIENTED_EDGE('',*,*,#1407,.T.);
#775=ORIENTED_EDGE('',*,*,#1439,.F.);
#776=ORIENTED_EDGE('',*,*,#1440,.T.);
#777=ORIENTED_EDGE('',*,*,#1439,.T.);
#778=ORIENTED_EDGE('',*,*,#1406,.T.);
#779=ORIENTED_EDGE('',*,*,#1150,.F.);
#780=ORIENTED_EDGE('',*,*,#1441,.T.);
#781=ORIENTED_EDGE('',*,*,#1149,.F.);
#782=ORIENTED_EDGE('',*,*,#1442,.T.);
#783=ORIENTED_EDGE('',*,*,#1377,.F.);
#784=ORIENTED_EDGE('',*,*,#1438,.F.);
#785=ORIENTED_EDGE('',*,*,#1440,.F.);
#786=ORIENTED_EDGE('',*,*,#1441,.F.);
#787=ORIENTED_EDGE('',*,*,#1443,.F.);
#788=ORIENTED_EDGE('',*,*,#1257,.F.);
#789=ORIENTED_EDGE('',*,*,#1252,.F.);
#790=ORIENTED_EDGE('',*,*,#1251,.F.);
#791=ORIENTED_EDGE('',*,*,#1254,.F.);
#792=ORIENTED_EDGE('',*,*,#1434,.T.);
#793=ORIENTED_EDGE('',*,*,#1376,.F.);
#794=ORIENTED_EDGE('',*,*,#1249,.T.);
#795=ORIENTED_EDGE('',*,*,#1239,.T.);
#796=ORIENTED_EDGE('',*,*,#1312,.F.);
#797=ORIENTED_EDGE('',*,*,#1307,.F.);
#798=ORIENTED_EDGE('',*,*,#1306,.F.);
#799=ORIENTED_EDGE('',*,*,#1309,.F.);
#800=ORIENTED_EDGE('',*,*,#1443,.T.);
#801=ORIENTED_EDGE('',*,*,#1374,.F.);
#802=ORIENTED_EDGE('',*,*,#1304,.T.);
#803=ORIENTED_EDGE('',*,*,#1294,.T.);
#804=ORIENTED_EDGE('',*,*,#1367,.F.);
#805=ORIENTED_EDGE('',*,*,#1362,.F.);
#806=ORIENTED_EDGE('',*,*,#1361,.F.);
#807=ORIENTED_EDGE('',*,*,#1364,.F.);
#808=ORIENTED_EDGE('',*,*,#1435,.T.);
#809=ORIENTED_EDGE('',*,*,#1372,.F.);
#810=ORIENTED_EDGE('',*,*,#1359,.T.);
#811=ORIENTED_EDGE('',*,*,#1349,.T.);
#812=ORIENTED_EDGE('',*,*,#1204,.F.);
#813=ORIENTED_EDGE('',*,*,#1202,.F.);
#814=ORIENTED_EDGE('',*,*,#1201,.F.);
#815=ORIENTED_EDGE('',*,*,#1203,.F.);
#816=ORIENTED_EDGE('',*,*,#1436,.T.);
#817=ORIENTED_EDGE('',*,*,#1058,.F.);
#818=ORIENTED_EDGE('',*,*,#1200,.T.);
#819=ORIENTED_EDGE('',*,*,#1193,.T.);
#820=ORIENTED_EDGE('',*,*,#1444,.F.);
#821=ORIENTED_EDGE('',*,*,#1397,.F.);
#822=ORIENTED_EDGE('',*,*,#1157,.T.);
#823=ORIENTED_EDGE('',*,*,#1423,.T.);
#824=ORIENTED_EDGE('',*,*,#1396,.T.);
#825=ORIENTED_EDGE('',*,*,#1444,.T.);
#826=ORIENTED_EDGE('',*,*,#1424,.F.);
#827=ORIENTED_EDGE('',*,*,#1159,.T.);
#828=ORIENTED_EDGE('',*,*,#1445,.F.);
#829=ORIENTED_EDGE('',*,*,#1395,.F.);
#830=ORIENTED_EDGE('',*,*,#1153,.T.);
#831=ORIENTED_EDGE('',*,*,#1421,.T.);
#832=ORIENTED_EDGE('',*,*,#1394,.T.);
#833=ORIENTED_EDGE('',*,*,#1445,.T.);
#834=ORIENTED_EDGE('',*,*,#1422,.F.);
#835=ORIENTED_EDGE('',*,*,#1155,.T.);
#836=ORIENTED_EDGE('',*,*,#1046,.F.);
#837=ORIENTED_EDGE('',*,*,#1446,.T.);
#838=ORIENTED_EDGE('',*,*,#1127,.T.);
#839=ORIENTED_EDGE('',*,*,#1074,.T.);
#840=ORIENTED_EDGE('',*,*,#1129,.T.);
#841=ORIENTED_EDGE('',*,*,#1447,.T.);
#842=ORIENTED_EDGE('',*,*,#1044,.F.);
#843=ORIENTED_EDGE('',*,*,#1448,.F.);
#844=ORIENTED_EDGE('',*,*,#1449,.F.);
#845=ORIENTED_EDGE('',*,*,#1054,.F.);
#846=ORIENTED_EDGE('',*,*,#1450,.F.);
#847=ORIENTED_EDGE('',*,*,#1123,.T.);
#848=ORIENTED_EDGE('',*,*,#1451,.T.);
#849=ORIENTED_EDGE('',*,*,#1452,.T.);
#850=ORIENTED_EDGE('',*,*,#1453,.F.);
#851=ORIENTED_EDGE('',*,*,#1454,.F.);
#852=ORIENTED_EDGE('',*,*,#1415,.F.);
#853=ORIENTED_EDGE('',*,*,#1455,.T.);
#854=ORIENTED_EDGE('',*,*,#1130,.F.);
#855=ORIENTED_EDGE('',*,*,#1456,.T.);
#856=ORIENTED_EDGE('',*,*,#1136,.F.);
#857=ORIENTED_EDGE('',*,*,#1457,.T.);
#858=ORIENTED_EDGE('',*,*,#1145,.F.);
#859=ORIENTED_EDGE('',*,*,#1128,.F.);
#860=ORIENTED_EDGE('',*,*,#1446,.F.);
#861=ORIENTED_EDGE('',*,*,#1045,.F.);
#862=ORIENTED_EDGE('',*,*,#1447,.F.);
#863=ORIENTED_EDGE('',*,*,#1455,.F.);
#864=ORIENTED_EDGE('',*,*,#1414,.F.);
#865=ORIENTED_EDGE('',*,*,#1048,.F.);
#866=ORIENTED_EDGE('',*,*,#1076,.F.);
#867=ORIENTED_EDGE('',*,*,#1456,.F.);
#868=ORIENTED_EDGE('',*,*,#1448,.T.);
#869=ORIENTED_EDGE('',*,*,#1458,.T.);
#870=ORIENTED_EDGE('',*,*,#1137,.F.);
#871=ORIENTED_EDGE('',*,*,#1144,.F.);
#872=ORIENTED_EDGE('',*,*,#1459,.T.);
#873=ORIENTED_EDGE('',*,*,#1460,.T.);
#874=ORIENTED_EDGE('',*,*,#1461,.T.);
#875=ORIENTED_EDGE('',*,*,#1409,.F.);
#876=ORIENTED_EDGE('',*,*,#1142,.T.);
#877=ORIENTED_EDGE('',*,*,#1083,.F.);
#878=ORIENTED_EDGE('',*,*,#1462,.F.);
#879=ORIENTED_EDGE('',*,*,#1463,.T.);
#880=ORIENTED_EDGE('',*,*,#1464,.F.);
#881=ORIENTED_EDGE('',*,*,#1465,.F.);
#882=ORIENTED_EDGE('',*,*,#1466,.F.);
#883=ORIENTED_EDGE('',*,*,#1467,.T.);
#884=ORIENTED_EDGE('',*,*,#1468,.F.);
#885=ORIENTED_EDGE('',*,*,#1070,.T.);
#886=ORIENTED_EDGE('',*,*,#1469,.F.);
#887=ORIENTED_EDGE('',*,*,#1467,.F.);
#888=ORIENTED_EDGE('',*,*,#1470,.T.);
#889=ORIENTED_EDGE('',*,*,#1471,.F.);
#890=ORIENTED_EDGE('',*,*,#1092,.F.);
#891=ORIENTED_EDGE('',*,*,#1472,.T.);
#892=ORIENTED_EDGE('',*,*,#1473,.F.);
#893=ORIENTED_EDGE('',*,*,#1106,.F.);
#894=ORIENTED_EDGE('',*,*,#1474,.T.);
#895=ORIENTED_EDGE('',*,*,#1475,.T.);
#896=ORIENTED_EDGE('',*,*,#1460,.F.);
#897=ORIENTED_EDGE('',*,*,#1476,.T.);
#898=ORIENTED_EDGE('',*,*,#1462,.T.);
#899=ORIENTED_EDGE('',*,*,#1087,.T.);
#900=ORIENTED_EDGE('',*,*,#1477,.F.);
#901=ORIENTED_EDGE('',*,*,#1478,.T.);
#902=ORIENTED_EDGE('',*,*,#1479,.F.);
#903=ORIENTED_EDGE('',*,*,#1465,.T.);
#904=ORIENTED_EDGE('',*,*,#1480,.T.);
#905=ORIENTED_EDGE('',*,*,#1481,.F.);
#906=ORIENTED_EDGE('',*,*,#1094,.T.);
#907=ORIENTED_EDGE('',*,*,#1461,.F.);
#908=ORIENTED_EDGE('',*,*,#1477,.T.);
#909=ORIENTED_EDGE('',*,*,#1482,.T.);
#910=ORIENTED_EDGE('',*,*,#1388,.F.);
#911=ORIENTED_EDGE('',*,*,#1410,.F.);
#912=ORIENTED_EDGE('',*,*,#1086,.T.);
#913=ORIENTED_EDGE('',*,*,#1483,.F.);
#914=ORIENTED_EDGE('',*,*,#1389,.F.);
#915=ORIENTED_EDGE('',*,*,#1482,.F.);
#916=ORIENTED_EDGE('',*,*,#1476,.F.);
#917=ORIENTED_EDGE('',*,*,#1459,.F.);
#918=ORIENTED_EDGE('',*,*,#1143,.F.);
#919=ORIENTED_EDGE('',*,*,#1463,.F.);
#920=ORIENTED_EDGE('',*,*,#1085,.F.);
#921=ORIENTED_EDGE('',*,*,#1484,.T.);
#922=ORIENTED_EDGE('',*,*,#1390,.T.);
#923=ORIENTED_EDGE('',*,*,#1483,.T.);
#924=ORIENTED_EDGE('',*,*,#1484,.F.);
#925=ORIENTED_EDGE('',*,*,#1084,.F.);
#926=ORIENTED_EDGE('',*,*,#1141,.F.);
#927=ORIENTED_EDGE('',*,*,#1391,.F.);
#928=ORIENTED_EDGE('',*,*,#1138,.F.);
#929=ORIENTED_EDGE('',*,*,#1458,.F.);
#930=ORIENTED_EDGE('',*,*,#1433,.F.);
#931=ORIENTED_EDGE('',*,*,#1457,.F.);
#932=ORIENTED_EDGE('',*,*,#1135,.F.);
#933=ORIENTED_EDGE('',*,*,#1408,.F.);
#934=ORIENTED_EDGE('',*,*,#1146,.F.);
#935=ORIENTED_EDGE('',*,*,#1442,.F.);
#936=ORIENTED_EDGE('',*,*,#1148,.F.);
#937=ORIENTED_EDGE('',*,*,#1412,.F.);
#938=ORIENTED_EDGE('',*,*,#1378,.F.);
#939=ORIENTED_EDGE('',*,*,#1432,.F.);
#940=ORIENTED_EDGE('',*,*,#1380,.F.);
#941=ORIENTED_EDGE('',*,*,#1411,.F.);
#942=ORIENTED_EDGE('',*,*,#1386,.F.);
#943=ORIENTED_EDGE('',*,*,#1105,.F.);
#944=ORIENTED_EDGE('',*,*,#1485,.F.);
#945=ORIENTED_EDGE('',*,*,#1098,.T.);
#946=ORIENTED_EDGE('',*,*,#1120,.T.);
#947=ORIENTED_EDGE('',*,*,#1486,.F.);
#948=ORIENTED_EDGE('',*,*,#1474,.F.);
#949=ORIENTED_EDGE('',*,*,#1485,.T.);
#950=ORIENTED_EDGE('',*,*,#1104,.F.);
#951=ORIENTED_EDGE('',*,*,#1487,.F.);
#952=ORIENTED_EDGE('',*,*,#1099,.T.);
#953=ORIENTED_EDGE('',*,*,#1107,.T.);
#954=ORIENTED_EDGE('',*,*,#1473,.T.);
#955=ORIENTED_EDGE('',*,*,#1488,.T.);
#956=ORIENTED_EDGE('',*,*,#1121,.F.);
#957=ORIENTED_EDGE('',*,*,#1096,.F.);
#958=ORIENTED_EDGE('',*,*,#1487,.T.);
#959=ORIENTED_EDGE('',*,*,#1453,.T.);
#960=ORIENTED_EDGE('',*,*,#1489,.T.);
#961=ORIENTED_EDGE('',*,*,#1115,.F.);
#962=ORIENTED_EDGE('',*,*,#1133,.T.);
#963=ORIENTED_EDGE('',*,*,#1490,.T.);
#964=ORIENTED_EDGE('',*,*,#1491,.F.);
#965=ORIENTED_EDGE('',*,*,#1492,.F.);
#966=ORIENTED_EDGE('',*,*,#1493,.F.);
#967=ORIENTED_EDGE('',*,*,#1454,.T.);
#968=ORIENTED_EDGE('',*,*,#1491,.T.);
#969=ORIENTED_EDGE('',*,*,#1494,.T.);
#970=ORIENTED_EDGE('',*,*,#1116,.T.);
#971=ORIENTED_EDGE('',*,*,#1489,.F.);
#972=ORIENTED_EDGE('',*,*,#1452,.F.);
#973=ORIENTED_EDGE('',*,*,#1493,.T.);
#974=ORIENTED_EDGE('',*,*,#1495,.F.);
#975=ORIENTED_EDGE('',*,*,#1131,.F.);
#976=ORIENTED_EDGE('',*,*,#1113,.T.);
#977=ORIENTED_EDGE('',*,*,#1494,.F.);
#978=ORIENTED_EDGE('',*,*,#1451,.F.);
#979=ORIENTED_EDGE('',*,*,#1496,.F.);
#980=ORIENTED_EDGE('',*,*,#1470,.F.);
#981=ORIENTED_EDGE('',*,*,#1466,.T.);
#982=ORIENTED_EDGE('',*,*,#1479,.T.);
#983=ORIENTED_EDGE('',*,*,#1471,.T.);
#984=ORIENTED_EDGE('',*,*,#1496,.T.);
#985=ORIENTED_EDGE('',*,*,#1478,.F.);
#986=ORIENTED_EDGE('',*,*,#1093,.T.);
#987=ORIENTED_EDGE('',*,*,#1125,.T.);
#988=ORIENTED_EDGE('',*,*,#1497,.T.);
#989=ORIENTED_EDGE('',*,*,#1052,.F.);
#990=ORIENTED_EDGE('',*,*,#1082,.T.);
#991=ORIENTED_EDGE('',*,*,#1497,.F.);
#992=ORIENTED_EDGE('',*,*,#1124,.F.);
#993=ORIENTED_EDGE('',*,*,#1450,.T.);
#994=ORIENTED_EDGE('',*,*,#1053,.T.);
#995=ORIENTED_EDGE('',*,*,#1132,.T.);
#996=ORIENTED_EDGE('',*,*,#1495,.T.);
#997=ORIENTED_EDGE('',*,*,#1492,.T.);
#998=ORIENTED_EDGE('',*,*,#1490,.F.);
#999=ORIENTED_EDGE('',*,*,#1486,.T.);
#1000=ORIENTED_EDGE('',*,*,#1119,.T.);
#1001=ORIENTED_EDGE('',*,*,#1488,.F.);
#1002=ORIENTED_EDGE('',*,*,#1475,.F.);
#1003=ORIENTED_EDGE('',*,*,#1498,.T.);
#1004=ORIENTED_EDGE('',*,*,#1480,.F.);
#1005=ORIENTED_EDGE('',*,*,#1464,.T.);
#1006=ORIENTED_EDGE('',*,*,#1069,.F.);
#1007=ORIENTED_EDGE('',*,*,#1095,.T.);
#1008=ORIENTED_EDGE('',*,*,#1481,.T.);
#1009=ORIENTED_EDGE('',*,*,#1498,.F.);
#1010=ORIENTED_EDGE('',*,*,#1068,.F.);
#1011=ORIENTED_EDGE('',*,*,#1468,.T.);
#1012=ORIENTED_EDGE('',*,*,#1469,.T.);
#1013=ORIENTED_EDGE('',*,*,#1499,.T.);
#1014=ORIENTED_EDGE('',*,*,#1071,.F.);
#1015=ORIENTED_EDGE('',*,*,#1499,.F.);
#1016=ORIENTED_EDGE('',*,*,#1472,.F.);
#1017=ORIENTED_EDGE('',*,*,#1091,.T.);
#1018=ORIENTED_EDGE('',*,*,#1072,.F.);
#1019=ORIENTED_EDGE('',*,*,#1117,.T.);
#1020=ORIENTED_EDGE('',*,*,#1500,.T.);
#1021=ORIENTED_EDGE('',*,*,#1079,.F.);
#1022=ORIENTED_EDGE('',*,*,#1112,.T.);
#1023=ORIENTED_EDGE('',*,*,#1500,.F.);
#1024=ORIENTED_EDGE('',*,*,#1118,.F.);
#1025=ORIENTED_EDGE('',*,*,#1110,.T.);
#1026=ORIENTED_EDGE('',*,*,#1077,.T.);
#1027=ORIENTED_EDGE('',*,*,#1108,.T.);
#1028=ORIENTED_EDGE('',*,*,#1501,.T.);
#1029=ORIENTED_EDGE('',*,*,#1090,.F.);
#1030=ORIENTED_EDGE('',*,*,#1103,.T.);
#1031=ORIENTED_EDGE('',*,*,#1501,.F.);
#1032=ORIENTED_EDGE('',*,*,#1109,.F.);
#1033=ORIENTED_EDGE('',*,*,#1101,.T.);
#1034=ORIENTED_EDGE('',*,*,#1088,.T.);
#1035=ORIENTED_EDGE('',*,*,#1122,.T.);
#1036=ORIENTED_EDGE('',*,*,#1502,.T.);
#1037=ORIENTED_EDGE('',*,*,#1055,.F.);
#1038=ORIENTED_EDGE('',*,*,#1449,.T.);
#1039=ORIENTED_EDGE('',*,*,#1502,.F.);
#1040=ORIENTED_EDGE('',*,*,#1126,.F.);
#1041=ORIENTED_EDGE('',*,*,#1080,.T.);
#1042=ORIENTED_EDGE('',*,*,#1050,.T.);
#1043=EDGE_CURVE('',#1503,#1504,#1790,.T.);
#1044=EDGE_CURVE('',#1504,#1505,#1791,.T.);
#1045=EDGE_CURVE('',#1505,#1506,#1792,.F.);
#1046=EDGE_CURVE('',#1506,#1507,#1793,.T.);
#1047=EDGE_CURVE('',#1508,#1507,#1794,.T.);
#1048=EDGE_CURVE('',#1508,#1509,#1795,.T.);
#1049=EDGE_CURVE('',#1503,#1509,#1796,.T.);
#1050=EDGE_CURVE('',#1510,#1511,#1797,.T.);
#1051=EDGE_CURVE('',#1510,#1512,#41,.T.);
#1052=EDGE_CURVE('',#1512,#1513,#1798,.T.);
#1053=EDGE_CURVE('',#1514,#1513,#1799,.T.);
#1054=EDGE_CURVE('',#1514,#1515,#42,.T.);
#1055=EDGE_CURVE('',#1515,#1511,#1800,.T.);
#1056=EDGE_CURVE('',#1516,#1517,#43,.T.);
#1057=EDGE_CURVE('',#1517,#1518,#44,.T.);
#1058=EDGE_CURVE('',#1518,#1519,#45,.T.);
#1059=EDGE_CURVE('',#1520,#1519,#1801,.T.);
#1060=EDGE_CURVE('',#1520,#1521,#46,.T.);
#1061=EDGE_CURVE('',#1521,#1522,#1802,.T.);
#1062=EDGE_CURVE('',#1522,#1523,#47,.T.);
#1063=EDGE_CURVE('',#1523,#1524,#48,.T.);
#1064=EDGE_CURVE('',#1524,#1525,#49,.T.);
#1065=EDGE_CURVE('',#1526,#1525,#1803,.T.);
#1066=EDGE_CURVE('',#1526,#1527,#50,.T.);
#1067=EDGE_CURVE('',#1527,#1516,#1804,.T.);
#1068=EDGE_CURVE('',#1528,#1529,#17,.T.);
#1069=EDGE_CURVE('',#1529,#1530,#18,.T.);
#1070=EDGE_CURVE('',#1531,#1530,#12,.T.);
#1071=EDGE_CURVE('',#1531,#1532,#19,.T.);
#1072=EDGE_CURVE('',#1532,#1533,#20,.T.);
#1073=EDGE_CURVE('',#1528,#1533,#13,.T.);
#1074=EDGE_CURVE('',#1534,#1507,#1805,.T.);
#1075=EDGE_CURVE('',#1535,#1534,#1806,.T.);
#1076=EDGE_CURVE('',#1535,#1508,#1807,.T.);
#1077=EDGE_CURVE('',#1536,#1537,#1808,.T.);
#1078=EDGE_CURVE('',#1538,#1536,#51,.T.);
#1079=EDGE_CURVE('',#1538,#1537,#1809,.T.);
#1080=EDGE_CURVE('',#1539,#1510,#1810,.T.);
#1081=EDGE_CURVE('',#1539,#1540,#52,.T.);
#1082=EDGE_CURVE('',#1512,#1540,#1811,.T.);
#1083=EDGE_CURVE('',#1541,#1542,#1812,.T.);
#1084=EDGE_CURVE('',#1542,#1543,#1813,.T.);
#1085=EDGE_CURVE('',#1543,#1544,#1814,.T.);
#1086=EDGE_CURVE('',#1545,#1544,#1815,.T.);
#1087=EDGE_CURVE('',#1541,#1545,#1816,.T.);
#1088=EDGE_CURVE('',#1546,#1547,#1817,.T.);
#1089=EDGE_CURVE('',#1548,#1546,#53,.T.);
#1090=EDGE_CURVE('',#1548,#1547,#1818,.T.);
#1091=EDGE_CURVE('',#1549,#1533,#1819,.T.);
#1092=EDGE_CURVE('',#1549,#1550,#54,.T.);
#1093=EDGE_CURVE('',#1551,#1550,#1820,.T.);
#1094=EDGE_CURVE('',#1552,#1551,#55,.F.);
#1095=EDGE_CURVE('',#1528,#1552,#1821,.T.);
#1096=EDGE_CURVE('',#1553,#1554,#1822,.F.);
#1097=EDGE_CURVE('',#1554,#1555,#56,.F.);
#1098=EDGE_CURVE('',#1556,#1555,#1823,.F.);
#1099=EDGE_CURVE('',#1553,#1556,#57,.F.);
#1100=EDGE_CURVE('',#1557,#1557,#14,.T.);
#1101=EDGE_CURVE('',#1558,#1546,#1824,.T.);
#1102=EDGE_CURVE('',#1559,#1558,#58,.T.);
#1103=EDGE_CURVE('',#1548,#1559,#1825,.T.);
#1104=EDGE_CURVE('',#1560,#1561,#1826,.T.);
#1105=EDGE_CURVE('',#1561,#1562,#1827,.T.);
#1106=EDGE_CURVE('',#1562,#1563,#1828,.T.);
#1107=EDGE_CURVE('',#1560,#1563,#1829,.T.);
#1108=EDGE_CURVE('',#1559,#1564,#1830,.T.);
#1109=EDGE_CURVE('',#1558,#1564,#1831,.T.);
#1110=EDGE_CURVE('',#1565,#1536,#1832,.T.);
#1111=EDGE_CURVE('',#1566,#1565,#59,.T.);
#1112=EDGE_CURVE('',#1538,#1566,#1833,.T.);
#1113=EDGE_CURVE('',#1567,#1568,#1834,.T.);
#1114=EDGE_CURVE('',#1569,#1567,#1835,.T.);
#1115=EDGE_CURVE('',#1569,#1570,#1836,.T.);
#1116=EDGE_CURVE('',#1568,#1570,#1837,.T.);
#1117=EDGE_CURVE('',#1566,#1571,#1838,.T.);
#1118=EDGE_CURVE('',#1565,#1571,#1839,.T.);
#1119=EDGE_CURVE('',#1572,#1573,#1840,.T.);
#1120=EDGE_CURVE('',#1555,#1572,#1841,.T.);
#1121=EDGE_CURVE('',#1554,#1573,#1842,.T.);
#1122=EDGE_CURVE('',#1574,#1575,#1843,.T.);
#1123=EDGE_CURVE('',#1576,#1574,#60,.T.);
#1124=EDGE_CURVE('',#1576,#1577,#1844,.T.);
#1125=EDGE_CURVE('',#1540,#1577,#1845,.T.);
#1126=EDGE_CURVE('',#1539,#1575,#1846,.T.);
#1127=EDGE_CURVE('',#1578,#1534,#1847,.T.);
#1128=EDGE_CURVE('',#1578,#1579,#1848,.F.);
#1129=EDGE_CURVE('',#1580,#1579,#1849,.T.);
#1130=EDGE_CURVE('',#1580,#1535,#1850,.T.);
#1131=EDGE_CURVE('',#1567,#1581,#1851,.T.);
#1132=EDGE_CURVE('',#1582,#1581,#1852,.T.);
#1133=EDGE_CURVE('',#1569,#1582,#1853,.T.);
#1134=EDGE_CURVE('',#1583,#1584,#1854,.T.);
#1135=EDGE_CURVE('',#1584,#1585,#1855,.T.);
#1136=EDGE_CURVE('',#1585,#1586,#1856,.F.);
#1137=EDGE_CURVE('',#1586,#1587,#1857,.T.);
#1138=EDGE_CURVE('',#1587,#1588,#1858,.T.);
#1139=EDGE_CURVE('',#1589,#1588,#1859,.T.);
#1140=EDGE_CURVE('',#1589,#1590,#1860,.T.);
#1141=EDGE_CURVE('',#1590,#1542,#1861,.T.);
#1142=EDGE_CURVE('',#1591,#1542,#1862,.T.);
#1143=EDGE_CURVE('',#1591,#1592,#1863,.T.);
#1144=EDGE_CURVE('',#1592,#1583,#1864,.T.);
#1145=EDGE_CURVE('',#1593,#1594,#1865,.F.);
#1146=EDGE_CURVE('',#1594,#1595,#1866,.T.);
#1147=EDGE_CURVE('',#1596,#1595,#1867,.T.);
#1148=EDGE_CURVE('',#1596,#1597,#1868,.T.);
#1149=EDGE_CURVE('',#1597,#1598,#1869,.T.);
#1150=EDGE_CURVE('',#1598,#1599,#1870,.T.);
#1151=EDGE_CURVE('',#1599,#1600,#1871,.T.);
#1152=EDGE_CURVE('',#1593,#1600,#1872,.T.);
#1153=EDGE_CURVE('',#1601,#1602,#1873,.T.);
#1154=EDGE_CURVE('',#1603,#1601,#61,.F.);
#1155=EDGE_CURVE('',#1604,#1603,#1874,.T.);
#1156=EDGE_CURVE('',#1604,#1602,#62,.T.);
#1157=EDGE_CURVE('',#1605,#1606,#1875,.T.);
#1158=EDGE_CURVE('',#1607,#1605,#63,.F.);
#1159=EDGE_CURVE('',#1608,#1607,#1876,.T.);
#1160=EDGE_CURVE('',#1608,#1606,#64,.T.);
#1161=EDGE_CURVE('',#1609,#1610,#1877,.T.);
#1162=EDGE_CURVE('',#1611,#1610,#1878,.T.);
#1163=EDGE_CURVE('',#1611,#1612,#1879,.F.);
#1164=EDGE_CURVE('',#1613,#1612,#1880,.T.);
#1165=EDGE_CURVE('',#1613,#1609,#1881,.F.);
#1166=EDGE_CURVE('',#1614,#1609,#1882,.T.);
#1167=EDGE_CURVE('',#1615,#1613,#1883,.T.);
#1168=EDGE_CURVE('',#1615,#1616,#1884,.F.);
#1169=EDGE_CURVE('',#1616,#1614,#1885,.F.);
#1170=EDGE_CURVE('',#1617,#1618,#1886,.T.);
#1171=EDGE_CURVE('',#1619,#1618,#1887,.F.);
#1172=EDGE_CURVE('',#1620,#1619,#1888,.T.);
#1173=EDGE_CURVE('',#1620,#1621,#1889,.F.);
#1174=EDGE_CURVE('',#1621,#1617,#1890,.F.);
#1175=EDGE_CURVE('',#1618,#1622,#1891,.T.);
#1176=EDGE_CURVE('',#1623,#1622,#1892,.T.);
#1177=EDGE_CURVE('',#1623,#1624,#1893,.F.);
#1178=EDGE_CURVE('',#1619,#1624,#1894,.T.);
#1179=EDGE_CURVE('',#1516,#1620,#1895,.F.);
#1180=EDGE_CURVE('',#1527,#1621,#1896,.F.);
#1181=EDGE_CURVE('',#1625,#1617,#1897,.T.);
#1182=EDGE_CURVE('',#1626,#1621,#1898,.T.);
#1183=EDGE_CURVE('',#1626,#1625,#1899,.F.);
#1184=EDGE_CURVE('',#1610,#1625,#1900,.T.);
#1185=EDGE_CURVE('',#1611,#1626,#1901,.T.);
#1186=EDGE_CURVE('',#1612,#1525,#1902,.F.);
#1187=EDGE_CURVE('',#1611,#1526,#1903,.F.);
#1188=EDGE_CURVE('',#1627,#1614,#1904,.T.);
#1189=EDGE_CURVE('',#1628,#1616,#1905,.T.);
#1190=EDGE_CURVE('',#1628,#1627,#1906,.F.);
#1191=EDGE_CURVE('',#1622,#1627,#1907,.T.);
#1192=EDGE_CURVE('',#1623,#1628,#1908,.T.);
#1193=EDGE_CURVE('',#1624,#1519,#1909,.F.);
#1194=EDGE_CURVE('',#1623,#1520,#1910,.F.);
#1195=EDGE_CURVE('',#1522,#1615,#1911,.F.);
#1196=EDGE_CURVE('',#1521,#1616,#1912,.F.);
#1197=EDGE_CURVE('',#1524,#1612,#1913,.T.);
#1198=EDGE_CURVE('',#1615,#1523,#1914,.F.);
#1199=EDGE_CURVE('',#1620,#1517,#1915,.T.);
#1200=EDGE_CURVE('',#1518,#1624,#1916,.F.);
#1201=EDGE_CURVE('',#1609,#1625,#65,.T.);
#1202=EDGE_CURVE('',#1625,#1618,#66,.T.);
#1203=EDGE_CURVE('',#1627,#1609,#67,.T.);
#1204=EDGE_CURVE('',#1618,#1627,#68,.T.);
#1205=EDGE_CURVE('',#1629,#1630,#1917,.T.);
#1206=EDGE_CURVE('',#1631,#1630,#1918,.T.);
#1207=EDGE_CURVE('',#1631,#1632,#1919,.F.);
#1208=EDGE_CURVE('',#1633,#1632,#1920,.T.);
#1209=EDGE_CURVE('',#1633,#1629,#1921,.F.);
#1210=EDGE_CURVE('',#1634,#1629,#1922,.T.);
#1211=EDGE_CURVE('',#1635,#1633,#1923,.T.);
#1212=EDGE_CURVE('',#1635,#1636,#1924,.F.);
#1213=EDGE_CURVE('',#1636,#1634,#1925,.F.);
#1214=EDGE_CURVE('',#1637,#1638,#1926,.T.);
#1215=EDGE_CURVE('',#1639,#1638,#1927,.F.);
#1216=EDGE_CURVE('',#1640,#1639,#1928,.T.);
#1217=EDGE_CURVE('',#1640,#1641,#1929,.F.);
#1218=EDGE_CURVE('',#1641,#1637,#1930,.F.);
#1219=EDGE_CURVE('',#1638,#1642,#1931,.T.);
#1220=EDGE_CURVE('',#1643,#1642,#1932,.T.);
#1221=EDGE_CURVE('',#1643,#1644,#1933,.F.);
#1222=EDGE_CURVE('',#1639,#1644,#1934,.T.);
#1223=EDGE_CURVE('',#1645,#1640,#1935,.F.);
#1224=EDGE_CURVE('',#1646,#1645,#1936,.T.);
#1225=EDGE_CURVE('',#1646,#1641,#1937,.F.);
#1226=EDGE_CURVE('',#1647,#1637,#1938,.T.);
#1227=EDGE_CURVE('',#1648,#1641,#1939,.T.);
#1228=EDGE_CURVE('',#1648,#1647,#1940,.F.);
#1229=EDGE_CURVE('',#1630,#1647,#1941,.T.);
#1230=EDGE_CURVE('',#1631,#1648,#1942,.T.);
#1231=EDGE_CURVE('',#1632,#1649,#1943,.F.);
#1232=EDGE_CURVE('',#1631,#1650,#1944,.F.);
#1233=EDGE_CURVE('',#1650,#1649,#1945,.T.);
#1234=EDGE_CURVE('',#1651,#1634,#1946,.T.);
#1235=EDGE_CURVE('',#1652,#1636,#1947,.T.);
#1236=EDGE_CURVE('',#1652,#1651,#1948,.F.);
#1237=EDGE_CURVE('',#1642,#1651,#1949,.T.);
#1238=EDGE_CURVE('',#1643,#1652,#1950,.T.);
#1239=EDGE_CURVE('',#1644,#1653,#1951,.F.);
#1240=EDGE_CURVE('',#1643,#1654,#1952,.F.);
#1241=EDGE_CURVE('',#1654,#1653,#1953,.T.);
#1242=EDGE_CURVE('',#1655,#1635,#1954,.F.);
#1243=EDGE_CURVE('',#1656,#1655,#1955,.T.);
#1244=EDGE_CURVE('',#1656,#1636,#1956,.F.);
#1245=EDGE_CURVE('',#1657,#1632,#1957,.T.);
#1246=EDGE_CURVE('',#1658,#1657,#69,.T.);
#1247=EDGE_CURVE('',#1635,#1658,#1958,.F.);
#1248=EDGE_CURVE('',#1640,#1659,#1959,.T.);
#1249=EDGE_CURVE('',#1660,#1644,#1960,.F.);
#1250=EDGE_CURVE('',#1659,#1660,#70,.T.);
#1251=EDGE_CURVE('',#1629,#1647,#71,.T.);
#1252=EDGE_CURVE('',#1647,#1638,#72,.T.);
#1253=EDGE_CURVE('',#1654,#1656,#73,.T.);
#1254=EDGE_CURVE('',#1651,#1629,#74,.T.);
#1255=EDGE_CURVE('',#1650,#1646,#75,.T.);
#1256=EDGE_CURVE('',#1645,#1659,#76,.T.);
#1257=EDGE_CURVE('',#1638,#1651,#77,.T.);
#1258=EDGE_CURVE('',#1657,#1649,#78,.T.);
#1259=EDGE_CURVE('',#1655,#1658,#79,.T.);
#1260=EDGE_CURVE('',#1661,#1662,#1961,.T.);
#1261=EDGE_CURVE('',#1663,#1662,#1962,.T.);
#1262=EDGE_CURVE('',#1663,#1664,#1963,.F.);
#1263=EDGE_CURVE('',#1665,#1664,#1964,.T.);
#1264=EDGE_CURVE('',#1665,#1661,#1965,.F.);
#1265=EDGE_CURVE('',#1666,#1661,#1966,.T.);
#1266=EDGE_CURVE('',#1667,#1665,#1967,.T.);
#1267=EDGE_CURVE('',#1667,#1668,#1968,.F.);
#1268=EDGE_CURVE('',#1668,#1666,#1969,.F.);
#1269=EDGE_CURVE('',#1669,#1670,#1970,.T.);
#1270=EDGE_CURVE('',#1671,#1670,#1971,.F.);
#1271=EDGE_CURVE('',#1672,#1671,#1972,.T.);
#1272=EDGE_CURVE('',#1672,#1673,#1973,.F.);
#1273=EDGE_CURVE('',#1673,#1669,#1974,.F.);
#1274=EDGE_CURVE('',#1670,#1674,#1975,.T.);
#1275=EDGE_CURVE('',#1675,#1674,#1976,.T.);
#1276=EDGE_CURVE('',#1675,#1676,#1977,.F.);
#1277=EDGE_CURVE('',#1671,#1676,#1978,.T.);
#1278=EDGE_CURVE('',#1677,#1672,#1979,.F.);
#1279=EDGE_CURVE('',#1678,#1677,#1980,.T.);
#1280=EDGE_CURVE('',#1678,#1673,#1981,.F.);
#1281=EDGE_CURVE('',#1679,#1669,#1982,.T.);
#1282=EDGE_CURVE('',#1680,#1673,#1983,.T.);
#1283=EDGE_CURVE('',#1680,#1679,#1984,.F.);
#1284=EDGE_CURVE('',#1662,#1679,#1985,.T.);
#1285=EDGE_CURVE('',#1663,#1680,#1986,.T.);
#1286=EDGE_CURVE('',#1664,#1681,#1987,.F.);
#1287=EDGE_CURVE('',#1663,#1682,#1988,.F.);
#1288=EDGE_CURVE('',#1682,#1681,#1989,.T.);
#1289=EDGE_CURVE('',#1683,#1666,#1990,.T.);
#1290=EDGE_CURVE('',#1684,#1668,#1991,.T.);
#1291=EDGE_CURVE('',#1684,#1683,#1992,.F.);
#1292=EDGE_CURVE('',#1674,#1683,#1993,.T.);
#1293=EDGE_CURVE('',#1675,#1684,#1994,.T.);
#1294=EDGE_CURVE('',#1676,#1685,#1995,.F.);
#1295=EDGE_CURVE('',#1675,#1686,#1996,.F.);
#1296=EDGE_CURVE('',#1686,#1685,#1997,.T.);
#1297=EDGE_CURVE('',#1687,#1667,#1998,.F.);
#1298=EDGE_CURVE('',#1688,#1687,#1999,.T.);
#1299=EDGE_CURVE('',#1688,#1668,#2000,.F.);
#1300=EDGE_CURVE('',#1689,#1664,#2001,.T.);
#1301=EDGE_CURVE('',#1690,#1689,#80,.T.);
#1302=EDGE_CURVE('',#1667,#1690,#2002,.F.);
#1303=EDGE_CURVE('',#1672,#1691,#2003,.T.);
#1304=EDGE_CURVE('',#1692,#1676,#2004,.F.);
#1305=EDGE_CURVE('',#1691,#1692,#81,.T.);
#1306=EDGE_CURVE('',#1661,#1679,#82,.T.);
#1307=EDGE_CURVE('',#1679,#1670,#83,.T.);
#1308=EDGE_CURVE('',#1686,#1688,#84,.T.);
#1309=EDGE_CURVE('',#1683,#1661,#85,.T.);
#1310=EDGE_CURVE('',#1682,#1678,#86,.T.);
#1311=EDGE_CURVE('',#1677,#1691,#87,.T.);
#1312=EDGE_CURVE('',#1670,#1683,#88,.T.);
#1313=EDGE_CURVE('',#1689,#1681,#89,.T.);
#1314=EDGE_CURVE('',#1687,#1690,#90,.T.);
#1315=EDGE_CURVE('',#1693,#1694,#2005,.T.);
#1316=EDGE_CURVE('',#1695,#1694,#2006,.T.);
#1317=EDGE_CURVE('',#1695,#1696,#2007,.F.);
#1318=EDGE_CURVE('',#1697,#1696,#2008,.T.);
#1319=EDGE_CURVE('',#1697,#1693,#2009,.F.);
#1320=EDGE_CURVE('',#1698,#1693,#2010,.T.);
#1321=EDGE_CURVE('',#1699,#1697,#2011,.T.);
#1322=EDGE_CURVE('',#1699,#1700,#2012,.F.);
#1323=EDGE_CURVE('',#1700,#1698,#2013,.F.);
#1324=EDGE_CURVE('',#1701,#1702,#2014,.T.);
#1325=EDGE_CURVE('',#1703,#1702,#2015,.F.);
#1326=EDGE_CURVE('',#1704,#1703,#2016,.T.);
#1327=EDGE_CURVE('',#1704,#1705,#2017,.F.);
#1328=EDGE_CURVE('',#1705,#1701,#2018,.F.);
#1329=EDGE_CURVE('',#1702,#1706,#2019,.T.);
#1330=EDGE_CURVE('',#1707,#1706,#2020,.T.);
#1331=EDGE_CURVE('',#1707,#1708,#2021,.F.);
#1332=EDGE_CURVE('',#1703,#1708,#2022,.T.);
#1333=EDGE_CURVE('',#1709,#1704,#2023,.F.);
#1334=EDGE_CURVE('',#1710,#1709,#2024,.T.);
#1335=EDGE_CURVE('',#1710,#1705,#2025,.F.);
#1336=EDGE_CURVE('',#1711,#1701,#2026,.T.);
#1337=EDGE_CURVE('',#1712,#1705,#2027,.T.);
#1338=EDGE_CURVE('',#1712,#1711,#2028,.F.);
#1339=EDGE_CURVE('',#1694,#1711,#2029,.T.);
#1340=EDGE_CURVE('',#1695,#1712,#2030,.T.);
#1341=EDGE_CURVE('',#1696,#1713,#2031,.F.);
#1342=EDGE_CURVE('',#1695,#1714,#2032,.F.);
#1343=EDGE_CURVE('',#1714,#1713,#2033,.T.);
#1344=EDGE_CURVE('',#1715,#1698,#2034,.T.);
#1345=EDGE_CURVE('',#1716,#1700,#2035,.T.);
#1346=EDGE_CURVE('',#1716,#1715,#2036,.F.);
#1347=EDGE_CURVE('',#1706,#1715,#2037,.T.);
#1348=EDGE_CURVE('',#1707,#1716,#2038,.T.);
#1349=EDGE_CURVE('',#1708,#1717,#2039,.F.);
#1350=EDGE_CURVE('',#1707,#1718,#2040,.F.);
#1351=EDGE_CURVE('',#1718,#1717,#2041,.T.);
#1352=EDGE_CURVE('',#1719,#1699,#2042,.F.);
#1353=EDGE_CURVE('',#1720,#1719,#2043,.T.);
#1354=EDGE_CURVE('',#1720,#1700,#2044,.F.);
#1355=EDGE_CURVE('',#1721,#1696,#2045,.T.);
#1356=EDGE_CURVE('',#1722,#1721,#91,.T.);
#1357=EDGE_CURVE('',#1699,#1722,#2046,.F.);
#1358=EDGE_CURVE('',#1704,#1723,#2047,.T.);
#1359=EDGE_CURVE('',#1724,#1708,#2048,.F.);
#1360=EDGE_CURVE('',#1723,#1724,#92,.T.);
#1361=EDGE_CURVE('',#1693,#1711,#93,.T.);
#1362=EDGE_CURVE('',#1711,#1702,#94,.T.);
#1363=EDGE_CURVE('',#1718,#1720,#95,.T.);
#1364=EDGE_CURVE('',#1715,#1693,#96,.T.);
#1365=EDGE_CURVE('',#1714,#1710,#97,.T.);
#1366=EDGE_CURVE('',#1709,#1723,#98,.T.);
#1367=EDGE_CURVE('',#1702,#1715,#99,.T.);
#1368=EDGE_CURVE('',#1721,#1713,#100,.T.);
#1369=EDGE_CURVE('',#1719,#1722,#101,.T.);
#1370=EDGE_CURVE('',#1725,#1725,#102,.T.);
#1371=EDGE_CURVE('',#1726,#1726,#103,.T.);
#1372=EDGE_CURVE('',#1724,#1717,#104,.T.);
#1373=EDGE_CURVE('',#1727,#1727,#105,.T.);
#1374=EDGE_CURVE('',#1692,#1685,#106,.T.);
#1375=EDGE_CURVE('',#1728,#1728,#107,.T.);
#1376=EDGE_CURVE('',#1660,#1653,#108,.T.);
#1377=EDGE_CURVE('',#1729,#1730,#2049,.T.);
#1378=EDGE_CURVE('',#1730,#1731,#2050,.T.);
#1379=EDGE_CURVE('',#1732,#1731,#2051,.T.);
#1380=EDGE_CURVE('',#1732,#1733,#2052,.T.);
#1381=EDGE_CURVE('',#1733,#1734,#2053,.T.);
#1382=EDGE_CURVE('',#1734,#1735,#2054,.T.);
#1383=EDGE_CURVE('',#1735,#1736,#2055,.T.);
#1384=EDGE_CURVE('',#1729,#1736,#2056,.T.);
#1385=EDGE_CURVE('',#1737,#1738,#2057,.T.);
#1386=EDGE_CURVE('',#1737,#1739,#2058,.T.);
#1387=EDGE_CURVE('',#1740,#1739,#2059,.F.);
#1388=EDGE_CURVE('',#1740,#1741,#2060,.T.);
#1389=EDGE_CURVE('',#1741,#1742,#2061,.T.);
#1390=EDGE_CURVE('',#1743,#1742,#2062,.T.);
#1391=EDGE_CURVE('',#1743,#1590,#2063,.T.);
#1392=EDGE_CURVE('',#1744,#1589,#2064,.T.);
#1393=EDGE_CURVE('',#1744,#1738,#15,.T.);
#1394=EDGE_CURVE('',#1603,#1745,#2065,.T.);
#1395=EDGE_CURVE('',#1601,#1745,#2066,.T.);
#1396=EDGE_CURVE('',#1607,#1746,#2067,.T.);
#1397=EDGE_CURVE('',#1605,#1746,#2068,.T.);
#1398=EDGE_CURVE('',#1736,#1747,#2069,.T.);
#1399=EDGE_CURVE('',#1735,#1748,#2070,.T.);
#1400=EDGE_CURVE('',#1749,#1748,#109,.F.);
#1401=EDGE_CURVE('',#1750,#1749,#2071,.T.);
#1402=EDGE_CURVE('',#1751,#1750,#2072,.T.);
#1403=EDGE_CURVE('',#1752,#1751,#2073,.T.);
#1404=EDGE_CURVE('',#1753,#1752,#110,.F.);
#1405=EDGE_CURVE('',#1600,#1753,#2074,.T.);
#1406=EDGE_CURVE('',#1754,#1599,#2075,.T.);
#1407=EDGE_CURVE('',#1747,#1754,#111,.F.);
#1408=EDGE_CURVE('',#1595,#1584,#2076,.T.);
#1409=EDGE_CURVE('',#1583,#1755,#2077,.T.);
#1410=EDGE_CURVE('',#1755,#1740,#2078,.T.);
#1411=EDGE_CURVE('',#1739,#1732,#2079,.F.);
#1412=EDGE_CURVE('',#1731,#1596,#2080,.F.);
#1413=EDGE_CURVE('',#1756,#1503,#2081,.T.);
#1414=EDGE_CURVE('',#1509,#1757,#2082,.T.);
#1415=EDGE_CURVE('',#1757,#1593,#2083,.F.);
#1416=EDGE_CURVE('',#1756,#1753,#2084,.T.);
#1417=EDGE_CURVE('',#1758,#1752,#2085,.T.);
#1418=EDGE_CURVE('',#1758,#1756,#112,.T.);
#1419=EDGE_CURVE('',#1759,#1751,#2086,.T.);
#1420=EDGE_CURVE('',#1759,#1758,#2087,.T.);
#1421=EDGE_CURVE('',#1602,#1760,#2088,.T.);
#1422=EDGE_CURVE('',#1604,#1760,#2089,.T.);
#1423=EDGE_CURVE('',#1606,#1761,#2090,.T.);
#1424=EDGE_CURVE('',#1608,#1761,#2091,.T.);
#1425=EDGE_CURVE('',#1762,#1750,#2092,.T.);
#1426=EDGE_CURVE('',#1762,#1759,#2093,.T.);
#1427=EDGE_CURVE('',#1763,#1749,#2094,.T.);
#1428=EDGE_CURVE('',#1763,#1762,#2095,.T.);
#1429=EDGE_CURVE('',#1764,#1748,#2096,.T.);
#1430=EDGE_CURVE('',#1764,#1763,#113,.T.);
#1431=EDGE_CURVE('',#1764,#1734,#2097,.T.);
#1432=EDGE_CURVE('',#1733,#1737,#2098,.F.);
#1433=EDGE_CURVE('',#1588,#1504,#2099,.F.);
#1434=EDGE_CURVE('',#1765,#1765,#114,.T.);
#1435=EDGE_CURVE('',#1766,#1766,#115,.T.);
#1436=EDGE_CURVE('',#1767,#1767,#116,.T.);
#1437=EDGE_CURVE('',#1768,#1747,#2100,.T.);
#1438=EDGE_CURVE('',#1768,#1729,#2101,.T.);
#1439=EDGE_CURVE('',#1769,#1754,#2102,.T.);
#1440=EDGE_CURVE('',#1769,#1768,#117,.T.);
#1441=EDGE_CURVE('',#1598,#1769,#16,.T.);
#1442=EDGE_CURVE('',#1597,#1730,#2103,.F.);
#1443=EDGE_CURVE('',#1770,#1770,#118,.T.);
#1444=EDGE_CURVE('',#1746,#1761,#2104,.T.);
#1445=EDGE_CURVE('',#1745,#1760,#2105,.T.);
#1446=EDGE_CURVE('',#1506,#1578,#2106,.T.);
#1447=EDGE_CURVE('',#1579,#1505,#2107,.T.);
#1448=EDGE_CURVE('',#1580,#1504,#2108,.T.);
#1449=EDGE_CURVE('',#1515,#1574,#2109,.T.);
#1450=EDGE_CURVE('',#1576,#1514,#2110,.T.);
#1451=EDGE_CURVE('',#1771,#1772,#2111,.T.);
#1452=EDGE_CURVE('',#1772,#1773,#119,.F.);
#1453=EDGE_CURVE('',#1774,#1773,#2112,.T.);
#1454=EDGE_CURVE('',#1771,#1774,#120,.F.);
#1455=EDGE_CURVE('',#1757,#1535,#2113,.F.);
#1456=EDGE_CURVE('',#1580,#1586,#2114,.T.);
#1457=EDGE_CURVE('',#1585,#1594,#2115,.F.);
#1458=EDGE_CURVE('',#1504,#1587,#2116,.T.);
#1459=EDGE_CURVE('',#1592,#1775,#2117,.T.);
#1460=EDGE_CURVE('',#1775,#1776,#2118,.T.);
#1461=EDGE_CURVE('',#1776,#1755,#2119,.T.);
#1462=EDGE_CURVE('',#1777,#1541,#2120,.T.);
#1463=EDGE_CURVE('',#1777,#1591,#2121,.T.);
#1464=EDGE_CURVE('',#1778,#1530,#2122,.T.);
#1465=EDGE_CURVE('',#1779,#1778,#121,.F.);
#1466=EDGE_CURVE('',#1780,#1779,#2123,.T.);
#1467=EDGE_CURVE('',#1780,#1781,#122,.T.);
#1468=EDGE_CURVE('',#1531,#1781,#2124,.T.);
#1469=EDGE_CURVE('',#1781,#1782,#2125,.T.);
#1470=EDGE_CURVE('',#1780,#1783,#2126,.T.);
#1471=EDGE_CURVE('',#1550,#1783,#2127,.T.);
#1472=EDGE_CURVE('',#1549,#1782,#2128,.T.);
#1473=EDGE_CURVE('',#1563,#1784,#2129,.T.);
#1474=EDGE_CURVE('',#1562,#1785,#2130,.T.);
#1475=EDGE_CURVE('',#1785,#1784,#2131,.T.);
#1476=EDGE_CURVE('',#1775,#1777,#2132,.T.);
#1477=EDGE_CURVE('',#1776,#1545,#2133,.T.);
#1478=EDGE_CURVE('',#1551,#1786,#2134,.T.);
#1479=EDGE_CURVE('',#1779,#1786,#2135,.T.);
#1480=EDGE_CURVE('',#1778,#1787,#2136,.T.);
#1481=EDGE_CURVE('',#1552,#1787,#2137,.F.);
#1482=EDGE_CURVE('',#1545,#1741,#2138,.F.);
#1483=EDGE_CURVE('',#1742,#1544,#2139,.F.);
#1484=EDGE_CURVE('',#1543,#1743,#2140,.T.);
#1485=EDGE_CURVE('',#1556,#1561,#2141,.T.);
#1486=EDGE_CURVE('',#1785,#1572,#2142,.T.);
#1487=EDGE_CURVE('',#1553,#1560,#2143,.T.);
#1488=EDGE_CURVE('',#1784,#1573,#2144,.T.);
#1489=EDGE_CURVE('',#1773,#1570,#2145,.T.);
#1490=EDGE_CURVE('',#1582,#1788,#2146,.T.);
#1491=EDGE_CURVE('',#1774,#1788,#2147,.T.);
#1492=EDGE_CURVE('',#1789,#1788,#2148,.T.);
#1493=EDGE_CURVE('',#1771,#1789,#2149,.T.);
#1494=EDGE_CURVE('',#1772,#1568,#2150,.T.);
#1495=EDGE_CURVE('',#1581,#1789,#2151,.T.);
#1496=EDGE_CURVE('',#1783,#1786,#2152,.T.);
#1497=EDGE_CURVE('',#1577,#1513,#2153,.T.);
#1498=EDGE_CURVE('',#1529,#1787,#2154,.T.);
#1499=EDGE_CURVE('',#1782,#1532,#2155,.T.);
#1500=EDGE_CURVE('',#1571,#1537,#2156,.T.);
#1501=EDGE_CURVE('',#1564,#1547,#2157,.T.);
#1502=EDGE_CURVE('',#1575,#1511,#2158,.T.);
#1503=VERTEX_POINT('',#4507);
#1504=VERTEX_POINT('',#4508);
#1505=VERTEX_POINT('',#4510);
#1506=VERTEX_POINT('',#4512);
#1507=VERTEX_POINT('',#4514);
#1508=VERTEX_POINT('',#4516);
#1509=VERTEX_POINT('',#4518);
#1510=VERTEX_POINT('',#4521);
#1511=VERTEX_POINT('',#4522);
#1512=VERTEX_POINT('',#4524);
#1513=VERTEX_POINT('',#4526);
#1514=VERTEX_POINT('',#4528);
#1515=VERTEX_POINT('',#4530);
#1516=VERTEX_POINT('',#4534);
#1517=VERTEX_POINT('',#4535);
#1518=VERTEX_POINT('',#4537);
#1519=VERTEX_POINT('',#4539);
#1520=VERTEX_POINT('',#4541);
#1521=VERTEX_POINT('',#4543);
#1522=VERTEX_POINT('',#4545);
#1523=VERTEX_POINT('',#4547);
#1524=VERTEX_POINT('',#4549);
#1525=VERTEX_POINT('',#4551);
#1526=VERTEX_POINT('',#4553);
#1527=VERTEX_POINT('',#4555);
#1528=VERTEX_POINT('',#4558);
#1529=VERTEX_POINT('',#4559);
#1530=VERTEX_POINT('',#4561);
#1531=VERTEX_POINT('',#4571);
#1532=VERTEX_POINT('',#4573);
#1533=VERTEX_POINT('',#4575);
#1534=VERTEX_POINT('',#4587);
#1535=VERTEX_POINT('',#4589);
#1536=VERTEX_POINT('',#4592);
#1537=VERTEX_POINT('',#4593);
#1538=VERTEX_POINT('',#4595);
#1539=VERTEX_POINT('',#4599);
#1540=VERTEX_POINT('',#4601);
#1541=VERTEX_POINT('',#4605);
#1542=VERTEX_POINT('',#4606);
#1543=VERTEX_POINT('',#4608);
#1544=VERTEX_POINT('',#4610);
#1545=VERTEX_POINT('',#4612);
#1546=VERTEX_POINT('',#4615);
#1547=VERTEX_POINT('',#4616);
#1548=VERTEX_POINT('',#4618);
#1549=VERTEX_POINT('',#4622);
#1550=VERTEX_POINT('',#4624);
#1551=VERTEX_POINT('',#4626);
#1552=VERTEX_POINT('',#4628);
#1553=VERTEX_POINT('',#4631);
#1554=VERTEX_POINT('',#4632);
#1555=VERTEX_POINT('',#4634);
#1556=VERTEX_POINT('',#4636);
#1557=VERTEX_POINT('',#4658);
#1558=VERTEX_POINT('',#4661);
#1559=VERTEX_POINT('',#4663);
#1560=VERTEX_POINT('',#4667);
#1561=VERTEX_POINT('',#4668);
#1562=VERTEX_POINT('',#4670);
#1563=VERTEX_POINT('',#4672);
#1564=VERTEX_POINT('',#4675);
#1565=VERTEX_POINT('',#4679);
#1566=VERTEX_POINT('',#4681);
#1567=VERTEX_POINT('',#4685);
#1568=VERTEX_POINT('',#4686);
#1569=VERTEX_POINT('',#4688);
#1570=VERTEX_POINT('',#4690);
#1571=VERTEX_POINT('',#4693);
#1572=VERTEX_POINT('',#4697);
#1573=VERTEX_POINT('',#4698);
#1574=VERTEX_POINT('',#4703);
#1575=VERTEX_POINT('',#4704);
#1576=VERTEX_POINT('',#4706);
#1577=VERTEX_POINT('',#4708);
#1578=VERTEX_POINT('',#4712);
#1579=VERTEX_POINT('',#4714);
#1580=VERTEX_POINT('',#4716);
#1581=VERTEX_POINT('',#4719);
#1582=VERTEX_POINT('',#4721);
#1583=VERTEX_POINT('',#4725);
#1584=VERTEX_POINT('',#4726);
#1585=VERTEX_POINT('',#4728);
#1586=VERTEX_POINT('',#4730);
#1587=VERTEX_POINT('',#4732);
#1588=VERTEX_POINT('',#4734);
#1589=VERTEX_POINT('',#4736);
#1590=VERTEX_POINT('',#4738);
#1591=VERTEX_POINT('',#4741);
#1592=VERTEX_POINT('',#4743);
#1593=VERTEX_POINT('',#4747);
#1594=VERTEX_POINT('',#4748);
#1595=VERTEX_POINT('',#4750);
#1596=VERTEX_POINT('',#4752);
#1597=VERTEX_POINT('',#4754);
#1598=VERTEX_POINT('',#4756);
#1599=VERTEX_POINT('',#4758);
#1600=VERTEX_POINT('',#4760);
#1601=VERTEX_POINT('',#4764);
#1602=VERTEX_POINT('',#4765);
#1603=VERTEX_POINT('',#4767);
#1604=VERTEX_POINT('',#4769);
#1605=VERTEX_POINT('',#4773);
#1606=VERTEX_POINT('',#4774);
#1607=VERTEX_POINT('',#4776);
#1608=VERTEX_POINT('',#4778);
#1609=VERTEX_POINT('',#4782);
#1610=VERTEX_POINT('',#4783);
#1611=VERTEX_POINT('',#4785);
#1612=VERTEX_POINT('',#4787);
#1613=VERTEX_POINT('',#4789);
#1614=VERTEX_POINT('',#4793);
#1615=VERTEX_POINT('',#4795);
#1616=VERTEX_POINT('',#4797);
#1617=VERTEX_POINT('',#4801);
#1618=VERTEX_POINT('',#4802);
#1619=VERTEX_POINT('',#4804);
#1620=VERTEX_POINT('',#4806);
#1621=VERTEX_POINT('',#4808);
#1622=VERTEX_POINT('',#4812);
#1623=VERTEX_POINT('',#4814);
#1624=VERTEX_POINT('',#4816);
#1625=VERTEX_POINT('',#4823);
#1626=VERTEX_POINT('',#4825);
#1627=VERTEX_POINT('',#4835);
#1628=VERTEX_POINT('',#4837);
#1629=VERTEX_POINT('',#4869);
#1630=VERTEX_POINT('',#4870);
#1631=VERTEX_POINT('',#4872);
#1632=VERTEX_POINT('',#4874);
#1633=VERTEX_POINT('',#4876);
#1634=VERTEX_POINT('',#4880);
#1635=VERTEX_POINT('',#4882);
#1636=VERTEX_POINT('',#4884);
#1637=VERTEX_POINT('',#4888);
#1638=VERTEX_POINT('',#4889);
#1639=VERTEX_POINT('',#4891);
#1640=VERTEX_POINT('',#4893);
#1641=VERTEX_POINT('',#4895);
#1642=VERTEX_POINT('',#4899);
#1643=VERTEX_POINT('',#4901);
#1644=VERTEX_POINT('',#4903);
#1645=VERTEX_POINT('',#4907);
#1646=VERTEX_POINT('',#4909);
#1647=VERTEX_POINT('',#4913);
#1648=VERTEX_POINT('',#4915);
#1649=VERTEX_POINT('',#4922);
#1650=VERTEX_POINT('',#4924);
#1651=VERTEX_POINT('',#4928);
#1652=VERTEX_POINT('',#4930);
#1653=VERTEX_POINT('',#4937);
#1654=VERTEX_POINT('',#4939);
#1655=VERTEX_POINT('',#4943);
#1656=VERTEX_POINT('',#4945);
#1657=VERTEX_POINT('',#4949);
#1658=VERTEX_POINT('',#4951);
#1659=VERTEX_POINT('',#4955);
#1660=VERTEX_POINT('',#4957);
#1661=VERTEX_POINT('',#4979);
#1662=VERTEX_POINT('',#4980);
#1663=VERTEX_POINT('',#4982);
#1664=VERTEX_POINT('',#4984);
#1665=VERTEX_POINT('',#4986);
#1666=VERTEX_POINT('',#4990);
#1667=VERTEX_POINT('',#4992);
#1668=VERTEX_POINT('',#4994);
#1669=VERTEX_POINT('',#4998);
#1670=VERTEX_POINT('',#4999);
#1671=VERTEX_POINT('',#5001);
#1672=VERTEX_POINT('',#5003);
#1673=VERTEX_POINT('',#5005);
#1674=VERTEX_POINT('',#5009);
#1675=VERTEX_POINT('',#5011);
#1676=VERTEX_POINT('',#5013);
#1677=VERTEX_POINT('',#5017);
#1678=VERTEX_POINT('',#5019);
#1679=VERTEX_POINT('',#5023);
#1680=VERTEX_POINT('',#5025);
#1681=VERTEX_POINT('',#5032);
#1682=VERTEX_POINT('',#5034);
#1683=VERTEX_POINT('',#5038);
#1684=VERTEX_POINT('',#5040);
#1685=VERTEX_POINT('',#5047);
#1686=VERTEX_POINT('',#5049);
#1687=VERTEX_POINT('',#5053);
#1688=VERTEX_POINT('',#5055);
#1689=VERTEX_POINT('',#5059);
#1690=VERTEX_POINT('',#5061);
#1691=VERTEX_POINT('',#5065);
#1692=VERTEX_POINT('',#5067);
#1693=VERTEX_POINT('',#5089);
#1694=VERTEX_POINT('',#5090);
#1695=VERTEX_POINT('',#5092);
#1696=VERTEX_POINT('',#5094);
#1697=VERTEX_POINT('',#5096);
#1698=VERTEX_POINT('',#5100);
#1699=VERTEX_POINT('',#5102);
#1700=VERTEX_POINT('',#5104);
#1701=VERTEX_POINT('',#5108);
#1702=VERTEX_POINT('',#5109);
#1703=VERTEX_POINT('',#5111);
#1704=VERTEX_POINT('',#5113);
#1705=VERTEX_POINT('',#5115);
#1706=VERTEX_POINT('',#5119);
#1707=VERTEX_POINT('',#5121);
#1708=VERTEX_POINT('',#5123);
#1709=VERTEX_POINT('',#5127);
#1710=VERTEX_POINT('',#5129);
#1711=VERTEX_POINT('',#5133);
#1712=VERTEX_POINT('',#5135);
#1713=VERTEX_POINT('',#5142);
#1714=VERTEX_POINT('',#5144);
#1715=VERTEX_POINT('',#5148);
#1716=VERTEX_POINT('',#5150);
#1717=VERTEX_POINT('',#5157);
#1718=VERTEX_POINT('',#5159);
#1719=VERTEX_POINT('',#5163);
#1720=VERTEX_POINT('',#5165);
#1721=VERTEX_POINT('',#5169);
#1722=VERTEX_POINT('',#5171);
#1723=VERTEX_POINT('',#5175);
#1724=VERTEX_POINT('',#5177);
#1725=VERTEX_POINT('',#5199);
#1726=VERTEX_POINT('',#5202);
#1727=VERTEX_POINT('',#5206);
#1728=VERTEX_POINT('',#5210);
#1729=VERTEX_POINT('',#5214);
#1730=VERTEX_POINT('',#5215);
#1731=VERTEX_POINT('',#5217);
#1732=VERTEX_POINT('',#5219);
#1733=VERTEX_POINT('',#5221);
#1734=VERTEX_POINT('',#5223);
#1735=VERTEX_POINT('',#5225);
#1736=VERTEX_POINT('',#5227);
#1737=VERTEX_POINT('',#5231);
#1738=VERTEX_POINT('',#5232);
#1739=VERTEX_POINT('',#5234);
#1740=VERTEX_POINT('',#5236);
#1741=VERTEX_POINT('',#5238);
#1742=VERTEX_POINT('',#5240);
#1743=VERTEX_POINT('',#5242);
#1744=VERTEX_POINT('',#5245);
#1745=VERTEX_POINT('',#5251);
#1746=VERTEX_POINT('',#5254);
#1747=VERTEX_POINT('',#5258);
#1748=VERTEX_POINT('',#5260);
#1749=VERTEX_POINT('',#5262);
#1750=VERTEX_POINT('',#5264);
#1751=VERTEX_POINT('',#5266);
#1752=VERTEX_POINT('',#5268);
#1753=VERTEX_POINT('',#5270);
#1754=VERTEX_POINT('',#5273);
#1755=VERTEX_POINT('',#5278);
#1756=VERTEX_POINT('',#5284);
#1757=VERTEX_POINT('',#5286);
#1758=VERTEX_POINT('',#5291);
#1759=VERTEX_POINT('',#5295);
#1760=VERTEX_POINT('',#5299);
#1761=VERTEX_POINT('',#5302);
#1762=VERTEX_POINT('',#5305);
#1763=VERTEX_POINT('',#5309);
#1764=VERTEX_POINT('',#5313);
#1765=VERTEX_POINT('',#5321);
#1766=VERTEX_POINT('',#5323);
#1767=VERTEX_POINT('',#5325);
#1768=VERTEX_POINT('',#5328);
#1769=VERTEX_POINT('',#5332);
#1770=VERTEX_POINT('',#5342);
#1771=VERTEX_POINT('',#5366);
#1772=VERTEX_POINT('',#5367);
#1773=VERTEX_POINT('',#5369);
#1774=VERTEX_POINT('',#5371);
#1775=VERTEX_POINT('',#5383);
#1776=VERTEX_POINT('',#5385);
#1777=VERTEX_POINT('',#5389);
#1778=VERTEX_POINT('',#5393);
#1779=VERTEX_POINT('',#5395);
#1780=VERTEX_POINT('',#5397);
#1781=VERTEX_POINT('',#5399);
#1782=VERTEX_POINT('',#5403);
#1783=VERTEX_POINT('',#5405);
#1784=VERTEX_POINT('',#5409);
#1785=VERTEX_POINT('',#5411);
#1786=VERTEX_POINT('',#5417);
#1787=VERTEX_POINT('',#5420);
#1788=VERTEX_POINT('',#5444);
#1789=VERTEX_POINT('',#5448);
#1790=LINE('',#4506,#2159);
#1791=LINE('',#4509,#2160);
#1792=LINE('',#4511,#2161);
#1793=LINE('',#4513,#2162);
#1794=LINE('',#4515,#2163);
#1795=LINE('',#4517,#2164);
#1796=LINE('',#4519,#2165);
#1797=LINE('',#4520,#2166);
#1798=LINE('',#4525,#2167);
#1799=LINE('',#4527,#2168);
#1800=LINE('',#4531,#2169);
#1801=LINE('',#4540,#2170);
#1802=LINE('',#4544,#2171);
#1803=LINE('',#4552,#2172);
#1804=LINE('',#4556,#2173);
#1805=LINE('',#4586,#2174);
#1806=LINE('',#4588,#2175);
#1807=LINE('',#4590,#2176);
#1808=LINE('',#4591,#2177);
#1809=LINE('',#4596,#2178);
#1810=LINE('',#4598,#2179);
#1811=LINE('',#4602,#2180);
#1812=LINE('',#4604,#2181);
#1813=LINE('',#4607,#2182);
#1814=LINE('',#4609,#2183);
#1815=LINE('',#4611,#2184);
#1816=LINE('',#4613,#2185);
#1817=LINE('',#4614,#2186);
#1818=LINE('',#4619,#2187);
#1819=LINE('',#4621,#2188);
#1820=LINE('',#4625,#2189);
#1821=LINE('',#4629,#2190);
#1822=LINE('',#4630,#2191);
#1823=LINE('',#4635,#2192);
#1824=LINE('',#4660,#2193);
#1825=LINE('',#4664,#2194);
#1826=LINE('',#4666,#2195);
#1827=LINE('',#4669,#2196);
#1828=LINE('',#4671,#2197);
#1829=LINE('',#4673,#2198);
#1830=LINE('',#4674,#2199);
#1831=LINE('',#4676,#2200);
#1832=LINE('',#4678,#2201);
#1833=LINE('',#4682,#2202);
#1834=LINE('',#4684,#2203);
#1835=LINE('',#4687,#2204);
#1836=LINE('',#4689,#2205);
#1837=LINE('',#4691,#2206);
#1838=LINE('',#4692,#2207);
#1839=LINE('',#4694,#2208);
#1840=LINE('',#4696,#2209);
#1841=LINE('',#4699,#2210);
#1842=LINE('',#4700,#2211);
#1843=LINE('',#4702,#2212);
#1844=LINE('',#4707,#2213);
#1845=LINE('',#4709,#2214);
#1846=LINE('',#4710,#2215);
#1847=LINE('',#4711,#2216);
#1848=LINE('',#4713,#2217);
#1849=LINE('',#4715,#2218);
#1850=LINE('',#4717,#2219);
#1851=LINE('',#4718,#2220);
#1852=LINE('',#4720,#2221);
#1853=LINE('',#4722,#2222);
#1854=LINE('',#4724,#2223);
#1855=LINE('',#4727,#2224);
#1856=LINE('',#4729,#2225);
#1857=LINE('',#4731,#2226);
#1858=LINE('',#4733,#2227);
#1859=LINE('',#4735,#2228);
#1860=LINE('',#4737,#2229);
#1861=LINE('',#4739,#2230);
#1862=LINE('',#4740,#2231);
#1863=LINE('',#4742,#2232);
#1864=LINE('',#4744,#2233);
#1865=LINE('',#4746,#2234);
#1866=LINE('',#4749,#2235);
#1867=LINE('',#4751,#2236);
#1868=LINE('',#4753,#2237);
#1869=LINE('',#4755,#2238);
#1870=LINE('',#4757,#2239);
#1871=LINE('',#4759,#2240);
#1872=LINE('',#4761,#2241);
#1873=LINE('',#4763,#2242);
#1874=LINE('',#4768,#2243);
#1875=LINE('',#4772,#2244);
#1876=LINE('',#4777,#2245);
#1877=LINE('',#4781,#2246);
#1878=LINE('',#4784,#2247);
#1879=LINE('',#4786,#2248);
#1880=LINE('',#4788,#2249);
#1881=LINE('',#4790,#2250);
#1882=LINE('',#4792,#2251);
#1883=LINE('',#4794,#2252);
#1884=LINE('',#4796,#2253);
#1885=LINE('',#4798,#2254);
#1886=LINE('',#4800,#2255);
#1887=LINE('',#4803,#2256);
#1888=LINE('',#4805,#2257);
#1889=LINE('',#4807,#2258);
#1890=LINE('',#4809,#2259);
#1891=LINE('',#4811,#2260);
#1892=LINE('',#4813,#2261);
#1893=LINE('',#4815,#2262);
#1894=LINE('',#4817,#2263);
#1895=LINE('',#4819,#2264);
#1896=LINE('',#4820,#2265);
#1897=LINE('',#4822,#2266);
#1898=LINE('',#4824,#2267);
#1899=LINE('',#4826,#2268);
#1900=LINE('',#4828,#2269);
#1901=LINE('',#4829,#2270);
#1902=LINE('',#4831,#2271);
#1903=LINE('',#4832,#2272);
#1904=LINE('',#4834,#2273);
#1905=LINE('',#4836,#2274);
#1906=LINE('',#4838,#2275);
#1907=LINE('',#4840,#2276);
#1908=LINE('',#4841,#2277);
#1909=LINE('',#4843,#2278);
#1910=LINE('',#4844,#2279);
#1911=LINE('',#4846,#2280);
#1912=LINE('',#4847,#2281);
#1913=LINE('',#4849,#2282);
#1914=LINE('',#4850,#2283);
#1915=LINE('',#4852,#2284);
#1916=LINE('',#4853,#2285);
#1917=LINE('',#4868,#2286);
#1918=LINE('',#4871,#2287);
#1919=LINE('',#4873,#2288);
#1920=LINE('',#4875,#2289);
#1921=LINE('',#4877,#2290);
#1922=LINE('',#4879,#2291);
#1923=LINE('',#4881,#2292);
#1924=LINE('',#4883,#2293);
#1925=LINE('',#4885,#2294);
#1926=LINE('',#4887,#2295);
#1927=LINE('',#4890,#2296);
#1928=LINE('',#4892,#2297);
#1929=LINE('',#4894,#2298);
#1930=LINE('',#4896,#2299);
#1931=LINE('',#4898,#2300);
#1932=LINE('',#4900,#2301);
#1933=LINE('',#4902,#2302);
#1934=LINE('',#4904,#2303);
#1935=LINE('',#4906,#2304);
#1936=LINE('',#4908,#2305);
#1937=LINE('',#4910,#2306);
#1938=LINE('',#4912,#2307);
#1939=LINE('',#4914,#2308);
#1940=LINE('',#4916,#2309);
#1941=LINE('',#4918,#2310);
#1942=LINE('',#4919,#2311);
#1943=LINE('',#4921,#2312);
#1944=LINE('',#4923,#2313);
#1945=LINE('',#4925,#2314);
#1946=LINE('',#4927,#2315);
#1947=LINE('',#4929,#2316);
#1948=LINE('',#4931,#2317);
#1949=LINE('',#4933,#2318);
#1950=LINE('',#4934,#2319);
#1951=LINE('',#4936,#2320);
#1952=LINE('',#4938,#2321);
#1953=LINE('',#4940,#2322);
#1954=LINE('',#4942,#2323);
#1955=LINE('',#4944,#2324);
#1956=LINE('',#4946,#2325);
#1957=LINE('',#4948,#2326);
#1958=LINE('',#4952,#2327);
#1959=LINE('',#4954,#2328);
#1960=LINE('',#4956,#2329);
#1961=LINE('',#4978,#2330);
#1962=LINE('',#4981,#2331);
#1963=LINE('',#4983,#2332);
#1964=LINE('',#4985,#2333);
#1965=LINE('',#4987,#2334);
#1966=LINE('',#4989,#2335);
#1967=LINE('',#4991,#2336);
#1968=LINE('',#4993,#2337);
#1969=LINE('',#4995,#2338);
#1970=LINE('',#4997,#2339);
#1971=LINE('',#5000,#2340);
#1972=LINE('',#5002,#2341);
#1973=LINE('',#5004,#2342);
#1974=LINE('',#5006,#2343);
#1975=LINE('',#5008,#2344);
#1976=LINE('',#5010,#2345);
#1977=LINE('',#5012,#2346);
#1978=LINE('',#5014,#2347);
#1979=LINE('',#5016,#2348);
#1980=LINE('',#5018,#2349);
#1981=LINE('',#5020,#2350);
#1982=LINE('',#5022,#2351);
#1983=LINE('',#5024,#2352);
#1984=LINE('',#5026,#2353);
#1985=LINE('',#5028,#2354);
#1986=LINE('',#5029,#2355);
#1987=LINE('',#5031,#2356);
#1988=LINE('',#5033,#2357);
#1989=LINE('',#5035,#2358);
#1990=LINE('',#5037,#2359);
#1991=LINE('',#5039,#2360);
#1992=LINE('',#5041,#2361);
#1993=LINE('',#5043,#2362);
#1994=LINE('',#5044,#2363);
#1995=LINE('',#5046,#2364);
#1996=LINE('',#5048,#2365);
#1997=LINE('',#5050,#2366);
#1998=LINE('',#5052,#2367);
#1999=LINE('',#5054,#2368);
#2000=LINE('',#5056,#2369);
#2001=LINE('',#5058,#2370);
#2002=LINE('',#5062,#2371);
#2003=LINE('',#5064,#2372);
#2004=LINE('',#5066,#2373);
#2005=LINE('',#5088,#2374);
#2006=LINE('',#5091,#2375);
#2007=LINE('',#5093,#2376);
#2008=LINE('',#5095,#2377);
#2009=LINE('',#5097,#2378);
#2010=LINE('',#5099,#2379);
#2011=LINE('',#5101,#2380);
#2012=LINE('',#5103,#2381);
#2013=LINE('',#5105,#2382);
#2014=LINE('',#5107,#2383);
#2015=LINE('',#5110,#2384);
#2016=LINE('',#5112,#2385);
#2017=LINE('',#5114,#2386);
#2018=LINE('',#5116,#2387);
#2019=LINE('',#5118,#2388);
#2020=LINE('',#5120,#2389);
#2021=LINE('',#5122,#2390);
#2022=LINE('',#5124,#2391);
#2023=LINE('',#5126,#2392);
#2024=LINE('',#5128,#2393);
#2025=LINE('',#5130,#2394);
#2026=LINE('',#5132,#2395);
#2027=LINE('',#5134,#2396);
#2028=LINE('',#5136,#2397);
#2029=LINE('',#5138,#2398);
#2030=LINE('',#5139,#2399);
#2031=LINE('',#5141,#2400);
#2032=LINE('',#5143,#2401);
#2033=LINE('',#5145,#2402);
#2034=LINE('',#5147,#2403);
#2035=LINE('',#5149,#2404);
#2036=LINE('',#5151,#2405);
#2037=LINE('',#5153,#2406);
#2038=LINE('',#5154,#2407);
#2039=LINE('',#5156,#2408);
#2040=LINE('',#5158,#2409);
#2041=LINE('',#5160,#2410);
#2042=LINE('',#5162,#2411);
#2043=LINE('',#5164,#2412);
#2044=LINE('',#5166,#2413);
#2045=LINE('',#5168,#2414);
#2046=LINE('',#5172,#2415);
#2047=LINE('',#5174,#2416);
#2048=LINE('',#5176,#2417);
#2049=LINE('',#5213,#2418);
#2050=LINE('',#5216,#2419);
#2051=LINE('',#5218,#2420);
#2052=LINE('',#5220,#2421);
#2053=LINE('',#5222,#2422);
#2054=LINE('',#5224,#2423);
#2055=LINE('',#5226,#2424);
#2056=LINE('',#5228,#2425);
#2057=LINE('',#5230,#2426);
#2058=LINE('',#5233,#2427);
#2059=LINE('',#5235,#2428);
#2060=LINE('',#5237,#2429);
#2061=LINE('',#5239,#2430);
#2062=LINE('',#5241,#2431);
#2063=LINE('',#5243,#2432);
#2064=LINE('',#5244,#2433);
#2065=LINE('',#5250,#2434);
#2066=LINE('',#5252,#2435);
#2067=LINE('',#5253,#2436);
#2068=LINE('',#5255,#2437);
#2069=LINE('',#5257,#2438);
#2070=LINE('',#5259,#2439);
#2071=LINE('',#5263,#2440);
#2072=LINE('',#5265,#2441);
#2073=LINE('',#5267,#2442);
#2074=LINE('',#5271,#2443);
#2075=LINE('',#5272,#2444);
#2076=LINE('',#5276,#2445);
#2077=LINE('',#5277,#2446);
#2078=LINE('',#5279,#2447);
#2079=LINE('',#5280,#2448);
#2080=LINE('',#5281,#2449);
#2081=LINE('',#5283,#2450);
#2082=LINE('',#5285,#2451);
#2083=LINE('',#5287,#2452);
#2084=LINE('',#5288,#2453);
#2085=LINE('',#5290,#2454);
#2086=LINE('',#5294,#2455);
#2087=LINE('',#5296,#2456);
#2088=LINE('',#5298,#2457);
#2089=LINE('',#5300,#2458);
#2090=LINE('',#5301,#2459);
#2091=LINE('',#5303,#2460);
#2092=LINE('',#5304,#2461);
#2093=LINE('',#5306,#2462);
#2094=LINE('',#5308,#2463);
#2095=LINE('',#5310,#2464);
#2096=LINE('',#5312,#2465);
#2097=LINE('',#5316,#2466);
#2098=LINE('',#5318,#2467);
#2099=LINE('',#5319,#2468);
#2100=LINE('',#5327,#2469);
#2101=LINE('',#5329,#2470);
#2102=LINE('',#5331,#2471);
#2103=LINE('',#5340,#2472);
#2104=LINE('',#5352,#2473);
#2105=LINE('',#5355,#2474);
#2106=LINE('',#5358,#2475);
#2107=LINE('',#5360,#2476);
#2108=LINE('',#5361,#2477);
#2109=LINE('',#5363,#2478);
#2110=LINE('',#5364,#2479);
#2111=LINE('',#5365,#2480);
#2112=LINE('',#5370,#2481);
#2113=LINE('',#5374,#2482);
#2114=LINE('',#5375,#2483);
#2115=LINE('',#5376,#2484);
#2116=LINE('',#5380,#2485);
#2117=LINE('',#5382,#2486);
#2118=LINE('',#5384,#2487);
#2119=LINE('',#5386,#2488);
#2120=LINE('',#5388,#2489);
#2121=LINE('',#5390,#2490);
#2122=LINE('',#5392,#2491);
#2123=LINE('',#5396,#2492);
#2124=LINE('',#5400,#2493);
#2125=LINE('',#5402,#2494);
#2126=LINE('',#5404,#2495);
#2127=LINE('',#5406,#2496);
#2128=LINE('',#5407,#2497);
#2129=LINE('',#5408,#2498);
#2130=LINE('',#5410,#2499);
#2131=LINE('',#5412,#2500);
#2132=LINE('',#5413,#2501);
#2133=LINE('',#5414,#2502);
#2134=LINE('',#5416,#2503);
#2135=LINE('',#5418,#2504);
#2136=LINE('',#5419,#2505);
#2137=LINE('',#5421,#2506);
#2138=LINE('',#5423,#2507);
#2139=LINE('',#5425,#2508);
#2140=LINE('',#5428,#2509);
#2141=LINE('',#5435,#2510);
#2142=LINE('',#5436,#2511);
#2143=LINE('',#5438,#2512);
#2144=LINE('',#5440,#2513);
#2145=LINE('',#5442,#2514);
#2146=LINE('',#5443,#2515);
#2147=LINE('',#5445,#2516);
#2148=LINE('',#5447,#2517);
#2149=LINE('',#5449,#2518);
#2150=LINE('',#5451,#2519);
#2151=LINE('',#5453,#2520);
#2152=LINE('',#5455,#2521);
#2153=LINE('',#5458,#2522);
#2154=LINE('',#5463,#2523);
#2155=LINE('',#5466,#2524);
#2156=LINE('',#5469,#2525);
#2157=LINE('',#5472,#2526);
#2158=LINE('',#5475,#2527);
#2159=VECTOR('',#3597,1.);
#2160=VECTOR('',#3598,1.);
#2161=VECTOR('',#3599,1.);
#2162=VECTOR('',#3600,1.);
#2163=VECTOR('',#3601,1.);
#2164=VECTOR('',#3602,1.);
#2165=VECTOR('',#3603,1.);
#2166=VECTOR('',#3604,1.);
#2167=VECTOR('',#3607,1.);
#2168=VECTOR('',#3608,1.);
#2169=VECTOR('',#3611,1.);
#2170=VECTOR('',#3620,1.);
#2171=VECTOR('',#3623,1.);
#2172=VECTOR('',#3630,1.);
#2173=VECTOR('',#3633,1.);
#2174=VECTOR('',#3644,1.);
#2175=VECTOR('',#3645,1.);
#2176=VECTOR('',#3646,1.);
#2177=VECTOR('',#3647,1.);
#2178=VECTOR('',#3650,1.);
#2179=VECTOR('',#3653,1.);
#2180=VECTOR('',#3656,1.);
#2181=VECTOR('',#3659,1.);
#2182=VECTOR('',#3660,1.);
#2183=VECTOR('',#3661,1.);
#2184=VECTOR('',#3662,1.);
#2185=VECTOR('',#3663,1.);
#2186=VECTOR('',#3664,1.);
#2187=VECTOR('',#3667,1.);
#2188=VECTOR('',#3670,1.);
#2189=VECTOR('',#3673,1.);
#2190=VECTOR('',#3676,1.);
#2191=VECTOR('',#3677,1.);
#2192=VECTOR('',#3680,1.);
#2193=VECTOR('',#3685,1.);
#2194=VECTOR('',#3688,1.);
#2195=VECTOR('',#3691,1.);
#2196=VECTOR('',#3692,1.);
#2197=VECTOR('',#3693,1.);
#2198=VECTOR('',#3694,1.);
#2199=VECTOR('',#3695,1.);
#2200=VECTOR('',#3696,1.);
#2201=VECTOR('',#3699,1.);
#2202=VECTOR('',#3702,1.);
#2203=VECTOR('',#3705,1.);
#2204=VECTOR('',#3706,1.);
#2205=VECTOR('',#3707,1.);
#2206=VECTOR('',#3708,1.);
#2207=VECTOR('',#3709,1.);
#2208=VECTOR('',#3710,1.);
#2209=VECTOR('',#3713,1.);
#2210=VECTOR('',#3714,1.);
#2211=VECTOR('',#3715,1.);
#2212=VECTOR('',#3718,1.);
#2213=VECTOR('',#3721,1.);
#2214=VECTOR('',#3722,1.);
#2215=VECTOR('',#3723,1.);
#2216=VECTOR('',#3724,1.);
#2217=VECTOR('',#3725,1.);
#2218=VECTOR('',#3726,1.);
#2219=VECTOR('',#3727,1.);
#2220=VECTOR('',#3728,1.);
#2221=VECTOR('',#3729,1.);
#2222=VECTOR('',#3730,1.);
#2223=VECTOR('',#3733,1.);
#2224=VECTOR('',#3734,1.);
#2225=VECTOR('',#3735,1.);
#2226=VECTOR('',#3736,1.);
#2227=VECTOR('',#3737,1.);
#2228=VECTOR('',#3738,1.);
#2229=VECTOR('',#3739,1.);
#2230=VECTOR('',#3740,1.);
#2231=VECTOR('',#3741,1.);
#2232=VECTOR('',#3742,1.);
#2233=VECTOR('',#3743,1.);
#2234=VECTOR('',#3746,1.);
#2235=VECTOR('',#3747,1.);
#2236=VECTOR('',#3748,1.);
#2237=VECTOR('',#3749,1.);
#2238=VECTOR('',#3750,1.);
#2239=VECTOR('',#3751,1.);
#2240=VECTOR('',#3752,1.);
#2241=VECTOR('',#3753,1.);
#2242=VECTOR('',#3756,1.);
#2243=VECTOR('',#3759,1.);
#2244=VECTOR('',#3764,1.);
#2245=VECTOR('',#3767,1.);
#2246=VECTOR('',#3772,1.);
#2247=VECTOR('',#3773,1.);
#2248=VECTOR('',#3774,1.);
#2249=VECTOR('',#3775,1.);
#2250=VECTOR('',#3776,1.);
#2251=VECTOR('',#3779,1.);
#2252=VECTOR('',#3780,1.);
#2253=VECTOR('',#3781,1.);
#2254=VECTOR('',#3782,1.);
#2255=VECTOR('',#3785,1.);
#2256=VECTOR('',#3786,1.);
#2257=VECTOR('',#3787,1.);
#2258=VECTOR('',#3788,1.);
#2259=VECTOR('',#3789,1.);
#2260=VECTOR('',#3792,1.);
#2261=VECTOR('',#3793,1.);
#2262=VECTOR('',#3794,1.);
#2263=VECTOR('',#3795,1.);
#2264=VECTOR('',#3798,1.);
#2265=VECTOR('',#3799,1.);
#2266=VECTOR('',#3802,1.);
#2267=VECTOR('',#3803,1.);
#2268=VECTOR('',#3804,1.);
#2269=VECTOR('',#3807,1.);
#2270=VECTOR('',#3808,1.);
#2271=VECTOR('',#3811,1.);
#2272=VECTOR('',#3812,1.);
#2273=VECTOR('',#3815,1.);
#2274=VECTOR('',#3816,1.);
#2275=VECTOR('',#3817,1.);
#2276=VECTOR('',#3820,1.);
#2277=VECTOR('',#3821,1.);
#2278=VECTOR('',#3824,1.);
#2279=VECTOR('',#3825,1.);
#2280=VECTOR('',#3828,1.);
#2281=VECTOR('',#3829,1.);
#2282=VECTOR('',#3832,1.);
#2283=VECTOR('',#3833,1.);
#2284=VECTOR('',#3836,1.);
#2285=VECTOR('',#3837,1.);
#2286=VECTOR('',#3866,1.);
#2287=VECTOR('',#3867,1.);
#2288=VECTOR('',#3868,1.);
#2289=VECTOR('',#3869,1.);
#2290=VECTOR('',#3870,1.);
#2291=VECTOR('',#3873,1.);
#2292=VECTOR('',#3874,1.);
#2293=VECTOR('',#3875,1.);
#2294=VECTOR('',#3876,1.);
#2295=VECTOR('',#3879,1.);
#2296=VECTOR('',#3880,1.);
#2297=VECTOR('',#3881,1.);
#2298=VECTOR('',#3882,1.);
#2299=VECTOR('',#3883,1.);
#2300=VECTOR('',#3886,1.);
#2301=VECTOR('',#3887,1.);
#2302=VECTOR('',#3888,1.);
#2303=VECTOR('',#3889,1.);
#2304=VECTOR('',#3892,1.);
#2305=VECTOR('',#3893,1.);
#2306=VECTOR('',#3894,1.);
#2307=VECTOR('',#3897,1.);
#2308=VECTOR('',#3898,1.);
#2309=VECTOR('',#3899,1.);
#2310=VECTOR('',#3902,1.);
#2311=VECTOR('',#3903,1.);
#2312=VECTOR('',#3906,1.);
#2313=VECTOR('',#3907,1.);
#2314=VECTOR('',#3908,1.);
#2315=VECTOR('',#3911,1.);
#2316=VECTOR('',#3912,1.);
#2317=VECTOR('',#3913,1.);
#2318=VECTOR('',#3916,1.);
#2319=VECTOR('',#3917,1.);
#2320=VECTOR('',#3920,1.);
#2321=VECTOR('',#3921,1.);
#2322=VECTOR('',#3922,1.);
#2323=VECTOR('',#3925,1.);
#2324=VECTOR('',#3926,1.);
#2325=VECTOR('',#3927,1.);
#2326=VECTOR('',#3930,1.);
#2327=VECTOR('',#3933,1.);
#2328=VECTOR('',#3936,1.);
#2329=VECTOR('',#3937,1.);
#2330=VECTOR('',#3978,1.);
#2331=VECTOR('',#3979,1.);
#2332=VECTOR('',#3980,1.);
#2333=VECTOR('',#3981,1.);
#2334=VECTOR('',#3982,1.);
#2335=VECTOR('',#3985,1.);
#2336=VECTOR('',#3986,1.);
#2337=VECTOR('',#3987,1.);
#2338=VECTOR('',#3988,1.);
#2339=VECTOR('',#3991,1.);
#2340=VECTOR('',#3992,1.);
#2341=VECTOR('',#3993,1.);
#2342=VECTOR('',#3994,1.);
#2343=VECTOR('',#3995,1.);
#2344=VECTOR('',#3998,1.);
#2345=VECTOR('',#3999,1.);
#2346=VECTOR('',#4000,1.);
#2347=VECTOR('',#4001,1.);
#2348=VECTOR('',#4004,1.);
#2349=VECTOR('',#4005,1.);
#2350=VECTOR('',#4006,1.);
#2351=VECTOR('',#4009,1.);
#2352=VECTOR('',#4010,1.);
#2353=VECTOR('',#4011,1.);
#2354=VECTOR('',#4014,1.);
#2355=VECTOR('',#4015,1.);
#2356=VECTOR('',#4018,1.);
#2357=VECTOR('',#4019,1.);
#2358=VECTOR('',#4020,1.);
#2359=VECTOR('',#4023,1.);
#2360=VECTOR('',#4024,1.);
#2361=VECTOR('',#4025,1.);
#2362=VECTOR('',#4028,1.);
#2363=VECTOR('',#4029,1.);
#2364=VECTOR('',#4032,1.);
#2365=VECTOR('',#4033,1.);
#2366=VECTOR('',#4034,1.);
#2367=VECTOR('',#4037,1.);
#2368=VECTOR('',#4038,1.);
#2369=VECTOR('',#4039,1.);
#2370=VECTOR('',#4042,1.);
#2371=VECTOR('',#4045,1.);
#2372=VECTOR('',#4048,1.);
#2373=VECTOR('',#4049,1.);
#2374=VECTOR('',#4090,1.);
#2375=VECTOR('',#4091,1.);
#2376=VECTOR('',#4092,1.);
#2377=VECTOR('',#4093,1.);
#2378=VECTOR('',#4094,1.);
#2379=VECTOR('',#4097,1.);
#2380=VECTOR('',#4098,1.);
#2381=VECTOR('',#4099,1.);
#2382=VECTOR('',#4100,1.);
#2383=VECTOR('',#4103,1.);
#2384=VECTOR('',#4104,1.);
#2385=VECTOR('',#4105,1.);
#2386=VECTOR('',#4106,1.);
#2387=VECTOR('',#4107,1.);
#2388=VECTOR('',#4110,1.);
#2389=VECTOR('',#4111,1.);
#2390=VECTOR('',#4112,1.);
#2391=VECTOR('',#4113,1.);
#2392=VECTOR('',#4116,1.);
#2393=VECTOR('',#4117,1.);
#2394=VECTOR('',#4118,1.);
#2395=VECTOR('',#4121,1.);
#2396=VECTOR('',#4122,1.);
#2397=VECTOR('',#4123,1.);
#2398=VECTOR('',#4126,1.);
#2399=VECTOR('',#4127,1.);
#2400=VECTOR('',#4130,1.);
#2401=VECTOR('',#4131,1.);
#2402=VECTOR('',#4132,1.);
#2403=VECTOR('',#4135,1.);
#2404=VECTOR('',#4136,1.);
#2405=VECTOR('',#4137,1.);
#2406=VECTOR('',#4140,1.);
#2407=VECTOR('',#4141,1.);
#2408=VECTOR('',#4144,1.);
#2409=VECTOR('',#4145,1.);
#2410=VECTOR('',#4146,1.);
#2411=VECTOR('',#4149,1.);
#2412=VECTOR('',#4150,1.);
#2413=VECTOR('',#4151,1.);
#2414=VECTOR('',#4154,1.);
#2415=VECTOR('',#4157,1.);
#2416=VECTOR('',#4160,1.);
#2417=VECTOR('',#4161,1.);
#2418=VECTOR('',#4224,1.);
#2419=VECTOR('',#4225,1.);
#2420=VECTOR('',#4226,1.);
#2421=VECTOR('',#4227,1.);
#2422=VECTOR('',#4228,1.);
#2423=VECTOR('',#4229,1.);
#2424=VECTOR('',#4230,1.);
#2425=VECTOR('',#4231,1.);
#2426=VECTOR('',#4234,1.);
#2427=VECTOR('',#4235,1.);
#2428=VECTOR('',#4236,1.);
#2429=VECTOR('',#4237,1.);
#2430=VECTOR('',#4238,1.);
#2431=VECTOR('',#4239,1.);
#2432=VECTOR('',#4240,1.);
#2433=VECTOR('',#4241,1.);
#2434=VECTOR('',#4242,1.);
#2435=VECTOR('',#4243,1.);
#2436=VECTOR('',#4244,1.);
#2437=VECTOR('',#4245,1.);
#2438=VECTOR('',#4248,1.);
#2439=VECTOR('',#4249,1.);
#2440=VECTOR('',#4252,1.);
#2441=VECTOR('',#4253,1.);
#2442=VECTOR('',#4254,1.);
#2443=VECTOR('',#4257,1.);
#2444=VECTOR('',#4258,1.);
#2445=VECTOR('',#4263,1.);
#2446=VECTOR('',#4264,1.);
#2447=VECTOR('',#4265,1.);
#2448=VECTOR('',#4266,1.);
#2449=VECTOR('',#4267,1.);
#2450=VECTOR('',#4270,1.);
#2451=VECTOR('',#4271,1.);
#2452=VECTOR('',#4272,1.);
#2453=VECTOR('',#4273,1.);
#2454=VECTOR('',#4276,1.);
#2455=VECTOR('',#4281,1.);
#2456=VECTOR('',#4282,1.);
#2457=VECTOR('',#4285,1.);
#2458=VECTOR('',#4286,1.);
#2459=VECTOR('',#4287,1.);
#2460=VECTOR('',#4288,1.);
#2461=VECTOR('',#4289,1.);
#2462=VECTOR('',#4290,1.);
#2463=VECTOR('',#4293,1.);
#2464=VECTOR('',#4294,1.);
#2465=VECTOR('',#4297,1.);
#2466=VECTOR('',#4302,1.);
#2467=VECTOR('',#4305,1.);
#2468=VECTOR('',#4306,1.);
#2469=VECTOR('',#4315,1.);
#2470=VECTOR('',#4316,1.);
#2471=VECTOR('',#4319,1.);
#2472=VECTOR('',#4326,1.);
#2473=VECTOR('',#4347,1.);
#2474=VECTOR('',#4352,1.);
#2475=VECTOR('',#4357,1.);
#2476=VECTOR('',#4360,1.);
#2477=VECTOR('',#4361,1.);
#2478=VECTOR('',#4364,1.);
#2479=VECTOR('',#4365,1.);
#2480=VECTOR('',#4366,1.);
#2481=VECTOR('',#4369,1.);
#2482=VECTOR('',#4374,1.);
#2483=VECTOR('',#4375,1.);
#2484=VECTOR('',#4376,1.);
#2485=VECTOR('',#4383,1.);
#2486=VECTOR('',#4386,1.);
#2487=VECTOR('',#4387,1.);
#2488=VECTOR('',#4388,1.);
#2489=VECTOR('',#4391,1.);
#2490=VECTOR('',#4392,1.);
#2491=VECTOR('',#4395,1.);
#2492=VECTOR('',#4398,1.);
#2493=VECTOR('',#4401,1.);
#2494=VECTOR('',#4404,1.);
#2495=VECTOR('',#4405,1.);
#2496=VECTOR('',#4406,1.);
#2497=VECTOR('',#4407,1.);
#2498=VECTOR('',#4408,1.);
#2499=VECTOR('',#4409,1.);
#2500=VECTOR('',#4410,1.);
#2501=VECTOR('',#4411,1.);
#2502=VECTOR('',#4412,1.);
#2503=VECTOR('',#4415,1.);
#2504=VECTOR('',#4416,1.);
#2505=VECTOR('',#4417,1.);
#2506=VECTOR('',#4418,1.);
#2507=VECTOR('',#4421,1.);
#2508=VECTOR('',#4424,1.);
#2509=VECTOR('',#4429,1.);
#2510=VECTOR('',#4442,1.);
#2511=VECTOR('',#4443,1.);
#2512=VECTOR('',#4446,1.);
#2513=VECTOR('',#4449,1.);
#2514=VECTOR('',#4452,1.);
#2515=VECTOR('',#4453,1.);
#2516=VECTOR('',#4454,1.);
#2517=VECTOR('',#4457,1.);
#2518=VECTOR('',#4458,1.);
#2519=VECTOR('',#4461,1.);
#2520=VECTOR('',#4464,1.);
#2521=VECTOR('',#4467,1.);
#2522=VECTOR('',#4472,1.);
#2523=VECTOR('',#4481,1.);
#2524=VECTOR('',#4486,1.);
#2525=VECTOR('',#4491,1.);
#2526=VECTOR('',#4496,1.);
#2527=VECTOR('',#4501,1.);
#2528=EDGE_LOOP('',(#123,#124,#125,#126,#127,#128,#129));
#2529=EDGE_LOOP('',(#130,#131,#132,#133,#134,#135));
#2530=EDGE_LOOP('',(#136,#137,#138,#139,#140,#141,#142,#143,#144,#145,#146,
#147));
#2531=EDGE_LOOP('',(#148,#149,#150,#151,#152,#153));
#2532=EDGE_LOOP('',(#154,#155,#156,#157));
#2533=EDGE_LOOP('',(#158,#159,#160));
#2534=EDGE_LOOP('',(#161,#162,#163,#164));
#2535=EDGE_LOOP('',(#165,#166,#167,#168,#169));
#2536=EDGE_LOOP('',(#170,#171,#172));
#2537=EDGE_LOOP('',(#173,#174,#175,#176,#177,#178));
#2538=EDGE_LOOP('',(#179,#180,#181,#182));
#2539=EDGE_LOOP('',(#183));
#2540=EDGE_LOOP('',(#184,#185,#186,#187));
#2541=EDGE_LOOP('',(#188,#189,#190,#191));
#2542=EDGE_LOOP('',(#192,#193,#194));
#2543=EDGE_LOOP('',(#195,#196,#197,#198));
#2544=EDGE_LOOP('',(#199,#200,#201,#202));
#2545=EDGE_LOOP('',(#203,#204,#205));
#2546=EDGE_LOOP('',(#206,#207,#208,#209));
#2547=EDGE_LOOP('',(#210,#211,#212,#213,#214,#215));
#2548=EDGE_LOOP('',(#216,#217,#218,#219,#220));
#2549=EDGE_LOOP('',(#221,#222,#223,#224));
#2550=EDGE_LOOP('',(#225,#226,#227,#228,#229,#230,#231,#232,#233,#234,#235));
#2551=EDGE_LOOP('',(#236,#237,#238,#239,#240,#241,#242,#243));
#2552=EDGE_LOOP('',(#244,#245,#246,#247));
#2553=EDGE_LOOP('',(#248,#249,#250,#251));
#2554=EDGE_LOOP('',(#252,#253,#254,#255,#256));
#2555=EDGE_LOOP('',(#257,#258,#259,#260,#261));
#2556=EDGE_LOOP('',(#262,#263,#264,#265,#266));
#2557=EDGE_LOOP('',(#267,#268,#269,#270,#271));
#2558=EDGE_LOOP('',(#272,#273,#274,#275));
#2559=EDGE_LOOP('',(#276,#277,#278,#279));
#2560=EDGE_LOOP('',(#280,#281,#282,#283));
#2561=EDGE_LOOP('',(#284,#285,#286,#287));
#2562=EDGE_LOOP('',(#288,#289,#290,#291));
#2563=EDGE_LOOP('',(#292,#293,#294,#295));
#2564=EDGE_LOOP('',(#296,#297,#298,#299));
#2565=EDGE_LOOP('',(#300,#301,#302,#303));
#2566=EDGE_LOOP('',(#304,#305,#306,#307,#308));
#2567=EDGE_LOOP('',(#309,#310,#311,#312,#313));
#2568=EDGE_LOOP('',(#314,#315,#316));
#2569=EDGE_LOOP('',(#317,#318,#319));
#2570=EDGE_LOOP('',(#320,#321,#322,#323,#324));
#2571=EDGE_LOOP('',(#325,#326,#327));
#2572=EDGE_LOOP('',(#328,#329,#330,#331,#332));
#2573=EDGE_LOOP('',(#333,#334,#335));
#2574=EDGE_LOOP('',(#336,#337,#338));
#2575=EDGE_LOOP('',(#339,#340,#341));
#2576=EDGE_LOOP('',(#342,#343,#344));
#2577=EDGE_LOOP('',(#345,#346,#347,#348,#349));
#2578=EDGE_LOOP('',(#350,#351,#352,#353,#354));
#2579=EDGE_LOOP('',(#355,#356,#357,#358,#359));
#2580=EDGE_LOOP('',(#360,#361,#362,#363,#364));
#2581=EDGE_LOOP('',(#365,#366,#367,#368));
#2582=EDGE_LOOP('',(#369,#370,#371,#372));
#2583=EDGE_LOOP('',(#373,#374,#375,#376));
#2584=EDGE_LOOP('',(#377,#378,#379,#380));
#2585=EDGE_LOOP('',(#381,#382,#383,#384));
#2586=EDGE_LOOP('',(#385,#386,#387,#388));
#2587=EDGE_LOOP('',(#389,#390,#391,#392));
#2588=EDGE_LOOP('',(#393,#394,#395,#396));
#2589=EDGE_LOOP('',(#397,#398,#399,#400,#401));
#2590=EDGE_LOOP('',(#402,#403,#404,#405,#406));
#2591=EDGE_LOOP('',(#407,#408,#409));
#2592=EDGE_LOOP('',(#410,#411,#412));
#2593=EDGE_LOOP('',(#413,#414,#415,#416,#417));
#2594=EDGE_LOOP('',(#418,#419,#420));
#2595=EDGE_LOOP('',(#421,#422,#423,#424,#425));
#2596=EDGE_LOOP('',(#426,#427,#428));
#2597=EDGE_LOOP('',(#429,#430,#431));
#2598=EDGE_LOOP('',(#432,#433,#434));
#2599=EDGE_LOOP('',(#435,#436,#437));
#2600=EDGE_LOOP('',(#438,#439,#440,#441,#442));
#2601=EDGE_LOOP('',(#443,#444,#445,#446,#447));
#2602=EDGE_LOOP('',(#448,#449,#450,#451,#452));
#2603=EDGE_LOOP('',(#453,#454,#455,#456,#457));
#2604=EDGE_LOOP('',(#458,#459,#460,#461));
#2605=EDGE_LOOP('',(#462,#463,#464,#465));
#2606=EDGE_LOOP('',(#466,#467,#468,#469));
#2607=EDGE_LOOP('',(#470,#471,#472,#473));
#2608=EDGE_LOOP('',(#474,#475,#476,#477));
#2609=EDGE_LOOP('',(#478,#479,#480,#481));
#2610=EDGE_LOOP('',(#482,#483,#484,#485));
#2611=EDGE_LOOP('',(#486,#487,#488,#489));
#2612=EDGE_LOOP('',(#490,#491,#492,#493,#494));
#2613=EDGE_LOOP('',(#495,#496,#497,#498,#499));
#2614=EDGE_LOOP('',(#500,#501,#502));
#2615=EDGE_LOOP('',(#503,#504,#505));
#2616=EDGE_LOOP('',(#506,#507,#508,#509,#510));
#2617=EDGE_LOOP('',(#511,#512,#513));
#2618=EDGE_LOOP('',(#514,#515,#516,#517,#518));
#2619=EDGE_LOOP('',(#519,#520,#521));
#2620=EDGE_LOOP('',(#522,#523,#524));
#2621=EDGE_LOOP('',(#525,#526,#527));
#2622=EDGE_LOOP('',(#528,#529,#530));
#2623=EDGE_LOOP('',(#531,#532,#533,#534,#535));
#2624=EDGE_LOOP('',(#536,#537,#538,#539,#540));
#2625=EDGE_LOOP('',(#541,#542,#543,#544,#545));
#2626=EDGE_LOOP('',(#546,#547,#548,#549,#550));
#2627=EDGE_LOOP('',(#551,#552,#553,#554));
#2628=EDGE_LOOP('',(#555,#556,#557,#558));
#2629=EDGE_LOOP('',(#559,#560,#561,#562));
#2630=EDGE_LOOP('',(#563,#564,#565,#566));
#2631=EDGE_LOOP('',(#567,#568,#569,#570));
#2632=EDGE_LOOP('',(#571,#572,#573,#574));
#2633=EDGE_LOOP('',(#575,#576,#577,#578));
#2634=EDGE_LOOP('',(#579,#580,#581,#582));
#2635=EDGE_LOOP('',(#583,#584,#585,#586,#587));
#2636=EDGE_LOOP('',(#588,#589,#590,#591,#592));
#2637=EDGE_LOOP('',(#593,#594,#595));
#2638=EDGE_LOOP('',(#596,#597,#598));
#2639=EDGE_LOOP('',(#599,#600,#601,#602,#603));
#2640=EDGE_LOOP('',(#604,#605,#606));
#2641=EDGE_LOOP('',(#607,#608,#609,#610,#611));
#2642=EDGE_LOOP('',(#612,#613,#614));
#2643=EDGE_LOOP('',(#615,#616,#617));
#2644=EDGE_LOOP('',(#618,#619,#620));
#2645=EDGE_LOOP('',(#621,#622,#623));
#2646=EDGE_LOOP('',(#624));
#2647=EDGE_LOOP('',(#625));
#2648=EDGE_LOOP('',(#626));
#2649=EDGE_LOOP('',(#627,#628,#629,#630,#631,#632,#633,#634,#635,#636,#637,
#638));
#2650=EDGE_LOOP('',(#639));
#2651=EDGE_LOOP('',(#640,#641,#642,#643,#644,#645,#646,#647,#648,#649,#650,
#651));
#2652=EDGE_LOOP('',(#652));
#2653=EDGE_LOOP('',(#653,#654,#655,#656,#657,#658,#659,#660,#661,#662,#663,
#664));
#2654=EDGE_LOOP('',(#665,#666,#667,#668,#669,#670,#671,#672));
#2655=EDGE_LOOP('',(#673,#674,#675,#676,#677,#678,#679,#680,#681,#682));
#2656=EDGE_LOOP('',(#683,#684,#685));
#2657=EDGE_LOOP('',(#686,#687,#688));
#2658=EDGE_LOOP('',(#689,#690,#691,#692,#693,#694,#695,#696,#697,#698,#699,
#700));
#2659=EDGE_LOOP('',(#701,#702,#703,#704,#705,#706,#707,#708,#709));
#2660=EDGE_LOOP('',(#710));
#2661=EDGE_LOOP('',(#711));
#2662=EDGE_LOOP('',(#712));
#2663=EDGE_LOOP('',(#713));
#2664=EDGE_LOOP('',(#714,#715,#716,#717,#718,#719,#720));
#2665=EDGE_LOOP('',(#721,#722,#723,#724));
#2666=EDGE_LOOP('',(#725,#726,#727,#728));
#2667=EDGE_LOOP('',(#729,#730,#731));
#2668=EDGE_LOOP('',(#732,#733,#734));
#2669=EDGE_LOOP('',(#735,#736,#737,#738));
#2670=EDGE_LOOP('',(#739,#740,#741,#742));
#2671=EDGE_LOOP('',(#743,#744,#745,#746));
#2672=EDGE_LOOP('',(#747,#748,#749,#750));
#2673=EDGE_LOOP('',(#751,#752,#753,#754,#755,#756,#757,#758,#759,#760,#761,
#762,#763,#764,#765));
#2674=EDGE_LOOP('',(#766));
#2675=EDGE_LOOP('',(#767));
#2676=EDGE_LOOP('',(#768));
#2677=EDGE_LOOP('',(#769,#770,#771,#772));
#2678=EDGE_LOOP('',(#773,#774,#775,#776));
#2679=EDGE_LOOP('',(#777,#778,#779,#780));
#2680=EDGE_LOOP('',(#781,#782,#783,#784,#785,#786));
#2681=EDGE_LOOP('',(#787));
#2682=EDGE_LOOP('',(#788,#789,#790,#791));
#2683=EDGE_LOOP('',(#792));
#2684=EDGE_LOOP('',(#793,#794,#795));
#2685=EDGE_LOOP('',(#796,#797,#798,#799));
#2686=EDGE_LOOP('',(#800));
#2687=EDGE_LOOP('',(#801,#802,#803));
#2688=EDGE_LOOP('',(#804,#805,#806,#807));
#2689=EDGE_LOOP('',(#808));
#2690=EDGE_LOOP('',(#809,#810,#811));
#2691=EDGE_LOOP('',(#812,#813,#814,#815));
#2692=EDGE_LOOP('',(#816));
#2693=EDGE_LOOP('',(#817,#818,#819));
#2694=EDGE_LOOP('',(#820,#821,#822,#823));
#2695=EDGE_LOOP('',(#824,#825,#826,#827));
#2696=EDGE_LOOP('',(#828,#829,#830,#831));
#2697=EDGE_LOOP('',(#832,#833,#834,#835));
#2698=EDGE_LOOP('',(#836,#837,#838,#839));
#2699=EDGE_LOOP('',(#840,#841,#842,#843));
#2700=EDGE_LOOP('',(#844,#845,#846,#847));
#2701=EDGE_LOOP('',(#848,#849,#850,#851));
#2702=EDGE_LOOP('',(#852,#853,#854,#855,#856,#857,#858));
#2703=EDGE_LOOP('',(#859,#860,#861,#862));
#2704=EDGE_LOOP('',(#863,#864,#865,#866));
#2705=EDGE_LOOP('',(#867,#868,#869,#870));
#2706=EDGE_LOOP('',(#871,#872,#873,#874,#875));
#2707=EDGE_LOOP('',(#876,#877,#878,#879));
#2708=EDGE_LOOP('',(#880,#881,#882,#883,#884,#885));
#2709=EDGE_LOOP('',(#886,#887,#888,#889,#890,#891));
#2710=EDGE_LOOP('',(#892,#893,#894,#895));
#2711=EDGE_LOOP('',(#896,#897,#898,#899,#900));
#2712=EDGE_LOOP('',(#901,#902,#903,#904,#905,#906));
#2713=EDGE_LOOP('',(#907,#908,#909,#910,#911));
#2714=EDGE_LOOP('',(#912,#913,#914,#915));
#2715=EDGE_LOOP('',(#916,#917,#918,#919));
#2716=EDGE_LOOP('',(#920,#921,#922,#923));
#2717=EDGE_LOOP('',(#924,#925,#926,#927));
#2718=EDGE_LOOP('',(#928,#929,#930));
#2719=EDGE_LOOP('',(#931,#932,#933,#934));
#2720=EDGE_LOOP('',(#935,#936,#937,#938));
#2721=EDGE_LOOP('',(#939,#940,#941,#942));
#2722=EDGE_LOOP('',(#943,#944,#945,#946,#947,#948));
#2723=EDGE_LOOP('',(#949,#950,#951,#952));
#2724=EDGE_LOOP('',(#953,#954,#955,#956,#957,#958));
#2725=EDGE_LOOP('',(#959,#960,#961,#962,#963,#964));
#2726=EDGE_LOOP('',(#965,#966,#967,#968));
#2727=EDGE_LOOP('',(#969,#970,#971,#972));
#2728=EDGE_LOOP('',(#973,#974,#975,#976,#977,#978));
#2729=EDGE_LOOP('',(#979,#980,#981,#982));
#2730=EDGE_LOOP('',(#983,#984,#985,#986));
#2731=EDGE_LOOP('',(#987,#988,#989,#990));
#2732=EDGE_LOOP('',(#991,#992,#993,#994));
#2733=EDGE_LOOP('',(#995,#996,#997,#998));
#2734=EDGE_LOOP('',(#999,#1000,#1001,#1002));
#2735=EDGE_LOOP('',(#1003,#1004,#1005,#1006));
#2736=EDGE_LOOP('',(#1007,#1008,#1009,#1010));
#2737=EDGE_LOOP('',(#1011,#1012,#1013,#1014));
#2738=EDGE_LOOP('',(#1015,#1016,#1017,#1018));
#2739=EDGE_LOOP('',(#1019,#1020,#1021,#1022));
#2740=EDGE_LOOP('',(#1023,#1024,#1025,#1026));
#2741=EDGE_LOOP('',(#1027,#1028,#1029,#1030));
#2742=EDGE_LOOP('',(#1031,#1032,#1033,#1034));
#2743=EDGE_LOOP('',(#1035,#1036,#1037,#1038));
#2744=EDGE_LOOP('',(#1039,#1040,#1041,#1042));
#2745=FACE_BOUND('',#2528,.T.);
#2746=FACE_BOUND('',#2529,.T.);
#2747=FACE_BOUND('',#2530,.T.);
#2748=FACE_BOUND('',#2531,.T.);
#2749=FACE_BOUND('',#2532,.T.);
#2750=FACE_BOUND('',#2533,.T.);
#2751=FACE_BOUND('',#2534,.T.);
#2752=FACE_BOUND('',#2535,.T.);
#2753=FACE_BOUND('',#2536,.T.);
#2754=FACE_BOUND('',#2537,.T.);
#2755=FACE_BOUND('',#2538,.T.);
#2756=FACE_BOUND('',#2539,.T.);
#2757=FACE_BOUND('',#2540,.T.);
#2758=FACE_BOUND('',#2541,.T.);
#2759=FACE_BOUND('',#2542,.T.);
#2760=FACE_BOUND('',#2543,.T.);
#2761=FACE_BOUND('',#2544,.T.);
#2762=FACE_BOUND('',#2545,.T.);
#2763=FACE_BOUND('',#2546,.T.);
#2764=FACE_BOUND('',#2547,.T.);
#2765=FACE_BOUND('',#2548,.T.);
#2766=FACE_BOUND('',#2549,.T.);
#2767=FACE_BOUND('',#2550,.T.);
#2768=FACE_BOUND('',#2551,.T.);
#2769=FACE_BOUND('',#2552,.T.);
#2770=FACE_BOUND('',#2553,.T.);
#2771=FACE_BOUND('',#2554,.T.);
#2772=FACE_BOUND('',#2555,.T.);
#2773=FACE_BOUND('',#2556,.T.);
#2774=FACE_BOUND('',#2557,.T.);
#2775=FACE_BOUND('',#2558,.T.);
#2776=FACE_BOUND('',#2559,.T.);
#2777=FACE_BOUND('',#2560,.T.);
#2778=FACE_BOUND('',#2561,.T.);
#2779=FACE_BOUND('',#2562,.T.);
#2780=FACE_BOUND('',#2563,.T.);
#2781=FACE_BOUND('',#2564,.T.);
#2782=FACE_BOUND('',#2565,.T.);
#2783=FACE_BOUND('',#2566,.T.);
#2784=FACE_BOUND('',#2567,.T.);
#2785=FACE_BOUND('',#2568,.T.);
#2786=FACE_BOUND('',#2569,.T.);
#2787=FACE_BOUND('',#2570,.T.);
#2788=FACE_BOUND('',#2571,.T.);
#2789=FACE_BOUND('',#2572,.T.);
#2790=FACE_BOUND('',#2573,.T.);
#2791=FACE_BOUND('',#2574,.T.);
#2792=FACE_BOUND('',#2575,.T.);
#2793=FACE_BOUND('',#2576,.T.);
#2794=FACE_BOUND('',#2577,.T.);
#2795=FACE_BOUND('',#2578,.T.);
#2796=FACE_BOUND('',#2579,.T.);
#2797=FACE_BOUND('',#2580,.T.);
#2798=FACE_BOUND('',#2581,.T.);
#2799=FACE_BOUND('',#2582,.T.);
#2800=FACE_BOUND('',#2583,.T.);
#2801=FACE_BOUND('',#2584,.T.);
#2802=FACE_BOUND('',#2585,.T.);
#2803=FACE_BOUND('',#2586,.T.);
#2804=FACE_BOUND('',#2587,.T.);
#2805=FACE_BOUND('',#2588,.T.);
#2806=FACE_BOUND('',#2589,.T.);
#2807=FACE_BOUND('',#2590,.T.);
#2808=FACE_BOUND('',#2591,.T.);
#2809=FACE_BOUND('',#2592,.T.);
#2810=FACE_BOUND('',#2593,.T.);
#2811=FACE_BOUND('',#2594,.T.);
#2812=FACE_BOUND('',#2595,.T.);
#2813=FACE_BOUND('',#2596,.T.);
#2814=FACE_BOUND('',#2597,.T.);
#2815=FACE_BOUND('',#2598,.T.);
#2816=FACE_BOUND('',#2599,.T.);
#2817=FACE_BOUND('',#2600,.T.);
#2818=FACE_BOUND('',#2601,.T.);
#2819=FACE_BOUND('',#2602,.T.);
#2820=FACE_BOUND('',#2603,.T.);
#2821=FACE_BOUND('',#2604,.T.);
#2822=FACE_BOUND('',#2605,.T.);
#2823=FACE_BOUND('',#2606,.T.);
#2824=FACE_BOUND('',#2607,.T.);
#2825=FACE_BOUND('',#2608,.T.);
#2826=FACE_BOUND('',#2609,.T.);
#2827=FACE_BOUND('',#2610,.T.);
#2828=FACE_BOUND('',#2611,.T.);
#2829=FACE_BOUND('',#2612,.T.);
#2830=FACE_BOUND('',#2613,.T.);
#2831=FACE_BOUND('',#2614,.T.);
#2832=FACE_BOUND('',#2615,.T.);
#2833=FACE_BOUND('',#2616,.T.);
#2834=FACE_BOUND('',#2617,.T.);
#2835=FACE_BOUND('',#2618,.T.);
#2836=FACE_BOUND('',#2619,.T.);
#2837=FACE_BOUND('',#2620,.T.);
#2838=FACE_BOUND('',#2621,.T.);
#2839=FACE_BOUND('',#2622,.T.);
#2840=FACE_BOUND('',#2623,.T.);
#2841=FACE_BOUND('',#2624,.T.);
#2842=FACE_BOUND('',#2625,.T.);
#2843=FACE_BOUND('',#2626,.T.);
#2844=FACE_BOUND('',#2627,.T.);
#2845=FACE_BOUND('',#2628,.T.);
#2846=FACE_BOUND('',#2629,.T.);
#2847=FACE_BOUND('',#2630,.T.);
#2848=FACE_BOUND('',#2631,.T.);
#2849=FACE_BOUND('',#2632,.T.);
#2850=FACE_BOUND('',#2633,.T.);
#2851=FACE_BOUND('',#2634,.T.);
#2852=FACE_BOUND('',#2635,.T.);
#2853=FACE_BOUND('',#2636,.T.);
#2854=FACE_BOUND('',#2637,.T.);
#2855=FACE_BOUND('',#2638,.T.);
#2856=FACE_BOUND('',#2639,.T.);
#2857=FACE_BOUND('',#2640,.T.);
#2858=FACE_BOUND('',#2641,.T.);
#2859=FACE_BOUND('',#2642,.T.);
#2860=FACE_BOUND('',#2643,.T.);
#2861=FACE_BOUND('',#2644,.T.);
#2862=FACE_BOUND('',#2645,.T.);
#2863=FACE_BOUND('',#2646,.T.);
#2864=FACE_BOUND('',#2647,.T.);
#2865=FACE_BOUND('',#2648,.T.);
#2866=FACE_BOUND('',#2649,.T.);
#2867=FACE_BOUND('',#2650,.T.);
#2868=FACE_BOUND('',#2651,.T.);
#2869=FACE_BOUND('',#2652,.T.);
#2870=FACE_BOUND('',#2653,.T.);
#2871=FACE_BOUND('',#2654,.T.);
#2872=FACE_BOUND('',#2655,.T.);
#2873=FACE_BOUND('',#2656,.T.);
#2874=FACE_BOUND('',#2657,.T.);
#2875=FACE_BOUND('',#2658,.T.);
#2876=FACE_BOUND('',#2659,.T.);
#2877=FACE_BOUND('',#2660,.T.);
#2878=FACE_BOUND('',#2661,.T.);
#2879=FACE_BOUND('',#2662,.T.);
#2880=FACE_BOUND('',#2663,.T.);
#2881=FACE_BOUND('',#2664,.T.);
#2882=FACE_BOUND('',#2665,.T.);
#2883=FACE_BOUND('',#2666,.T.);
#2884=FACE_BOUND('',#2667,.T.);
#2885=FACE_BOUND('',#2668,.T.);
#2886=FACE_BOUND('',#2669,.T.);
#2887=FACE_BOUND('',#2670,.T.);
#2888=FACE_BOUND('',#2671,.T.);
#2889=FACE_BOUND('',#2672,.T.);
#2890=FACE_BOUND('',#2673,.T.);
#2891=FACE_BOUND('',#2674,.T.);
#2892=FACE_BOUND('',#2675,.T.);
#2893=FACE_BOUND('',#2676,.T.);
#2894=FACE_BOUND('',#2677,.T.);
#2895=FACE_BOUND('',#2678,.T.);
#2896=FACE_BOUND('',#2679,.T.);
#2897=FACE_BOUND('',#2680,.T.);
#2898=FACE_BOUND('',#2681,.T.);
#2899=FACE_BOUND('',#2682,.T.);
#2900=FACE_BOUND('',#2683,.T.);
#2901=FACE_BOUND('',#2684,.T.);
#2902=FACE_BOUND('',#2685,.T.);
#2903=FACE_BOUND('',#2686,.T.);
#2904=FACE_BOUND('',#2687,.T.);
#2905=FACE_BOUND('',#2688,.T.);
#2906=FACE_BOUND('',#2689,.T.);
#2907=FACE_BOUND('',#2690,.T.);
#2908=FACE_BOUND('',#2691,.T.);
#2909=FACE_BOUND('',#2692,.T.);
#2910=FACE_BOUND('',#2693,.T.);
#2911=FACE_BOUND('',#2694,.T.);
#2912=FACE_BOUND('',#2695,.T.);
#2913=FACE_BOUND('',#2696,.T.);
#2914=FACE_BOUND('',#2697,.T.);
#2915=FACE_BOUND('',#2698,.T.);
#2916=FACE_BOUND('',#2699,.T.);
#2917=FACE_BOUND('',#2700,.T.);
#2918=FACE_BOUND('',#2701,.T.);
#2919=FACE_BOUND('',#2702,.T.);
#2920=FACE_BOUND('',#2703,.T.);
#2921=FACE_BOUND('',#2704,.T.);
#2922=FACE_BOUND('',#2705,.T.);
#2923=FACE_BOUND('',#2706,.T.);
#2924=FACE_BOUND('',#2707,.T.);
#2925=FACE_BOUND('',#2708,.T.);
#2926=FACE_BOUND('',#2709,.T.);
#2927=FACE_BOUND('',#2710,.T.);
#2928=FACE_BOUND('',#2711,.T.);
#2929=FACE_BOUND('',#2712,.T.);
#2930=FACE_BOUND('',#2713,.T.);
#2931=FACE_BOUND('',#2714,.T.);
#2932=FACE_BOUND('',#2715,.T.);
#2933=FACE_BOUND('',#2716,.T.);
#2934=FACE_BOUND('',#2717,.T.);
#2935=FACE_BOUND('',#2718,.T.);
#2936=FACE_BOUND('',#2719,.T.);
#2937=FACE_BOUND('',#2720,.T.);
#2938=FACE_BOUND('',#2721,.T.);
#2939=FACE_BOUND('',#2722,.T.);
#2940=FACE_BOUND('',#2723,.T.);
#2941=FACE_BOUND('',#2724,.T.);
#2942=FACE_BOUND('',#2725,.T.);
#2943=FACE_BOUND('',#2726,.T.);
#2944=FACE_BOUND('',#2727,.T.);
#2945=FACE_BOUND('',#2728,.T.);
#2946=FACE_BOUND('',#2729,.T.);
#2947=FACE_BOUND('',#2730,.T.);
#2948=FACE_BOUND('',#2731,.T.);
#2949=FACE_BOUND('',#2732,.T.);
#2950=FACE_BOUND('',#2733,.T.);
#2951=FACE_BOUND('',#2734,.T.);
#2952=FACE_BOUND('',#2735,.T.);
#2953=FACE_BOUND('',#2736,.T.);
#2954=FACE_BOUND('',#2737,.T.);
#2955=FACE_BOUND('',#2738,.T.);
#2956=FACE_BOUND('',#2739,.T.);
#2957=FACE_BOUND('',#2740,.T.);
#2958=FACE_BOUND('',#2741,.T.);
#2959=FACE_BOUND('',#2742,.T.);
#2960=FACE_BOUND('',#2743,.T.);
#2961=FACE_BOUND('',#2744,.T.);
#2962=PLANE('',#3323);
#2963=PLANE('',#3339);
#2964=PLANE('',#3343);
#2965=PLANE('',#3352);
#2966=PLANE('',#3355);
#2967=PLANE('',#3356);
#2968=PLANE('',#3357);
#2969=PLANE('',#3359);
#2970=PLANE('',#3360);
#2971=PLANE('',#3367);
#2972=PLANE('',#3368);
#2973=PLANE('',#3369);
#2974=PLANE('',#3370);
#2975=PLANE('',#3371);
#2976=PLANE('',#3372);
#2977=PLANE('',#3373);
#2978=PLANE('',#3374);
#2979=PLANE('',#3375);
#2980=PLANE('',#3376);
#2981=PLANE('',#3377);
#2982=PLANE('',#3378);
#2983=PLANE('',#3379);
#2984=PLANE('',#3380);
#2985=PLANE('',#3381);
#2986=PLANE('',#3383);
#2987=PLANE('',#3385);
#2988=PLANE('',#3386);
#2989=PLANE('',#3388);
#2990=PLANE('',#3389);
#2991=PLANE('',#3390);
#2992=PLANE('',#3392);
#2993=PLANE('',#3393);
#2994=PLANE('',#3394);
#2995=PLANE('',#3395);
#2996=PLANE('',#3396);
#2997=PLANE('',#3397);
#2998=PLANE('',#3398);
#2999=PLANE('',#3399);
#3000=PLANE('',#3400);
#3001=PLANE('',#3401);
#3002=PLANE('',#3402);
#3003=PLANE('',#3403);
#3004=PLANE('',#3404);
#3005=PLANE('',#3405);
#3006=PLANE('',#3406);
#3007=PLANE('',#3408);
#3008=PLANE('',#3410);
#3009=PLANE('',#3412);
#3010=PLANE('',#3414);
#3011=PLANE('',#3416);
#3012=PLANE('',#3418);
#3013=PLANE('',#3420);
#3014=PLANE('',#3422);
#3015=PLANE('',#3424);
#3016=PLANE('',#3426);
#3017=PLANE('',#3428);
#3018=PLANE('',#3429);
#3019=PLANE('',#3430);
#3020=PLANE('',#3431);
#3021=PLANE('',#3432);
#3022=PLANE('',#3433);
#3023=PLANE('',#3434);
#3024=PLANE('',#3435);
#3025=PLANE('',#3436);
#3026=PLANE('',#3437);
#3027=PLANE('',#3438);
#3028=PLANE('',#3439);
#3029=PLANE('',#3440);
#3030=PLANE('',#3442);
#3031=PLANE('',#3444);
#3032=PLANE('',#3446);
#3033=PLANE('',#3448);
#3034=PLANE('',#3450);
#3035=PLANE('',#3452);
#3036=PLANE('',#3454);
#3037=PLANE('',#3456);
#3038=PLANE('',#3458);
#3039=PLANE('',#3460);
#3040=PLANE('',#3462);
#3041=PLANE('',#3463);
#3042=PLANE('',#3464);
#3043=PLANE('',#3465);
#3044=PLANE('',#3466);
#3045=PLANE('',#3467);
#3046=PLANE('',#3468);
#3047=PLANE('',#3469);
#3048=PLANE('',#3470);
#3049=PLANE('',#3471);
#3050=PLANE('',#3472);
#3051=PLANE('',#3473);
#3052=PLANE('',#3474);
#3053=PLANE('',#3476);
#3054=PLANE('',#3478);
#3055=PLANE('',#3480);
#3056=PLANE('',#3482);
#3057=PLANE('',#3484);
#3058=PLANE('',#3486);
#3059=PLANE('',#3488);
#3060=PLANE('',#3490);
#3061=PLANE('',#3492);
#3062=PLANE('',#3494);
#3063=PLANE('',#3507);
#3064=PLANE('',#3508);
#3065=PLANE('',#3509);
#3066=PLANE('',#3513);
#3067=PLANE('',#3514);
#3068=PLANE('',#3517);
#3069=PLANE('',#3518);
#3070=PLANE('',#3519);
#3071=PLANE('',#3522);
#3072=PLANE('',#3523);
#3073=PLANE('',#3527);
#3074=PLANE('',#3530);
#3075=PLANE('',#3531);
#3076=PLANE('',#3534);
#3077=PLANE('',#3536);
#3078=PLANE('',#3538);
#3079=PLANE('',#3540);
#3080=PLANE('',#3541);
#3081=PLANE('',#3542);
#3082=PLANE('',#3543);
#3083=PLANE('',#3544);
#3084=PLANE('',#3545);
#3085=PLANE('',#3546);
#3086=PLANE('',#3550);
#3087=PLANE('',#3551);
#3088=PLANE('',#3552);
#3089=PLANE('',#3553);
#3090=PLANE('',#3554);
#3091=PLANE('',#3555);
#3092=PLANE('',#3559);
#3093=PLANE('',#3560);
#3094=PLANE('',#3561);
#3095=PLANE('',#3562);
#3096=PLANE('',#3563);
#3097=PLANE('',#3564);
#3098=PLANE('',#3565);
#3099=PLANE('',#3566);
#3100=PLANE('',#3567);
#3101=PLANE('',#3568);
#3102=PLANE('',#3569);
#3103=PLANE('',#3570);
#3104=PLANE('',#3571);
#3105=PLANE('',#3572);
#3106=PLANE('',#3573);
#3107=PLANE('',#3574);
#3108=PLANE('',#3575);
#3109=PLANE('',#3576);
#3110=PLANE('',#3577);
#3111=PLANE('',#3578);
#3112=PLANE('',#3579);
#3113=PLANE('',#3580);
#3114=PLANE('',#3581);
#3115=PLANE('',#3582);
#3116=PLANE('',#3583);
#3117=PLANE('',#3584);
#3118=PLANE('',#3585);
#3119=PLANE('',#3586);
#3120=PLANE('',#3587);
#3121=PLANE('',#3588);
#3122=PLANE('',#3589);
#3123=PLANE('',#3590);
#3124=PLANE('',#3591);
#3125=PLANE('',#3592);
#3126=ADVANCED_FACE('',(#2745,#2746),#2962,.F.);
#3127=ADVANCED_FACE('',(#2747,#2748),#21,.F.);
#3128=ADVANCED_FACE('',(#2749,#2750),#2963,.F.);
#3129=ADVANCED_FACE('',(#2751),#22,.F.);
#3130=ADVANCED_FACE('',(#2752,#2753),#2964,.F.);
#3131=ADVANCED_FACE('',(#2754,#2755,#2756),#23,.F.);
#3132=ADVANCED_FACE('',(#2757),#24,.F.);
#3133=ADVANCED_FACE('',(#2758,#2759),#2965,.F.);
#3134=ADVANCED_FACE('',(#2760),#25,.F.);
#3135=ADVANCED_FACE('',(#2761,#2762),#2966,.F.);
#3136=ADVANCED_FACE('',(#2763),#2967,.F.);
#3137=ADVANCED_FACE('',(#2764,#2765,#2766),#2968,.T.);
#3138=ADVANCED_FACE('',(#2767),#2969,.F.);
#3139=ADVANCED_FACE('',(#2768),#2970,.T.);
#3140=ADVANCED_FACE('',(#2769),#26,.F.);
#3141=ADVANCED_FACE('',(#2770),#27,.F.);
#3142=ADVANCED_FACE('',(#2771),#2971,.F.);
#3143=ADVANCED_FACE('',(#2772),#2972,.F.);
#3144=ADVANCED_FACE('',(#2773),#2973,.F.);
#3145=ADVANCED_FACE('',(#2774),#2974,.F.);
#3146=ADVANCED_FACE('',(#2775),#2975,.F.);
#3147=ADVANCED_FACE('',(#2776),#2976,.F.);
#3148=ADVANCED_FACE('',(#2777),#2977,.F.);
#3149=ADVANCED_FACE('',(#2778),#2978,.F.);
#3150=ADVANCED_FACE('',(#2779),#2979,.F.);
#3151=ADVANCED_FACE('',(#2780),#2980,.F.);
#3152=ADVANCED_FACE('',(#2781),#2981,.F.);
#3153=ADVANCED_FACE('',(#2782),#2982,.F.);
#3154=ADVANCED_FACE('',(#2783),#2983,.F.);
#3155=ADVANCED_FACE('',(#2784),#2984,.F.);
#3156=ADVANCED_FACE('',(#2785),#2985,.F.);
#3157=ADVANCED_FACE('',(#2786),#2986,.F.);
#3158=ADVANCED_FACE('',(#2787),#2987,.F.);
#3159=ADVANCED_FACE('',(#2788),#2988,.F.);
#3160=ADVANCED_FACE('',(#2789),#2989,.F.);
#3161=ADVANCED_FACE('',(#2790),#2990,.F.);
#3162=ADVANCED_FACE('',(#2791),#2991,.F.);
#3163=ADVANCED_FACE('',(#2792),#2992,.F.);
#3164=ADVANCED_FACE('',(#2793),#2993,.F.);
#3165=ADVANCED_FACE('',(#2794),#2994,.F.);
#3166=ADVANCED_FACE('',(#2795),#2995,.F.);
#3167=ADVANCED_FACE('',(#2796),#2996,.F.);
#3168=ADVANCED_FACE('',(#2797),#2997,.F.);
#3169=ADVANCED_FACE('',(#2798),#2998,.F.);
#3170=ADVANCED_FACE('',(#2799),#2999,.F.);
#3171=ADVANCED_FACE('',(#2800),#3000,.F.);
#3172=ADVANCED_FACE('',(#2801),#3001,.F.);
#3173=ADVANCED_FACE('',(#2802),#3002,.F.);
#3174=ADVANCED_FACE('',(#2803),#3003,.F.);
#3175=ADVANCED_FACE('',(#2804),#3004,.F.);
#3176=ADVANCED_FACE('',(#2805),#3005,.F.);
#3177=ADVANCED_FACE('',(#2806),#3006,.F.);
#3178=ADVANCED_FACE('',(#2807),#3007,.F.);
#3179=ADVANCED_FACE('',(#2808),#3008,.F.);
#3180=ADVANCED_FACE('',(#2809),#3009,.F.);
#3181=ADVANCED_FACE('',(#2810),#3010,.F.);
#3182=ADVANCED_FACE('',(#2811),#3011,.F.);
#3183=ADVANCED_FACE('',(#2812),#3012,.F.);
#3184=ADVANCED_FACE('',(#2813),#3013,.F.);
#3185=ADVANCED_FACE('',(#2814),#3014,.F.);
#3186=ADVANCED_FACE('',(#2815),#3015,.F.);
#3187=ADVANCED_FACE('',(#2816),#3016,.F.);
#3188=ADVANCED_FACE('',(#2817),#3017,.F.);
#3189=ADVANCED_FACE('',(#2818),#3018,.F.);
#3190=ADVANCED_FACE('',(#2819),#3019,.F.);
#3191=ADVANCED_FACE('',(#2820),#3020,.F.);
#3192=ADVANCED_FACE('',(#2821),#3021,.F.);
#3193=ADVANCED_FACE('',(#2822),#3022,.F.);
#3194=ADVANCED_FACE('',(#2823),#3023,.F.);
#3195=ADVANCED_FACE('',(#2824),#3024,.F.);
#3196=ADVANCED_FACE('',(#2825),#3025,.F.);
#3197=ADVANCED_FACE('',(#2826),#3026,.F.);
#3198=ADVANCED_FACE('',(#2827),#3027,.F.);
#3199=ADVANCED_FACE('',(#2828),#3028,.F.);
#3200=ADVANCED_FACE('',(#2829),#3029,.F.);
#3201=ADVANCED_FACE('',(#2830),#3030,.F.);
#3202=ADVANCED_FACE('',(#2831),#3031,.F.);
#3203=ADVANCED_FACE('',(#2832),#3032,.F.);
#3204=ADVANCED_FACE('',(#2833),#3033,.F.);
#3205=ADVANCED_FACE('',(#2834),#3034,.F.);
#3206=ADVANCED_FACE('',(#2835),#3035,.F.);
#3207=ADVANCED_FACE('',(#2836),#3036,.F.);
#3208=ADVANCED_FACE('',(#2837),#3037,.F.);
#3209=ADVANCED_FACE('',(#2838),#3038,.F.);
#3210=ADVANCED_FACE('',(#2839),#3039,.F.);
#3211=ADVANCED_FACE('',(#2840),#3040,.F.);
#3212=ADVANCED_FACE('',(#2841),#3041,.F.);
#3213=ADVANCED_FACE('',(#2842),#3042,.F.);
#3214=ADVANCED_FACE('',(#2843),#3043,.F.);
#3215=ADVANCED_FACE('',(#2844),#3044,.F.);
#3216=ADVANCED_FACE('',(#2845),#3045,.F.);
#3217=ADVANCED_FACE('',(#2846),#3046,.F.);
#3218=ADVANCED_FACE('',(#2847),#3047,.F.);
#3219=ADVANCED_FACE('',(#2848),#3048,.F.);
#3220=ADVANCED_FACE('',(#2849),#3049,.F.);
#3221=ADVANCED_FACE('',(#2850),#3050,.F.);
#3222=ADVANCED_FACE('',(#2851),#3051,.F.);
#3223=ADVANCED_FACE('',(#2852),#3052,.F.);
#3224=ADVANCED_FACE('',(#2853),#3053,.F.);
#3225=ADVANCED_FACE('',(#2854),#3054,.F.);
#3226=ADVANCED_FACE('',(#2855),#3055,.F.);
#3227=ADVANCED_FACE('',(#2856),#3056,.F.);
#3228=ADVANCED_FACE('',(#2857),#3057,.F.);
#3229=ADVANCED_FACE('',(#2858),#3058,.F.);
#3230=ADVANCED_FACE('',(#2859),#3059,.F.);
#3231=ADVANCED_FACE('',(#2860),#3060,.F.);
#3232=ADVANCED_FACE('',(#2861),#3061,.F.);
#3233=ADVANCED_FACE('',(#2862),#3062,.F.);
#3234=ADVANCED_FACE('',(#2863,#2864),#28,.F.);
#3235=ADVANCED_FACE('',(#2865,#2866),#29,.F.);
#3236=ADVANCED_FACE('',(#2867,#2868),#30,.F.);
#3237=ADVANCED_FACE('',(#2869,#2870),#31,.F.);
#3238=ADVANCED_FACE('',(#2871),#3063,.T.);
#3239=ADVANCED_FACE('',(#2872,#2873,#2874),#3064,.T.);
#3240=ADVANCED_FACE('',(#2875),#3065,.T.);
#3241=ADVANCED_FACE('',(#2876,#2877,#2878,#2879,#2880),#3066,.F.);
#3242=ADVANCED_FACE('',(#2881),#3067,.T.);
#3243=ADVANCED_FACE('',(#2882),#32,.F.);
#3244=ADVANCED_FACE('',(#2883),#3068,.T.);
#3245=ADVANCED_FACE('',(#2884,#2885,#2886),#3069,.T.);
#3246=ADVANCED_FACE('',(#2887),#3070,.T.);
#3247=ADVANCED_FACE('',(#2888),#33,.F.);
#3248=ADVANCED_FACE('',(#2889),#3071,.F.);
#3249=ADVANCED_FACE('',(#2890,#2891,#2892,#2893),#3072,.T.);
#3250=ADVANCED_FACE('',(#2894),#3073,.T.);
#3251=ADVANCED_FACE('',(#2895),#34,.F.);
#3252=ADVANCED_FACE('',(#2896),#3074,.T.);
#3253=ADVANCED_FACE('',(#2897,#2898),#3075,.T.);
#3254=ADVANCED_FACE('',(#2899,#2900),#35,.F.);
#3255=ADVANCED_FACE('',(#2901),#3076,.F.);
#3256=ADVANCED_FACE('',(#2902,#2903),#36,.F.);
#3257=ADVANCED_FACE('',(#2904),#3077,.F.);
#3258=ADVANCED_FACE('',(#2905,#2906),#37,.F.);
#3259=ADVANCED_FACE('',(#2907),#3078,.F.);
#3260=ADVANCED_FACE('',(#2908,#2909),#38,.F.);
#3261=ADVANCED_FACE('',(#2910),#3079,.F.);
#3262=ADVANCED_FACE('',(#2911),#3080,.T.);
#3263=ADVANCED_FACE('',(#2912),#3081,.T.);
#3264=ADVANCED_FACE('',(#2913),#3082,.T.);
#3265=ADVANCED_FACE('',(#2914),#3083,.T.);
#3266=ADVANCED_FACE('',(#2915),#3084,.T.);
#3267=ADVANCED_FACE('',(#2916),#3085,.T.);
#3268=ADVANCED_FACE('',(#2917,#2918),#39,.F.);
#3269=ADVANCED_FACE('',(#2919),#3086,.F.);
#3270=ADVANCED_FACE('',(#2920),#3087,.F.);
#3271=ADVANCED_FACE('',(#2921),#3088,.F.);
#3272=ADVANCED_FACE('',(#2922),#3089,.T.);
#3273=ADVANCED_FACE('',(#2923),#3090,.T.);
#3274=ADVANCED_FACE('',(#2924),#3091,.F.);
#3275=ADVANCED_FACE('',(#2925),#40,.F.);
#3276=ADVANCED_FACE('',(#2926,#2927,#2928),#3092,.T.);
#3277=ADVANCED_FACE('',(#2929),#3093,.F.);
#3278=ADVANCED_FACE('',(#2930),#3094,.F.);
#3279=ADVANCED_FACE('',(#2931),#3095,.T.);
#3280=ADVANCED_FACE('',(#2932),#3096,.T.);
#3281=ADVANCED_FACE('',(#2933),#3097,.F.);
#3282=ADVANCED_FACE('',(#2934),#3098,.F.);
#3283=ADVANCED_FACE('',(#2935),#3099,.T.);
#3284=ADVANCED_FACE('',(#2936),#3100,.T.);
#3285=ADVANCED_FACE('',(#2937),#3101,.F.);
#3286=ADVANCED_FACE('',(#2938),#3102,.F.);
#3287=ADVANCED_FACE('',(#2939),#3103,.T.);
#3288=ADVANCED_FACE('',(#2940),#3104,.T.);
#3289=ADVANCED_FACE('',(#2941),#3105,.F.);
#3290=ADVANCED_FACE('',(#2942),#3106,.T.);
#3291=ADVANCED_FACE('',(#2943),#3107,.T.);
#3292=ADVANCED_FACE('',(#2944),#3108,.F.);
#3293=ADVANCED_FACE('',(#2945),#3109,.F.);
#3294=ADVANCED_FACE('',(#2946),#3110,.T.);
#3295=ADVANCED_FACE('',(#2947),#3111,.T.);
#3296=ADVANCED_FACE('',(#2948),#3112,.T.);
#3297=ADVANCED_FACE('',(#2949),#3113,.T.);
#3298=ADVANCED_FACE('',(#2950),#3114,.F.);
#3299=ADVANCED_FACE('',(#2951),#3115,.T.);
#3300=ADVANCED_FACE('',(#2952),#3116,.T.);
#3301=ADVANCED_FACE('',(#2953),#3117,.T.);
#3302=ADVANCED_FACE('',(#2954),#3118,.T.);
#3303=ADVANCED_FACE('',(#2955),#3119,.T.);
#3304=ADVANCED_FACE('',(#2956),#3120,.T.);
#3305=ADVANCED_FACE('',(#2957),#3121,.T.);
#3306=ADVANCED_FACE('',(#2958),#3122,.T.);
#3307=ADVANCED_FACE('',(#2959),#3123,.T.);
#3308=ADVANCED_FACE('',(#2960),#3124,.T.);
#3309=ADVANCED_FACE('',(#2961),#3125,.T.);
#3310=CLOSED_SHELL('',(#3126,#3127,#3128,#3129,#3130,#3131,#3132,#3133,
#3134,#3135,#3136,#3137,#3138,#3139,#3140,#3141,#3142,#3143,#3144,#3145,
#3146,#3147,#3148,#3149,#3150,#3151,#3152,#3153,#3154,#3155,#3156,#3157,
#3158,#3159,#3160,#3161,#3162,#3163,#3164,#3165,#3166,#3167,#3168,#3169,
#3170,#3171,#3172,#3173,#3174,#3175,#3176,#3177,#3178,#3179,#3180,#3181,
#3182,#3183,#3184,#3185,#3186,#3187,#3188,#3189,#3190,#3191,#3192,#3193,
#3194,#3195,#3196,#3197,#3198,#3199,#3200,#3201,#3202,#3203,#3204,#3205,
#3206,#3207,#3208,#3209,#3210,#3211,#3212,#3213,#3214,#3215,#3216,#3217,
#3218,#3219,#3220,#3221,#3222,#3223,#3224,#3225,#3226,#3227,#3228,#3229,
#3230,#3231,#3232,#3233,#3234,#3235,#3236,#3237,#3238,#3239,#3240,#3241,
#3242,#3243,#3244,#3245,#3246,#3247,#3248,#3249,#3250,#3251,#3252,#3253,
#3254,#3255,#3256,#3257,#3258,#3259,#3260,#3261,#3262,#3263,#3264,#3265,
#3266,#3267,#3268,#3269,#3270,#3271,#3272,#3273,#3274,#3275,#3276,#3277,
#3278,#3279,#3280,#3281,#3282,#3283,#3284,#3285,#3286,#3287,#3288,#3289,
#3290,#3291,#3292,#3293,#3294,#3295,#3296,#3297,#3298,#3299,#3300,#3301,
#3302,#3303,#3304,#3305,#3306,#3307,#3308,#3309));
#3311=STYLED_ITEM('',(#3312),#3319);
#3312=PRESENTATION_STYLE_ASSIGNMENT((#3313));
#3313=SURFACE_STYLE_USAGE(.BOTH.,#3314);
#3314=SURFACE_SIDE_STYLE('',(#3315));
#3315=SURFACE_STYLE_FILL_AREA(#3316);
#3316=FILL_AREA_STYLE('',(#3317));
#3317=FILL_AREA_STYLE_COLOUR('',#3318);
#3318=COLOUR_RGB('',0.129411764705882,0.341176470588236,0.352941176470589);
#3319=MANIFOLD_SOLID_BREP('Short Mount',#3310);
#3320=SHAPE_DEFINITION_REPRESENTATION(#5483,#3321);
#3321=SHAPE_REPRESENTATION('Short Mount',(#3322),#5478);
#3322=AXIS2_PLACEMENT_3D('',#4504,#3593,#3594);
#3323=AXIS2_PLACEMENT_3D('',#4505,#3595,#3596);
#3324=AXIS2_PLACEMENT_3D('',#4523,#3605,#3606);
#3325=AXIS2_PLACEMENT_3D('',#4529,#3609,#3610);
#3326=AXIS2_PLACEMENT_3D('',#4532,#3612,#3613);
#3327=AXIS2_PLACEMENT_3D('',#4533,#3614,#3615);
#3328=AXIS2_PLACEMENT_3D('',#4536,#3616,#3617);
#3329=AXIS2_PLACEMENT_3D('',#4538,#3618,#3619);
#3330=AXIS2_PLACEMENT_3D('',#4542,#3621,#3622);
#3331=AXIS2_PLACEMENT_3D('',#4546,#3624,#3625);
#3332=AXIS2_PLACEMENT_3D('',#4548,#3626,#3627);
#3333=AXIS2_PLACEMENT_3D('',#4550,#3628,#3629);
#3334=AXIS2_PLACEMENT_3D('',#4554,#3631,#3632);
#3335=AXIS2_PLACEMENT_3D('',#4557,#3634,#3635);
#3336=AXIS2_PLACEMENT_3D('',#4560,#3636,#3637);
#3337=AXIS2_PLACEMENT_3D('',#4572,#3638,#3639);
#3338=AXIS2_PLACEMENT_3D('',#4574,#3640,#3641);
#3339=AXIS2_PLACEMENT_3D('',#4585,#3642,#3643);
#3340=AXIS2_PLACEMENT_3D('',#4594,#3648,#3649);
#3341=AXIS2_PLACEMENT_3D('',#4597,#3651,#3652);
#3342=AXIS2_PLACEMENT_3D('',#4600,#3654,#3655);
#3343=AXIS2_PLACEMENT_3D('',#4603,#3657,#3658);
#3344=AXIS2_PLACEMENT_3D('',#4617,#3665,#3666);
#3345=AXIS2_PLACEMENT_3D('',#4620,#3668,#3669);
#3346=AXIS2_PLACEMENT_3D('',#4623,#3671,#3672);
#3347=AXIS2_PLACEMENT_3D('',#4627,#3674,#3675);
#3348=AXIS2_PLACEMENT_3D('',#4633,#3678,#3679);
#3349=AXIS2_PLACEMENT_3D('',#4637,#3681,#3682);
#3350=AXIS2_PLACEMENT_3D('',#4659,#3683,#3684);
#3351=AXIS2_PLACEMENT_3D('',#4662,#3686,#3687);
#3352=AXIS2_PLACEMENT_3D('',#4665,#3689,#3690);
#3353=AXIS2_PLACEMENT_3D('',#4677,#3697,#3698);
#3354=AXIS2_PLACEMENT_3D('',#4680,#3700,#3701);
#3355=AXIS2_PLACEMENT_3D('',#4683,#3703,#3704);
#3356=AXIS2_PLACEMENT_3D('',#4695,#3711,#3712);
#3357=AXIS2_PLACEMENT_3D('',#4701,#3716,#3717);
#3358=AXIS2_PLACEMENT_3D('',#4705,#3719,#3720);
#3359=AXIS2_PLACEMENT_3D('',#4723,#3731,#3732);
#3360=AXIS2_PLACEMENT_3D('',#4745,#3744,#3745);
#3361=AXIS2_PLACEMENT_3D('',#4762,#3754,#3755);
#3362=AXIS2_PLACEMENT_3D('',#4766,#3757,#3758);
#3363=AXIS2_PLACEMENT_3D('',#4770,#3760,#3761);
#3364=AXIS2_PLACEMENT_3D('',#4771,#3762,#3763);
#3365=AXIS2_PLACEMENT_3D('',#4775,#3765,#3766);
#3366=AXIS2_PLACEMENT_3D('',#4779,#3768,#3769);
#3367=AXIS2_PLACEMENT_3D('',#4780,#3770,#3771);
#3368=AXIS2_PLACEMENT_3D('',#4791,#3777,#3778);
#3369=AXIS2_PLACEMENT_3D('',#4799,#3783,#3784);
#3370=AXIS2_PLACEMENT_3D('',#4810,#3790,#3791);
#3371=AXIS2_PLACEMENT_3D('',#4818,#3796,#3797);
#3372=AXIS2_PLACEMENT_3D('',#4821,#3800,#3801);
#3373=AXIS2_PLACEMENT_3D('',#4827,#3805,#3806);
#3374=AXIS2_PLACEMENT_3D('',#4830,#3809,#3810);
#3375=AXIS2_PLACEMENT_3D('',#4833,#3813,#3814);
#3376=AXIS2_PLACEMENT_3D('',#4839,#3818,#3819);
#3377=AXIS2_PLACEMENT_3D('',#4842,#3822,#3823);
#3378=AXIS2_PLACEMENT_3D('',#4845,#3826,#3827);
#3379=AXIS2_PLACEMENT_3D('',#4848,#3830,#3831);
#3380=AXIS2_PLACEMENT_3D('',#4851,#3834,#3835);
#3381=AXIS2_PLACEMENT_3D('',#4854,#3838,#3839);
#3382=AXIS2_PLACEMENT_3D('',#4855,#3840,#3841);
#3383=AXIS2_PLACEMENT_3D('',#4856,#3842,#3843);
#3384=AXIS2_PLACEMENT_3D('',#4857,#3844,#3845);
#3385=AXIS2_PLACEMENT_3D('',#4858,#3846,#3847);
#3386=AXIS2_PLACEMENT_3D('',#4859,#3848,#3849);
#3387=AXIS2_PLACEMENT_3D('',#4860,#3850,#3851);
#3388=AXIS2_PLACEMENT_3D('',#4861,#3852,#3853);
#3389=AXIS2_PLACEMENT_3D('',#4862,#3854,#3855);
#3390=AXIS2_PLACEMENT_3D('',#4863,#3856,#3857);
#3391=AXIS2_PLACEMENT_3D('',#4864,#3858,#3859);
#3392=AXIS2_PLACEMENT_3D('',#4865,#3860,#3861);
#3393=AXIS2_PLACEMENT_3D('',#4866,#3862,#3863);
#3394=AXIS2_PLACEMENT_3D('',#4867,#3864,#3865);
#3395=AXIS2_PLACEMENT_3D('',#4878,#3871,#3872);
#3396=AXIS2_PLACEMENT_3D('',#4886,#3877,#3878);
#3397=AXIS2_PLACEMENT_3D('',#4897,#3884,#3885);
#3398=AXIS2_PLACEMENT_3D('',#4905,#3890,#3891);
#3399=AXIS2_PLACEMENT_3D('',#4911,#3895,#3896);
#3400=AXIS2_PLACEMENT_3D('',#4917,#3900,#3901);
#3401=AXIS2_PLACEMENT_3D('',#4920,#3904,#3905);
#3402=AXIS2_PLACEMENT_3D('',#4926,#3909,#3910);
#3403=AXIS2_PLACEMENT_3D('',#4932,#3914,#3915);
#3404=AXIS2_PLACEMENT_3D('',#4935,#3918,#3919);
#3405=AXIS2_PLACEMENT_3D('',#4941,#3923,#3924);
#3406=AXIS2_PLACEMENT_3D('',#4947,#3928,#3929);
#3407=AXIS2_PLACEMENT_3D('',#4950,#3931,#3932);
#3408=AXIS2_PLACEMENT_3D('',#4953,#3934,#3935);
#3409=AXIS2_PLACEMENT_3D('',#4958,#3938,#3939);
#3410=AXIS2_PLACEMENT_3D('',#4959,#3940,#3941);
#3411=AXIS2_PLACEMENT_3D('',#4960,#3942,#3943);
#3412=AXIS2_PLACEMENT_3D('',#4961,#3944,#3945);
#3413=AXIS2_PLACEMENT_3D('',#4962,#3946,#3947);
#3414=AXIS2_PLACEMENT_3D('',#4963,#3948,#3949);
#3415=AXIS2_PLACEMENT_3D('',#4964,#3950,#3951);
#3416=AXIS2_PLACEMENT_3D('',#4965,#3952,#3953);
#3417=AXIS2_PLACEMENT_3D('',#4966,#3954,#3955);
#3418=AXIS2_PLACEMENT_3D('',#4967,#3956,#3957);
#3419=AXIS2_PLACEMENT_3D('',#4968,#3958,#3959);
#3420=AXIS2_PLACEMENT_3D('',#4969,#3960,#3961);
#3421=AXIS2_PLACEMENT_3D('',#4970,#3962,#3963);
#3422=AXIS2_PLACEMENT_3D('',#4971,#3964,#3965);
#3423=AXIS2_PLACEMENT_3D('',#4972,#3966,#3967);
#3424=AXIS2_PLACEMENT_3D('',#4973,#3968,#3969);
#3425=AXIS2_PLACEMENT_3D('',#4974,#3970,#3971);
#3426=AXIS2_PLACEMENT_3D('',#4975,#3972,#3973);
#3427=AXIS2_PLACEMENT_3D('',#4976,#3974,#3975);
#3428=AXIS2_PLACEMENT_3D('',#4977,#3976,#3977);
#3429=AXIS2_PLACEMENT_3D('',#4988,#3983,#3984);
#3430=AXIS2_PLACEMENT_3D('',#4996,#3989,#3990);
#3431=AXIS2_PLACEMENT_3D('',#5007,#3996,#3997);
#3432=AXIS2_PLACEMENT_3D('',#5015,#4002,#4003);
#3433=AXIS2_PLACEMENT_3D('',#5021,#4007,#4008);
#3434=AXIS2_PLACEMENT_3D('',#5027,#4012,#4013);
#3435=AXIS2_PLACEMENT_3D('',#5030,#4016,#4017);
#3436=AXIS2_PLACEMENT_3D('',#5036,#4021,#4022);
#3437=AXIS2_PLACEMENT_3D('',#5042,#4026,#4027);
#3438=AXIS2_PLACEMENT_3D('',#5045,#4030,#4031);
#3439=AXIS2_PLACEMENT_3D('',#5051,#4035,#4036);
#3440=AXIS2_PLACEMENT_3D('',#5057,#4040,#4041);
#3441=AXIS2_PLACEMENT_3D('',#5060,#4043,#4044);
#3442=AXIS2_PLACEMENT_3D('',#5063,#4046,#4047);
#3443=AXIS2_PLACEMENT_3D('',#5068,#4050,#4051);
#3444=AXIS2_PLACEMENT_3D('',#5069,#4052,#4053);
#3445=AXIS2_PLACEMENT_3D('',#5070,#4054,#4055);
#3446=AXIS2_PLACEMENT_3D('',#5071,#4056,#4057);
#3447=AXIS2_PLACEMENT_3D('',#5072,#4058,#4059);
#3448=AXIS2_PLACEMENT_3D('',#5073,#4060,#4061);
#3449=AXIS2_PLACEMENT_3D('',#5074,#4062,#4063);
#3450=AXIS2_PLACEMENT_3D('',#5075,#4064,#4065);
#3451=AXIS2_PLACEMENT_3D('',#5076,#4066,#4067);
#3452=AXIS2_PLACEMENT_3D('',#5077,#4068,#4069);
#3453=AXIS2_PLACEMENT_3D('',#5078,#4070,#4071);
#3454=AXIS2_PLACEMENT_3D('',#5079,#4072,#4073);
#3455=AXIS2_PLACEMENT_3D('',#5080,#4074,#4075);
#3456=AXIS2_PLACEMENT_3D('',#5081,#4076,#4077);
#3457=AXIS2_PLACEMENT_3D('',#5082,#4078,#4079);
#3458=AXIS2_PLACEMENT_3D('',#5083,#4080,#4081);
#3459=AXIS2_PLACEMENT_3D('',#5084,#4082,#4083);
#3460=AXIS2_PLACEMENT_3D('',#5085,#4084,#4085);
#3461=AXIS2_PLACEMENT_3D('',#5086,#4086,#4087);
#3462=AXIS2_PLACEMENT_3D('',#5087,#4088,#4089);
#3463=AXIS2_PLACEMENT_3D('',#5098,#4095,#4096);
#3464=AXIS2_PLACEMENT_3D('',#5106,#4101,#4102);
#3465=AXIS2_PLACEMENT_3D('',#5117,#4108,#4109);
#3466=AXIS2_PLACEMENT_3D('',#5125,#4114,#4115);
#3467=AXIS2_PLACEMENT_3D('',#5131,#4119,#4120);
#3468=AXIS2_PLACEMENT_3D('',#5137,#4124,#4125);
#3469=AXIS2_PLACEMENT_3D('',#5140,#4128,#4129);
#3470=AXIS2_PLACEMENT_3D('',#5146,#4133,#4134);
#3471=AXIS2_PLACEMENT_3D('',#5152,#4138,#4139);
#3472=AXIS2_PLACEMENT_3D('',#5155,#4142,#4143);
#3473=AXIS2_PLACEMENT_3D('',#5161,#4147,#4148);
#3474=AXIS2_PLACEMENT_3D('',#5167,#4152,#4153);
#3475=AXIS2_PLACEMENT_3D('',#5170,#4155,#4156);
#3476=AXIS2_PLACEMENT_3D('',#5173,#4158,#4159);
#3477=AXIS2_PLACEMENT_3D('',#5178,#4162,#4163);
#3478=AXIS2_PLACEMENT_3D('',#5179,#4164,#4165);
#3479=AXIS2_PLACEMENT_3D('',#5180,#4166,#4167);
#3480=AXIS2_PLACEMENT_3D('',#5181,#4168,#4169);
#3481=AXIS2_PLACEMENT_3D('',#5182,#4170,#4171);
#3482=AXIS2_PLACEMENT_3D('',#5183,#4172,#4173);
#3483=AXIS2_PLACEMENT_3D('',#5184,#4174,#4175);
#3484=AXIS2_PLACEMENT_3D('',#5185,#4176,#4177);
#3485=AXIS2_PLACEMENT_3D('',#5186,#4178,#4179);
#3486=AXIS2_PLACEMENT_3D('',#5187,#4180,#4181);
#3487=AXIS2_PLACEMENT_3D('',#5188,#4182,#4183);
#3488=AXIS2_PLACEMENT_3D('',#5189,#4184,#4185);
#3489=AXIS2_PLACEMENT_3D('',#5190,#4186,#4187);
#3490=AXIS2_PLACEMENT_3D('',#5191,#4188,#4189);
#3491=AXIS2_PLACEMENT_3D('',#5192,#4190,#4191);
#3492=AXIS2_PLACEMENT_3D('',#5193,#4192,#4193);
#3493=AXIS2_PLACEMENT_3D('',#5194,#4194,#4195);
#3494=AXIS2_PLACEMENT_3D('',#5195,#4196,#4197);
#3495=AXIS2_PLACEMENT_3D('',#5196,#4198,#4199);
#3496=AXIS2_PLACEMENT_3D('',#5197,#4200,#4201);
#3497=AXIS2_PLACEMENT_3D('',#5198,#4202,#4203);
#3498=AXIS2_PLACEMENT_3D('',#5200,#4204,#4205);
#3499=AXIS2_PLACEMENT_3D('',#5201,#4206,#4207);
#3500=AXIS2_PLACEMENT_3D('',#5203,#4208,#4209);
#3501=AXIS2_PLACEMENT_3D('',#5204,#4210,#4211);
#3502=AXIS2_PLACEMENT_3D('',#5205,#4212,#4213);
#3503=AXIS2_PLACEMENT_3D('',#5207,#4214,#4215);
#3504=AXIS2_PLACEMENT_3D('',#5208,#4216,#4217);
#3505=AXIS2_PLACEMENT_3D('',#5209,#4218,#4219);
#3506=AXIS2_PLACEMENT_3D('',#5211,#4220,#4221);
#3507=AXIS2_PLACEMENT_3D('',#5212,#4222,#4223);
#3508=AXIS2_PLACEMENT_3D('',#5229,#4232,#4233);
#3509=AXIS2_PLACEMENT_3D('',#5256,#4246,#4247);
#3510=AXIS2_PLACEMENT_3D('',#5261,#4250,#4251);
#3511=AXIS2_PLACEMENT_3D('',#5269,#4255,#4256);
#3512=AXIS2_PLACEMENT_3D('',#5274,#4259,#4260);
#3513=AXIS2_PLACEMENT_3D('',#5275,#4261,#4262);
#3514=AXIS2_PLACEMENT_3D('',#5282,#4268,#4269);
#3515=AXIS2_PLACEMENT_3D('',#5289,#4274,#4275);
#3516=AXIS2_PLACEMENT_3D('',#5292,#4277,#4278);
#3517=AXIS2_PLACEMENT_3D('',#5293,#4279,#4280);
#3518=AXIS2_PLACEMENT_3D('',#5297,#4283,#4284);
#3519=AXIS2_PLACEMENT_3D('',#5307,#4291,#4292);
#3520=AXIS2_PLACEMENT_3D('',#5311,#4295,#4296);
#3521=AXIS2_PLACEMENT_3D('',#5314,#4298,#4299);
#3522=AXIS2_PLACEMENT_3D('',#5315,#4300,#4301);
#3523=AXIS2_PLACEMENT_3D('',#5317,#4303,#4304);
#3524=AXIS2_PLACEMENT_3D('',#5320,#4307,#4308);
#3525=AXIS2_PLACEMENT_3D('',#5322,#4309,#4310);
#3526=AXIS2_PLACEMENT_3D('',#5324,#4311,#4312);
#3527=AXIS2_PLACEMENT_3D('',#5326,#4313,#4314);
#3528=AXIS2_PLACEMENT_3D('',#5330,#4317,#4318);
#3529=AXIS2_PLACEMENT_3D('',#5333,#4320,#4321);
#3530=AXIS2_PLACEMENT_3D('',#5334,#4322,#4323);
#3531=AXIS2_PLACEMENT_3D('',#5339,#4324,#4325);
#3532=AXIS2_PLACEMENT_3D('',#5341,#4327,#4328);
#3533=AXIS2_PLACEMENT_3D('',#5343,#4329,#4330);
#3534=AXIS2_PLACEMENT_3D('',#5344,#4331,#4332);
#3535=AXIS2_PLACEMENT_3D('',#5345,#4333,#4334);
#3536=AXIS2_PLACEMENT_3D('',#5346,#4335,#4336);
#3537=AXIS2_PLACEMENT_3D('',#5347,#4337,#4338);
#3538=AXIS2_PLACEMENT_3D('',#5348,#4339,#4340);
#3539=AXIS2_PLACEMENT_3D('',#5349,#4341,#4342);
#3540=AXIS2_PLACEMENT_3D('',#5350,#4343,#4344);
#3541=AXIS2_PLACEMENT_3D('',#5351,#4345,#4346);
#3542=AXIS2_PLACEMENT_3D('',#5353,#4348,#4349);
#3543=AXIS2_PLACEMENT_3D('',#5354,#4350,#4351);
#3544=AXIS2_PLACEMENT_3D('',#5356,#4353,#4354);
#3545=AXIS2_PLACEMENT_3D('',#5357,#4355,#4356);
#3546=AXIS2_PLACEMENT_3D('',#5359,#4358,#4359);
#3547=AXIS2_PLACEMENT_3D('',#5362,#4362,#4363);
#3548=AXIS2_PLACEMENT_3D('',#5368,#4367,#4368);
#3549=AXIS2_PLACEMENT_3D('',#5372,#4370,#4371);
#3550=AXIS2_PLACEMENT_3D('',#5373,#4372,#4373);
#3551=AXIS2_PLACEMENT_3D('',#5377,#4377,#4378);
#3552=AXIS2_PLACEMENT_3D('',#5378,#4379,#4380);
#3553=AXIS2_PLACEMENT_3D('',#5379,#4381,#4382);
#3554=AXIS2_PLACEMENT_3D('',#5381,#4384,#4385);
#3555=AXIS2_PLACEMENT_3D('',#5387,#4389,#4390);
#3556=AXIS2_PLACEMENT_3D('',#5391,#4393,#4394);
#3557=AXIS2_PLACEMENT_3D('',#5394,#4396,#4397);
#3558=AXIS2_PLACEMENT_3D('',#5398,#4399,#4400);
#3559=AXIS2_PLACEMENT_3D('',#5401,#4402,#4403);
#3560=AXIS2_PLACEMENT_3D('',#5415,#4413,#4414);
#3561=AXIS2_PLACEMENT_3D('',#5422,#4419,#4420);
#3562=AXIS2_PLACEMENT_3D('',#5424,#4422,#4423);
#3563=AXIS2_PLACEMENT_3D('',#5426,#4425,#4426);
#3564=AXIS2_PLACEMENT_3D('',#5427,#4427,#4428);
#3565=AXIS2_PLACEMENT_3D('',#5429,#4430,#4431);
#3566=AXIS2_PLACEMENT_3D('',#5430,#4432,#4433);
#3567=AXIS2_PLACEMENT_3D('',#5431,#4434,#4435);
#3568=AXIS2_PLACEMENT_3D('',#5432,#4436,#4437);
#3569=AXIS2_PLACEMENT_3D('',#5433,#4438,#4439);
#3570=AXIS2_PLACEMENT_3D('',#5434,#4440,#4441);
#3571=AXIS2_PLACEMENT_3D('',#5437,#4444,#4445);
#3572=AXIS2_PLACEMENT_3D('',#5439,#4447,#4448);
#3573=AXIS2_PLACEMENT_3D('',#5441,#4450,#4451);
#3574=AXIS2_PLACEMENT_3D('',#5446,#4455,#4456);
#3575=AXIS2_PLACEMENT_3D('',#5450,#4459,#4460);
#3576=AXIS2_PLACEMENT_3D('',#5452,#4462,#4463);
#3577=AXIS2_PLACEMENT_3D('',#5454,#4465,#4466);
#3578=AXIS2_PLACEMENT_3D('',#5456,#4468,#4469);
#3579=AXIS2_PLACEMENT_3D('',#5457,#4470,#4471);
#3580=AXIS2_PLACEMENT_3D('',#5459,#4473,#4474);
#3581=AXIS2_PLACEMENT_3D('',#5460,#4475,#4476);
#3582=AXIS2_PLACEMENT_3D('',#5461,#4477,#4478);
#3583=AXIS2_PLACEMENT_3D('',#5462,#4479,#4480);
#3584=AXIS2_PLACEMENT_3D('',#5464,#4482,#4483);
#3585=AXIS2_PLACEMENT_3D('',#5465,#4484,#4485);
#3586=AXIS2_PLACEMENT_3D('',#5467,#4487,#4488);
#3587=AXIS2_PLACEMENT_3D('',#5468,#4489,#4490);
#3588=AXIS2_PLACEMENT_3D('',#5470,#4492,#4493);
#3589=AXIS2_PLACEMENT_3D('',#5471,#4494,#4495);
#3590=AXIS2_PLACEMENT_3D('',#5473,#4497,#4498);
#3591=AXIS2_PLACEMENT_3D('',#5474,#4499,#4500);
#3592=AXIS2_PLACEMENT_3D('',#5476,#4502,#4503);
#3593=DIRECTION('',(0.,0.,1.));
#3594=DIRECTION('',(1.,0.,0.));
#3595=DIRECTION('',(0.,-1.,0.));
#3596=DIRECTION('',(1.,0.,0.));
#3597=DIRECTION('',(1.,0.,0.));
#3598=DIRECTION('',(0.,0.,-1.));
#3599=DIRECTION('',(0.707106781186548,0.,0.707106781186548));
#3600=DIRECTION('',(-1.,0.,0.));
#3601=DIRECTION('',(1.41610079671576E-16,0.,-1.));
#3602=DIRECTION('',(0.707106781186548,0.,0.707106781186548));
#3603=DIRECTION('',(0.,0.,1.));
#3604=DIRECTION('',(-0.866025403784439,0.,-0.5));
#3605=DIRECTION('',(0.,-1.,0.));
#3606=DIRECTION('',(0.,0.,-1.));
#3607=DIRECTION('',(0.5,0.,0.866025403784439));
#3608=DIRECTION('',(0.5,0.,-0.866025403784439));
#3609=DIRECTION('',(0.,-1.,0.));
#3610=DIRECTION('',(0.,0.,-1.));
#3611=DIRECTION('',(0.866025403784438,0.,-0.5));
#3612=DIRECTION('',(0.,0.,1.));
#3613=DIRECTION('',(1.,0.,0.));
#3614=DIRECTION('',(0.,0.,-1.));
#3615=DIRECTION('',(-1.,0.,0.));
#3616=DIRECTION('',(0.,0.,-1.));
#3617=DIRECTION('',(-1.,0.,0.));
#3618=DIRECTION('',(0.,0.,-1.));
#3619=DIRECTION('',(-1.,0.,0.));
#3620=DIRECTION('',(0.,0.,1.));
#3621=DIRECTION('',(0.,0.,-1.));
#3622=DIRECTION('',(-1.,0.,0.));
#3623=DIRECTION('',(0.,0.,1.));
#3624=DIRECTION('',(0.,0.,-1.));
#3625=DIRECTION('',(-1.,0.,0.));
#3626=DIRECTION('',(0.,0.,-1.));
#3627=DIRECTION('',(-1.,0.,0.));
#3628=DIRECTION('',(0.,0.,-1.));
#3629=DIRECTION('',(-1.,0.,0.));
#3630=DIRECTION('',(0.,0.,1.));
#3631=DIRECTION('',(0.,0.,-1.));
#3632=DIRECTION('',(-1.,0.,0.));
#3633=DIRECTION('',(0.,0.,1.));
#3634=DIRECTION('',(-8.26058798084195E-17,-0.5,0.866025403784439));
#3635=DIRECTION('',(1.43077580832111E-16,0.866025403784439,0.5));
#3636=DIRECTION('',(8.26058798084194E-17,0.5,0.866025403784439));
#3637=DIRECTION('',(-1.43077580832111E-16,-0.866025403784439,0.5));
#3638=DIRECTION('',(8.26058798084194E-17,0.5,0.866025403784439));
#3639=DIRECTION('',(-1.43077580832111E-16,-0.866025403784439,0.5));
#3640=DIRECTION('',(-8.26058798084195E-17,-0.5,0.866025403784439));
#3641=DIRECTION('',(1.43077580832111E-16,0.866025403784439,0.5));
#3642=DIRECTION('',(1.,0.,1.41610079671576E-16));
#3643=DIRECTION('',(1.41610079671576E-16,0.,-1.));
#3644=DIRECTION('',(0.,1.,0.));
#3645=DIRECTION('',(1.41610079671576E-16,0.,-1.));
#3646=DIRECTION('',(0.,1.,0.));
#3647=DIRECTION('',(7.08050398357881E-17,-0.866025403784439,-0.5));
#3648=DIRECTION('',(-1.,0.,-1.41610079671576E-16));
#3649=DIRECTION('',(-1.41610079671576E-16,0.,1.));
#3650=DIRECTION('',(0.,0.866025403784439,-0.5));
#3651=DIRECTION('',(0.,1.,0.));
#3652=DIRECTION('',(0.,0.,1.));
#3653=DIRECTION('',(0.,1.,0.));
#3654=DIRECTION('',(0.,-1.,0.));
#3655=DIRECTION('',(0.,0.,-1.));
#3656=DIRECTION('',(0.,-1.,0.));
#3657=DIRECTION('',(-1.65211759616839E-16,-1.,0.));
#3658=DIRECTION('',(1.,-1.65211759616839E-16,0.));
#3659=DIRECTION('',(-1.,1.65211759616839E-16,0.));
#3660=DIRECTION('',(-1.,1.65211759616839E-16,0.));
#3661=DIRECTION('',(0.,0.,1.));
#3662=DIRECTION('',(-1.,1.65211759616839E-16,0.));
#3663=DIRECTION('',(0.,0.,1.));
#3664=DIRECTION('',(-0.866025403784439,1.43077580832111E-16,-0.5));
#3665=DIRECTION('',(1.65211759616839E-16,1.,0.));
#3666=DIRECTION('',(-1.,1.65211759616839E-16,0.));
#3667=DIRECTION('',(0.866025403784439,0.,-0.5));
#3668=DIRECTION('',(-1.,1.65211759616839E-16,0.));
#3669=DIRECTION('',(-1.65211759616839E-16,-1.,0.));
#3670=DIRECTION('',(-1.,1.65211759616839E-16,0.));
#3671=DIRECTION('',(1.,-1.65211759616839E-16,0.));
#3672=DIRECTION('',(1.65211759616839E-16,1.,0.));
#3673=DIRECTION('',(1.,-1.65211759616839E-16,0.));
#3674=DIRECTION('',(-1.,0.,0.));
#3675=DIRECTION('',(0.,0.,1.));
#3676=DIRECTION('',(-1.,1.65211759616839E-16,0.));
#3677=DIRECTION('',(-1.,1.65211759616839E-16,0.));
#3678=DIRECTION('',(1.,-1.65211759616839E-16,0.));
#3679=DIRECTION('',(1.65211759616839E-16,1.,0.));
#3680=DIRECTION('',(-1.,1.65211759616839E-16,0.));
#3681=DIRECTION('',(1.,-1.65211759616839E-16,0.));
#3682=DIRECTION('',(1.65211759616839E-16,1.,0.));
#3683=DIRECTION('',(1.65211759616839E-16,1.,0.));
#3684=DIRECTION('',(-1.,1.65211759616839E-16,0.));
#3685=DIRECTION('',(1.65211759616839E-16,1.,0.));
#3686=DIRECTION('',(1.65211759616839E-16,1.,0.));
#3687=DIRECTION('',(-1.,1.65211759616839E-16,0.));
#3688=DIRECTION('',(-1.65211759616839E-16,-1.,0.));
#3689=DIRECTION('',(1.65211759616839E-16,1.,0.));
#3690=DIRECTION('',(-1.,1.65211759616839E-16,0.));
#3691=DIRECTION('',(0.,0.,-1.));
#3692=DIRECTION('',(1.,-1.65211759616839E-16,0.));
#3693=DIRECTION('',(0.,0.,1.));
#3694=DIRECTION('',(1.,-1.65211759616839E-16,0.));
#3695=DIRECTION('',(0.866025403784439,-1.43077580832111E-16,-0.5));
#3696=DIRECTION('',(-0.866025403784439,0.,-0.5));
#3697=DIRECTION('',(-1.,0.,-1.41610079671576E-16));
#3698=DIRECTION('',(-1.41610079671576E-16,0.,1.));
#3699=DIRECTION('',(-1.,0.,-1.41610079671576E-16));
#3700=DIRECTION('',(-1.,0.,-1.41610079671576E-16));
#3701=DIRECTION('',(-1.41610079671576E-16,0.,1.));
#3702=DIRECTION('',(1.,0.,1.41610079671576E-16));
#3703=DIRECTION('',(-1.,0.,-1.41610079671576E-16));
#3704=DIRECTION('',(0.,-1.,0.));
#3705=DIRECTION('',(0.,1.,0.));
#3706=DIRECTION('',(-1.41610079671576E-16,0.,1.));
#3707=DIRECTION('',(0.,1.,0.));
#3708=DIRECTION('',(1.41610079671576E-16,0.,-1.));
#3709=DIRECTION('',(7.08050398357881E-17,0.866025403784439,-0.5));
#3710=DIRECTION('',(0.,-0.866025403784439,-0.5));
#3711=DIRECTION('',(1.,-1.65211759616839E-16,0.));
#3712=DIRECTION('',(1.65211759616839E-16,1.,0.));
#3713=DIRECTION('',(-4.77661196524613E-32,-2.89120579329468E-16,1.));
#3714=DIRECTION('',(1.65211759616839E-16,1.,0.));
#3715=DIRECTION('',(1.65211759616839E-16,1.,0.));
#3716=DIRECTION('',(0.,-1.,0.));
#3717=DIRECTION('',(1.,0.,0.));
#3718=DIRECTION('',(0.866025403784439,0.,-0.5));
#3719=DIRECTION('',(0.,-1.,0.));
#3720=DIRECTION('',(0.,0.,-1.));
#3721=DIRECTION('',(0.5,0.,-0.866025403784439));
#3722=DIRECTION('',(0.5,0.,0.866025403784439));
#3723=DIRECTION('',(-0.866025403784438,0.,-0.5));
#3724=DIRECTION('',(-1.,0.,0.));
#3725=DIRECTION('',(-0.707106781186548,0.,-0.707106781186548));
#3726=DIRECTION('',(0.,0.,-1.));
#3727=DIRECTION('',(-1.,0.,0.));
#3728=DIRECTION('',(1.,0.,1.41610079671576E-16));
#3729=DIRECTION('',(0.,0.,1.));
#3730=DIRECTION('',(1.,0.,1.41610079671576E-16));
#3731=DIRECTION('',(-1.,1.65211759616839E-16,0.));
#3732=DIRECTION('',(-1.65211759616839E-16,-1.,0.));
#3733=DIRECTION('',(-1.65211759616839E-16,-1.,0.));
#3734=DIRECTION('',(0.,0.,-1.));
#3735=DIRECTION('',(1.16822355556829E-16,0.707106781186548,0.707106781186548));
#3736=DIRECTION('',(1.65211759616839E-16,1.,0.));
#3737=DIRECTION('',(0.,0.,-1.));
#3738=DIRECTION('',(-1.65211759616839E-16,-1.,0.));
#3739=DIRECTION('',(0.,0.,1.));
#3740=DIRECTION('',(1.16822355556829E-16,0.707106781186548,0.707106781186548));
#3741=DIRECTION('',(1.65211759616839E-16,1.,0.));
#3742=DIRECTION('',(-1.16822355556829E-16,-0.707106781186548,0.707106781186548));
#3743=DIRECTION('',(0.,0.,1.));
#3744=DIRECTION('',(0.,-1.,0.));
#3745=DIRECTION('',(0.,0.,-1.));
#3746=DIRECTION('',(-1.,0.,0.));
#3747=DIRECTION('',(0.,0.,1.));
#3748=DIRECTION('',(1.,0.,0.));
#3749=DIRECTION('',(0.,0.,-1.));
#3750=DIRECTION('',(1.,0.,0.));
#3751=DIRECTION('',(0.,0.,1.));
#3752=DIRECTION('',(1.,0.,0.));
#3753=DIRECTION('',(0.,0.,1.));
#3754=DIRECTION('',(0.,-1.,0.));
#3755=DIRECTION('',(0.,0.,-1.));
#3756=DIRECTION('',(0.,-1.,0.));
#3757=DIRECTION('',(0.,1.,0.));
#3758=DIRECTION('',(0.,0.,1.));
#3759=DIRECTION('',(0.,1.,0.));
#3760=DIRECTION('',(0.,-1.,0.));
#3761=DIRECTION('',(0.,0.,-1.));
#3762=DIRECTION('',(0.,-1.,0.));
#3763=DIRECTION('',(0.,0.,-1.));
#3764=DIRECTION('',(0.,-1.,0.));
#3765=DIRECTION('',(0.,1.,0.));
#3766=DIRECTION('',(0.,0.,1.));
#3767=DIRECTION('',(0.,1.,0.));
#3768=DIRECTION('',(0.,-1.,0.));
#3769=DIRECTION('',(0.,0.,-1.));
#3770=DIRECTION('',(-1.,-1.22464679914735E-16,0.));
#3771=DIRECTION('',(-1.22464679914735E-16,1.,0.));
#3772=DIRECTION('',(-1.22464679914735E-16,1.,0.));
#3773=DIRECTION('',(0.,0.,-1.));
#3774=DIRECTION('',(0.,0.,-1.));
#3775=DIRECTION('',(-1.22464679914735E-16,1.,0.));
#3776=DIRECTION('',(0.,0.,1.));
#3777=DIRECTION('',(-1.,-1.22464679914735E-16,0.));
#3778=DIRECTION('',(-1.22464679914735E-16,1.,0.));
#3779=DIRECTION('',(-1.22464679914735E-16,1.,0.));
#3780=DIRECTION('',(-1.22464679914735E-16,1.,0.));
#3781=DIRECTION('',(0.,0.,1.));
#3782=DIRECTION('',(0.,0.,1.));
#3783=DIRECTION('',(1.,0.,0.));
#3784=DIRECTION('',(0.,-1.,0.));
#3785=DIRECTION('',(0.,-1.,0.));
#3786=DIRECTION('',(0.,0.,1.));
#3787=DIRECTION('',(0.,-1.,0.));
#3788=DIRECTION('',(0.,0.,1.));
#3789=DIRECTION('',(0.,0.,1.));
#3790=DIRECTION('',(1.,0.,0.));
#3791=DIRECTION('',(0.,-1.,0.));
#3792=DIRECTION('',(0.,-1.,0.));
#3793=DIRECTION('',(0.,0.,-1.));
#3794=DIRECTION('',(0.,0.,-1.));
#3795=DIRECTION('',(0.,-1.,0.));
#3796=DIRECTION('',(1.,0.,0.));
#3797=DIRECTION('',(0.,-1.,0.));
#3798=DIRECTION('',(0.,1.,0.));
#3799=DIRECTION('',(0.,1.,0.));
#3800=DIRECTION('',(-1.83697019872103E-16,1.,0.));
#3801=DIRECTION('',(1.,1.83697019872103E-16,0.));
#3802=DIRECTION('',(1.,1.83697019872103E-16,0.));
#3803=DIRECTION('',(1.,1.83697019872103E-16,0.));
#3804=DIRECTION('',(0.,0.,1.));
#3805=DIRECTION('',(-1.83697019872103E-16,1.,0.));
#3806=DIRECTION('',(1.,1.83697019872103E-16,0.));
#3807=DIRECTION('',(1.,1.83697019872103E-16,0.));
#3808=DIRECTION('',(1.,1.83697019872103E-16,0.));
#3809=DIRECTION('',(-1.,-1.22464679914735E-16,0.));
#3810=DIRECTION('',(-1.22464679914735E-16,1.,0.));
#3811=DIRECTION('',(1.22464679914735E-16,-1.,0.));
#3812=DIRECTION('',(1.22464679914735E-16,-1.,0.));
#3813=DIRECTION('',(6.12323399573677E-17,-1.,0.));
#3814=DIRECTION('',(-1.,-6.12323399573677E-17,0.));
#3815=DIRECTION('',(-1.,-6.12323399573677E-17,0.));
#3816=DIRECTION('',(-1.,-6.12323399573677E-17,0.));
#3817=DIRECTION('',(0.,0.,1.));
#3818=DIRECTION('',(6.12323399573677E-17,-1.,0.));
#3819=DIRECTION('',(-1.,-6.12323399573677E-17,0.));
#3820=DIRECTION('',(-1.,-6.12323399573677E-17,0.));
#3821=DIRECTION('',(-1.,-6.12323399573677E-17,0.));
#3822=DIRECTION('',(1.,0.,0.));
#3823=DIRECTION('',(0.,-1.,0.));
#3824=DIRECTION('',(0.,1.,0.));
#3825=DIRECTION('',(0.,1.,0.));
#3826=DIRECTION('',(-1.,-1.22464679914735E-16,0.));
#3827=DIRECTION('',(-1.22464679914735E-16,1.,0.));
#3828=DIRECTION('',(1.22464679914735E-16,-1.,0.));
#3829=DIRECTION('',(1.22464679914735E-16,-1.,0.));
#3830=DIRECTION('',(0.,0.,-1.));
#3831=DIRECTION('',(1.,0.,0.));
#3832=DIRECTION('',(1.,0.,0.));
#3833=DIRECTION('',(1.,0.,0.));
#3834=DIRECTION('',(0.,0.,-1.));
#3835=DIRECTION('',(1.,0.,0.));
#3836=DIRECTION('',(1.,0.,0.));
#3837=DIRECTION('',(1.,0.,0.));
#3838=DIRECTION('',(0.,0.,-1.));
#3839=DIRECTION('',(1.,0.,0.));
#3840=DIRECTION('',(0.,0.,-1.));
#3841=DIRECTION('',(-1.,0.,0.));
#3842=DIRECTION('',(0.,0.,-1.));
#3843=DIRECTION('',(1.,0.,0.));
#3844=DIRECTION('',(0.,0.,-1.));
#3845=DIRECTION('',(-1.,0.,0.));
#3846=DIRECTION('',(0.,0.,-1.));
#3847=DIRECTION('',(1.,0.,0.));
#3848=DIRECTION('',(0.,0.,-1.));
#3849=DIRECTION('',(1.,0.,0.));
#3850=DIRECTION('',(0.,0.,-1.));
#3851=DIRECTION('',(-1.,0.,0.));
#3852=DIRECTION('',(0.,0.,-1.));
#3853=DIRECTION('',(1.,0.,0.));
#3854=DIRECTION('',(0.,0.,-1.));
#3855=DIRECTION('',(1.,0.,0.));
#3856=DIRECTION('',(0.,0.,-1.));
#3857=DIRECTION('',(1.,0.,0.));
#3858=DIRECTION('',(0.,0.,-1.));
#3859=DIRECTION('',(-1.,0.,0.));
#3860=DIRECTION('',(0.,0.,-1.));
#3861=DIRECTION('',(1.,0.,0.));
#3862=DIRECTION('',(0.,0.,-1.));
#3863=DIRECTION('',(1.,0.,0.));
#3864=DIRECTION('',(-1.,-1.22464679914735E-16,0.));
#3865=DIRECTION('',(-1.22464679914735E-16,1.,0.));
#3866=DIRECTION('',(-1.22464679914735E-16,1.,0.));
#3867=DIRECTION('',(0.,0.,-1.));
#3868=DIRECTION('',(0.,0.,-1.));
#3869=DIRECTION('',(-1.22464679914735E-16,1.,0.));
#3870=DIRECTION('',(0.,0.,1.));
#3871=DIRECTION('',(-1.,-1.22464679914735E-16,0.));
#3872=DIRECTION('',(-1.22464679914735E-16,1.,0.));
#3873=DIRECTION('',(-1.22464679914735E-16,1.,0.));
#3874=DIRECTION('',(-1.22464679914735E-16,1.,0.));
#3875=DIRECTION('',(0.,0.,1.));
#3876=DIRECTION('',(0.,0.,1.));
#3877=DIRECTION('',(1.,0.,0.));
#3878=DIRECTION('',(0.,-1.,0.));
#3879=DIRECTION('',(0.,-1.,0.));
#3880=DIRECTION('',(0.,0.,1.));
#3881=DIRECTION('',(0.,-1.,0.));
#3882=DIRECTION('',(0.,0.,1.));
#3883=DIRECTION('',(0.,0.,1.));
#3884=DIRECTION('',(1.,0.,0.));
#3885=DIRECTION('',(0.,-1.,0.));
#3886=DIRECTION('',(0.,-1.,0.));
#3887=DIRECTION('',(0.,0.,-1.));
#3888=DIRECTION('',(0.,0.,-1.));
#3889=DIRECTION('',(0.,-1.,0.));
#3890=DIRECTION('',(1.,0.,0.));
#3891=DIRECTION('',(0.,-1.,0.));
#3892=DIRECTION('',(0.,1.,0.));
#3893=DIRECTION('',(0.,0.,1.));
#3894=DIRECTION('',(0.,1.,0.));
#3895=DIRECTION('',(-1.83697019872103E-16,1.,0.));
#3896=DIRECTION('',(1.,1.83697019872103E-16,0.));
#3897=DIRECTION('',(1.,1.83697019872103E-16,0.));
#3898=DIRECTION('',(1.,1.83697019872103E-16,0.));
#3899=DIRECTION('',(0.,0.,1.));
#3900=DIRECTION('',(-1.83697019872103E-16,1.,0.));
#3901=DIRECTION('',(1.,1.83697019872103E-16,0.));
#3902=DIRECTION('',(1.,1.83697019872103E-16,0.));
#3903=DIRECTION('',(1.,1.83697019872103E-16,0.));
#3904=DIRECTION('',(-1.,-1.22464679914735E-16,0.));
#3905=DIRECTION('',(-1.22464679914735E-16,1.,0.));
#3906=DIRECTION('',(1.22464679914735E-16,-1.,0.));
#3907=DIRECTION('',(1.22464679914735E-16,-1.,0.));
#3908=DIRECTION('',(0.,0.,1.));
#3909=DIRECTION('',(6.12323399573677E-17,-1.,0.));
#3910=DIRECTION('',(-1.,-6.12323399573677E-17,0.));
#3911=DIRECTION('',(-1.,-6.12323399573677E-17,0.));
#3912=DIRECTION('',(-1.,-6.12323399573677E-17,0.));
#3913=DIRECTION('',(0.,0.,1.));
#3914=DIRECTION('',(6.12323399573677E-17,-1.,0.));
#3915=DIRECTION('',(-1.,-6.12323399573677E-17,0.));
#3916=DIRECTION('',(-1.,-6.12323399573677E-17,0.));
#3917=DIRECTION('',(-1.,-6.12323399573677E-17,0.));
#3918=DIRECTION('',(1.,0.,0.));
#3919=DIRECTION('',(0.,-1.,0.));
#3920=DIRECTION('',(0.,1.,0.));
#3921=DIRECTION('',(0.,1.,0.));
#3922=DIRECTION('',(0.,0.,1.));
#3923=DIRECTION('',(-1.,-1.22464679914735E-16,0.));
#3924=DIRECTION('',(-1.22464679914735E-16,1.,0.));
#3925=DIRECTION('',(1.22464679914735E-16,-1.,0.));
#3926=DIRECTION('',(0.,0.,1.));
#3927=DIRECTION('',(1.22464679914735E-16,-1.,0.));
#3928=DIRECTION('',(0.,0.,-1.));
#3929=DIRECTION('',(1.,0.,0.));
#3930=DIRECTION('',(1.,0.,0.));
#3931=DIRECTION('',(0.,0.,-1.));
#3932=DIRECTION('',(-1.,0.,0.));
#3933=DIRECTION('',(1.,0.,0.));
#3934=DIRECTION('',(0.,0.,-1.));
#3935=DIRECTION('',(1.,0.,0.));
#3936=DIRECTION('',(1.,0.,0.));
#3937=DIRECTION('',(1.,0.,0.));
#3938=DIRECTION('',(0.,0.,-1.));
#3939=DIRECTION('',(-1.,0.,0.));
#3940=DIRECTION('',(0.,0.,-1.));
#3941=DIRECTION('',(1.,0.,0.));
#3942=DIRECTION('',(0.,0.,-1.));
#3943=DIRECTION('',(-1.,0.,0.));
#3944=DIRECTION('',(0.,0.,-1.));
#3945=DIRECTION('',(1.,0.,0.));
#3946=DIRECTION('',(0.,0.,-1.));
#3947=DIRECTION('',(-1.,0.,0.));
#3948=DIRECTION('',(0.,0.,-1.));
#3949=DIRECTION('',(1.,0.,0.));
#3950=DIRECTION('',(0.,0.,-1.));
#3951=DIRECTION('',(-1.,0.,0.));
#3952=DIRECTION('',(0.,0.,-1.));
#3953=DIRECTION('',(1.,0.,0.));
#3954=DIRECTION('',(0.,0.,-1.));
#3955=DIRECTION('',(-1.,0.,0.));
#3956=DIRECTION('',(0.,0.,-1.));
#3957=DIRECTION('',(1.,0.,0.));
#3958=DIRECTION('',(0.,0.,-1.));
#3959=DIRECTION('',(-1.,0.,0.));
#3960=DIRECTION('',(0.,0.,-1.));
#3961=DIRECTION('',(1.,0.,0.));
#3962=DIRECTION('',(0.,0.,-1.));
#3963=DIRECTION('',(-1.,0.,0.));
#3964=DIRECTION('',(0.,0.,-1.));
#3965=DIRECTION('',(1.,0.,0.));
#3966=DIRECTION('',(0.,0.,-1.));
#3967=DIRECTION('',(-1.,0.,0.));
#3968=DIRECTION('',(0.,0.,-1.));
#3969=DIRECTION('',(1.,0.,0.));
#3970=DIRECTION('',(0.,0.,-1.));
#3971=DIRECTION('',(-1.,0.,0.));
#3972=DIRECTION('',(0.,0.,-1.));
#3973=DIRECTION('',(1.,0.,0.));
#3974=DIRECTION('',(0.,0.,-1.));
#3975=DIRECTION('',(-1.,0.,0.));
#3976=DIRECTION('',(-1.,-1.22464679914735E-16,0.));
#3977=DIRECTION('',(-1.22464679914735E-16,1.,0.));
#3978=DIRECTION('',(-1.22464679914735E-16,1.,0.));
#3979=DIRECTION('',(0.,0.,-1.));
#3980=DIRECTION('',(0.,0.,-1.));
#3981=DIRECTION('',(-1.22464679914735E-16,1.,0.));
#3982=DIRECTION('',(0.,0.,1.));
#3983=DIRECTION('',(-1.,-1.22464679914735E-16,0.));
#3984=DIRECTION('',(-1.22464679914735E-16,1.,0.));
#3985=DIRECTION('',(-1.22464679914735E-16,1.,0.));
#3986=DIRECTION('',(-1.22464679914735E-16,1.,0.));
#3987=DIRECTION('',(0.,0.,1.));
#3988=DIRECTION('',(0.,0.,1.));
#3989=DIRECTION('',(1.,0.,0.));
#3990=DIRECTION('',(0.,-1.,0.));
#3991=DIRECTION('',(0.,-1.,0.));
#3992=DIRECTION('',(0.,0.,1.));
#3993=DIRECTION('',(0.,-1.,0.));
#3994=DIRECTION('',(0.,0.,1.));
#3995=DIRECTION('',(0.,0.,1.));
#3996=DIRECTION('',(1.,0.,0.));
#3997=DIRECTION('',(0.,-1.,0.));
#3998=DIRECTION('',(0.,-1.,0.));
#3999=DIRECTION('',(0.,0.,-1.));
#4000=DIRECTION('',(0.,0.,-1.));
#4001=DIRECTION('',(0.,-1.,0.));
#4002=DIRECTION('',(1.,0.,0.));
#4003=DIRECTION('',(0.,-1.,0.));
#4004=DIRECTION('',(0.,1.,0.));
#4005=DIRECTION('',(0.,0.,1.));
#4006=DIRECTION('',(0.,1.,0.));
#4007=DIRECTION('',(-1.83697019872103E-16,1.,0.));
#4008=DIRECTION('',(1.,1.83697019872103E-16,0.));
#4009=DIRECTION('',(1.,1.83697019872103E-16,0.));
#4010=DIRECTION('',(1.,1.83697019872103E-16,0.));
#4011=DIRECTION('',(0.,0.,1.));
#4012=DIRECTION('',(-1.83697019872103E-16,1.,0.));
#4013=DIRECTION('',(1.,1.83697019872103E-16,0.));
#4014=DIRECTION('',(1.,1.83697019872103E-16,0.));
#4015=DIRECTION('',(1.,1.83697019872103E-16,0.));
#4016=DIRECTION('',(-1.,-1.22464679914735E-16,0.));
#4017=DIRECTION('',(-1.22464679914735E-16,1.,0.));
#4018=DIRECTION('',(1.22464679914735E-16,-1.,0.));
#4019=DIRECTION('',(1.22464679914735E-16,-1.,0.));
#4020=DIRECTION('',(0.,0.,1.));
#4021=DIRECTION('',(6.12323399573677E-17,-1.,0.));
#4022=DIRECTION('',(-1.,-6.12323399573677E-17,0.));
#4023=DIRECTION('',(-1.,-6.12323399573677E-17,0.));
#4024=DIRECTION('',(-1.,-6.12323399573677E-17,0.));
#4025=DIRECTION('',(0.,0.,1.));
#4026=DIRECTION('',(6.12323399573677E-17,-1.,0.));
#4027=DIRECTION('',(-1.,-6.12323399573677E-17,0.));
#4028=DIRECTION('',(-1.,-6.12323399573677E-17,0.));
#4029=DIRECTION('',(-1.,-6.12323399573677E-17,0.));
#4030=DIRECTION('',(1.,0.,0.));
#4031=DIRECTION('',(0.,-1.,0.));
#4032=DIRECTION('',(0.,1.,0.));
#4033=DIRECTION('',(0.,1.,0.));
#4034=DIRECTION('',(0.,0.,1.));
#4035=DIRECTION('',(-1.,-1.22464679914735E-16,0.));
#4036=DIRECTION('',(-1.22464679914735E-16,1.,0.));
#4037=DIRECTION('',(1.22464679914735E-16,-1.,0.));
#4038=DIRECTION('',(0.,0.,1.));
#4039=DIRECTION('',(1.22464679914735E-16,-1.,0.));
#4040=DIRECTION('',(0.,0.,-1.));
#4041=DIRECTION('',(1.,0.,0.));
#4042=DIRECTION('',(1.,0.,0.));
#4043=DIRECTION('',(0.,0.,-1.));
#4044=DIRECTION('',(-1.,0.,0.));
#4045=DIRECTION('',(1.,0.,0.));
#4046=DIRECTION('',(0.,0.,-1.));
#4047=DIRECTION('',(1.,0.,0.));
#4048=DIRECTION('',(1.,0.,0.));
#4049=DIRECTION('',(1.,0.,0.));
#4050=DIRECTION('',(0.,0.,-1.));
#4051=DIRECTION('',(-1.,0.,0.));
#4052=DIRECTION('',(0.,0.,-1.));
#4053=DIRECTION('',(1.,0.,0.));
#4054=DIRECTION('',(0.,0.,-1.));
#4055=DIRECTION('',(-1.,0.,0.));
#4056=DIRECTION('',(0.,0.,-1.));
#4057=DIRECTION('',(1.,0.,0.));
#4058=DIRECTION('',(0.,0.,-1.));
#4059=DIRECTION('',(-1.,0.,0.));
#4060=DIRECTION('',(0.,0.,-1.));
#4061=DIRECTION('',(1.,0.,0.));
#4062=DIRECTION('',(0.,0.,-1.));
#4063=DIRECTION('',(-1.,0.,0.));
#4064=DIRECTION('',(0.,0.,-1.));
#4065=DIRECTION('',(1.,0.,0.));
#4066=DIRECTION('',(0.,0.,-1.));
#4067=DIRECTION('',(-1.,0.,0.));
#4068=DIRECTION('',(0.,0.,-1.));
#4069=DIRECTION('',(1.,0.,0.));
#4070=DIRECTION('',(0.,0.,-1.));
#4071=DIRECTION('',(-1.,0.,0.));
#4072=DIRECTION('',(0.,0.,-1.));
#4073=DIRECTION('',(1.,0.,0.));
#4074=DIRECTION('',(0.,0.,-1.));
#4075=DIRECTION('',(-1.,0.,0.));
#4076=DIRECTION('',(0.,0.,-1.));
#4077=DIRECTION('',(1.,0.,0.));
#4078=DIRECTION('',(0.,0.,-1.));
#4079=DIRECTION('',(-1.,0.,0.));
#4080=DIRECTION('',(0.,0.,-1.));
#4081=DIRECTION('',(1.,0.,0.));
#4082=DIRECTION('',(0.,0.,-1.));
#4083=DIRECTION('',(-1.,0.,0.));
#4084=DIRECTION('',(0.,0.,-1.));
#4085=DIRECTION('',(1.,0.,0.));
#4086=DIRECTION('',(0.,0.,-1.));
#4087=DIRECTION('',(-1.,0.,0.));
#4088=DIRECTION('',(-1.,-1.22464679914735E-16,0.));
#4089=DIRECTION('',(-1.22464679914735E-16,1.,0.));
#4090=DIRECTION('',(-1.22464679914735E-16,1.,0.));
#4091=DIRECTION('',(0.,0.,-1.));
#4092=DIRECTION('',(0.,0.,-1.));
#4093=DIRECTION('',(-1.22464679914735E-16,1.,0.));
#4094=DIRECTION('',(0.,0.,1.));
#4095=DIRECTION('',(-1.,-1.22464679914735E-16,0.));
#4096=DIRECTION('',(-1.22464679914735E-16,1.,0.));
#4097=DIRECTION('',(-1.22464679914735E-16,1.,0.));
#4098=DIRECTION('',(-1.22464679914735E-16,1.,0.));
#4099=DIRECTION('',(0.,0.,1.));
#4100=DIRECTION('',(0.,0.,1.));
#4101=DIRECTION('',(1.,0.,0.));
#4102=DIRECTION('',(0.,-1.,0.));
#4103=DIRECTION('',(0.,-1.,0.));
#4104=DIRECTION('',(0.,0.,1.));
#4105=DIRECTION('',(0.,-1.,0.));
#4106=DIRECTION('',(0.,0.,1.));
#4107=DIRECTION('',(0.,0.,1.));
#4108=DIRECTION('',(1.,0.,0.));
#4109=DIRECTION('',(0.,-1.,0.));
#4110=DIRECTION('',(0.,-1.,0.));
#4111=DIRECTION('',(0.,0.,-1.));
#4112=DIRECTION('',(0.,0.,-1.));
#4113=DIRECTION('',(0.,-1.,0.));
#4114=DIRECTION('',(1.,0.,0.));
#4115=DIRECTION('',(0.,-1.,0.));
#4116=DIRECTION('',(0.,1.,0.));
#4117=DIRECTION('',(0.,0.,1.));
#4118=DIRECTION('',(0.,1.,0.));
#4119=DIRECTION('',(-1.83697019872103E-16,1.,0.));
#4120=DIRECTION('',(1.,1.83697019872103E-16,0.));
#4121=DIRECTION('',(1.,1.83697019872103E-16,0.));
#4122=DIRECTION('',(1.,1.83697019872103E-16,0.));
#4123=DIRECTION('',(0.,0.,1.));
#4124=DIRECTION('',(-1.83697019872103E-16,1.,0.));
#4125=DIRECTION('',(1.,1.83697019872103E-16,0.));
#4126=DIRECTION('',(1.,1.83697019872103E-16,0.));
#4127=DIRECTION('',(1.,1.83697019872103E-16,0.));
#4128=DIRECTION('',(-1.,-1.22464679914735E-16,0.));
#4129=DIRECTION('',(-1.22464679914735E-16,1.,0.));
#4130=DIRECTION('',(1.22464679914735E-16,-1.,0.));
#4131=DIRECTION('',(1.22464679914735E-16,-1.,0.));
#4132=DIRECTION('',(0.,0.,1.));
#4133=DIRECTION('',(6.12323399573677E-17,-1.,0.));
#4134=DIRECTION('',(-1.,-6.12323399573677E-17,0.));
#4135=DIRECTION('',(-1.,-6.12323399573677E-17,0.));
#4136=DIRECTION('',(-1.,-6.12323399573677E-17,0.));
#4137=DIRECTION('',(0.,0.,1.));
#4138=DIRECTION('',(6.12323399573677E-17,-1.,0.));
#4139=DIRECTION('',(-1.,-6.12323399573677E-17,0.));
#4140=DIRECTION('',(-1.,-6.12323399573677E-17,0.));
#4141=DIRECTION('',(-1.,-6.12323399573677E-17,0.));
#4142=DIRECTION('',(1.,0.,0.));
#4143=DIRECTION('',(0.,-1.,0.));
#4144=DIRECTION('',(0.,1.,0.));
#4145=DIRECTION('',(0.,1.,0.));
#4146=DIRECTION('',(0.,0.,1.));
#4147=DIRECTION('',(-1.,-1.22464679914735E-16,0.));
#4148=DIRECTION('',(-1.22464679914735E-16,1.,0.));
#4149=DIRECTION('',(1.22464679914735E-16,-1.,0.));
#4150=DIRECTION('',(0.,0.,1.));
#4151=DIRECTION('',(1.22464679914735E-16,-1.,0.));
#4152=DIRECTION('',(0.,0.,-1.));
#4153=DIRECTION('',(1.,0.,0.));
#4154=DIRECTION('',(1.,0.,0.));
#4155=DIRECTION('',(0.,0.,-1.));
#4156=DIRECTION('',(-1.,0.,0.));
#4157=DIRECTION('',(1.,0.,0.));
#4158=DIRECTION('',(0.,0.,-1.));
#4159=DIRECTION('',(1.,0.,0.));
#4160=DIRECTION('',(1.,0.,0.));
#4161=DIRECTION('',(1.,0.,0.));
#4162=DIRECTION('',(0.,0.,-1.));
#4163=DIRECTION('',(-1.,0.,0.));
#4164=DIRECTION('',(0.,0.,-1.));
#4165=DIRECTION('',(1.,0.,0.));
#4166=DIRECTION('',(0.,0.,-1.));
#4167=DIRECTION('',(-1.,0.,0.));
#4168=DIRECTION('',(0.,0.,-1.));
#4169=DIRECTION('',(1.,0.,0.));
#4170=DIRECTION('',(0.,0.,-1.));
#4171=DIRECTION('',(-1.,0.,0.));
#4172=DIRECTION('',(0.,0.,-1.));
#4173=DIRECTION('',(1.,0.,0.));
#4174=DIRECTION('',(0.,0.,-1.));
#4175=DIRECTION('',(-1.,0.,0.));
#4176=DIRECTION('',(0.,0.,-1.));
#4177=DIRECTION('',(1.,0.,0.));
#4178=DIRECTION('',(0.,0.,-1.));
#4179=DIRECTION('',(-1.,0.,0.));
#4180=DIRECTION('',(0.,0.,-1.));
#4181=DIRECTION('',(1.,0.,0.));
#4182=DIRECTION('',(0.,0.,-1.));
#4183=DIRECTION('',(-1.,0.,0.));
#4184=DIRECTION('',(0.,0.,-1.));
#4185=DIRECTION('',(1.,0.,0.));
#4186=DIRECTION('',(0.,0.,-1.));
#4187=DIRECTION('',(-1.,0.,0.));
#4188=DIRECTION('',(0.,0.,-1.));
#4189=DIRECTION('',(1.,0.,0.));
#4190=DIRECTION('',(0.,0.,-1.));
#4191=DIRECTION('',(-1.,0.,0.));
#4192=DIRECTION('',(0.,0.,-1.));
#4193=DIRECTION('',(1.,0.,0.));
#4194=DIRECTION('',(0.,0.,-1.));
#4195=DIRECTION('',(-1.,0.,0.));
#4196=DIRECTION('',(0.,0.,-1.));
#4197=DIRECTION('',(1.,0.,0.));
#4198=DIRECTION('',(0.,0.,-1.));
#4199=DIRECTION('',(-1.,0.,0.));
#4200=DIRECTION('',(0.,0.,1.));
#4201=DIRECTION('',(1.,0.,0.));
#4202=DIRECTION('',(0.,0.,-1.));
#4203=DIRECTION('',(-1.,0.,0.));
#4204=DIRECTION('',(0.,0.,1.));
#4205=DIRECTION('',(1.,0.,0.));
#4206=DIRECTION('',(0.,0.,-1.));
#4207=DIRECTION('',(-1.,0.,0.));
#4208=DIRECTION('',(0.,0.,-1.));
#4209=DIRECTION('',(-1.,0.,0.));
#4210=DIRECTION('',(0.,0.,1.));
#4211=DIRECTION('',(1.,0.,0.));
#4212=DIRECTION('',(0.,0.,-1.));
#4213=DIRECTION('',(-1.,0.,0.));
#4214=DIRECTION('',(0.,0.,-1.));
#4215=DIRECTION('',(-1.,0.,0.));
#4216=DIRECTION('',(0.,0.,1.));
#4217=DIRECTION('',(1.,0.,0.));
#4218=DIRECTION('',(0.,0.,-1.));
#4219=DIRECTION('',(-1.,0.,0.));
#4220=DIRECTION('',(0.,0.,-1.));
#4221=DIRECTION('',(-1.,0.,0.));
#4222=DIRECTION('',(-1.,1.73472347597681E-16,0.));
#4223=DIRECTION('',(-1.73472347597681E-16,-1.,0.));
#4224=DIRECTION('',(-1.57702134179709E-16,-1.,0.));
#4225=DIRECTION('',(0.,0.,1.));
#4226=DIRECTION('',(-1.7347234759768E-16,-1.,0.));
#4227=DIRECTION('',(0.,0.,-1.));
#4228=DIRECTION('',(-3.15404268359421E-16,-1.,0.));
#4229=DIRECTION('',(0.,0.,1.));
#4230=DIRECTION('',(-1.7347234759768E-16,-1.,0.));
#4231=DIRECTION('',(0.,0.,1.));
#4232=DIRECTION('',(0.,1.,0.));
#4233=DIRECTION('',(0.,0.,1.));
#4234=DIRECTION('',(1.,0.,0.));
#4235=DIRECTION('',(0.,0.,1.));
#4236=DIRECTION('',(1.,0.,0.));
#4237=DIRECTION('',(0.707106781186547,0.,-0.707106781186548));
#4238=DIRECTION('',(-1.,0.,0.));
#4239=DIRECTION('',(0.,0.,1.));
#4240=DIRECTION('',(1.,0.,0.));
#4241=DIRECTION('',(1.,0.,0.));
#4242=DIRECTION('',(-0.866025403784439,0.,-0.5));
#4243=DIRECTION('',(0.866025403784438,0.,-0.5));
#4244=DIRECTION('',(-0.866025403784439,0.,-0.5));
#4245=DIRECTION('',(0.866025403784438,0.,-0.5));
#4246=DIRECTION('',(0.,0.,-1.));
#4247=DIRECTION('',(1.,0.,0.));
#4248=DIRECTION('',(1.,0.,0.));
#4249=DIRECTION('',(1.,0.,0.));
#4250=DIRECTION('',(0.,0.,-1.));
#4251=DIRECTION('',(-1.,0.,0.));
#4252=DIRECTION('',(0.,-1.,0.));
#4253=DIRECTION('',(-1.,0.,0.));
#4254=DIRECTION('',(0.,1.,0.));
#4255=DIRECTION('',(0.,0.,-1.));
#4256=DIRECTION('',(-1.,0.,0.));
#4257=DIRECTION('',(0.,1.,0.));
#4258=DIRECTION('',(0.,-1.,0.));
#4259=DIRECTION('',(0.,0.,-1.));
#4260=DIRECTION('',(-1.,0.,0.));
#4261=DIRECTION('',(0.,0.,-1.));
#4262=DIRECTION('',(1.,0.,0.));
#4263=DIRECTION('',(0.707106781186548,0.707106781186547,0.));
#4264=DIRECTION('',(1.,-1.65211759616839E-16,0.));
#4265=DIRECTION('',(1.65211759616839E-16,1.,0.));
#4266=DIRECTION('',(0.707106781186548,0.707106781186548,0.));
#4267=DIRECTION('',(-0.707106781186546,0.707106781186549,0.));
#4268=DIRECTION('',(-1.,0.,0.));
#4269=DIRECTION('',(0.,0.,1.));
#4270=DIRECTION('',(0.,-1.,0.));
#4271=DIRECTION('',(0.,-1.,0.));
#4272=DIRECTION('',(0.,-0.707106781186548,-0.707106781186548));
#4273=DIRECTION('',(0.,0.,1.));
#4274=DIRECTION('',(0.,0.,1.));
#4275=DIRECTION('',(1.,0.,0.));
#4276=DIRECTION('',(0.,0.,1.));
#4277=DIRECTION('',(0.,0.,-1.));
#4278=DIRECTION('',(-1.,0.,0.));
#4279=DIRECTION('',(-1.,0.,0.));
#4280=DIRECTION('',(0.,0.,1.));
#4281=DIRECTION('',(0.,0.,1.));
#4282=DIRECTION('',(0.,-1.,0.));
#4283=DIRECTION('',(0.,-1.,0.));
#4284=DIRECTION('',(0.,0.,-1.));
#4285=DIRECTION('',(0.866025403784438,0.,-0.5));
#4286=DIRECTION('',(-0.866025403784438,0.,-0.5));
#4287=DIRECTION('',(0.866025403784438,0.,-0.5));
#4288=DIRECTION('',(-0.866025403784438,0.,-0.5));
#4289=DIRECTION('',(0.,0.,1.));
#4290=DIRECTION('',(1.,0.,0.));
#4291=DIRECTION('',(1.,0.,0.));
#4292=DIRECTION('',(0.,0.,-1.));
#4293=DIRECTION('',(0.,0.,1.));
#4294=DIRECTION('',(0.,1.,0.));
#4295=DIRECTION('',(0.,0.,1.));
#4296=DIRECTION('',(1.,0.,0.));
#4297=DIRECTION('',(0.,0.,1.));
#4298=DIRECTION('',(0.,0.,-1.));
#4299=DIRECTION('',(-1.,0.,0.));
#4300=DIRECTION('',(0.,1.,0.));
#4301=DIRECTION('',(0.,0.,1.));
#4302=DIRECTION('',(-1.,0.,0.));
#4303=DIRECTION('',(0.,0.,-1.));
#4304=DIRECTION('',(1.,0.,0.));
#4305=DIRECTION('',(-0.707106781186548,-0.707106781186548,0.));
#4306=DIRECTION('',(-0.707106781186548,0.707106781186548,0.));
#4307=DIRECTION('',(0.,0.,-1.));
#4308=DIRECTION('',(-1.,0.,0.));
#4309=DIRECTION('',(0.,0.,-1.));
#4310=DIRECTION('',(-1.,0.,0.));
#4311=DIRECTION('',(0.,0.,-1.));
#4312=DIRECTION('',(-1.,0.,0.));
#4313=DIRECTION('',(0.,1.,0.));
#4314=DIRECTION('',(0.,0.,1.));
#4315=DIRECTION('',(0.,0.,1.));
#4316=DIRECTION('',(-1.,0.,0.));
#4317=DIRECTION('',(0.,0.,1.));
#4318=DIRECTION('',(1.,0.,0.));
#4319=DIRECTION('',(0.,0.,1.));
#4320=DIRECTION('',(0.,0.,-1.));
#4321=DIRECTION('',(-1.,0.,0.));
#4322=DIRECTION('',(1.,0.,0.));
#4323=DIRECTION('',(0.,0.,-1.));
#4324=DIRECTION('',(0.,0.,-1.));
#4325=DIRECTION('',(1.,0.,0.));
#4326=DIRECTION('',(0.707106781186546,-0.707106781186549,0.));
#4327=DIRECTION('',(0.,0.,-1.));
#4328=DIRECTION('',(-1.,0.,0.));
#4329=DIRECTION('',(0.,0.,1.));
#4330=DIRECTION('',(1.,0.,0.));
#4331=DIRECTION('',(0.,0.,-1.));
#4332=DIRECTION('',(1.,0.,0.));
#4333=DIRECTION('',(0.,0.,1.));
#4334=DIRECTION('',(1.,0.,0.));
#4335=DIRECTION('',(0.,0.,-1.));
#4336=DIRECTION('',(1.,0.,0.));
#4337=DIRECTION('',(0.,0.,1.));
#4338=DIRECTION('',(1.,0.,0.));
#4339=DIRECTION('',(0.,0.,-1.));
#4340=DIRECTION('',(1.,0.,0.));
#4341=DIRECTION('',(0.,0.,1.));
#4342=DIRECTION('',(1.,0.,0.));
#4343=DIRECTION('',(0.,0.,-1.));
#4344=DIRECTION('',(1.,0.,0.));
#4345=DIRECTION('',(0.5,0.,0.866025403784438));
#4346=DIRECTION('',(0.866025403784438,0.,-0.5));
#4347=DIRECTION('',(0.,-1.,0.));
#4348=DIRECTION('',(-0.5,0.,0.866025403784439));
#4349=DIRECTION('',(0.866025403784439,0.,0.5));
#4350=DIRECTION('',(0.5,0.,0.866025403784438));
#4351=DIRECTION('',(0.866025403784438,0.,-0.5));
#4352=DIRECTION('',(0.,-1.,0.));
#4353=DIRECTION('',(-0.5,0.,0.866025403784439));
#4354=DIRECTION('',(0.866025403784439,0.,0.5));
#4355=DIRECTION('',(0.,0.,-1.));
#4356=DIRECTION('',(-1.,0.,0.));
#4357=DIRECTION('',(0.,-1.,0.));
#4358=DIRECTION('',(1.,0.,0.));
#4359=DIRECTION('',(0.,0.,-1.));
#4360=DIRECTION('',(0.,1.,0.));
#4361=DIRECTION('',(0.,1.,0.));
#4362=DIRECTION('',(0.,1.,0.));
#4363=DIRECTION('',(0.,0.,1.));
#4364=DIRECTION('',(0.,-1.,0.));
#4365=DIRECTION('',(0.,1.,0.));
#4366=DIRECTION('',(0.,1.,0.));
#4367=DIRECTION('',(0.,1.,0.));
#4368=DIRECTION('',(0.,0.,1.));
#4369=DIRECTION('',(0.,1.,0.));
#4370=DIRECTION('',(0.,1.,0.));
#4371=DIRECTION('',(0.,0.,1.));
#4372=DIRECTION('',(0.,0.707106781186548,-0.707106781186548));
#4373=DIRECTION('',(1.,0.,0.));
#4374=DIRECTION('',(0.577350269189626,0.577350269189626,0.577350269189626));
#4375=DIRECTION('',(-0.577350269189625,0.577350269189626,0.577350269189626));
#4376=DIRECTION('',(0.577350269189626,0.577350269189626,0.577350269189626));
#4377=DIRECTION('',(-0.707106781186548,0.,0.707106781186548));
#4378=DIRECTION('',(0.,1.,0.));
#4379=DIRECTION('',(0.707106781186548,0.,-0.707106781186548));
#4380=DIRECTION('',(0.,1.,0.));
#4381=DIRECTION('',(0.707106781186548,-1.16822355556829E-16,0.707106781186547));
#4382=DIRECTION('',(-1.65211759616839E-16,-1.,0.));
#4383=DIRECTION('',(-0.577350269189625,0.577350269189626,0.577350269189626));
#4384=DIRECTION('',(-1.65211759616839E-16,-1.,0.));
#4385=DIRECTION('',(1.,-1.65211759616839E-16,0.));
#4386=DIRECTION('',(1.,-1.65211759616839E-16,0.));
#4387=DIRECTION('',(0.,0.,1.));
#4388=DIRECTION('',(-0.707106781186547,1.16822355556829E-16,0.707106781186548));
#4389=DIRECTION('',(0.,0.,1.));
#4390=DIRECTION('',(1.,0.,0.));
#4391=DIRECTION('',(1.65211759616839E-16,1.,0.));
#4392=DIRECTION('',(-1.,1.65211759616839E-16,0.));
#4393=DIRECTION('',(-1.,1.65211759616839E-16,0.));
#4394=DIRECTION('',(-1.65211759616839E-16,-1.,0.));
#4395=DIRECTION('',(1.,-1.65211759616839E-16,0.));
#4396=DIRECTION('',(-1.,0.,0.));
#4397=DIRECTION('',(0.,0.,1.));
#4398=DIRECTION('',(-1.,1.65211759616839E-16,0.));
#4399=DIRECTION('',(1.,-1.65211759616839E-16,0.));
#4400=DIRECTION('',(1.65211759616839E-16,1.,0.));
#4401=DIRECTION('',(1.,-1.65211759616839E-16,0.));
#4402=DIRECTION('',(1.,-1.65211759616839E-16,0.));
#4403=DIRECTION('',(1.65211759616839E-16,1.,0.));
#4404=DIRECTION('',(1.43077580832111E-16,0.866025403784439,-0.5));
#4405=DIRECTION('',(0.,-0.5,0.866025403784439));
#4406=DIRECTION('',(-8.26058798084196E-17,-0.5,-0.866025403784438));
#4407=DIRECTION('',(0.,-0.866025403784439,-0.5));
#4408=DIRECTION('',(-1.65211759616839E-16,-1.,0.));
#4409=DIRECTION('',(-1.65211759616839E-16,-1.,0.));
#4410=DIRECTION('',(-4.77661196524613E-32,-2.89120579329468E-16,1.));
#4411=DIRECTION('',(1.16822355556829E-16,0.707106781186548,-0.707106781186548));
#4412=DIRECTION('',(1.65211759616839E-16,1.,0.));
#4413=DIRECTION('',(-1.,0.,0.));
#4414=DIRECTION('',(0.,0.,1.));
#4415=DIRECTION('',(0.,-0.5,-0.866025403784438));
#4416=DIRECTION('',(0.,-0.5,0.866025403784438));
#4417=DIRECTION('',(0.,0.866025403784439,-0.5));
#4418=DIRECTION('',(0.,0.866025403784439,0.5));
#4419=DIRECTION('',(-0.707106781186548,1.16822355556829E-16,-0.707106781186547));
#4420=DIRECTION('',(1.65211759616839E-16,1.,0.));
#4421=DIRECTION('',(0.577350269189626,0.577350269189626,-0.577350269189626));
#4422=DIRECTION('',(0.,0.707106781186548,0.707106781186548));
#4423=DIRECTION('',(-1.,0.,0.));
#4424=DIRECTION('',(-1.16822355556829E-16,-0.707106781186548,0.707106781186548));
#4425=DIRECTION('',(-1.16822355556829E-16,-0.707106781186548,-0.707106781186548));
#4426=DIRECTION('',(1.,-1.65211759616839E-16,0.));
#4427=DIRECTION('',(1.,-1.65211759616839E-16,0.));
#4428=DIRECTION('',(1.65211759616839E-16,1.,0.));
#4429=DIRECTION('',(-1.16822355556829E-16,-0.707106781186548,-0.707106781186548));
#4430=DIRECTION('',(0.,-0.707106781186548,0.707106781186548));
#4431=DIRECTION('',(1.,0.,0.));
#4432=DIRECTION('',(0.707106781186548,0.707106781186548,0.));
#4433=DIRECTION('',(0.,0.,1.));
#4434=DIRECTION('',(0.707106781186547,-0.707106781186548,0.));
#4435=DIRECTION('',(0.,0.,-1.));
#4436=DIRECTION('',(0.707106781186549,0.707106781186546,0.));
#4437=DIRECTION('',(0.,0.,1.));
#4438=DIRECTION('',(0.707106781186548,-0.707106781186548,0.));
#4439=DIRECTION('',(0.,0.,1.));
#4440=DIRECTION('',(0.,0.,1.));
#4441=DIRECTION('',(1.,0.,0.));
#4442=DIRECTION('',(1.65211759616839E-16,1.,0.));
#4443=DIRECTION('',(-1.,1.65211759616839E-16,0.));
#4444=DIRECTION('',(1.,-1.65211759616839E-16,0.));
#4445=DIRECTION('',(1.65211759616839E-16,1.,0.));
#4446=DIRECTION('',(1.65211759616839E-16,1.,0.));
#4447=DIRECTION('',(0.,0.,1.));
#4448=DIRECTION('',(1.,0.,0.));
#4449=DIRECTION('',(-1.,1.65211759616839E-16,0.));
#4450=DIRECTION('',(-1.41610079671576E-16,0.,1.));
#4451=DIRECTION('',(1.,0.,1.41610079671576E-16));
#4452=DIRECTION('',(-1.,0.,-1.41610079671576E-16));
#4453=DIRECTION('',(0.,1.,0.));
#4454=DIRECTION('',(-1.,0.,-1.41610079671576E-16));
#4455=DIRECTION('',(0.,1.,0.));
#4456=DIRECTION('',(0.,0.,1.));
#4457=DIRECTION('',(0.,0.,-1.));
#4458=DIRECTION('',(-1.,0.,-1.41610079671576E-16));
#4459=DIRECTION('',(0.,1.,0.));
#4460=DIRECTION('',(0.,0.,1.));
#4461=DIRECTION('',(-1.,0.,-1.41610079671576E-16));
#4462=DIRECTION('',(-1.41610079671576E-16,0.,1.));
#4463=DIRECTION('',(1.,0.,1.41610079671576E-16));
#4464=DIRECTION('',(0.,1.,0.));
#4465=DIRECTION('',(1.4307758083211E-16,0.866025403784438,0.5));
#4466=DIRECTION('',(0.,-0.5,0.866025403784438));
#4467=DIRECTION('',(-1.,1.65211759616839E-16,1.58015633904872E-48));
#4468=DIRECTION('',(1.4307758083211E-16,0.866025403784438,-0.5));
#4469=DIRECTION('',(0.,0.5,0.866025403784438));
#4470=DIRECTION('',(-0.866025403784439,0.,0.5));
#4471=DIRECTION('',(0.5,0.,0.866025403784439));
#4472=DIRECTION('',(0.,1.,0.));
#4473=DIRECTION('',(-0.866025403784439,0.,-0.5));
#4474=DIRECTION('',(-0.5,0.,0.866025403784439));
#4475=DIRECTION('',(1.,0.,0.));
#4476=DIRECTION('',(0.,0.,-1.));
#4477=DIRECTION('',(1.65211759616839E-16,1.,2.89120579329468E-16));
#4478=DIRECTION('',(0.,-2.89120579329468E-16,1.));
#4479=DIRECTION('',(8.26058798084194E-17,0.5,0.866025403784439));
#4480=DIRECTION('',(0.,-0.866025403784439,0.5));
#4481=DIRECTION('',(-1.,1.65211759616839E-16,-3.55819574986345E-33));
#4482=DIRECTION('',(-8.26058798084195E-17,-0.5,0.866025403784439));
#4483=DIRECTION('',(0.,-0.866025403784439,-0.5));
#4484=DIRECTION('',(8.26058798084194E-17,0.5,0.866025403784439));
#4485=DIRECTION('',(0.,-0.866025403784439,0.5));
#4486=DIRECTION('',(-1.,1.65211759616839E-16,-3.55819574986345E-33));
#4487=DIRECTION('',(-8.26058798084195E-17,-0.5,0.866025403784439));
#4488=DIRECTION('',(0.,-0.866025403784439,-0.5));
#4489=DIRECTION('',(-1.22637926427523E-16,0.5,0.866025403784439));
#4490=DIRECTION('',(0.,-0.866025403784439,0.5));
#4491=DIRECTION('',(-1.,0.,-1.41610079671576E-16));
#4492=DIRECTION('',(-1.22637926427523E-16,-0.5,0.866025403784439));
#4493=DIRECTION('',(0.,-0.866025403784439,-0.5));
#4494=DIRECTION('',(0.5,-8.26058798084195E-17,0.866025403784439));
#4495=DIRECTION('',(0.866025403784439,0.,-0.5));
#4496=DIRECTION('',(1.65211759616839E-16,1.,-1.58841473939418E-32));
#4497=DIRECTION('',(-0.5,8.26058798084195E-17,0.866025403784439));
#4498=DIRECTION('',(0.866025403784439,0.,0.5));
#4499=DIRECTION('',(0.5,0.,0.866025403784439));
#4500=DIRECTION('',(0.866025403784439,0.,-0.5));
#4501=DIRECTION('',(0.,1.,0.));
#4502=DIRECTION('',(-0.5,0.,0.866025403784439));
#4503=DIRECTION('',(0.866025403784439,0.,0.5));
#4504=CARTESIAN_POINT('',(0.,0.,0.));
#4505=CARTESIAN_POINT('',(0.0128749875,-0.042,-0.023625));
#4506=CARTESIAN_POINT('',(0.0255,-0.042,-0.035));
#4507=CARTESIAN_POINT('',(0.02,-0.042,-0.035));
#4508=CARTESIAN_POINT('',(0.03675,-0.042,-0.035));
#4509=CARTESIAN_POINT('',(0.03675,-0.042,-0.041125));
#4510=CARTESIAN_POINT('',(0.03675,-0.042,-0.0415));
#4511=CARTESIAN_POINT('',(0.03675,-0.042,-0.0415));
#4512=CARTESIAN_POINT('',(0.031,-0.042,-0.04725));
#4513=CARTESIAN_POINT('',(0.01775,-0.042,-0.04725));
#4514=CARTESIAN_POINT('',(0.01425,-0.042,-0.04725));
#4515=CARTESIAN_POINT('',(0.01425,-0.042,-0.041125));
#4516=CARTESIAN_POINT('',(0.01425,-0.042,-0.035));
#4517=CARTESIAN_POINT('',(0.01924999375,-0.042,-0.03000000625));
#4518=CARTESIAN_POINT('',(0.02,-0.042,-0.02925));
#4519=CARTESIAN_POINT('',(0.02,-0.042,-0.035));
#4520=CARTESIAN_POINT('',(0.0252468236184851,-0.042,-0.0450536487401319));
#4521=CARTESIAN_POINT('',(0.0276250494050422,-0.0419990903647353,-0.0436806936826958));
#4522=CARTESIAN_POINT('',(0.0255,-0.042,-0.0449074772881118));
#4523=CARTESIAN_POINT('',(0.0255,-0.042,-0.04));
#4524=CARTESIAN_POINT('',(0.0291796273276501,-0.042,-0.0421273143587872));
#4525=CARTESIAN_POINT('',(0.0291806079660839,-0.042,-0.042125));
#4526=CARTESIAN_POINT('',(0.0304074772881119,-0.042,-0.04));
#4527=CARTESIAN_POINT('',(0.0189337718475988,-0.042,-0.020126959225952));
#4528=CARTESIAN_POINT('',(0.0291807910404003,-0.0419996536754131,-0.0378748948401698));
#4529=CARTESIAN_POINT('',(0.0255,-0.042,-0.04));
#4530=CARTESIAN_POINT('',(0.0233763004315867,-0.041999703728927,-0.0436814449938421));
#4531=CARTESIAN_POINT('',(0.023375,-0.042,-0.0436806079660838));
#4532=CARTESIAN_POINT('',(0.0255,-0.00550000000000012,-0.005));
#4533=CARTESIAN_POINT('',(0.0255,-0.00550000000000012,-0.0322));
#4534=CARTESIAN_POINT('',(0.0275,-0.00262771867673111,-0.0322));
#4535=CARTESIAN_POINT('',(0.028372281323269,-0.00350000000000011,-0.0322));
#4536=CARTESIAN_POINT('',(0.0255,-0.00550000000000012,-0.0322));
#4537=CARTESIAN_POINT('',(0.028372281323269,-0.00750000000000012,-0.0322));
#4538=CARTESIAN_POINT('',(0.0255,-0.00550000000000012,-0.0322));
#4539=CARTESIAN_POINT('',(0.0275,-0.00837228132326914,-0.0322));
#4540=CARTESIAN_POINT('',(0.0275,-0.00837228132326914,-0.005));
#4541=CARTESIAN_POINT('',(0.0275,-0.00837228132326914,-0.0326));
#4542=CARTESIAN_POINT('',(0.0255,-0.00550000000000012,-0.0326));
#4543=CARTESIAN_POINT('',(0.0235,-0.00837228132326914,-0.0326));
#4544=CARTESIAN_POINT('',(0.0235,-0.00837228132326914,-0.005));
#4545=CARTESIAN_POINT('',(0.0235,-0.00837228132326914,-0.0322));
#4546=CARTESIAN_POINT('',(0.0255,-0.00550000000000012,-0.0322));
#4547=CARTESIAN_POINT('',(0.022627718676731,-0.00750000000000012,-0.0322));
#4548=CARTESIAN_POINT('',(0.0255,-0.00550000000000012,-0.0322));
#4549=CARTESIAN_POINT('',(0.022627718676731,-0.00350000000000011,-0.0322));
#4550=CARTESIAN_POINT('',(0.0255,-0.00550000000000012,-0.0322));
#4551=CARTESIAN_POINT('',(0.0235,-0.00262771867673111,-0.0322));
#4552=CARTESIAN_POINT('',(0.0235,-0.00262771867673111,-0.005));
#4553=CARTESIAN_POINT('',(0.0235,-0.00262771867673111,-0.0326));
#4554=CARTESIAN_POINT('',(0.0255,-0.00550000000000012,-0.0326));
#4555=CARTESIAN_POINT('',(0.0275,-0.00262771867673111,-0.0326));
#4556=CARTESIAN_POINT('',(0.0275,-0.00262771867673111,-0.005));
#4557=CARTESIAN_POINT('',(0.0255,-0.00550000000000012,-0.0249074772881119));
#4558=CARTESIAN_POINT('',(0.0227189255673392,-0.003375,-0.0236806079660839));
#4559=CARTESIAN_POINT('',(0.022,-0.0055,-0.0249074772881118));
#4560=CARTESIAN_POINT('',(0.0255,-0.00550000000000012,-0.0249074772881118));
#4561=CARTESIAN_POINT('',(0.0227189255673391,-0.007625,-0.0236806079660839));
#4562=CARTESIAN_POINT('',(0.028281074432661,-0.00762500000000001,-0.0236806079660839));
#4563=CARTESIAN_POINT('',(0.0279613368262856,-0.00804345368576507,-0.023439013617964));
#4564=CARTESIAN_POINT('',(0.0273668162902323,-0.00853901055336838,-0.0230066761837286));
#4565=CARTESIAN_POINT('',(0.0263704607391438,-0.00892462847973718,-0.0225243706010811));
#4566=CARTESIAN_POINT('',(0.0254993048161203,-0.00903765596106988,-0.0223542314735718));
#4567=CARTESIAN_POINT('',(0.0246304978235892,-0.00892474759692894,-0.0225241797608871));
#4568=CARTESIAN_POINT('',(0.0236325660150166,-0.00853907633763342,-0.0230067736729642));
#4569=CARTESIAN_POINT('',(0.0230376615347301,-0.00804214279984977,-0.0234397704583001));
#4570=CARTESIAN_POINT('',(0.022718925567339,-0.00762500000000002,-0.0236806079660839));
#4571=CARTESIAN_POINT('',(0.028281074432661,-0.007625,-0.0236806079660839));
#4572=CARTESIAN_POINT('',(0.0255,-0.00550000000000012,-0.0249074772881118));
#4573=CARTESIAN_POINT('',(0.029,-0.0055,-0.0249074772881118));
#4574=CARTESIAN_POINT('',(0.0255,-0.00550000000000012,-0.0249074772881119));
#4575=CARTESIAN_POINT('',(0.0282810744326608,-0.003375,-0.0236806079660839));
#4576=CARTESIAN_POINT('',(0.0227189255673392,-0.00337500000000001,-0.0236806079660839));
#4577=CARTESIAN_POINT('',(0.0230392776386839,-0.00295574213879225,-0.0234385493270557));
#4578=CARTESIAN_POINT('',(0.0236344419580733,-0.00246114751900041,-0.0230065369995101));
#4579=CARTESIAN_POINT('',(0.0246247843073988,-0.002076638138976,-0.0225261144586658));
#4580=CARTESIAN_POINT('',(0.0254990476245707,-0.00196208800830845,-0.0223538892312898));
#4581=CARTESIAN_POINT('',(0.0263683658130791,-0.00207501253308651,-0.0225238086850295));
#4582=CARTESIAN_POINT('',(0.027366845362484,-0.00246031813487866,-0.0230062691354534));
#4583=CARTESIAN_POINT('',(0.0279629435882187,-0.00295864914930889,-0.02344022769036));
#4584=CARTESIAN_POINT('',(0.0282810744326608,-0.00337500000000001,-0.0236806079660839));
#4585=CARTESIAN_POINT('',(0.01425,-0.05,-0.041125));
#4586=CARTESIAN_POINT('',(0.01425,-0.05,-0.04725));
#4587=CARTESIAN_POINT('',(0.01425,-0.05,-0.04725));
#4588=CARTESIAN_POINT('',(0.01425,-0.05,-0.041125));
#4589=CARTESIAN_POINT('',(0.01425,-0.05,-0.035));
#4590=CARTESIAN_POINT('',(0.01425,-0.05,-0.035));
#4591=CARTESIAN_POINT('',(0.01425,-0.0484871392896288,-0.0437453516151378));
#4592=CARTESIAN_POINT('',(0.0142495771403762,-0.0449999551045938,-0.0417321289494572));
#4593=CARTESIAN_POINT('',(0.01425,-0.046,-0.0423094010767585));
#4594=CARTESIAN_POINT('',(0.01425,-0.046,-0.04));
#4595=CARTESIAN_POINT('',(0.014249929731789,-0.0470010488466599,-0.0417315963286041));
#4596=CARTESIAN_POINT('',(0.01425,-0.047,-0.0417320508075689));
#4597=CARTESIAN_POINT('',(0.0255,-0.05,-0.04));
#4598=CARTESIAN_POINT('',(0.027625,-0.049997,-0.0436806079660838));
#4599=CARTESIAN_POINT('',(0.0276256644825215,-0.049999062305706,-0.0436803613965576));
#4600=CARTESIAN_POINT('',(0.0255,-0.05,-0.04));
#4601=CARTESIAN_POINT('',(0.0291807630889332,-0.049998660564393,-0.0421250888764403));
#4602=CARTESIAN_POINT('',(0.0291806079660839,-0.049997,-0.042125));
#4603=CARTESIAN_POINT('',(0.051,0.00575,-0.02));
#4604=CARTESIAN_POINT('',(0.051,0.00575,-0.02725));
#4605=CARTESIAN_POINT('',(0.051,0.00575,-0.02725));
#4606=CARTESIAN_POINT('',(0.031,0.00575,-0.02725));
#4607=CARTESIAN_POINT('',(0.051,0.00575,-0.02725));
#4608=CARTESIAN_POINT('',(0.02,0.00575,-0.02725));
#4609=CARTESIAN_POINT('',(0.02,0.00575,-0.02));
#4610=CARTESIAN_POINT('',(0.02,0.00575,-0.01275));
#4611=CARTESIAN_POINT('',(0.051,0.00575,-0.01275));
#4612=CARTESIAN_POINT('',(0.051,0.00575,-0.01275));
#4613=CARTESIAN_POINT('',(0.051,0.00575,-0.02));
#4614=CARTESIAN_POINT('',(0.0495,0.00575,-0.0174019237886466));
#4615=CARTESIAN_POINT('',(0.0420000448954062,0.00575042285962394,-0.0217321289494571));
#4616=CARTESIAN_POINT('',(0.041,0.00575,-0.0223094010767585));
#4617=CARTESIAN_POINT('',(0.041,0.00575,-0.02));
#4618=CARTESIAN_POINT('',(0.0399989513059071,0.00575007028577562,-0.0217315964138341));
#4619=CARTESIAN_POINT('',(0.04,0.00575,-0.0217320508075688));
#4620=CARTESIAN_POINT('',(0.051,-0.0055,-0.02));
#4621=CARTESIAN_POINT('',(0.050997,-0.003375,-0.0236806079660839));
#4622=CARTESIAN_POINT('',(0.050999313124959,-0.0033761771876211,-0.0236813655686468));
#4623=CARTESIAN_POINT('',(0.051,-0.0055,-0.02));
#4624=CARTESIAN_POINT('',(0.0509986605643931,-0.00918076308893341,-0.0178749111235596));
#4625=CARTESIAN_POINT('',(0.050997,-0.0091806079660839,-0.017875));
#4626=CARTESIAN_POINT('',(0.0215,-0.00917962770012348,-0.0178726862863616));
#4627=CARTESIAN_POINT('',(0.0215,-0.0055,-0.02));
#4628=CARTESIAN_POINT('',(0.0214996937366774,-0.00337628624477204,-0.0236814194817046));
#4629=CARTESIAN_POINT('',(0.050997,-0.003375,-0.0236806079660839));
#4630=CARTESIAN_POINT('',(0.051,-0.00248960135530196,-0.017));
#4631=CARTESIAN_POINT('',(0.038,-0.00248960135530196,-0.017));
#4632=CARTESIAN_POINT('',(0.044,-0.00248960135530197,-0.017));
#4633=CARTESIAN_POINT('',(0.044,-0.0055,-0.02));
#4634=CARTESIAN_POINT('',(0.044,-0.00248960135530196,-0.023));
#4635=CARTESIAN_POINT('',(0.051,-0.00248960135530196,-0.023));
#4636=CARTESIAN_POINT('',(0.038,-0.00248960135530196,-0.023));
#4637=CARTESIAN_POINT('',(0.038,-0.0055,-0.02));
#4638=CARTESIAN_POINT('',(0.0287825116675637,-0.00696885754231577,-0.0159322555851417));
#4639=CARTESIAN_POINT('',(0.0291077561859416,-0.00549713451397491,-0.0156596319745976));
#4640=CARTESIAN_POINT('',(0.02878646358867,-0.00404260440178529,-0.0159292165164678));
#4641=CARTESIAN_POINT('',(0.0279959828390558,-0.00293881012657005,-0.0165445309415882));
#4642=CARTESIAN_POINT('',(0.0269395361184326,-0.0022148962327509,-0.0172618072896179));
#4643=CARTESIAN_POINT('',(0.0255042775156727,-0.00189360790261763,-0.0177513719377233));
#4644=CARTESIAN_POINT('',(0.0240699294173227,-0.00221068897255824,-0.0172672044060184));
#4645=CARTESIAN_POINT('',(0.0230091969091539,-0.00293365162371239,-0.0165484636495611));
#4646=CARTESIAN_POINT('',(0.0222178632032867,-0.0040336507954755,-0.0159326811549355));
#4647=CARTESIAN_POINT('',(0.0218930101431412,-0.00548497983536979,-0.0156604261359122));
#4648=CARTESIAN_POINT('',(0.0222102293398742,-0.00695165792473183,-0.0159257239260191));
#4649=CARTESIAN_POINT('',(0.022997012483693,-0.00805724025439997,-0.0165421419783296));
#4650=CARTESIAN_POINT('',(0.0238889472572352,-0.00866170484219173,-0.0171382000958823));
#4651=CARTESIAN_POINT('',(0.0247562885063465,-0.00894505151509574,-0.0175069295800354));
#4652=CARTESIAN_POINT('',(0.0257406802999519,-0.00905375416389008,-0.0176702917600996));
#4653=CARTESIAN_POINT('',(0.0269251532531257,-0.00879080065800755,-0.0172688119162557));
#4654=CARTESIAN_POINT('',(0.0279927877808171,-0.00806451915844707,-0.0165475634333196));
#4655=CARTESIAN_POINT('',(0.0287825116675637,-0.00696885754231577,-0.0159322555851417));
#4656=CARTESIAN_POINT('',(0.0291077561859416,-0.00549713451397491,-0.0156596319745976));
#4657=CARTESIAN_POINT('',(0.02878646358867,-0.00404260440178529,-0.0159292165164678));
#4658=CARTESIAN_POINT('',(0.029,-0.00550000000000012,-0.01575));
#4659=CARTESIAN_POINT('',(0.041,-0.009752,-0.02));
#4660=CARTESIAN_POINT('',(0.042,0.003753,-0.0217320508075688));
#4661=CARTESIAN_POINT('',(0.0420008009918886,0.00375086978010157,-0.0217317037352089));
#4662=CARTESIAN_POINT('',(0.041,0.00375,-0.02));
#4663=CARTESIAN_POINT('',(0.0399999591589947,0.00375142203037924,-0.0217321220674892));
#4664=CARTESIAN_POINT('',(0.04,0.003753,-0.0217320508075688));
#4665=CARTESIAN_POINT('',(0.0355,0.00375,-0.02));
#4666=CARTESIAN_POINT('',(0.038,0.00375,-0.02));
#4667=CARTESIAN_POINT('',(0.038,0.00375,-0.017));
#4668=CARTESIAN_POINT('',(0.038,0.00375,-0.023));
#4669=CARTESIAN_POINT('',(0.041,0.00375,-0.023));
#4670=CARTESIAN_POINT('',(0.051,0.00375,-0.023));
#4671=CARTESIAN_POINT('',(0.051,0.00375,-0.022125));
#4672=CARTESIAN_POINT('',(0.051,0.00375,-0.017));
#4673=CARTESIAN_POINT('',(0.041,0.00375,-0.017));
#4674=CARTESIAN_POINT('',(0.035875,0.00375,-0.0193504809471617));
#4675=CARTESIAN_POINT('',(0.041,0.00375,-0.0223094010767585));
#4676=CARTESIAN_POINT('',(0.042,0.00375,-0.0217320508075688));
#4677=CARTESIAN_POINT('',(0.029752,-0.046,-0.04));
#4678=CARTESIAN_POINT('',(0.016247,-0.045,-0.0417320508075689));
#4679=CARTESIAN_POINT('',(0.0162491302198981,-0.0449991990081121,-0.0417317037352091));
#4680=CARTESIAN_POINT('',(0.01625,-0.046,-0.04));
#4681=CARTESIAN_POINT('',(0.0162485779696208,-0.0470000408410054,-0.0417321220674893));
#4682=CARTESIAN_POINT('',(0.016247,-0.047,-0.0417320508075689));
#4683=CARTESIAN_POINT('',(0.01625,-0.046,-0.041125));
#4684=CARTESIAN_POINT('',(0.01625,-0.046,-0.037));
#4685=CARTESIAN_POINT('',(0.01625,-0.05,-0.037));
#4686=CARTESIAN_POINT('',(0.01625,-0.043,-0.037));
#4687=CARTESIAN_POINT('',(0.01625,-0.05,-0.023625));
#4688=CARTESIAN_POINT('',(0.01625,-0.05,-0.043));
#4689=CARTESIAN_POINT('',(0.01625,-0.046,-0.043));
#4690=CARTESIAN_POINT('',(0.01625,-0.043,-0.043));
#4691=CARTESIAN_POINT('',(0.01625,-0.043,-0.04));
#4692=CARTESIAN_POINT('',(0.01625,-0.0465128607103713,-0.0420133008075689));
#4693=CARTESIAN_POINT('',(0.01625,-0.046,-0.0423094010767585));
#4694=CARTESIAN_POINT('',(0.01625,-0.045,-0.0417320508075689));
#4695=CARTESIAN_POINT('',(0.044,-0.009752,-0.02));
#4696=CARTESIAN_POINT('',(0.044,0.000749999999999971,-0.02));
#4697=CARTESIAN_POINT('',(0.044,0.000749999999999968,-0.023));
#4698=CARTESIAN_POINT('',(0.044,0.00074999999999997,-0.017));
#4699=CARTESIAN_POINT('',(0.044,-0.009752,-0.023));
#4700=CARTESIAN_POINT('',(0.044,-0.009752,-0.017));
#4701=CARTESIAN_POINT('',(0.0128749875,-0.05,-0.023625));
#4702=CARTESIAN_POINT('',(0.023375,-0.05,-0.0436806079660838));
#4703=CARTESIAN_POINT('',(0.0233749821753671,-0.0499985347319413,-0.0436806387196099));
#4704=CARTESIAN_POINT('',(0.0255,-0.05,-0.0449074772881118));
#4705=CARTESIAN_POINT('',(0.0255,-0.05,-0.04));
#4706=CARTESIAN_POINT('',(0.0291797666756056,-0.0499995741561283,-0.0378730144170073));
#4707=CARTESIAN_POINT('',(0.0291806079660839,-0.05,-0.037875));
#4708=CARTESIAN_POINT('',(0.0304074772881119,-0.05,-0.04));
#4709=CARTESIAN_POINT('',(0.0291806079660839,-0.05,-0.042125));
#4710=CARTESIAN_POINT('',(0.027625,-0.05,-0.0436806079660838));
#4711=CARTESIAN_POINT('',(0.01775,-0.05,-0.04725));
#4712=CARTESIAN_POINT('',(0.031,-0.05,-0.04725));
#4713=CARTESIAN_POINT('',(0.03374999375,-0.05,-0.04450000625));
#4714=CARTESIAN_POINT('',(0.03675,-0.05,-0.0415));
#4715=CARTESIAN_POINT('',(0.03675,-0.05,-0.041125));
#4716=CARTESIAN_POINT('',(0.03675,-0.05,-0.035));
#4717=CARTESIAN_POINT('',(0.0128749875,-0.05,-0.035));
#4718=CARTESIAN_POINT('',(0.0128749875,-0.05,-0.037));
#4719=CARTESIAN_POINT('',(0.01925,-0.05,-0.037));
#4720=CARTESIAN_POINT('',(0.01925,-0.05,-0.023625));
#4721=CARTESIAN_POINT('',(0.01925,-0.05,-0.043));
#4722=CARTESIAN_POINT('',(0.0128749875,-0.05,-0.043));
#4723=CARTESIAN_POINT('',(0.031,-0.021,-0.005));
#4724=CARTESIAN_POINT('',(0.031,-0.021,6.93889390390723E-18));
#4725=CARTESIAN_POINT('',(0.031,-0.01675,6.93889390390723E-18));
#4726=CARTESIAN_POINT('',(0.031,-0.039,6.93889390390723E-18));
#4727=CARTESIAN_POINT('',(0.031,-0.039,-0.027));
#4728=CARTESIAN_POINT('',(0.031,-0.039,-0.024));
#4729=CARTESIAN_POINT('',(0.031,-0.035,-0.02));
#4730=CARTESIAN_POINT('',(0.031,-0.04425,-0.02925));
#4731=CARTESIAN_POINT('',(0.031,-0.042,-0.02925));
#4732=CARTESIAN_POINT('',(0.031,-0.03625,-0.02925));
#4733=CARTESIAN_POINT('',(0.031,-0.03625,-0.035));
#4734=CARTESIAN_POINT('',(0.031,-0.03625,-0.035));
#4735=CARTESIAN_POINT('',(0.031,-0.021,-0.035));
#4736=CARTESIAN_POINT('',(0.031,-5.55111512312578E-17,-0.035));
#4737=CARTESIAN_POINT('',(0.031,-5.55111512312578E-17,-0.005));
#4738=CARTESIAN_POINT('',(0.031,-5.55111512312578E-17,-0.033));
#4739=CARTESIAN_POINT('',(0.031,0.00349999999999995,-0.0295));
#4740=CARTESIAN_POINT('',(0.031,-0.0055,-0.02725));
#4741=CARTESIAN_POINT('',(0.031,-0.011,-0.02725));
#4742=CARTESIAN_POINT('',(0.031,-0.027125,-0.011125));
#4743=CARTESIAN_POINT('',(0.031,-0.01675,-0.0215));
#4744=CARTESIAN_POINT('',(0.031,-0.01675,-0.02));
#4745=CARTESIAN_POINT('',(-0.0055,-0.042,-0.005));
#4746=CARTESIAN_POINT('',(0.0255,-0.042,-0.027));
#4747=CARTESIAN_POINT('',(0.02,-0.042,-0.027));
#4748=CARTESIAN_POINT('',(0.028,-0.042,-0.027));
#4749=CARTESIAN_POINT('',(0.028,-0.042,6.93889390390723E-18));
#4750=CARTESIAN_POINT('',(0.028,-0.042,6.93889390390723E-18));
#4751=CARTESIAN_POINT('',(-0.0055,-0.042,6.93889390390723E-18));
#4752=CARTESIAN_POINT('',(-0.008,-0.042,6.93889390390723E-18));
#4753=CARTESIAN_POINT('',(-0.008,-0.042,-0.005));
#4754=CARTESIAN_POINT('',(-0.008,-0.042,-0.035));
#4755=CARTESIAN_POINT('',(-0.0055,-0.042,-0.035));
#4756=CARTESIAN_POINT('',(1.12757025938492E-17,-0.042,-0.035));
#4757=CARTESIAN_POINT('',(1.12757025938492E-17,-0.042,-0.035));
#4758=CARTESIAN_POINT('',(1.25767452008318E-17,-0.042,-0.005));
#4759=CARTESIAN_POINT('',(-0.0055,-0.042,-0.005));
#4760=CARTESIAN_POINT('',(0.02,-0.042,-0.005));
#4761=CARTESIAN_POINT('',(0.02,-0.042,-0.035));
#4762=CARTESIAN_POINT('',(0.01,1.99999999994476E-6,-0.02725));
#4763=CARTESIAN_POINT('',(0.0085,-3.00000000005591E-6,-0.0298480762113533));
#4764=CARTESIAN_POINT('',(0.0084986987617607,-6.41498035097069E-7,-0.0298475201479604));
#4765=CARTESIAN_POINT('',(0.00849992976825129,-0.00400038778628539,-0.0298481984689293));
#4766=CARTESIAN_POINT('',(0.01,-5.55111512312578E-17,-0.02725));
#4767=CARTESIAN_POINT('',(0.0115000617492774,-1.38518668096942E-6,-0.0298481837028249));
#4768=CARTESIAN_POINT('',(0.0115,-3.00000000005591E-6,-0.0298480762113533));
#4769=CARTESIAN_POINT('',(0.0115016323837555,-0.00400001383837415,-0.0298473786198012));
#4770=CARTESIAN_POINT('',(0.01,-0.004,-0.02725));
#4771=CARTESIAN_POINT('',(0.01,1.99999999994476E-6,-0.01275));
#4772=CARTESIAN_POINT('',(0.0085,-3.00000000005591E-6,-0.0153480762113533));
#4773=CARTESIAN_POINT('',(0.00849869876176088,-6.41498035212984E-7,-0.0153475201479602));
#4774=CARTESIAN_POINT('',(0.00849992976825129,-0.00400038778628539,-0.0153481984689294));
#4775=CARTESIAN_POINT('',(0.01,-5.55111512312578E-17,-0.01275));
#4776=CARTESIAN_POINT('',(0.0115000617492773,-1.38518668110614E-6,-0.0153481837028249));
#4777=CARTESIAN_POINT('',(0.0115,-3.00000000005591E-6,-0.0153480762113533));
#4778=CARTESIAN_POINT('',(0.0115016323837553,-0.00400001383837421,-0.0153473786198011));
#4779=CARTESIAN_POINT('',(0.01,-0.004,-0.01275));
#4780=CARTESIAN_POINT('',(0.0235,-0.175,-0.033));
#4781=CARTESIAN_POINT('',(0.0235,-0.175,-0.033));
#4782=CARTESIAN_POINT('',(0.0235,-0.00550000000000012,-0.033));
#4783=CARTESIAN_POINT('',(0.0235,-0.00350000000000011,-0.033));
#4784=CARTESIAN_POINT('',(0.0235,-0.00350000000000011,-0.033));
#4785=CARTESIAN_POINT('',(0.0235,-0.00350000000000011,-0.0326));
#4786=CARTESIAN_POINT('',(0.0235,-0.00350000000000011,-0.033));
#4787=CARTESIAN_POINT('',(0.0235,-0.00350000000000011,-0.0322));
#4788=CARTESIAN_POINT('',(0.0235,-0.175,-0.0322));
#4789=CARTESIAN_POINT('',(0.0235,-0.00550000000000012,-0.0322));
#4790=CARTESIAN_POINT('',(0.0235,-0.00550000000000012,-0.033));
#4791=CARTESIAN_POINT('',(0.0235,-0.175,-0.033));
#4792=CARTESIAN_POINT('',(0.0235,-0.175,-0.033));
#4793=CARTESIAN_POINT('',(0.0235,-0.00750000000000012,-0.033));
#4794=CARTESIAN_POINT('',(0.0235,-0.175,-0.0322));
#4795=CARTESIAN_POINT('',(0.0235,-0.00750000000000012,-0.0322));
#4796=CARTESIAN_POINT('',(0.0235,-0.00750000000000012,-0.033));
#4797=CARTESIAN_POINT('',(0.0235,-0.00750000000000012,-0.0326));
#4798=CARTESIAN_POINT('',(0.0235,-0.00750000000000012,-0.033));
#4799=CARTESIAN_POINT('',(0.0275,-0.175,-0.033));
#4800=CARTESIAN_POINT('',(0.0275,-0.175,-0.033));
#4801=CARTESIAN_POINT('',(0.0275,-0.00350000000000011,-0.033));
#4802=CARTESIAN_POINT('',(0.0275,-0.00550000000000012,-0.033));
#4803=CARTESIAN_POINT('',(0.0275,-0.00550000000000012,-0.033));
#4804=CARTESIAN_POINT('',(0.0275,-0.00550000000000012,-0.0322));
#4805=CARTESIAN_POINT('',(0.0275,-0.175,-0.0322));
#4806=CARTESIAN_POINT('',(0.0275,-0.00350000000000011,-0.0322));
#4807=CARTESIAN_POINT('',(0.0275,-0.00350000000000011,-0.033));
#4808=CARTESIAN_POINT('',(0.0275,-0.00350000000000011,-0.0326));
#4809=CARTESIAN_POINT('',(0.0275,-0.00350000000000011,-0.033));
#4810=CARTESIAN_POINT('',(0.0275,-0.175,-0.033));
#4811=CARTESIAN_POINT('',(0.0275,-0.175,-0.033));
#4812=CARTESIAN_POINT('',(0.0275,-0.00750000000000012,-0.033));
#4813=CARTESIAN_POINT('',(0.0275,-0.00750000000000012,-0.033));
#4814=CARTESIAN_POINT('',(0.0275,-0.00750000000000012,-0.0326));
#4815=CARTESIAN_POINT('',(0.0275,-0.00750000000000012,-0.033));
#4816=CARTESIAN_POINT('',(0.0275,-0.00750000000000012,-0.0322));
#4817=CARTESIAN_POINT('',(0.0275,-0.175,-0.0322));
#4818=CARTESIAN_POINT('',(0.0275,-0.175,-0.033));
#4819=CARTESIAN_POINT('',(0.0275,-0.175,-0.0322));
#4820=CARTESIAN_POINT('',(0.0275,-0.175,-0.0326));
#4821=CARTESIAN_POINT('',(0.01,-0.00350000000000011,-0.033));
#4822=CARTESIAN_POINT('',(0.01,-0.00350000000000011,-0.033));
#4823=CARTESIAN_POINT('',(0.0255,-0.00350000000000011,-0.033));
#4824=CARTESIAN_POINT('',(0.01,-0.00350000000000011,-0.0326));
#4825=CARTESIAN_POINT('',(0.0255,-0.00350000000000011,-0.0326));
#4826=CARTESIAN_POINT('',(0.0255,-0.00350000000000011,-0.033));
#4827=CARTESIAN_POINT('',(0.01,-0.00350000000000011,-0.033));
#4828=CARTESIAN_POINT('',(0.01,-0.00350000000000011,-0.033));
#4829=CARTESIAN_POINT('',(0.01,-0.00350000000000011,-0.0326));
#4830=CARTESIAN_POINT('',(0.0235,-0.175,-0.033));
#4831=CARTESIAN_POINT('',(0.0235,-0.175,-0.0322));
#4832=CARTESIAN_POINT('',(0.0235,-0.175,-0.0326));
#4833=CARTESIAN_POINT('',(0.01,-0.00750000000000012,-0.033));
#4834=CARTESIAN_POINT('',(0.01,-0.00750000000000012,-0.033));
#4835=CARTESIAN_POINT('',(0.0255,-0.00750000000000012,-0.033));
#4836=CARTESIAN_POINT('',(0.01,-0.00750000000000012,-0.0326));
#4837=CARTESIAN_POINT('',(0.0255,-0.00750000000000012,-0.0326));
#4838=CARTESIAN_POINT('',(0.0255,-0.00750000000000012,-0.033));
#4839=CARTESIAN_POINT('',(0.01,-0.00750000000000012,-0.033));
#4840=CARTESIAN_POINT('',(0.01,-0.00750000000000012,-0.033));
#4841=CARTESIAN_POINT('',(0.01,-0.00750000000000012,-0.0326));
#4842=CARTESIAN_POINT('',(0.0275,-0.175,-0.033));
#4843=CARTESIAN_POINT('',(0.0275,-0.175,-0.0322));
#4844=CARTESIAN_POINT('',(0.0275,-0.175,-0.0326));
#4845=CARTESIAN_POINT('',(0.0235,-0.175,-0.033));
#4846=CARTESIAN_POINT('',(0.0235,-0.175,-0.0322));
#4847=CARTESIAN_POINT('',(0.0235,-0.175,-0.0326));
#4848=CARTESIAN_POINT('',(0.01,-0.175,-0.0322));
#4849=CARTESIAN_POINT('',(0.01,-0.00350000000000011,-0.0322));
#4850=CARTESIAN_POINT('',(0.01,-0.00750000000000012,-0.0322));
#4851=CARTESIAN_POINT('',(0.01,-0.175,-0.0322));
#4852=CARTESIAN_POINT('',(0.01,-0.00350000000000011,-0.0322));
#4853=CARTESIAN_POINT('',(0.01,-0.00750000000000012,-0.0322));
#4854=CARTESIAN_POINT('',(0.01,-0.175,-0.033));
#4855=CARTESIAN_POINT('',(0.0255,-0.00550000000000012,-0.033));
#4856=CARTESIAN_POINT('',(0.01,-0.175,-0.033));
#4857=CARTESIAN_POINT('',(0.0255,-0.00550000000000012,-0.033));
#4858=CARTESIAN_POINT('',(0.01,-0.175,-0.0326));
#4859=CARTESIAN_POINT('',(0.01,-0.175,-0.033));
#4860=CARTESIAN_POINT('',(0.0255,-0.00550000000000012,-0.033));
#4861=CARTESIAN_POINT('',(0.01,-0.175,-0.0326));
#4862=CARTESIAN_POINT('',(0.01,-0.175,-0.0322));
#4863=CARTESIAN_POINT('',(0.01,-0.175,-0.033));
#4864=CARTESIAN_POINT('',(0.0255,-0.00550000000000012,-0.033));
#4865=CARTESIAN_POINT('',(0.01,-0.175,-0.0322));
#4866=CARTESIAN_POINT('',(0.01,-0.175,-0.0322));
#4867=CARTESIAN_POINT('',(0.0235,-0.175,-0.033));
#4868=CARTESIAN_POINT('',(0.0235,-0.175,-0.033));
#4869=CARTESIAN_POINT('',(0.0235,-0.0365,-0.033));
#4870=CARTESIAN_POINT('',(0.0235,-0.0345,-0.033));
#4871=CARTESIAN_POINT('',(0.0235,-0.0345,-0.033));
#4872=CARTESIAN_POINT('',(0.0235,-0.0345,-0.0326));
#4873=CARTESIAN_POINT('',(0.0235,-0.0345,-0.033));
#4874=CARTESIAN_POINT('',(0.0235,-0.0345,-0.0322));
#4875=CARTESIAN_POINT('',(0.0235,-0.175,-0.0322));
#4876=CARTESIAN_POINT('',(0.0235,-0.0365,-0.0322));
#4877=CARTESIAN_POINT('',(0.0235,-0.0365,-0.033));
#4878=CARTESIAN_POINT('',(0.0235,-0.175,-0.033));
#4879=CARTESIAN_POINT('',(0.0235,-0.175,-0.033));
#4880=CARTESIAN_POINT('',(0.0235,-0.0385,-0.033));
#4881=CARTESIAN_POINT('',(0.0235,-0.175,-0.0322));
#4882=CARTESIAN_POINT('',(0.0235,-0.0385,-0.0322));
#4883=CARTESIAN_POINT('',(0.0235,-0.0385,-0.033));
#4884=CARTESIAN_POINT('',(0.0235,-0.0385,-0.0326));
#4885=CARTESIAN_POINT('',(0.0235,-0.0385,-0.033));
#4886=CARTESIAN_POINT('',(0.0275,-0.175,-0.033));
#4887=CARTESIAN_POINT('',(0.0275,-0.175,-0.033));
#4888=CARTESIAN_POINT('',(0.0275,-0.0345,-0.033));
#4889=CARTESIAN_POINT('',(0.0275,-0.0365,-0.033));
#4890=CARTESIAN_POINT('',(0.0275,-0.0365,-0.033));
#4891=CARTESIAN_POINT('',(0.0275,-0.0365,-0.0322));
#4892=CARTESIAN_POINT('',(0.0275,-0.175,-0.0322));
#4893=CARTESIAN_POINT('',(0.0275,-0.0345,-0.0322));
#4894=CARTESIAN_POINT('',(0.0275,-0.0345,-0.033));
#4895=CARTESIAN_POINT('',(0.0275,-0.0345,-0.0326));
#4896=CARTESIAN_POINT('',(0.0275,-0.0345,-0.033));
#4897=CARTESIAN_POINT('',(0.0275,-0.175,-0.033));
#4898=CARTESIAN_POINT('',(0.0275,-0.175,-0.033));
#4899=CARTESIAN_POINT('',(0.0275,-0.0385,-0.033));
#4900=CARTESIAN_POINT('',(0.0275,-0.0385,-0.033));
#4901=CARTESIAN_POINT('',(0.0275,-0.0385,-0.0326));
#4902=CARTESIAN_POINT('',(0.0275,-0.0385,-0.033));
#4903=CARTESIAN_POINT('',(0.0275,-0.0385,-0.0322));
#4904=CARTESIAN_POINT('',(0.0275,-0.175,-0.0322));
#4905=CARTESIAN_POINT('',(0.0275,-0.175,-0.033));
#4906=CARTESIAN_POINT('',(0.0275,-0.175,-0.0322));
#4907=CARTESIAN_POINT('',(0.0275,-0.0336277186767311,-0.0322));
#4908=CARTESIAN_POINT('',(0.0275,-0.0336277186767311,-0.005));
#4909=CARTESIAN_POINT('',(0.0275,-0.0336277186767311,-0.0326));
#4910=CARTESIAN_POINT('',(0.0275,-0.175,-0.0326));
#4911=CARTESIAN_POINT('',(0.01,-0.0345,-0.033));
#4912=CARTESIAN_POINT('',(0.01,-0.0345,-0.033));
#4913=CARTESIAN_POINT('',(0.0255,-0.0345,-0.033));
#4914=CARTESIAN_POINT('',(0.01,-0.0345,-0.0326));
#4915=CARTESIAN_POINT('',(0.0255,-0.0345,-0.0326));
#4916=CARTESIAN_POINT('',(0.0255,-0.0345,-0.033));
#4917=CARTESIAN_POINT('',(0.01,-0.0345,-0.033));
#4918=CARTESIAN_POINT('',(0.01,-0.0345,-0.033));
#4919=CARTESIAN_POINT('',(0.01,-0.0345,-0.0326));
#4920=CARTESIAN_POINT('',(0.0235,-0.175,-0.033));
#4921=CARTESIAN_POINT('',(0.0235,-0.175,-0.0322));
#4922=CARTESIAN_POINT('',(0.0235,-0.0336277186767311,-0.0322));
#4923=CARTESIAN_POINT('',(0.0235,-0.175,-0.0326));
#4924=CARTESIAN_POINT('',(0.0235,-0.0336277186767311,-0.0326));
#4925=CARTESIAN_POINT('',(0.0235,-0.0336277186767311,-0.005));
#4926=CARTESIAN_POINT('',(0.01,-0.0385,-0.033));
#4927=CARTESIAN_POINT('',(0.01,-0.0385,-0.033));
#4928=CARTESIAN_POINT('',(0.0255,-0.0385,-0.033));
#4929=CARTESIAN_POINT('',(0.01,-0.0385,-0.0326));
#4930=CARTESIAN_POINT('',(0.0255,-0.0385,-0.0326));
#4931=CARTESIAN_POINT('',(0.0255,-0.0385,-0.033));
#4932=CARTESIAN_POINT('',(0.01,-0.0385,-0.033));
#4933=CARTESIAN_POINT('',(0.01,-0.0385,-0.033));
#4934=CARTESIAN_POINT('',(0.01,-0.0385,-0.0326));
#4935=CARTESIAN_POINT('',(0.0275,-0.175,-0.033));
#4936=CARTESIAN_POINT('',(0.0275,-0.175,-0.0322));
#4937=CARTESIAN_POINT('',(0.0275,-0.0393722813232691,-0.0322));
#4938=CARTESIAN_POINT('',(0.0275,-0.175,-0.0326));
#4939=CARTESIAN_POINT('',(0.0275,-0.0393722813232691,-0.0326));
#4940=CARTESIAN_POINT('',(0.0275,-0.0393722813232691,-0.005));
#4941=CARTESIAN_POINT('',(0.0235,-0.175,-0.033));
#4942=CARTESIAN_POINT('',(0.0235,-0.175,-0.0322));
#4943=CARTESIAN_POINT('',(0.0235,-0.0393722813232691,-0.0322));
#4944=CARTESIAN_POINT('',(0.0235,-0.0393722813232691,-0.005));
#4945=CARTESIAN_POINT('',(0.0235,-0.0393722813232691,-0.0326));
#4946=CARTESIAN_POINT('',(0.0235,-0.175,-0.0326));
#4947=CARTESIAN_POINT('',(0.01,-0.175,-0.0322));
#4948=CARTESIAN_POINT('',(0.01,-0.0345,-0.0322));
#4949=CARTESIAN_POINT('',(0.022627718676731,-0.0345,-0.0322));
#4950=CARTESIAN_POINT('',(0.0255,-0.0365,-0.0322));
#4951=CARTESIAN_POINT('',(0.022627718676731,-0.0385,-0.0322));
#4952=CARTESIAN_POINT('',(0.01,-0.0385,-0.0322));
#4953=CARTESIAN_POINT('',(0.01,-0.175,-0.0322));
#4954=CARTESIAN_POINT('',(0.01,-0.0345,-0.0322));
#4955=CARTESIAN_POINT('',(0.028372281323269,-0.0345,-0.0322));
#4956=CARTESIAN_POINT('',(0.01,-0.0385,-0.0322));
#4957=CARTESIAN_POINT('',(0.028372281323269,-0.0385,-0.0322));
#4958=CARTESIAN_POINT('',(0.0255,-0.0365,-0.0322));
#4959=CARTESIAN_POINT('',(0.01,-0.175,-0.033));
#4960=CARTESIAN_POINT('',(0.0255,-0.0365,-0.033));
#4961=CARTESIAN_POINT('',(0.01,-0.175,-0.033));
#4962=CARTESIAN_POINT('',(0.0255,-0.0365,-0.033));
#4963=CARTESIAN_POINT('',(0.01,-0.175,-0.0326));
#4964=CARTESIAN_POINT('',(0.0255,-0.0365,-0.0326));
#4965=CARTESIAN_POINT('',(0.01,-0.175,-0.033));
#4966=CARTESIAN_POINT('',(0.0255,-0.0365,-0.033));
#4967=CARTESIAN_POINT('',(0.01,-0.175,-0.0326));
#4968=CARTESIAN_POINT('',(0.0255,-0.0365,-0.0326));
#4969=CARTESIAN_POINT('',(0.01,-0.175,-0.0322));
#4970=CARTESIAN_POINT('',(0.0255,-0.0365,-0.0322));
#4971=CARTESIAN_POINT('',(0.01,-0.175,-0.033));
#4972=CARTESIAN_POINT('',(0.0255,-0.0365,-0.033));
#4973=CARTESIAN_POINT('',(0.01,-0.175,-0.0322));
#4974=CARTESIAN_POINT('',(0.0255,-0.0365,-0.0322));
#4975=CARTESIAN_POINT('',(0.01,-0.175,-0.0322));
#4976=CARTESIAN_POINT('',(0.0255,-0.0365,-0.0322));
#4977=CARTESIAN_POINT('',(-0.0075,-0.175,-0.033));
#4978=CARTESIAN_POINT('',(-0.0075,-0.175,-0.033));
#4979=CARTESIAN_POINT('',(-0.0075,-0.0365,-0.033));
#4980=CARTESIAN_POINT('',(-0.0075,-0.0345,-0.033));
#4981=CARTESIAN_POINT('',(-0.0075,-0.0345,-0.033));
#4982=CARTESIAN_POINT('',(-0.0075,-0.0345,-0.0326));
#4983=CARTESIAN_POINT('',(-0.0075,-0.0345,-0.033));
#4984=CARTESIAN_POINT('',(-0.0075,-0.0345,-0.0322));
#4985=CARTESIAN_POINT('',(-0.0075,-0.175,-0.0322));
#4986=CARTESIAN_POINT('',(-0.0075,-0.0365,-0.0322));
#4987=CARTESIAN_POINT('',(-0.0075,-0.0365,-0.033));
#4988=CARTESIAN_POINT('',(-0.0075,-0.175,-0.033));
#4989=CARTESIAN_POINT('',(-0.0075,-0.175,-0.033));
#4990=CARTESIAN_POINT('',(-0.0075,-0.0385,-0.033));
#4991=CARTESIAN_POINT('',(-0.0075,-0.175,-0.0322));
#4992=CARTESIAN_POINT('',(-0.0075,-0.0385,-0.0322));
#4993=CARTESIAN_POINT('',(-0.0075,-0.0385,-0.033));
#4994=CARTESIAN_POINT('',(-0.0075,-0.0385,-0.0326));
#4995=CARTESIAN_POINT('',(-0.0075,-0.0385,-0.033));
#4996=CARTESIAN_POINT('',(-0.0035,-0.175,-0.033));
#4997=CARTESIAN_POINT('',(-0.0035,-0.175,-0.033));
#4998=CARTESIAN_POINT('',(-0.0035,-0.0345,-0.033));
#4999=CARTESIAN_POINT('',(-0.0035,-0.0365,-0.033));
#5000=CARTESIAN_POINT('',(-0.0035,-0.0365,-0.033));
#5001=CARTESIAN_POINT('',(-0.0035,-0.0365,-0.0322));
#5002=CARTESIAN_POINT('',(-0.0035,-0.175,-0.0322));
#5003=CARTESIAN_POINT('',(-0.0035,-0.0345,-0.0322));
#5004=CARTESIAN_POINT('',(-0.0035,-0.0345,-0.033));
#5005=CARTESIAN_POINT('',(-0.0035,-0.0345,-0.0326));
#5006=CARTESIAN_POINT('',(-0.0035,-0.0345,-0.033));
#5007=CARTESIAN_POINT('',(-0.0035,-0.175,-0.033));
#5008=CARTESIAN_POINT('',(-0.0035,-0.175,-0.033));
#5009=CARTESIAN_POINT('',(-0.0035,-0.0385,-0.033));
#5010=CARTESIAN_POINT('',(-0.0035,-0.0385,-0.033));
#5011=CARTESIAN_POINT('',(-0.0035,-0.0385,-0.0326));
#5012=CARTESIAN_POINT('',(-0.0035,-0.0385,-0.033));
#5013=CARTESIAN_POINT('',(-0.0035,-0.0385,-0.0322));
#5014=CARTESIAN_POINT('',(-0.0035,-0.175,-0.0322));
#5015=CARTESIAN_POINT('',(-0.0035,-0.175,-0.033));
#5016=CARTESIAN_POINT('',(-0.0035,-0.175,-0.0322));
#5017=CARTESIAN_POINT('',(-0.0035,-0.0336277186767311,-0.0322));
#5018=CARTESIAN_POINT('',(-0.0035,-0.0336277186767311,-0.005));
#5019=CARTESIAN_POINT('',(-0.0035,-0.0336277186767311,-0.0326));
#5020=CARTESIAN_POINT('',(-0.0035,-0.175,-0.0326));
#5021=CARTESIAN_POINT('',(0.01,-0.0345,-0.033));
#5022=CARTESIAN_POINT('',(0.01,-0.0345,-0.033));
#5023=CARTESIAN_POINT('',(-0.0055,-0.0345,-0.033));
#5024=CARTESIAN_POINT('',(0.01,-0.0345,-0.0326));
#5025=CARTESIAN_POINT('',(-0.0055,-0.0345,-0.0326));
#5026=CARTESIAN_POINT('',(-0.0055,-0.0345,-0.033));
#5027=CARTESIAN_POINT('',(0.01,-0.0345,-0.033));
#5028=CARTESIAN_POINT('',(0.01,-0.0345,-0.033));
#5029=CARTESIAN_POINT('',(0.01,-0.0345,-0.0326));
#5030=CARTESIAN_POINT('',(-0.0075,-0.175,-0.033));
#5031=CARTESIAN_POINT('',(-0.0075,-0.175,-0.0322));
#5032=CARTESIAN_POINT('',(-0.0075,-0.0336277186767311,-0.0322));
#5033=CARTESIAN_POINT('',(-0.0075,-0.175,-0.0326));
#5034=CARTESIAN_POINT('',(-0.0075,-0.0336277186767311,-0.0326));
#5035=CARTESIAN_POINT('',(-0.0075,-0.0336277186767311,-0.005));
#5036=CARTESIAN_POINT('',(0.01,-0.0385,-0.033));
#5037=CARTESIAN_POINT('',(0.01,-0.0385,-0.033));
#5038=CARTESIAN_POINT('',(-0.0055,-0.0385,-0.033));
#5039=CARTESIAN_POINT('',(0.01,-0.0385,-0.0326));
#5040=CARTESIAN_POINT('',(-0.0055,-0.0385,-0.0326));
#5041=CARTESIAN_POINT('',(-0.0055,-0.0385,-0.033));
#5042=CARTESIAN_POINT('',(0.01,-0.0385,-0.033));
#5043=CARTESIAN_POINT('',(0.01,-0.0385,-0.033));
#5044=CARTESIAN_POINT('',(0.01,-0.0385,-0.0326));
#5045=CARTESIAN_POINT('',(-0.0035,-0.175,-0.033));
#5046=CARTESIAN_POINT('',(-0.0035,-0.175,-0.0322));
#5047=CARTESIAN_POINT('',(-0.0035,-0.0393722813232691,-0.0322));
#5048=CARTESIAN_POINT('',(-0.0035,-0.175,-0.0326));
#5049=CARTESIAN_POINT('',(-0.0035,-0.0393722813232691,-0.0326));
#5050=CARTESIAN_POINT('',(-0.0035,-0.0393722813232691,-0.005));
#5051=CARTESIAN_POINT('',(-0.0075,-0.175,-0.033));
#5052=CARTESIAN_POINT('',(-0.0075,-0.175,-0.0322));
#5053=CARTESIAN_POINT('',(-0.0075,-0.0393722813232691,-0.0322));
#5054=CARTESIAN_POINT('',(-0.0075,-0.0393722813232691,-0.005));
#5055=CARTESIAN_POINT('',(-0.0075,-0.0393722813232691,-0.0326));
#5056=CARTESIAN_POINT('',(-0.0075,-0.175,-0.0326));
#5057=CARTESIAN_POINT('',(0.01,-0.175,-0.0322));
#5058=CARTESIAN_POINT('',(0.01,-0.0345,-0.0322));
#5059=CARTESIAN_POINT('',(-0.008372281323269,-0.0345,-0.0322));
#5060=CARTESIAN_POINT('',(-0.0055,-0.0365,-0.0322));
#5061=CARTESIAN_POINT('',(-0.008372281323269,-0.0385,-0.0322));
#5062=CARTESIAN_POINT('',(0.01,-0.0385,-0.0322));
#5063=CARTESIAN_POINT('',(0.01,-0.175,-0.0322));
#5064=CARTESIAN_POINT('',(0.01,-0.0345,-0.0322));
#5065=CARTESIAN_POINT('',(-0.00262771867673097,-0.0345,-0.0322));
#5066=CARTESIAN_POINT('',(0.01,-0.0385,-0.0322));
#5067=CARTESIAN_POINT('',(-0.00262771867673097,-0.0385,-0.0322));
#5068=CARTESIAN_POINT('',(-0.0055,-0.0365,-0.0322));
#5069=CARTESIAN_POINT('',(0.01,-0.175,-0.033));
#5070=CARTESIAN_POINT('',(-0.0055,-0.0365,-0.033));
#5071=CARTESIAN_POINT('',(0.01,-0.175,-0.033));
#5072=CARTESIAN_POINT('',(-0.0055,-0.0365,-0.033));
#5073=CARTESIAN_POINT('',(0.01,-0.175,-0.0326));
#5074=CARTESIAN_POINT('',(-0.0055,-0.0365,-0.0326));
#5075=CARTESIAN_POINT('',(0.01,-0.175,-0.033));
#5076=CARTESIAN_POINT('',(-0.0055,-0.0365,-0.033));
#5077=CARTESIAN_POINT('',(0.01,-0.175,-0.0326));
#5078=CARTESIAN_POINT('',(-0.0055,-0.0365,-0.0326));
#5079=CARTESIAN_POINT('',(0.01,-0.175,-0.0322));
#5080=CARTESIAN_POINT('',(-0.0055,-0.0365,-0.0322));
#5081=CARTESIAN_POINT('',(0.01,-0.175,-0.033));
#5082=CARTESIAN_POINT('',(-0.0055,-0.0365,-0.033));
#5083=CARTESIAN_POINT('',(0.01,-0.175,-0.0322));
#5084=CARTESIAN_POINT('',(-0.0055,-0.0365,-0.0322));
#5085=CARTESIAN_POINT('',(0.01,-0.175,-0.0322));
#5086=CARTESIAN_POINT('',(-0.0055,-0.0365,-0.0322));
#5087=CARTESIAN_POINT('',(-0.0075,-0.175,-0.033));
#5088=CARTESIAN_POINT('',(-0.0075,-0.175,-0.033));
#5089=CARTESIAN_POINT('',(-0.0075,-0.00550000000000012,-0.033));
#5090=CARTESIAN_POINT('',(-0.0075,-0.00350000000000011,-0.033));
#5091=CARTESIAN_POINT('',(-0.0075,-0.00350000000000011,-0.033));
#5092=CARTESIAN_POINT('',(-0.0075,-0.00350000000000011,-0.0326));
#5093=CARTESIAN_POINT('',(-0.0075,-0.00350000000000011,-0.033));
#5094=CARTESIAN_POINT('',(-0.0075,-0.00350000000000011,-0.0322));
#5095=CARTESIAN_POINT('',(-0.0075,-0.175,-0.0322));
#5096=CARTESIAN_POINT('',(-0.0075,-0.00550000000000012,-0.0322));
#5097=CARTESIAN_POINT('',(-0.0075,-0.00550000000000012,-0.033));
#5098=CARTESIAN_POINT('',(-0.0075,-0.175,-0.033));
#5099=CARTESIAN_POINT('',(-0.0075,-0.175,-0.033));
#5100=CARTESIAN_POINT('',(-0.0075,-0.00750000000000012,-0.033));
#5101=CARTESIAN_POINT('',(-0.0075,-0.175,-0.0322));
#5102=CARTESIAN_POINT('',(-0.0075,-0.00750000000000012,-0.0322));
#5103=CARTESIAN_POINT('',(-0.0075,-0.00750000000000012,-0.033));
#5104=CARTESIAN_POINT('',(-0.0075,-0.00750000000000012,-0.0326));
#5105=CARTESIAN_POINT('',(-0.0075,-0.00750000000000012,-0.033));
#5106=CARTESIAN_POINT('',(-0.0035,-0.175,-0.033));
#5107=CARTESIAN_POINT('',(-0.0035,-0.175,-0.033));
#5108=CARTESIAN_POINT('',(-0.0035,-0.00350000000000011,-0.033));
#5109=CARTESIAN_POINT('',(-0.0035,-0.00550000000000012,-0.033));
#5110=CARTESIAN_POINT('',(-0.0035,-0.00550000000000012,-0.033));
#5111=CARTESIAN_POINT('',(-0.0035,-0.00550000000000012,-0.0322));
#5112=CARTESIAN_POINT('',(-0.0035,-0.175,-0.0322));
#5113=CARTESIAN_POINT('',(-0.0035,-0.00350000000000011,-0.0322));
#5114=CARTESIAN_POINT('',(-0.0035,-0.00350000000000011,-0.033));
#5115=CARTESIAN_POINT('',(-0.0035,-0.00350000000000011,-0.0326));
#5116=CARTESIAN_POINT('',(-0.0035,-0.00350000000000011,-0.033));
#5117=CARTESIAN_POINT('',(-0.0035,-0.175,-0.033));
#5118=CARTESIAN_POINT('',(-0.0035,-0.175,-0.033));
#5119=CARTESIAN_POINT('',(-0.0035,-0.00750000000000012,-0.033));
#5120=CARTESIAN_POINT('',(-0.0035,-0.00750000000000012,-0.033));
#5121=CARTESIAN_POINT('',(-0.0035,-0.00750000000000012,-0.0326));
#5122=CARTESIAN_POINT('',(-0.0035,-0.00750000000000012,-0.033));
#5123=CARTESIAN_POINT('',(-0.0035,-0.00750000000000012,-0.0322));
#5124=CARTESIAN_POINT('',(-0.0035,-0.175,-0.0322));
#5125=CARTESIAN_POINT('',(-0.0035,-0.175,-0.033));
#5126=CARTESIAN_POINT('',(-0.0035,-0.175,-0.0322));
#5127=CARTESIAN_POINT('',(-0.0035,-0.00262771867673111,-0.0322));
#5128=CARTESIAN_POINT('',(-0.0035,-0.00262771867673111,-0.005));
#5129=CARTESIAN_POINT('',(-0.0035,-0.00262771867673111,-0.0326));
#5130=CARTESIAN_POINT('',(-0.0035,-0.175,-0.0326));
#5131=CARTESIAN_POINT('',(0.01,-0.00350000000000011,-0.033));
#5132=CARTESIAN_POINT('',(0.01,-0.00350000000000011,-0.033));
#5133=CARTESIAN_POINT('',(-0.0055,-0.00350000000000011,-0.033));
#5134=CARTESIAN_POINT('',(0.01,-0.00350000000000011,-0.0326));
#5135=CARTESIAN_POINT('',(-0.0055,-0.00350000000000011,-0.0326));
#5136=CARTESIAN_POINT('',(-0.0055,-0.00350000000000011,-0.033));
#5137=CARTESIAN_POINT('',(0.01,-0.00350000000000011,-0.033));
#5138=CARTESIAN_POINT('',(0.01,-0.00350000000000011,-0.033));
#5139=CARTESIAN_POINT('',(0.01,-0.00350000000000011,-0.0326));
#5140=CARTESIAN_POINT('',(-0.0075,-0.175,-0.033));
#5141=CARTESIAN_POINT('',(-0.0075,-0.175,-0.0322));
#5142=CARTESIAN_POINT('',(-0.0075,-0.00262771867673111,-0.0322));
#5143=CARTESIAN_POINT('',(-0.0075,-0.175,-0.0326));
#5144=CARTESIAN_POINT('',(-0.0075,-0.00262771867673111,-0.0326));
#5145=CARTESIAN_POINT('',(-0.0075,-0.00262771867673111,-0.005));
#5146=CARTESIAN_POINT('',(0.01,-0.00750000000000012,-0.033));
#5147=CARTESIAN_POINT('',(0.01,-0.00750000000000012,-0.033));
#5148=CARTESIAN_POINT('',(-0.0055,-0.00750000000000012,-0.033));
#5149=CARTESIAN_POINT('',(0.01,-0.00750000000000012,-0.0326));
#5150=CARTESIAN_POINT('',(-0.0055,-0.00750000000000012,-0.0326));
#5151=CARTESIAN_POINT('',(-0.0055,-0.00750000000000012,-0.033));
#5152=CARTESIAN_POINT('',(0.01,-0.00750000000000012,-0.033));
#5153=CARTESIAN_POINT('',(0.01,-0.00750000000000012,-0.033));
#5154=CARTESIAN_POINT('',(0.01,-0.00750000000000012,-0.0326));
#5155=CARTESIAN_POINT('',(-0.0035,-0.175,-0.033));
#5156=CARTESIAN_POINT('',(-0.0035,-0.175,-0.0322));
#5157=CARTESIAN_POINT('',(-0.0035,-0.00837228132326914,-0.0322));
#5158=CARTESIAN_POINT('',(-0.0035,-0.175,-0.0326));
#5159=CARTESIAN_POINT('',(-0.0035,-0.00837228132326914,-0.0326));
#5160=CARTESIAN_POINT('',(-0.0035,-0.00837228132326914,-0.005));
#5161=CARTESIAN_POINT('',(-0.0075,-0.175,-0.033));
#5162=CARTESIAN_POINT('',(-0.0075,-0.175,-0.0322));
#5163=CARTESIAN_POINT('',(-0.0075,-0.00837228132326914,-0.0322));
#5164=CARTESIAN_POINT('',(-0.0075,-0.00837228132326914,-0.005));
#5165=CARTESIAN_POINT('',(-0.0075,-0.00837228132326914,-0.0326));
#5166=CARTESIAN_POINT('',(-0.0075,-0.175,-0.0326));
#5167=CARTESIAN_POINT('',(0.01,-0.175,-0.0322));
#5168=CARTESIAN_POINT('',(0.01,-0.00350000000000011,-0.0322));
#5169=CARTESIAN_POINT('',(-0.008372281323269,-0.00350000000000011,-0.0322));
#5170=CARTESIAN_POINT('',(-0.0055,-0.00550000000000012,-0.0322));
#5171=CARTESIAN_POINT('',(-0.008372281323269,-0.00750000000000012,-0.0322));
#5172=CARTESIAN_POINT('',(0.01,-0.00750000000000012,-0.0322));
#5173=CARTESIAN_POINT('',(0.01,-0.175,-0.0322));
#5174=CARTESIAN_POINT('',(0.01,-0.00350000000000011,-0.0322));
#5175=CARTESIAN_POINT('',(-0.00262771867673098,-0.00350000000000011,-0.0322));
#5176=CARTESIAN_POINT('',(0.01,-0.00750000000000012,-0.0322));
#5177=CARTESIAN_POINT('',(-0.00262771867673097,-0.00750000000000012,-0.0322));
#5178=CARTESIAN_POINT('',(-0.0055,-0.00550000000000012,-0.0322));
#5179=CARTESIAN_POINT('',(0.01,-0.175,-0.033));
#5180=CARTESIAN_POINT('',(-0.0055,-0.00550000000000012,-0.033));
#5181=CARTESIAN_POINT('',(0.01,-0.175,-0.033));
#5182=CARTESIAN_POINT('',(-0.0055,-0.00550000000000012,-0.033));
#5183=CARTESIAN_POINT('',(0.01,-0.175,-0.0326));
#5184=CARTESIAN_POINT('',(-0.0055,-0.00550000000000012,-0.0326));
#5185=CARTESIAN_POINT('',(0.01,-0.175,-0.033));
#5186=CARTESIAN_POINT('',(-0.0055,-0.00550000000000012,-0.033));
#5187=CARTESIAN_POINT('',(0.01,-0.175,-0.0326));
#5188=CARTESIAN_POINT('',(-0.0055,-0.00550000000000012,-0.0326));
#5189=CARTESIAN_POINT('',(0.01,-0.175,-0.0322));
#5190=CARTESIAN_POINT('',(-0.0055,-0.00550000000000012,-0.0322));
#5191=CARTESIAN_POINT('',(0.01,-0.175,-0.033));
#5192=CARTESIAN_POINT('',(-0.0055,-0.00550000000000012,-0.033));
#5193=CARTESIAN_POINT('',(0.01,-0.175,-0.0322));
#5194=CARTESIAN_POINT('',(-0.0055,-0.00550000000000012,-0.0322));
#5195=CARTESIAN_POINT('',(0.01,-0.175,-0.0322));
#5196=CARTESIAN_POINT('',(-0.0055,-0.00550000000000012,-0.0322));
#5197=CARTESIAN_POINT('',(0.0255,-0.00550000000000012,-0.005));
#5198=CARTESIAN_POINT('',(0.0255,-0.00550000000000012,6.93889390390723E-18));
#5199=CARTESIAN_POINT('',(0.022,-0.00550000000000012,6.93889390390723E-18));
#5200=CARTESIAN_POINT('',(-0.0055,-0.00550000000000012,-0.005));
#5201=CARTESIAN_POINT('',(-0.0055,-0.00550000000000012,6.93889390390723E-18));
#5202=CARTESIAN_POINT('',(-0.009,-0.00550000000000012,6.93889390390723E-18));
#5203=CARTESIAN_POINT('',(-0.0055,-0.00550000000000012,-0.0322));
#5204=CARTESIAN_POINT('',(-0.0055,-0.0365,-0.005));
#5205=CARTESIAN_POINT('',(-0.0055,-0.0365,6.93889390390723E-18));
#5206=CARTESIAN_POINT('',(-0.009,-0.0365,6.93889390390723E-18));
#5207=CARTESIAN_POINT('',(-0.0055,-0.0365,-0.0322));
#5208=CARTESIAN_POINT('',(0.0255,-0.0365,-0.005));
#5209=CARTESIAN_POINT('',(0.0255,-0.0365,6.93889390390723E-18));
#5210=CARTESIAN_POINT('',(0.022,-0.0365,6.93889390390723E-18));
#5211=CARTESIAN_POINT('',(0.0255,-0.0365,-0.0322));
#5212=CARTESIAN_POINT('',(-0.011,-0.021,-0.005));
#5213=CARTESIAN_POINT('',(-0.011,-0.0365,-0.035));
#5214=CARTESIAN_POINT('',(-0.011,-0.031,-0.035));
#5215=CARTESIAN_POINT('',(-0.011,-0.039,-0.035));
#5216=CARTESIAN_POINT('',(-0.011,-0.039,-0.005));
#5217=CARTESIAN_POINT('',(-0.011,-0.039,6.93889390390723E-18));
#5218=CARTESIAN_POINT('',(-0.011,-0.021,6.93889390390723E-18));
#5219=CARTESIAN_POINT('',(-0.011,-0.00300000000000006,6.93889390390723E-18));
#5220=CARTESIAN_POINT('',(-0.011,-0.00300000000000006,-0.005));
#5221=CARTESIAN_POINT('',(-0.011,-0.00300000000000006,-0.035));
#5222=CARTESIAN_POINT('',(-0.011,-0.0055,-0.035));
#5223=CARTESIAN_POINT('',(-0.011,-0.011,-0.035));
#5224=CARTESIAN_POINT('',(-0.011,-0.011,-0.035));
#5225=CARTESIAN_POINT('',(-0.011,-0.011,-0.005));
#5226=CARTESIAN_POINT('',(-0.011,-0.021,-0.005));
#5227=CARTESIAN_POINT('',(-0.011,-0.031,-0.005));
#5228=CARTESIAN_POINT('',(-0.011,-0.031,-0.035));
#5229=CARTESIAN_POINT('',(0.01,-5.55111512312578E-17,-0.005));
#5230=CARTESIAN_POINT('',(0.01,-5.55111512312578E-17,-0.035));
#5231=CARTESIAN_POINT('',(-0.008,-5.55111512312578E-17,-0.035));
#5232=CARTESIAN_POINT('',(1.25000013811993E-10,-1.25000058914804E-10,-0.035));
#5233=CARTESIAN_POINT('',(-0.008,-5.55111512312578E-17,-0.005));
#5234=CARTESIAN_POINT('',(-0.008,-5.55111512312578E-17,6.93889390390723E-18));
#5235=CARTESIAN_POINT('',(0.01,-5.55111512312578E-17,6.93889390390723E-18));
#5236=CARTESIAN_POINT('',(0.03825,-5.55111512312578E-17,6.93889390390723E-18));
#5237=CARTESIAN_POINT('',(0.031,-5.55111512312578E-17,0.00725));
#5238=CARTESIAN_POINT('',(0.04525,-5.55111512312578E-17,-0.007));
#5239=CARTESIAN_POINT('',(0.031,-5.55111512312578E-17,-0.007));
#5240=CARTESIAN_POINT('',(0.02,-5.36938218754726E-17,-0.007));
#5241=CARTESIAN_POINT('',(0.02,-5.36938218754726E-17,-0.005));
#5242=CARTESIAN_POINT('',(0.02,-5.36938218754726E-17,-0.033));
#5243=CARTESIAN_POINT('',(0.01,-5.55111512312578E-17,-0.033));
#5244=CARTESIAN_POINT('',(0.01,-5.55111512312578E-17,-0.035));
#5245=CARTESIAN_POINT('',(0.00541999987500001,-1.25000031159228E-10,-0.035));
#5246=CARTESIAN_POINT('',(0.005419999875,-5.55111512312578E-17,-0.035));
#5247=CARTESIAN_POINT('',(0.00361333329166667,-5.55111512312578E-17,-0.035));
#5248=CARTESIAN_POINT('',(0.00180666670833333,-5.55111512312578E-17,-0.035));
#5249=CARTESIAN_POINT('',(1.24999999934206E-10,-5.55111512312578E-17,-0.035));
#5250=CARTESIAN_POINT('',(0.0115,-5.55111512312578E-17,-0.0298480762113533));
#5251=CARTESIAN_POINT('',(0.01,-5.55111512312578E-17,-0.0307141016151378));
#5252=CARTESIAN_POINT('',(0.0085,-5.55111512312578E-17,-0.0298480762113533));
#5253=CARTESIAN_POINT('',(0.0115,-5.55111512312578E-17,-0.0153480762113533));
#5254=CARTESIAN_POINT('',(0.01,-5.55111512312578E-17,-0.0162141016151378));
#5255=CARTESIAN_POINT('',(0.0085,-5.55111512312578E-17,-0.0153480762113533));
#5256=CARTESIAN_POINT('',(0.01,-0.175,-0.005));
#5257=CARTESIAN_POINT('',(0.01,-0.031,-0.005));
#5258=CARTESIAN_POINT('',(-0.00118033988749895,-0.031,-0.005));
#5259=CARTESIAN_POINT('',(0.01,-0.011,-0.005));
#5260=CARTESIAN_POINT('',(-0.00118033988749893,-0.011,-0.005));
#5261=CARTESIAN_POINT('',(0.01,-0.021,-0.005));
#5262=CARTESIAN_POINT('',(0.0025,-0.00800961894323342,-0.005));
#5263=CARTESIAN_POINT('',(0.0025,-0.175,-0.005));
#5264=CARTESIAN_POINT('',(0.0025,-0.004,-0.005));
#5265=CARTESIAN_POINT('',(0.01,-0.004,-0.005));
#5266=CARTESIAN_POINT('',(0.0175,-0.004,-0.005));
#5267=CARTESIAN_POINT('',(0.0175,-0.175,-0.005));
#5268=CARTESIAN_POINT('',(0.0175,-0.00800961894323342,-0.005));
#5269=CARTESIAN_POINT('',(0.01,-0.021,-0.005));
#5270=CARTESIAN_POINT('',(0.02,-0.032180339887499,-0.005));
#5271=CARTESIAN_POINT('',(0.02,-0.175,-0.005));
#5272=CARTESIAN_POINT('',(1.38777878078145E-17,-0.175,-0.005));
#5273=CARTESIAN_POINT('',(1.38777878078145E-17,-0.032180339887499,-0.005));
#5274=CARTESIAN_POINT('',(0.00999999999999978,-0.021,-0.005));
#5275=CARTESIAN_POINT('',(0.01,-0.175,6.93889390390723E-18));
#5276=CARTESIAN_POINT('',(0.028,-0.042,6.93889390390723E-18));
#5277=CARTESIAN_POINT('',(0.051,-0.01675,6.93889390390723E-18));
#5278=CARTESIAN_POINT('',(0.03825,-0.01675,6.93889390390723E-18));
#5279=CARTESIAN_POINT('',(0.03825,-0.175,6.93889390390723E-18));
#5280=CARTESIAN_POINT('',(-0.008,-5.55111512312578E-17,6.93889390390723E-18));
#5281=CARTESIAN_POINT('',(-0.011,-0.039,6.93889390390723E-18));
#5282=CARTESIAN_POINT('',(0.02,-0.0370901699437495,-0.035));
#5283=CARTESIAN_POINT('',(0.02,-0.0370901699437495,-0.035));
#5284=CARTESIAN_POINT('',(0.02,-0.032180339887499,-0.035));
#5285=CARTESIAN_POINT('',(0.02,-0.0370901699437495,-0.02925));
#5286=CARTESIAN_POINT('',(0.02,-0.04425,-0.02925));
#5287=CARTESIAN_POINT('',(0.02,-0.0435450849718748,-0.0285450849718747));
#5288=CARTESIAN_POINT('',(0.02,-0.032180339887499,-0.035));
#5289=CARTESIAN_POINT('',(0.01,-0.021,-0.035));
#5290=CARTESIAN_POINT('',(0.0175,-0.00800961894323342,-0.035));
#5291=CARTESIAN_POINT('',(0.0175,-0.00800961894323342,-0.035));
#5292=CARTESIAN_POINT('',(0.01,-0.021,-0.035));
#5293=CARTESIAN_POINT('',(0.0175,-0.00600480947161671,-0.035));
#5294=CARTESIAN_POINT('',(0.0175,-0.004,-0.035));
#5295=CARTESIAN_POINT('',(0.0175,-0.004,-0.035));
#5296=CARTESIAN_POINT('',(0.0175,-0.00600480947161671,-0.035));
#5297=CARTESIAN_POINT('',(0.01,-0.004,-0.035));
#5298=CARTESIAN_POINT('',(0.0085,-0.004,-0.0298480762113533));
#5299=CARTESIAN_POINT('',(0.01,-0.004,-0.0307141016151378));
#5300=CARTESIAN_POINT('',(0.0115,-0.004,-0.0298480762113533));
#5301=CARTESIAN_POINT('',(0.0085,-0.004,-0.0153480762113533));
#5302=CARTESIAN_POINT('',(0.01,-0.004,-0.0162141016151378));
#5303=CARTESIAN_POINT('',(0.0115,-0.004,-0.0153480762113533));
#5304=CARTESIAN_POINT('',(0.0025,-0.004,-0.035));
#5305=CARTESIAN_POINT('',(0.0025,-0.004,-0.035));
#5306=CARTESIAN_POINT('',(0.01,-0.004,-0.035));
#5307=CARTESIAN_POINT('',(0.0025,-0.00600480947161671,-0.035));
#5308=CARTESIAN_POINT('',(0.0025,-0.00800961894323342,-0.035));
#5309=CARTESIAN_POINT('',(0.0025,-0.00800961894323342,-0.035));
#5310=CARTESIAN_POINT('',(0.0025,-0.00600480947161671,-0.035));
#5311=CARTESIAN_POINT('',(0.01,-0.021,-0.035));
#5312=CARTESIAN_POINT('',(-0.00118033988749893,-0.011,-0.035));
#5313=CARTESIAN_POINT('',(-0.00118033988749893,-0.011,-0.035));
#5314=CARTESIAN_POINT('',(0.01,-0.021,-0.035));
#5315=CARTESIAN_POINT('',(-0.00609016994374946,-0.011,-0.035));
#5316=CARTESIAN_POINT('',(-0.00609016994374946,-0.011,-0.035));
#5317=CARTESIAN_POINT('',(0.01,-0.175,-0.035));
#5318=CARTESIAN_POINT('',(-0.0865,-0.0785,-0.035));
#5319=CARTESIAN_POINT('',(0.031,-0.03625,-0.035));
#5320=CARTESIAN_POINT('',(0.0255,-0.0365,-0.035));
#5321=CARTESIAN_POINT('',(0.0235,-0.0365,-0.035));
#5322=CARTESIAN_POINT('',(-0.0055,-0.00550000000000012,-0.035));
#5323=CARTESIAN_POINT('',(-0.0075,-0.00550000000000012,-0.035));
#5324=CARTESIAN_POINT('',(0.0255,-0.00550000000000012,-0.035));
#5325=CARTESIAN_POINT('',(0.0235,-0.00550000000000012,-0.035));
#5326=CARTESIAN_POINT('',(-0.00609016994374946,-0.031,-0.035));
#5327=CARTESIAN_POINT('',(-0.00118033988749895,-0.031,-0.035));
#5328=CARTESIAN_POINT('',(-0.00118033988749895,-0.031,-0.035));
#5329=CARTESIAN_POINT('',(-0.00609016994374946,-0.031,-0.035));
#5330=CARTESIAN_POINT('',(0.00999999999999978,-0.021,-0.035));
#5331=CARTESIAN_POINT('',(1.12757025938492E-17,-0.032180339887499,-0.035));
#5332=CARTESIAN_POINT('',(1.12757025938492E-17,-0.032180339887499,-0.035));
#5333=CARTESIAN_POINT('',(0.00999999999999978,-0.021,-0.035));
#5334=CARTESIAN_POINT('',(1.38777878078145E-17,-0.175,-0.035));
#5335=CARTESIAN_POINT('',(1.38777878078145E-17,-0.042,-0.035));
#5336=CARTESIAN_POINT('',(1.38777878078145E-17,-0.0387267799624997,-0.035));
#5337=CARTESIAN_POINT('',(1.38777878078145E-17,-0.0354535599249993,-0.035));
#5338=CARTESIAN_POINT('',(1.38777878078145E-17,-0.032180339887499,-0.035));
#5339=CARTESIAN_POINT('',(0.01,-0.175,-0.035));
#5340=CARTESIAN_POINT('',(0.0675,-0.1175,-0.035));
#5341=CARTESIAN_POINT('',(-0.0055,-0.0365,-0.035));
#5342=CARTESIAN_POINT('',(-0.0075,-0.0365,-0.035));
#5343=CARTESIAN_POINT('',(0.0255,-0.0365,-0.035002));
#5344=CARTESIAN_POINT('',(0.01,-0.175,-0.0322));
#5345=CARTESIAN_POINT('',(-0.0055,-0.0365,-0.035002));
#5346=CARTESIAN_POINT('',(0.01,-0.175,-0.0322));
#5347=CARTESIAN_POINT('',(-0.0055,-0.00550000000000012,-0.035002));
#5348=CARTESIAN_POINT('',(0.01,-0.175,-0.0322));
#5349=CARTESIAN_POINT('',(0.0255,-0.00550000000000012,-0.035002));
#5350=CARTESIAN_POINT('',(0.01,-0.175,-0.0322));
#5351=CARTESIAN_POINT('',(0.0085,-3.00000000005591E-6,-0.0153480762113533));
#5352=CARTESIAN_POINT('',(0.01,-3.00000000005591E-6,-0.0162141016151378));
#5353=CARTESIAN_POINT('',(0.0115,-3.00000000005591E-6,-0.0153480762113533));
#5354=CARTESIAN_POINT('',(0.0085,-3.00000000005591E-6,-0.0298480762113533));
#5355=CARTESIAN_POINT('',(0.01,-3.00000000005591E-6,-0.0307141016151378));
#5356=CARTESIAN_POINT('',(0.0115,-3.00000000005591E-6,-0.0298480762113533));
#5357=CARTESIAN_POINT('',(0.01775,-0.05,-0.04725));
#5358=CARTESIAN_POINT('',(0.031,-0.05,-0.04725));
#5359=CARTESIAN_POINT('',(0.03675,-0.05,-0.041125));
#5360=CARTESIAN_POINT('',(0.03675,-0.05,-0.0415));
#5361=CARTESIAN_POINT('',(0.03675,-0.05,-0.035));
#5362=CARTESIAN_POINT('',(0.0255,-0.05,-0.04));
#5363=CARTESIAN_POINT('',(0.023375,-0.049997,-0.0436806079660838));
#5364=CARTESIAN_POINT('',(0.0291806079660839,-0.049997,-0.037875));
#5365=CARTESIAN_POINT('',(0.0224896013553019,-0.05,-0.037));
#5366=CARTESIAN_POINT('',(0.0224896013553019,-0.049,-0.037));
#5367=CARTESIAN_POINT('',(0.0224896013553019,-0.043,-0.037));
#5368=CARTESIAN_POINT('',(0.0255,-0.043,-0.04));
#5369=CARTESIAN_POINT('',(0.0224896013553019,-0.043,-0.043));
#5370=CARTESIAN_POINT('',(0.0224896013553019,-0.05,-0.043));
#5371=CARTESIAN_POINT('',(0.0224896013553019,-0.049,-0.043));
#5372=CARTESIAN_POINT('',(0.0255,-0.049,-0.04));
#5373=CARTESIAN_POINT('',(0.0255,-0.035,-0.02));
#5374=CARTESIAN_POINT('',(0.01425,-0.05,-0.035));
#5375=CARTESIAN_POINT('',(0.02325,-0.0365,-0.0215));
#5376=CARTESIAN_POINT('',(0.0353333333333333,-0.0346666666666667,-0.0196666666666666));
#5377=CARTESIAN_POINT('',(0.03675,-0.05,-0.0415));
#5378=CARTESIAN_POINT('',(0.01425,-0.05,-0.035));
#5379=CARTESIAN_POINT('',(0.031,-0.021,-0.02925));
#5380=CARTESIAN_POINT('',(0.0259166666666667,-0.0311666666666667,-0.0241666666666667));
#5381=CARTESIAN_POINT('',(0.051,-0.01675,-0.02));
#5382=CARTESIAN_POINT('',(0.051,-0.01675,-0.0215));
#5383=CARTESIAN_POINT('',(0.051,-0.01675,-0.0215));
#5384=CARTESIAN_POINT('',(0.051,-0.01675,-0.02));
#5385=CARTESIAN_POINT('',(0.051,-0.01675,-0.01275));
#5386=CARTESIAN_POINT('',(0.031,-0.01675,0.00725));
#5387=CARTESIAN_POINT('',(0.051,-0.0055,-0.02725));
#5388=CARTESIAN_POINT('',(0.051,-0.0055,-0.02725));
#5389=CARTESIAN_POINT('',(0.051,-0.011,-0.02725));
#5390=CARTESIAN_POINT('',(0.031,-0.011,-0.02725));
#5391=CARTESIAN_POINT('',(0.051,-0.0055,-0.02));
#5392=CARTESIAN_POINT('',(0.050997,-0.007625,-0.0236806079660839));
#5393=CARTESIAN_POINT('',(0.0214995081504366,-0.00762569011994344,-0.023680360234527));
#5394=CARTESIAN_POINT('',(0.0215,-0.0055,-0.02));
#5395=CARTESIAN_POINT('',(0.0215,-0.0091797312312091,-0.0221271658045257));
#5396=CARTESIAN_POINT('',(0.050997,-0.0091806079660839,-0.022125));
#5397=CARTESIAN_POINT('',(0.0509995741561289,-0.00917976667560443,-0.0221269855829952));
#5398=CARTESIAN_POINT('',(0.051,-0.0055,-0.02));
#5399=CARTESIAN_POINT('',(0.0509985905470758,-0.00762504800253339,-0.0236806913205079));
#5400=CARTESIAN_POINT('',(0.050997,-0.007625,-0.0236806079660839));
#5401=CARTESIAN_POINT('',(0.051,-0.022125,-0.022125));
#5402=CARTESIAN_POINT('',(0.051,-0.007625,-0.0236806079660839));
#5403=CARTESIAN_POINT('',(0.051,-0.0055,-0.0249074772881118));
#5404=CARTESIAN_POINT('',(0.051,-0.0091806079660839,-0.022125));
#5405=CARTESIAN_POINT('',(0.051,-0.0104074772881118,-0.02));
#5406=CARTESIAN_POINT('',(0.051,-0.0091806079660839,-0.017875));
#5407=CARTESIAN_POINT('',(0.051,-0.003375,-0.0236806079660839));
#5408=CARTESIAN_POINT('',(0.051,-0.022125,-0.017));
#5409=CARTESIAN_POINT('',(0.051,0.000749999999999969,-0.017));
#5410=CARTESIAN_POINT('',(0.051,-0.022125,-0.023));
#5411=CARTESIAN_POINT('',(0.051,0.00074999999999997,-0.023));
#5412=CARTESIAN_POINT('',(0.051,0.000749999999999969,-0.022125));
#5413=CARTESIAN_POINT('',(0.051,-0.019125,-0.019125));
#5414=CARTESIAN_POINT('',(0.051,-0.0055,-0.01275));
#5415=CARTESIAN_POINT('',(0.0215,-0.00600480947161671,-0.035));
#5416=CARTESIAN_POINT('',(0.0215,-0.0158020008623713,-0.0293435889132455));
#5417=CARTESIAN_POINT('',(0.0215,-0.0104074772881118,-0.02));
#5418=CARTESIAN_POINT('',(0.0215,-0.00918060796608389,-0.022125));
#5419=CARTESIAN_POINT('',(0.0215,-0.00150841657532925,-0.0272120190528383));
#5420=CARTESIAN_POINT('',(0.0215,-0.0055,-0.0249074772881118));
#5421=CARTESIAN_POINT('',(0.0215,-0.0102487976320958,-0.0276491968793294));
#5422=CARTESIAN_POINT('',(0.031,-0.021,0.00725));
#5423=CARTESIAN_POINT('',(0.02875,-0.0165,0.0095));
#5424=CARTESIAN_POINT('',(0.051,0.00575,-0.01275));
#5425=CARTESIAN_POINT('',(0.02,-0.0035,-0.0035));
#5426=CARTESIAN_POINT('',(0.051,-0.011,-0.02725));
#5427=CARTESIAN_POINT('',(0.02,-0.022125,-0.022125));
#5428=CARTESIAN_POINT('',(0.02,-0.005625,-0.038625));
#5429=CARTESIAN_POINT('',(0.01,-5.55111512312578E-17,-0.033));
#5430=CARTESIAN_POINT('',(0.031,-0.03625,-0.005));
#5431=CARTESIAN_POINT('',(0.028,-0.042,-0.005));
#5432=CARTESIAN_POINT('',(-0.011,-0.039,-0.005));
#5433=CARTESIAN_POINT('',(-0.008,-5.55111512312578E-17,-0.005));
#5434=CARTESIAN_POINT('',(0.041,-0.009752,-0.023));
#5435=CARTESIAN_POINT('',(0.038,-0.009752,-0.023));
#5436=CARTESIAN_POINT('',(0.583687576533295,0.000749999999999882,-0.023));
#5437=CARTESIAN_POINT('',(0.038,-0.009752,-0.02));
#5438=CARTESIAN_POINT('',(0.038,-0.009752,-0.017));
#5439=CARTESIAN_POINT('',(0.041,-0.009752,-0.017));
#5440=CARTESIAN_POINT('',(0.583687576533295,0.00074999999999988,-0.017));
#5441=CARTESIAN_POINT('',(0.029752,-0.046,-0.043));
#5442=CARTESIAN_POINT('',(0.029752,-0.043,-0.043));
#5443=CARTESIAN_POINT('',(0.01925,-0.594687576533295,-0.043));
#5444=CARTESIAN_POINT('',(0.01925,-0.049,-0.043));
#5445=CARTESIAN_POINT('',(0.029752,-0.049,-0.043));
#5446=CARTESIAN_POINT('',(0.029752,-0.049,-0.04));
#5447=CARTESIAN_POINT('',(0.01925,-0.049,-0.04));
#5448=CARTESIAN_POINT('',(0.01925,-0.049,-0.037));
#5449=CARTESIAN_POINT('',(0.029752,-0.049,-0.037));
#5450=CARTESIAN_POINT('',(0.029752,-0.043,-0.04));
#5451=CARTESIAN_POINT('',(0.029752,-0.043,-0.037));
#5452=CARTESIAN_POINT('',(0.029752,-0.046,-0.037));
#5453=CARTESIAN_POINT('',(0.01925,-0.594687576533295,-0.037));
#5454=CARTESIAN_POINT('',(0.050997,-0.0091806079660839,-0.022125));
#5455=CARTESIAN_POINT('',(0.050997,-0.0104074772881119,-0.02));
#5456=CARTESIAN_POINT('',(0.050997,-0.0091806079660839,-0.017875));
#5457=CARTESIAN_POINT('',(0.0291806079660839,-0.049997,-0.042125));
#5458=CARTESIAN_POINT('',(0.0304074772881119,-0.049997,-0.04));
#5459=CARTESIAN_POINT('',(0.0291806079660839,-0.049997,-0.037875));
#5460=CARTESIAN_POINT('',(0.01925,-0.594687576533295,-0.04));
#5461=CARTESIAN_POINT('',(0.583687576533295,0.000749999999999883,-0.02));
#5462=CARTESIAN_POINT('',(0.050997,-0.007625,-0.0236806079660839));
#5463=CARTESIAN_POINT('',(0.050997,-0.0055,-0.0249074772881118));
#5464=CARTESIAN_POINT('',(0.050997,-0.003375,-0.0236806079660839));
#5465=CARTESIAN_POINT('',(0.050997,-0.007625,-0.0236806079660839));
#5466=CARTESIAN_POINT('',(0.050997,-0.0055,-0.0249074772881118));
#5467=CARTESIAN_POINT('',(0.050997,-0.003375,-0.0236806079660839));
#5468=CARTESIAN_POINT('',(0.016247,-0.047,-0.0417320508075689));
#5469=CARTESIAN_POINT('',(0.016247,-0.046,-0.0423094010767585));
#5470=CARTESIAN_POINT('',(0.016247,-0.045,-0.0417320508075689));
#5471=CARTESIAN_POINT('',(0.04,0.003753,-0.0217320508075688));
#5472=CARTESIAN_POINT('',(0.041,0.003753,-0.0223094010767585));
#5473=CARTESIAN_POINT('',(0.042,0.003753,-0.0217320508075688));
#5474=CARTESIAN_POINT('',(0.023375,-0.049997,-0.0436806079660838));
#5475=CARTESIAN_POINT('',(0.0255,-0.049997,-0.0449074772881118));
#5476=CARTESIAN_POINT('',(0.027625,-0.049997,-0.0436806079660838));
#5477=MECHANICAL_DESIGN_GEOMETRIC_PRESENTATION_REPRESENTATION('',(#3311),
#5478);
#5478=(
GEOMETRIC_REPRESENTATION_CONTEXT(3)
GLOBAL_UNCERTAINTY_ASSIGNED_CONTEXT((#5479))
GLOBAL_UNIT_ASSIGNED_CONTEXT((#5482,#5481,#5480))
REPRESENTATION_CONTEXT('Short Mount','TOP_LEVEL_ASSEMBLY_PART')
);
#5479=UNCERTAINTY_MEASURE_WITH_UNIT(LENGTH_MEASURE(2.77161266449466E-5),
#5482,'DISTANCE_ACCURACY_VALUE','Maximum Tolerance applied to model');
#5480=(
NAMED_UNIT(*)
SI_UNIT($,.STERADIAN.)
SOLID_ANGLE_UNIT()
);
#5481=(
NAMED_UNIT(*)
PLANE_ANGLE_UNIT()
SI_UNIT($,.RADIAN.)
);
#5482=(
LENGTH_UNIT()
NAMED_UNIT(*)
SI_UNIT($,.METRE.)
);
#5483=PRODUCT_DEFINITION_SHAPE('','',#5484);
#5484=PRODUCT_DEFINITION('','',#5486,#5485);
#5485=PRODUCT_DEFINITION_CONTEXT('',#5492,'design');
#5486=PRODUCT_DEFINITION_FORMATION_WITH_SPECIFIED_SOURCE('','',#5488,
 .NOT_KNOWN.);
#5487=PRODUCT_RELATED_PRODUCT_CATEGORY('','',(#5488));
#5488=PRODUCT('Short Mount','Short Mount','Short Mount',(#5490));
#5489=PRODUCT_CATEGORY('','');
#5490=PRODUCT_CONTEXT('',#5492,'mechanical');
#5491=APPLICATION_PROTOCOL_DEFINITION('international standard',
'ap242_managed_model_based_3d_engineering',2020,#5492);
#5492=APPLICATION_CONTEXT('managed model based 3d engineering');
ENDSEC;
END-ISO-10303-21;
