ISO-10303-21;
HEADER;
/* Generated by software containing ST-Developer
 * from STEP Tools, Inc. (www.steptools.com) 
 */
/* OPTION: using custom renumber hook */

FILE_DESCRIPTION(
/* description */ ('STEP AP242 Edition 2',
'CAx-IF Rec.Pracs.---Representation and Presentation of Product Manufa
cturing Information (PMI)---4.0---2014-10-13',
'CAx-IF Rec.Pracs.---3D Tessellated Geometry---0.4---2014-09-14','2;1',
'CAx-IF Rec.Pracs.---User Defined Attributes---1.5---2016-08-15'),
/* implementation_level */ '2;1');

FILE_NAME(
/* name */ '6977b172bf2304ba5b5fee3c',
/* time_stamp */ '2026-01-26T18:24:51Z',
/* author */ (''),
/* organization */ (''),
/* preprocessor_version */ 'ST-DEVELOPER v20',
/* originating_system */ 'ONSHAPE BY PTC INC, 1.209',
/* authorisation */ '  ');

FILE_SCHEMA (('AP242_MANAGED_MODEL_BASED_3D_ENGINEERING_MIM_LF { 1 0 10303 442 3 1 4 }'));
ENDSEC;

DATA;
#10=SHAPE_REPRESENTATION_RELATIONSHIP('','',#5433,#11);
#11=ADVANCED_BREP_SHAPE_REPRESENTATION('',(#5431),#8712);
#12=B_SPLINE_CURVE_WITH_KNOTS('',3,(#7535,#7536,#7537,#7538,#7539,#7540,
#7541,#7542,#7543,#7544,#7545),.UNSPECIFIED.,.T.,.F.,(1,1,1,1,1,1,1,1,1,
1,1,1,1,1,1),(-0.00470900058980828,-0.00313933372653885,-0.00156966686326943,
0.,0.00156966686326943,0.00313933372653885,0.00470900058980828,0.00627866745307771,
0.00784833431634713,0.00941800117961656,0.010987668042886,0.0125573349061554,
0.0141270017694248,0.0156966686326943,0.0172663354959637),.UNSPECIFIED.);
#13=B_SPLINE_CURVE_WITH_KNOTS('',3,(#7550,#7551,#7552,#7553,#7554,#7555,
#7556,#7557,#7558,#7559,#7560),.UNSPECIFIED.,.T.,.F.,(1,1,1,1,1,1,1,1,1,
1,1,1,1,1,1),(-0.00470905031929538,-0.00313936687953026,-0.00156968343976513,
0.,0.00156968343976513,0.00313936687953026,0.00470905031929538,0.00627873375906051,
0.00784841719882564,0.00941810063859077,0.0109877840783559,0.012557467518121,
0.0141271509578862,0.0156968343976513,0.0172665178374164),.UNSPECIFIED.);
#14=ELLIPSE('',#5484,0.0109601551083915,0.00775);
#15=ELLIPSE('',#5485,0.00707106781186548,0.005);
#16=ELLIPSE('',#5554,0.0109601551083915,0.00775);
#17=ELLIPSE('',#5590,0.0109601551083915,0.00775);
#18=ELLIPSE('',#5629,0.014142135623731,0.01);
#19=ELLIPSE('',#5631,0.014142135623731,0.01);
#20=CYLINDRICAL_SURFACE('',#5466,0.01);
#21=CYLINDRICAL_SURFACE('',#5471,0.01);
#22=CYLINDRICAL_SURFACE('',#5486,0.002);
#23=CYLINDRICAL_SURFACE('',#5488,0.002);
#24=CYLINDRICAL_SURFACE('',#5490,0.002);
#25=CYLINDRICAL_SURFACE('',#5495,0.00175);
#26=CYLINDRICAL_SURFACE('',#5497,0.00175);
#27=CYLINDRICAL_SURFACE('',#5505,0.00175);
#28=CYLINDRICAL_SURFACE('',#5508,0.00175);
#29=CYLINDRICAL_SURFACE('',#5513,0.002875);
#30=CYLINDRICAL_SURFACE('',#5514,0.002875);
#31=CYLINDRICAL_SURFACE('',#5517,0.0025);
#32=CYLINDRICAL_SURFACE('',#5518,0.00175);
#33=CYLINDRICAL_SURFACE('',#5526,0.00175);
#34=CYLINDRICAL_SURFACE('',#5529,0.00175);
#35=CYLINDRICAL_SURFACE('',#5534,0.00175);
#36=CYLINDRICAL_SURFACE('',#5553,0.00775);
#37=CYLINDRICAL_SURFACE('',#5561,0.00175);
#38=CYLINDRICAL_SURFACE('',#5563,0.00175);
#39=CYLINDRICAL_SURFACE('',#5607,0.014);
#40=CYLINDRICAL_SURFACE('',#5608,0.014);
#41=CYLINDRICAL_SURFACE('',#5611,0.00775);
#42=CYLINDRICAL_SURFACE('',#5632,0.01);
#43=CYLINDRICAL_SURFACE('',#5636,0.01);
#44=CYLINDRICAL_SURFACE('',#5637,0.01);
#45=CYLINDRICAL_SURFACE('',#5638,0.01);
#46=CYLINDRICAL_SURFACE('',#5642,0.0025);
#47=CYLINDRICAL_SURFACE('',#5665,0.005);
#48=CYLINDRICAL_SURFACE('',#5697,0.002);
#49=CYLINDRICAL_SURFACE('',#5699,0.003);
#50=CIRCLE('',#5439,0.01);
#51=CIRCLE('',#5442,0.01);
#52=CIRCLE('',#5444,0.01);
#53=CIRCLE('',#5445,0.01);
#54=CIRCLE('',#5447,0.01);
#55=CIRCLE('',#5452,0.01);
#56=CIRCLE('',#5454,0.01);
#57=CIRCLE('',#5455,0.01);
#58=CIRCLE('',#5457,0.01);
#59=CIRCLE('',#5459,0.01);
#60=CIRCLE('',#5467,0.01);
#61=CIRCLE('',#5468,0.01);
#62=CIRCLE('',#5469,0.01);
#63=CIRCLE('',#5470,0.01);
#64=CIRCLE('',#5472,0.01);
#65=CIRCLE('',#5473,0.01);
#66=CIRCLE('',#5474,0.01);
#67=CIRCLE('',#5475,0.01);
#68=CIRCLE('',#5478,0.0025);
#69=CIRCLE('',#5480,0.0025);
#70=CIRCLE('',#5481,0.00175);
#71=CIRCLE('',#5482,0.00175);
#72=CIRCLE('',#5487,0.002);
#73=CIRCLE('',#5489,0.002);
#74=CIRCLE('',#5491,0.002);
#75=CIRCLE('',#5492,0.002);
#76=CIRCLE('',#5496,0.00175);
#77=CIRCLE('',#5498,0.00175);
#78=CIRCLE('',#5500,0.002875);
#79=CIRCLE('',#5501,0.002875);
#80=CIRCLE('',#5503,0.002875);
#81=CIRCLE('',#5504,0.002875);
#82=CIRCLE('',#5506,0.00175);
#83=CIRCLE('',#5507,0.00175);
#84=CIRCLE('',#5509,0.00175);
#85=CIRCLE('',#5510,0.00175);
#86=CIRCLE('',#5515,0.002875);
#87=CIRCLE('',#5516,0.002875);
#88=CIRCLE('',#5519,0.00175);
#89=CIRCLE('',#5520,0.00175);
#90=CIRCLE('',#5522,0.003);
#91=CIRCLE('',#5523,0.002);
#92=CIRCLE('',#5524,0.0025);
#93=CIRCLE('',#5525,0.00175);
#94=CIRCLE('',#5527,0.00175);
#95=CIRCLE('',#5530,0.00175);
#96=CIRCLE('',#5531,0.00175);
#97=CIRCLE('',#5533,0.00175);
#98=CIRCLE('',#5535,0.00175);
#99=CIRCLE('',#5545,0.01);
#100=CIRCLE('',#5550,0.00775);
#101=CIRCLE('',#5558,0.00175);
#102=CIRCLE('',#5559,0.00175);
#103=CIRCLE('',#5562,0.00175);
#104=CIRCLE('',#5564,0.00175);
#105=CIRCLE('',#5577,0.00775);
#106=CIRCLE('',#5587,0.0025);
#107=CIRCLE('',#5593,0.014);
#108=CIRCLE('',#5596,0.014);
#109=CIRCLE('',#5600,0.014);
#110=CIRCLE('',#5604,0.014);
#111=CIRCLE('',#5606,0.005);
#112=CIRCLE('',#5610,0.01);
#113=CIRCLE('',#5617,0.01);
#114=CIRCLE('',#5623,0.01);
#115=CIRCLE('',#5633,0.01);
#116=CIRCLE('',#5634,0.01);
#117=CIRCLE('',#5635,0.01);
#118=CIRCLE('',#5639,0.01);
#119=CIRCLE('',#5640,0.01);
#120=CIRCLE('',#5641,0.01);
#121=CIRCLE('',#5698,0.002);
#122=CIRCLE('',#5700,0.003);
#123=ORIENTED_EDGE('',*,*,#1627,.T.);
#124=ORIENTED_EDGE('',*,*,#1628,.T.);
#125=ORIENTED_EDGE('',*,*,#1629,.T.);
#126=ORIENTED_EDGE('',*,*,#1630,.T.);
#127=ORIENTED_EDGE('',*,*,#1631,.T.);
#128=ORIENTED_EDGE('',*,*,#1632,.T.);
#129=ORIENTED_EDGE('',*,*,#1633,.T.);
#130=ORIENTED_EDGE('',*,*,#1634,.T.);
#131=ORIENTED_EDGE('',*,*,#1635,.T.);
#132=ORIENTED_EDGE('',*,*,#1636,.T.);
#133=ORIENTED_EDGE('',*,*,#1637,.T.);
#134=ORIENTED_EDGE('',*,*,#1638,.T.);
#135=ORIENTED_EDGE('',*,*,#1639,.T.);
#136=ORIENTED_EDGE('',*,*,#1640,.T.);
#137=ORIENTED_EDGE('',*,*,#1641,.T.);
#138=ORIENTED_EDGE('',*,*,#1642,.T.);
#139=ORIENTED_EDGE('',*,*,#1643,.T.);
#140=ORIENTED_EDGE('',*,*,#1644,.T.);
#141=ORIENTED_EDGE('',*,*,#1645,.T.);
#142=ORIENTED_EDGE('',*,*,#1646,.F.);
#143=ORIENTED_EDGE('',*,*,#1647,.T.);
#144=ORIENTED_EDGE('',*,*,#1648,.T.);
#145=ORIENTED_EDGE('',*,*,#1649,.T.);
#146=ORIENTED_EDGE('',*,*,#1650,.T.);
#147=ORIENTED_EDGE('',*,*,#1651,.T.);
#148=ORIENTED_EDGE('',*,*,#1652,.T.);
#149=ORIENTED_EDGE('',*,*,#1653,.T.);
#150=ORIENTED_EDGE('',*,*,#1654,.T.);
#151=ORIENTED_EDGE('',*,*,#1655,.T.);
#152=ORIENTED_EDGE('',*,*,#1656,.T.);
#153=ORIENTED_EDGE('',*,*,#1657,.T.);
#154=ORIENTED_EDGE('',*,*,#1658,.T.);
#155=ORIENTED_EDGE('',*,*,#1659,.T.);
#156=ORIENTED_EDGE('',*,*,#1660,.T.);
#157=ORIENTED_EDGE('',*,*,#1661,.T.);
#158=ORIENTED_EDGE('',*,*,#1662,.T.);
#159=ORIENTED_EDGE('',*,*,#1663,.T.);
#160=ORIENTED_EDGE('',*,*,#1664,.T.);
#161=ORIENTED_EDGE('',*,*,#1665,.T.);
#162=ORIENTED_EDGE('',*,*,#1666,.F.);
#163=ORIENTED_EDGE('',*,*,#1667,.T.);
#164=ORIENTED_EDGE('',*,*,#1668,.F.);
#165=ORIENTED_EDGE('',*,*,#1669,.T.);
#166=ORIENTED_EDGE('',*,*,#1670,.T.);
#167=ORIENTED_EDGE('',*,*,#1671,.T.);
#168=ORIENTED_EDGE('',*,*,#1672,.F.);
#169=ORIENTED_EDGE('',*,*,#1673,.T.);
#170=ORIENTED_EDGE('',*,*,#1674,.F.);
#171=ORIENTED_EDGE('',*,*,#1675,.T.);
#172=ORIENTED_EDGE('',*,*,#1676,.F.);
#173=ORIENTED_EDGE('',*,*,#1677,.T.);
#174=ORIENTED_EDGE('',*,*,#1678,.T.);
#175=ORIENTED_EDGE('',*,*,#1679,.F.);
#176=ORIENTED_EDGE('',*,*,#1680,.T.);
#177=ORIENTED_EDGE('',*,*,#1681,.T.);
#178=ORIENTED_EDGE('',*,*,#1682,.T.);
#179=ORIENTED_EDGE('',*,*,#1683,.T.);
#180=ORIENTED_EDGE('',*,*,#1684,.T.);
#181=ORIENTED_EDGE('',*,*,#1685,.T.);
#182=ORIENTED_EDGE('',*,*,#1686,.T.);
#183=ORIENTED_EDGE('',*,*,#1687,.T.);
#184=ORIENTED_EDGE('',*,*,#1688,.F.);
#185=ORIENTED_EDGE('',*,*,#1689,.T.);
#186=ORIENTED_EDGE('',*,*,#1690,.T.);
#187=ORIENTED_EDGE('',*,*,#1691,.T.);
#188=ORIENTED_EDGE('',*,*,#1692,.F.);
#189=ORIENTED_EDGE('',*,*,#1693,.T.);
#190=ORIENTED_EDGE('',*,*,#1694,.F.);
#191=ORIENTED_EDGE('',*,*,#1695,.T.);
#192=ORIENTED_EDGE('',*,*,#1696,.T.);
#193=ORIENTED_EDGE('',*,*,#1697,.F.);
#194=ORIENTED_EDGE('',*,*,#1698,.T.);
#195=ORIENTED_EDGE('',*,*,#1642,.F.);
#196=ORIENTED_EDGE('',*,*,#1699,.T.);
#197=ORIENTED_EDGE('',*,*,#1700,.F.);
#198=ORIENTED_EDGE('',*,*,#1701,.F.);
#199=ORIENTED_EDGE('',*,*,#1702,.F.);
#200=ORIENTED_EDGE('',*,*,#1703,.T.);
#201=ORIENTED_EDGE('',*,*,#1704,.T.);
#202=ORIENTED_EDGE('',*,*,#1678,.F.);
#203=ORIENTED_EDGE('',*,*,#1705,.F.);
#204=ORIENTED_EDGE('',*,*,#1680,.F.);
#205=ORIENTED_EDGE('',*,*,#1706,.F.);
#206=ORIENTED_EDGE('',*,*,#1707,.F.);
#207=ORIENTED_EDGE('',*,*,#1708,.F.);
#208=ORIENTED_EDGE('',*,*,#1709,.T.);
#209=ORIENTED_EDGE('',*,*,#1710,.T.);
#210=ORIENTED_EDGE('',*,*,#1711,.F.);
#211=ORIENTED_EDGE('',*,*,#1712,.T.);
#212=ORIENTED_EDGE('',*,*,#1713,.T.);
#213=ORIENTED_EDGE('',*,*,#1676,.T.);
#214=ORIENTED_EDGE('',*,*,#1714,.F.);
#215=ORIENTED_EDGE('',*,*,#1715,.F.);
#216=ORIENTED_EDGE('',*,*,#1716,.T.);
#217=ORIENTED_EDGE('',*,*,#1674,.T.);
#218=ORIENTED_EDGE('',*,*,#1717,.T.);
#219=ORIENTED_EDGE('',*,*,#1718,.T.);
#220=ORIENTED_EDGE('',*,*,#1719,.F.);
#221=ORIENTED_EDGE('',*,*,#1720,.F.);
#222=ORIENTED_EDGE('',*,*,#1721,.T.);
#223=ORIENTED_EDGE('',*,*,#1722,.T.);
#224=ORIENTED_EDGE('',*,*,#1723,.T.);
#225=ORIENTED_EDGE('',*,*,#1688,.T.);
#226=ORIENTED_EDGE('',*,*,#1724,.T.);
#227=ORIENTED_EDGE('',*,*,#1725,.T.);
#228=ORIENTED_EDGE('',*,*,#1726,.T.);
#229=ORIENTED_EDGE('',*,*,#1694,.T.);
#230=ORIENTED_EDGE('',*,*,#1727,.T.);
#231=ORIENTED_EDGE('',*,*,#1728,.T.);
#232=ORIENTED_EDGE('',*,*,#1729,.T.);
#233=ORIENTED_EDGE('',*,*,#1702,.T.);
#234=ORIENTED_EDGE('',*,*,#1730,.T.);
#235=ORIENTED_EDGE('',*,*,#1731,.T.);
#236=ORIENTED_EDGE('',*,*,#1672,.T.);
#237=ORIENTED_EDGE('',*,*,#1732,.T.);
#238=ORIENTED_EDGE('',*,*,#1733,.T.);
#239=ORIENTED_EDGE('',*,*,#1734,.T.);
#240=ORIENTED_EDGE('',*,*,#1692,.T.);
#241=ORIENTED_EDGE('',*,*,#1735,.T.);
#242=ORIENTED_EDGE('',*,*,#1736,.F.);
#243=ORIENTED_EDGE('',*,*,#1737,.F.);
#244=ORIENTED_EDGE('',*,*,#1660,.F.);
#245=ORIENTED_EDGE('',*,*,#1738,.F.);
#246=ORIENTED_EDGE('',*,*,#1739,.F.);
#247=ORIENTED_EDGE('',*,*,#1740,.F.);
#248=ORIENTED_EDGE('',*,*,#1664,.F.);
#249=ORIENTED_EDGE('',*,*,#1741,.F.);
#250=ORIENTED_EDGE('',*,*,#1742,.F.);
#251=ORIENTED_EDGE('',*,*,#1743,.F.);
#252=ORIENTED_EDGE('',*,*,#1744,.F.);
#253=ORIENTED_EDGE('',*,*,#1745,.F.);
#254=ORIENTED_EDGE('',*,*,#1746,.F.);
#255=ORIENTED_EDGE('',*,*,#1747,.F.);
#256=ORIENTED_EDGE('',*,*,#1748,.F.);
#257=ORIENTED_EDGE('',*,*,#1749,.F.);
#258=ORIENTED_EDGE('',*,*,#1684,.F.);
#259=ORIENTED_EDGE('',*,*,#1750,.F.);
#260=ORIENTED_EDGE('',*,*,#1751,.F.);
#261=ORIENTED_EDGE('',*,*,#1721,.F.);
#262=ORIENTED_EDGE('',*,*,#1752,.F.);
#263=ORIENTED_EDGE('',*,*,#1645,.F.);
#264=ORIENTED_EDGE('',*,*,#1753,.F.);
#265=ORIENTED_EDGE('',*,*,#1754,.F.);
#266=ORIENTED_EDGE('',*,*,#1682,.F.);
#267=ORIENTED_EDGE('',*,*,#1755,.F.);
#268=ORIENTED_EDGE('',*,*,#1756,.T.);
#269=ORIENTED_EDGE('',*,*,#1638,.F.);
#270=ORIENTED_EDGE('',*,*,#1757,.T.);
#271=ORIENTED_EDGE('',*,*,#1758,.F.);
#272=ORIENTED_EDGE('',*,*,#1759,.T.);
#273=ORIENTED_EDGE('',*,*,#1760,.T.);
#274=ORIENTED_EDGE('',*,*,#1761,.F.);
#275=ORIENTED_EDGE('',*,*,#1762,.F.);
#276=ORIENTED_EDGE('',*,*,#1763,.T.);
#277=ORIENTED_EDGE('',*,*,#1764,.T.);
#278=ORIENTED_EDGE('',*,*,#1765,.F.);
#279=ORIENTED_EDGE('',*,*,#1766,.F.);
#280=ORIENTED_EDGE('',*,*,#1767,.T.);
#281=ORIENTED_EDGE('',*,*,#1768,.T.);
#282=ORIENTED_EDGE('',*,*,#1769,.F.);
#283=ORIENTED_EDGE('',*,*,#1770,.F.);
#284=ORIENTED_EDGE('',*,*,#1771,.T.);
#285=ORIENTED_EDGE('',*,*,#1772,.F.);
#286=ORIENTED_EDGE('',*,*,#1773,.F.);
#287=ORIENTED_EDGE('',*,*,#1774,.F.);
#288=ORIENTED_EDGE('',*,*,#1775,.T.);
#289=ORIENTED_EDGE('',*,*,#1776,.F.);
#290=ORIENTED_EDGE('',*,*,#1777,.F.);
#291=ORIENTED_EDGE('',*,*,#1778,.T.);
#292=ORIENTED_EDGE('',*,*,#1779,.F.);
#293=ORIENTED_EDGE('',*,*,#1780,.F.);
#294=ORIENTED_EDGE('',*,*,#1781,.T.);
#295=ORIENTED_EDGE('',*,*,#1782,.F.);
#296=ORIENTED_EDGE('',*,*,#1783,.T.);
#297=ORIENTED_EDGE('',*,*,#1784,.T.);
#298=ORIENTED_EDGE('',*,*,#1785,.T.);
#299=ORIENTED_EDGE('',*,*,#1786,.F.);
#300=ORIENTED_EDGE('',*,*,#1787,.F.);
#301=ORIENTED_EDGE('',*,*,#1788,.T.);
#302=ORIENTED_EDGE('',*,*,#1789,.T.);
#303=ORIENTED_EDGE('',*,*,#1790,.T.);
#304=ORIENTED_EDGE('',*,*,#1791,.F.);
#305=ORIENTED_EDGE('',*,*,#1792,.T.);
#306=ORIENTED_EDGE('',*,*,#1793,.F.);
#307=ORIENTED_EDGE('',*,*,#1794,.F.);
#308=ORIENTED_EDGE('',*,*,#1795,.T.);
#309=ORIENTED_EDGE('',*,*,#1796,.T.);
#310=ORIENTED_EDGE('',*,*,#1797,.T.);
#311=ORIENTED_EDGE('',*,*,#1798,.F.);
#312=ORIENTED_EDGE('',*,*,#1799,.F.);
#313=ORIENTED_EDGE('',*,*,#1800,.T.);
#314=ORIENTED_EDGE('',*,*,#1801,.T.);
#315=ORIENTED_EDGE('',*,*,#1802,.T.);
#316=ORIENTED_EDGE('',*,*,#1803,.F.);
#317=ORIENTED_EDGE('',*,*,#1804,.T.);
#318=ORIENTED_EDGE('',*,*,#1805,.T.);
#319=ORIENTED_EDGE('',*,*,#1806,.F.);
#320=ORIENTED_EDGE('',*,*,#1807,.F.);
#321=ORIENTED_EDGE('',*,*,#1808,.T.);
#322=ORIENTED_EDGE('',*,*,#1809,.T.);
#323=ORIENTED_EDGE('',*,*,#1810,.T.);
#324=ORIENTED_EDGE('',*,*,#1811,.T.);
#325=ORIENTED_EDGE('',*,*,#1812,.F.);
#326=ORIENTED_EDGE('',*,*,#1813,.T.);
#327=ORIENTED_EDGE('',*,*,#1814,.T.);
#328=ORIENTED_EDGE('',*,*,#1815,.T.);
#329=ORIENTED_EDGE('',*,*,#1816,.F.);
#330=ORIENTED_EDGE('',*,*,#1788,.F.);
#331=ORIENTED_EDGE('',*,*,#1817,.T.);
#332=ORIENTED_EDGE('',*,*,#1818,.F.);
#333=ORIENTED_EDGE('',*,*,#1819,.F.);
#334=ORIENTED_EDGE('',*,*,#1820,.F.);
#335=ORIENTED_EDGE('',*,*,#1786,.T.);
#336=ORIENTED_EDGE('',*,*,#1821,.T.);
#337=ORIENTED_EDGE('',*,*,#1822,.F.);
#338=ORIENTED_EDGE('',*,*,#1823,.F.);
#339=ORIENTED_EDGE('',*,*,#1824,.F.);
#340=ORIENTED_EDGE('',*,*,#1777,.T.);
#341=ORIENTED_EDGE('',*,*,#1825,.F.);
#342=ORIENTED_EDGE('',*,*,#1826,.F.);
#343=ORIENTED_EDGE('',*,*,#1827,.F.);
#344=ORIENTED_EDGE('',*,*,#1780,.T.);
#345=ORIENTED_EDGE('',*,*,#1828,.F.);
#346=ORIENTED_EDGE('',*,*,#1829,.F.);
#347=ORIENTED_EDGE('',*,*,#1830,.T.);
#348=ORIENTED_EDGE('',*,*,#1831,.F.);
#349=ORIENTED_EDGE('',*,*,#1832,.T.);
#350=ORIENTED_EDGE('',*,*,#1833,.T.);
#351=ORIENTED_EDGE('',*,*,#1834,.T.);
#352=ORIENTED_EDGE('',*,*,#1835,.T.);
#353=ORIENTED_EDGE('',*,*,#1836,.F.);
#354=ORIENTED_EDGE('',*,*,#1837,.F.);
#355=ORIENTED_EDGE('',*,*,#1838,.T.);
#356=ORIENTED_EDGE('',*,*,#1839,.T.);
#357=ORIENTED_EDGE('',*,*,#1840,.T.);
#358=ORIENTED_EDGE('',*,*,#1841,.F.);
#359=ORIENTED_EDGE('',*,*,#1842,.T.);
#360=ORIENTED_EDGE('',*,*,#1843,.T.);
#361=ORIENTED_EDGE('',*,*,#1844,.T.);
#362=ORIENTED_EDGE('',*,*,#1845,.F.);
#363=ORIENTED_EDGE('',*,*,#1846,.T.);
#364=ORIENTED_EDGE('',*,*,#1847,.T.);
#365=ORIENTED_EDGE('',*,*,#1848,.F.);
#366=ORIENTED_EDGE('',*,*,#1849,.F.);
#367=ORIENTED_EDGE('',*,*,#1850,.F.);
#368=ORIENTED_EDGE('',*,*,#1851,.T.);
#369=ORIENTED_EDGE('',*,*,#1852,.F.);
#370=ORIENTED_EDGE('',*,*,#1853,.F.);
#371=ORIENTED_EDGE('',*,*,#1854,.F.);
#372=ORIENTED_EDGE('',*,*,#1855,.T.);
#373=ORIENTED_EDGE('',*,*,#1856,.T.);
#374=ORIENTED_EDGE('',*,*,#1857,.T.);
#375=ORIENTED_EDGE('',*,*,#1858,.F.);
#376=ORIENTED_EDGE('',*,*,#1859,.F.);
#377=ORIENTED_EDGE('',*,*,#1860,.F.);
#378=ORIENTED_EDGE('',*,*,#1853,.T.);
#379=ORIENTED_EDGE('',*,*,#1861,.T.);
#380=ORIENTED_EDGE('',*,*,#1862,.T.);
#381=ORIENTED_EDGE('',*,*,#1863,.T.);
#382=ORIENTED_EDGE('',*,*,#1864,.F.);
#383=ORIENTED_EDGE('',*,*,#1865,.F.);
#384=ORIENTED_EDGE('',*,*,#1866,.F.);
#385=ORIENTED_EDGE('',*,*,#1849,.T.);
#386=ORIENTED_EDGE('',*,*,#1867,.T.);
#387=ORIENTED_EDGE('',*,*,#1868,.F.);
#388=ORIENTED_EDGE('',*,*,#1846,.F.);
#389=ORIENTED_EDGE('',*,*,#1869,.F.);
#390=ORIENTED_EDGE('',*,*,#1829,.T.);
#391=ORIENTED_EDGE('',*,*,#1870,.F.);
#392=ORIENTED_EDGE('',*,*,#1871,.T.);
#393=ORIENTED_EDGE('',*,*,#1872,.T.);
#394=ORIENTED_EDGE('',*,*,#1839,.F.);
#395=ORIENTED_EDGE('',*,*,#1873,.F.);
#396=ORIENTED_EDGE('',*,*,#1874,.T.);
#397=ORIENTED_EDGE('',*,*,#1875,.F.);
#398=ORIENTED_EDGE('',*,*,#1837,.T.);
#399=ORIENTED_EDGE('',*,*,#1876,.F.);
#400=ORIENTED_EDGE('',*,*,#1759,.F.);
#401=ORIENTED_EDGE('',*,*,#1877,.F.);
#402=ORIENTED_EDGE('',*,*,#1774,.T.);
#403=ORIENTED_EDGE('',*,*,#1878,.F.);
#404=ORIENTED_EDGE('',*,*,#1879,.F.);
#405=ORIENTED_EDGE('',*,*,#1880,.F.);
#406=ORIENTED_EDGE('',*,*,#1881,.T.);
#407=ORIENTED_EDGE('',*,*,#1882,.T.);
#408=ORIENTED_EDGE('',*,*,#1883,.F.);
#409=ORIENTED_EDGE('',*,*,#1884,.F.);
#410=ORIENTED_EDGE('',*,*,#1881,.F.);
#411=ORIENTED_EDGE('',*,*,#1885,.T.);
#412=ORIENTED_EDGE('',*,*,#1886,.F.);
#413=ORIENTED_EDGE('',*,*,#1887,.T.);
#414=ORIENTED_EDGE('',*,*,#1888,.T.);
#415=ORIENTED_EDGE('',*,*,#1889,.F.);
#416=ORIENTED_EDGE('',*,*,#1890,.F.);
#417=ORIENTED_EDGE('',*,*,#1891,.T.);
#418=ORIENTED_EDGE('',*,*,#1795,.F.);
#419=ORIENTED_EDGE('',*,*,#1892,.F.);
#420=ORIENTED_EDGE('',*,*,#1893,.T.);
#421=ORIENTED_EDGE('',*,*,#1894,.F.);
#422=ORIENTED_EDGE('',*,*,#1895,.T.);
#423=ORIENTED_EDGE('',*,*,#1896,.T.);
#424=ORIENTED_EDGE('',*,*,#1897,.T.);
#425=ORIENTED_EDGE('',*,*,#1898,.F.);
#426=ORIENTED_EDGE('',*,*,#1899,.F.);
#427=ORIENTED_EDGE('',*,*,#1900,.T.);
#428=ORIENTED_EDGE('',*,*,#1901,.F.);
#429=ORIENTED_EDGE('',*,*,#1902,.T.);
#430=ORIENTED_EDGE('',*,*,#1903,.F.);
#431=ORIENTED_EDGE('',*,*,#1899,.T.);
#432=ORIENTED_EDGE('',*,*,#1904,.T.);
#433=ORIENTED_EDGE('',*,*,#1905,.F.);
#434=ORIENTED_EDGE('',*,*,#1906,.F.);
#435=ORIENTED_EDGE('',*,*,#1907,.T.);
#436=ORIENTED_EDGE('',*,*,#1908,.F.);
#437=ORIENTED_EDGE('',*,*,#1902,.F.);
#438=ORIENTED_EDGE('',*,*,#1909,.T.);
#439=ORIENTED_EDGE('',*,*,#1910,.F.);
#440=ORIENTED_EDGE('',*,*,#1911,.F.);
#441=ORIENTED_EDGE('',*,*,#1912,.F.);
#442=ORIENTED_EDGE('',*,*,#1913,.F.);
#443=ORIENTED_EDGE('',*,*,#1914,.T.);
#444=ORIENTED_EDGE('',*,*,#1915,.F.);
#445=ORIENTED_EDGE('',*,*,#1916,.F.);
#446=ORIENTED_EDGE('',*,*,#1917,.T.);
#447=ORIENTED_EDGE('',*,*,#1918,.F.);
#448=ORIENTED_EDGE('',*,*,#1919,.F.);
#449=ORIENTED_EDGE('',*,*,#1920,.T.);
#450=ORIENTED_EDGE('',*,*,#1921,.F.);
#451=ORIENTED_EDGE('',*,*,#1922,.F.);
#452=ORIENTED_EDGE('',*,*,#1923,.F.);
#453=ORIENTED_EDGE('',*,*,#1919,.T.);
#454=ORIENTED_EDGE('',*,*,#1889,.T.);
#455=ORIENTED_EDGE('',*,*,#1924,.T.);
#456=ORIENTED_EDGE('',*,*,#1925,.T.);
#457=ORIENTED_EDGE('',*,*,#1926,.F.);
#458=ORIENTED_EDGE('',*,*,#1927,.T.);
#459=ORIENTED_EDGE('',*,*,#1914,.F.);
#460=ORIENTED_EDGE('',*,*,#1928,.T.);
#461=ORIENTED_EDGE('',*,*,#1929,.T.);
#462=ORIENTED_EDGE('',*,*,#1930,.T.);
#463=ORIENTED_EDGE('',*,*,#1931,.T.);
#464=ORIENTED_EDGE('',*,*,#1932,.T.);
#465=ORIENTED_EDGE('',*,*,#1896,.F.);
#466=ORIENTED_EDGE('',*,*,#1933,.F.);
#467=ORIENTED_EDGE('',*,*,#1904,.F.);
#468=ORIENTED_EDGE('',*,*,#1934,.F.);
#469=ORIENTED_EDGE('',*,*,#1935,.T.);
#470=ORIENTED_EDGE('',*,*,#1936,.F.);
#471=ORIENTED_EDGE('',*,*,#1937,.T.);
#472=ORIENTED_EDGE('',*,*,#1938,.F.);
#473=ORIENTED_EDGE('',*,*,#1939,.T.);
#474=ORIENTED_EDGE('',*,*,#1796,.F.);
#475=ORIENTED_EDGE('',*,*,#1891,.F.);
#476=ORIENTED_EDGE('',*,*,#1940,.T.);
#477=ORIENTED_EDGE('',*,*,#1941,.T.);
#478=ORIENTED_EDGE('',*,*,#1942,.T.);
#479=ORIENTED_EDGE('',*,*,#1894,.T.);
#480=ORIENTED_EDGE('',*,*,#1943,.F.);
#481=ORIENTED_EDGE('',*,*,#1944,.T.);
#482=ORIENTED_EDGE('',*,*,#1945,.F.);
#483=ORIENTED_EDGE('',*,*,#1946,.T.);
#484=ORIENTED_EDGE('',*,*,#1947,.T.);
#485=ORIENTED_EDGE('',*,*,#1948,.T.);
#486=ORIENTED_EDGE('',*,*,#1937,.F.);
#487=ORIENTED_EDGE('',*,*,#1949,.F.);
#488=ORIENTED_EDGE('',*,*,#1950,.F.);
#489=ORIENTED_EDGE('',*,*,#1951,.T.);
#490=ORIENTED_EDGE('',*,*,#1952,.T.);
#491=ORIENTED_EDGE('',*,*,#1953,.T.);
#492=ORIENTED_EDGE('',*,*,#1716,.F.);
#493=ORIENTED_EDGE('',*,*,#1954,.F.);
#494=ORIENTED_EDGE('',*,*,#1719,.T.);
#495=ORIENTED_EDGE('',*,*,#1955,.F.);
#496=ORIENTED_EDGE('',*,*,#1956,.F.);
#497=ORIENTED_EDGE('',*,*,#1952,.F.);
#498=ORIENTED_EDGE('',*,*,#1957,.T.);
#499=ORIENTED_EDGE('',*,*,#1958,.T.);
#500=ORIENTED_EDGE('',*,*,#1670,.F.);
#501=ORIENTED_EDGE('',*,*,#1959,.F.);
#502=ORIENTED_EDGE('',*,*,#1744,.T.);
#503=ORIENTED_EDGE('',*,*,#1960,.F.);
#504=ORIENTED_EDGE('',*,*,#1961,.F.);
#505=ORIENTED_EDGE('',*,*,#1962,.T.);
#506=ORIENTED_EDGE('',*,*,#1963,.T.);
#507=ORIENTED_EDGE('',*,*,#1964,.F.);
#508=ORIENTED_EDGE('',*,*,#1965,.T.);
#509=ORIENTED_EDGE('',*,*,#1966,.F.);
#510=ORIENTED_EDGE('',*,*,#1957,.F.);
#511=ORIENTED_EDGE('',*,*,#1951,.F.);
#512=ORIENTED_EDGE('',*,*,#1967,.T.);
#513=ORIENTED_EDGE('',*,*,#1968,.T.);
#514=ORIENTED_EDGE('',*,*,#1969,.T.);
#515=ORIENTED_EDGE('',*,*,#1668,.T.);
#516=ORIENTED_EDGE('',*,*,#1970,.F.);
#517=ORIENTED_EDGE('',*,*,#1965,.F.);
#518=ORIENTED_EDGE('',*,*,#1971,.T.);
#519=ORIENTED_EDGE('',*,*,#1972,.F.);
#520=ORIENTED_EDGE('',*,*,#1973,.T.);
#521=ORIENTED_EDGE('',*,*,#1974,.F.);
#522=ORIENTED_EDGE('',*,*,#1975,.F.);
#523=ORIENTED_EDGE('',*,*,#1976,.T.);
#524=ORIENTED_EDGE('',*,*,#1977,.T.);
#525=ORIENTED_EDGE('',*,*,#1978,.T.);
#526=ORIENTED_EDGE('',*,*,#1979,.F.);
#527=ORIENTED_EDGE('',*,*,#1980,.T.);
#528=ORIENTED_EDGE('',*,*,#1981,.T.);
#529=ORIENTED_EDGE('',*,*,#1982,.F.);
#530=ORIENTED_EDGE('',*,*,#1791,.T.);
#531=ORIENTED_EDGE('',*,*,#1983,.T.);
#532=ORIENTED_EDGE('',*,*,#1984,.T.);
#533=ORIENTED_EDGE('',*,*,#1985,.T.);
#534=ORIENTED_EDGE('',*,*,#1986,.T.);
#535=ORIENTED_EDGE('',*,*,#1987,.T.);
#536=ORIENTED_EDGE('',*,*,#1988,.F.);
#537=ORIENTED_EDGE('',*,*,#1989,.F.);
#538=ORIENTED_EDGE('',*,*,#1990,.T.);
#539=ORIENTED_EDGE('',*,*,#1991,.T.);
#540=ORIENTED_EDGE('',*,*,#1992,.T.);
#541=ORIENTED_EDGE('',*,*,#1993,.T.);
#542=ORIENTED_EDGE('',*,*,#1994,.T.);
#543=ORIENTED_EDGE('',*,*,#1995,.T.);
#544=ORIENTED_EDGE('',*,*,#1990,.F.);
#545=ORIENTED_EDGE('',*,*,#1996,.F.);
#546=ORIENTED_EDGE('',*,*,#1997,.F.);
#547=ORIENTED_EDGE('',*,*,#1998,.F.);
#548=ORIENTED_EDGE('',*,*,#1999,.F.);
#549=ORIENTED_EDGE('',*,*,#2000,.T.);
#550=ORIENTED_EDGE('',*,*,#2001,.T.);
#551=ORIENTED_EDGE('',*,*,#2002,.T.);
#552=ORIENTED_EDGE('',*,*,#1998,.T.);
#553=ORIENTED_EDGE('',*,*,#2003,.F.);
#554=ORIENTED_EDGE('',*,*,#2004,.T.);
#555=ORIENTED_EDGE('',*,*,#2005,.F.);
#556=ORIENTED_EDGE('',*,*,#2006,.T.);
#557=ORIENTED_EDGE('',*,*,#2007,.F.);
#558=ORIENTED_EDGE('',*,*,#2008,.F.);
#559=ORIENTED_EDGE('',*,*,#2009,.F.);
#560=ORIENTED_EDGE('',*,*,#2010,.F.);
#561=ORIENTED_EDGE('',*,*,#2011,.F.);
#562=ORIENTED_EDGE('',*,*,#1892,.T.);
#563=ORIENTED_EDGE('',*,*,#1794,.T.);
#564=ORIENTED_EDGE('',*,*,#2012,.T.);
#565=ORIENTED_EDGE('',*,*,#2013,.F.);
#566=ORIENTED_EDGE('',*,*,#1981,.F.);
#567=ORIENTED_EDGE('',*,*,#2014,.F.);
#568=ORIENTED_EDGE('',*,*,#2015,.F.);
#569=ORIENTED_EDGE('',*,*,#2016,.T.);
#570=ORIENTED_EDGE('',*,*,#2017,.T.);
#571=ORIENTED_EDGE('',*,*,#2003,.T.);
#572=ORIENTED_EDGE('',*,*,#1997,.T.);
#573=ORIENTED_EDGE('',*,*,#2018,.T.);
#574=ORIENTED_EDGE('',*,*,#2019,.T.);
#575=ORIENTED_EDGE('',*,*,#2020,.F.);
#576=ORIENTED_EDGE('',*,*,#2000,.F.);
#577=ORIENTED_EDGE('',*,*,#1999,.T.);
#578=ORIENTED_EDGE('',*,*,#2002,.F.);
#579=ORIENTED_EDGE('',*,*,#2001,.F.);
#580=ORIENTED_EDGE('',*,*,#2021,.F.);
#581=ORIENTED_EDGE('',*,*,#2022,.F.);
#582=ORIENTED_EDGE('',*,*,#1810,.F.);
#583=ORIENTED_EDGE('',*,*,#1790,.F.);
#584=ORIENTED_EDGE('',*,*,#2023,.T.);
#585=ORIENTED_EDGE('',*,*,#1817,.F.);
#586=ORIENTED_EDGE('',*,*,#1787,.T.);
#587=ORIENTED_EDGE('',*,*,#1820,.T.);
#588=ORIENTED_EDGE('',*,*,#2024,.T.);
#589=ORIENTED_EDGE('',*,*,#2017,.F.);
#590=ORIENTED_EDGE('',*,*,#2025,.T.);
#591=ORIENTED_EDGE('',*,*,#2026,.T.);
#592=ORIENTED_EDGE('',*,*,#2027,.T.);
#593=ORIENTED_EDGE('',*,*,#2004,.F.);
#594=ORIENTED_EDGE('',*,*,#2028,.T.);
#595=ORIENTED_EDGE('',*,*,#2029,.T.);
#596=ORIENTED_EDGE('',*,*,#2030,.T.);
#597=ORIENTED_EDGE('',*,*,#2031,.T.);
#598=ORIENTED_EDGE('',*,*,#1871,.F.);
#599=ORIENTED_EDGE('',*,*,#2032,.T.);
#600=ORIENTED_EDGE('',*,*,#2033,.F.);
#601=ORIENTED_EDGE('',*,*,#1874,.F.);
#602=ORIENTED_EDGE('',*,*,#2034,.T.);
#603=ORIENTED_EDGE('',*,*,#2035,.F.);
#604=ORIENTED_EDGE('',*,*,#2036,.F.);
#605=ORIENTED_EDGE('',*,*,#2024,.F.);
#606=ORIENTED_EDGE('',*,*,#2037,.T.);
#607=ORIENTED_EDGE('',*,*,#1994,.F.);
#608=ORIENTED_EDGE('',*,*,#2022,.T.);
#609=ORIENTED_EDGE('',*,*,#2038,.T.);
#610=ORIENTED_EDGE('',*,*,#2039,.T.);
#611=ORIENTED_EDGE('',*,*,#2040,.T.);
#612=ORIENTED_EDGE('',*,*,#2041,.T.);
#613=ORIENTED_EDGE('',*,*,#1843,.F.);
#614=ORIENTED_EDGE('',*,*,#2042,.T.);
#615=ORIENTED_EDGE('',*,*,#2035,.T.);
#616=ORIENTED_EDGE('',*,*,#2029,.F.);
#617=ORIENTED_EDGE('',*,*,#2043,.T.);
#618=ORIENTED_EDGE('',*,*,#2028,.F.);
#619=ORIENTED_EDGE('',*,*,#2044,.T.);
#620=ORIENTED_EDGE('',*,*,#1856,.F.);
#621=ORIENTED_EDGE('',*,*,#2045,.F.);
#622=ORIENTED_EDGE('',*,*,#2046,.T.);
#623=ORIENTED_EDGE('',*,*,#2047,.T.);
#624=ORIENTED_EDGE('',*,*,#1859,.T.);
#625=ORIENTED_EDGE('',*,*,#2048,.F.);
#626=ORIENTED_EDGE('',*,*,#2049,.F.);
#627=ORIENTED_EDGE('',*,*,#2045,.T.);
#628=ORIENTED_EDGE('',*,*,#1858,.T.);
#629=ORIENTED_EDGE('',*,*,#2050,.F.);
#630=ORIENTED_EDGE('',*,*,#2051,.F.);
#631=ORIENTED_EDGE('',*,*,#2048,.T.);
#632=ORIENTED_EDGE('',*,*,#1857,.F.);
#633=ORIENTED_EDGE('',*,*,#2047,.F.);
#634=ORIENTED_EDGE('',*,*,#2052,.T.);
#635=ORIENTED_EDGE('',*,*,#2050,.T.);
#636=ORIENTED_EDGE('',*,*,#2044,.F.);
#637=ORIENTED_EDGE('',*,*,#2046,.F.);
#638=ORIENTED_EDGE('',*,*,#2049,.T.);
#639=ORIENTED_EDGE('',*,*,#2051,.T.);
#640=ORIENTED_EDGE('',*,*,#2052,.F.);
#641=ORIENTED_EDGE('',*,*,#1862,.F.);
#642=ORIENTED_EDGE('',*,*,#2053,.F.);
#643=ORIENTED_EDGE('',*,*,#2054,.T.);
#644=ORIENTED_EDGE('',*,*,#2055,.T.);
#645=ORIENTED_EDGE('',*,*,#1865,.T.);
#646=ORIENTED_EDGE('',*,*,#2056,.F.);
#647=ORIENTED_EDGE('',*,*,#2057,.F.);
#648=ORIENTED_EDGE('',*,*,#2053,.T.);
#649=ORIENTED_EDGE('',*,*,#1864,.T.);
#650=ORIENTED_EDGE('',*,*,#2058,.F.);
#651=ORIENTED_EDGE('',*,*,#2059,.F.);
#652=ORIENTED_EDGE('',*,*,#2056,.T.);
#653=ORIENTED_EDGE('',*,*,#1863,.F.);
#654=ORIENTED_EDGE('',*,*,#2055,.F.);
#655=ORIENTED_EDGE('',*,*,#2060,.T.);
#656=ORIENTED_EDGE('',*,*,#2058,.T.);
#657=ORIENTED_EDGE('',*,*,#2054,.F.);
#658=ORIENTED_EDGE('',*,*,#2057,.T.);
#659=ORIENTED_EDGE('',*,*,#2059,.T.);
#660=ORIENTED_EDGE('',*,*,#2060,.F.);
#661=ORIENTED_EDGE('',*,*,#2043,.F.);
#662=ORIENTED_EDGE('',*,*,#1842,.F.);
#663=ORIENTED_EDGE('',*,*,#2061,.T.);
#664=ORIENTED_EDGE('',*,*,#2036,.T.);
#665=ORIENTED_EDGE('',*,*,#2042,.F.);
#666=ORIENTED_EDGE('',*,*,#2062,.F.);
#667=ORIENTED_EDGE('',*,*,#2063,.T.);
#668=ORIENTED_EDGE('',*,*,#1772,.T.);
#669=ORIENTED_EDGE('',*,*,#2064,.F.);
#670=ORIENTED_EDGE('',*,*,#2065,.T.);
#671=ORIENTED_EDGE('',*,*,#2066,.T.);
#672=ORIENTED_EDGE('',*,*,#2067,.T.);
#673=ORIENTED_EDGE('',*,*,#2068,.F.);
#674=ORIENTED_EDGE('',*,*,#1835,.F.);
#675=ORIENTED_EDGE('',*,*,#2069,.F.);
#676=ORIENTED_EDGE('',*,*,#2070,.T.);
#677=ORIENTED_EDGE('',*,*,#1789,.F.);
#678=ORIENTED_EDGE('',*,*,#1816,.T.);
#679=ORIENTED_EDGE('',*,*,#2071,.F.);
#680=ORIENTED_EDGE('',*,*,#1821,.F.);
#681=ORIENTED_EDGE('',*,*,#1785,.F.);
#682=ORIENTED_EDGE('',*,*,#2072,.F.);
#683=ORIENTED_EDGE('',*,*,#2073,.T.);
#684=ORIENTED_EDGE('',*,*,#2074,.T.);
#685=ORIENTED_EDGE('',*,*,#2075,.T.);
#686=ORIENTED_EDGE('',*,*,#2076,.F.);
#687=ORIENTED_EDGE('',*,*,#2077,.F.);
#688=ORIENTED_EDGE('',*,*,#2078,.F.);
#689=ORIENTED_EDGE('',*,*,#2079,.F.);
#690=ORIENTED_EDGE('',*,*,#2080,.F.);
#691=ORIENTED_EDGE('',*,*,#2081,.T.);
#692=ORIENTED_EDGE('',*,*,#2082,.T.);
#693=ORIENTED_EDGE('',*,*,#2083,.T.);
#694=ORIENTED_EDGE('',*,*,#2084,.T.);
#695=ORIENTED_EDGE('',*,*,#2085,.T.);
#696=ORIENTED_EDGE('',*,*,#1887,.F.);
#697=ORIENTED_EDGE('',*,*,#2086,.T.);
#698=ORIENTED_EDGE('',*,*,#2087,.T.);
#699=ORIENTED_EDGE('',*,*,#2088,.T.);
#700=ORIENTED_EDGE('',*,*,#2089,.F.);
#701=ORIENTED_EDGE('',*,*,#1974,.T.);
#702=ORIENTED_EDGE('',*,*,#2090,.T.);
#703=ORIENTED_EDGE('',*,*,#2091,.T.);
#704=ORIENTED_EDGE('',*,*,#2092,.F.);
#705=ORIENTED_EDGE('',*,*,#2034,.F.);
#706=ORIENTED_EDGE('',*,*,#1873,.T.);
#707=ORIENTED_EDGE('',*,*,#1844,.F.);
#708=ORIENTED_EDGE('',*,*,#2041,.F.);
#709=ORIENTED_EDGE('',*,*,#2031,.F.);
#710=ORIENTED_EDGE('',*,*,#2093,.T.);
#711=ORIENTED_EDGE('',*,*,#1840,.F.);
#712=ORIENTED_EDGE('',*,*,#1872,.F.);
#713=ORIENTED_EDGE('',*,*,#1988,.T.);
#714=ORIENTED_EDGE('',*,*,#2094,.F.);
#715=ORIENTED_EDGE('',*,*,#2019,.F.);
#716=ORIENTED_EDGE('',*,*,#2095,.T.);
#717=ORIENTED_EDGE('',*,*,#1989,.T.);
#718=ORIENTED_EDGE('',*,*,#2095,.F.);
#719=ORIENTED_EDGE('',*,*,#2018,.F.);
#720=ORIENTED_EDGE('',*,*,#1996,.T.);
#721=ORIENTED_EDGE('',*,*,#1986,.F.);
#722=ORIENTED_EDGE('',*,*,#2096,.T.);
#723=ORIENTED_EDGE('',*,*,#2015,.T.);
#724=ORIENTED_EDGE('',*,*,#2097,.T.);
#725=ORIENTED_EDGE('',*,*,#1987,.F.);
#726=ORIENTED_EDGE('',*,*,#2097,.F.);
#727=ORIENTED_EDGE('',*,*,#2020,.T.);
#728=ORIENTED_EDGE('',*,*,#2094,.T.);
#729=ORIENTED_EDGE('',*,*,#2007,.T.);
#730=ORIENTED_EDGE('',*,*,#2098,.T.);
#731=ORIENTED_EDGE('',*,*,#2038,.F.);
#732=ORIENTED_EDGE('',*,*,#2021,.T.);
#733=ORIENTED_EDGE('',*,*,#2026,.F.);
#734=ORIENTED_EDGE('',*,*,#2099,.T.);
#735=ORIENTED_EDGE('',*,*,#2039,.F.);
#736=ORIENTED_EDGE('',*,*,#2098,.F.);
#737=ORIENTED_EDGE('',*,*,#2006,.F.);
#738=ORIENTED_EDGE('',*,*,#2100,.T.);
#739=ORIENTED_EDGE('',*,*,#2101,.T.);
#740=ORIENTED_EDGE('',*,*,#2061,.F.);
#741=ORIENTED_EDGE('',*,*,#1841,.T.);
#742=ORIENTED_EDGE('',*,*,#2093,.F.);
#743=ORIENTED_EDGE('',*,*,#2030,.F.);
#744=ORIENTED_EDGE('',*,*,#2102,.F.);
#745=ORIENTED_EDGE('',*,*,#1851,.F.);
#746=ORIENTED_EDGE('',*,*,#2103,.T.);
#747=ORIENTED_EDGE('',*,*,#2104,.F.);
#748=ORIENTED_EDGE('',*,*,#1855,.F.);
#749=ORIENTED_EDGE('',*,*,#2105,.T.);
#750=ORIENTED_EDGE('',*,*,#2106,.F.);
#751=ORIENTED_EDGE('',*,*,#2107,.F.);
#752=ORIENTED_EDGE('',*,*,#2108,.T.);
#753=ORIENTED_EDGE('',*,*,#2074,.F.);
#754=ORIENTED_EDGE('',*,*,#2109,.F.);
#755=ORIENTED_EDGE('',*,*,#2110,.F.);
#756=ORIENTED_EDGE('',*,*,#2111,.F.);
#757=ORIENTED_EDGE('',*,*,#2112,.T.);
#758=ORIENTED_EDGE('',*,*,#2113,.T.);
#759=ORIENTED_EDGE('',*,*,#2009,.T.);
#760=ORIENTED_EDGE('',*,*,#2114,.T.);
#761=ORIENTED_EDGE('',*,*,#2115,.T.);
#762=ORIENTED_EDGE('',*,*,#1979,.T.);
#763=ORIENTED_EDGE('',*,*,#2116,.T.);
#764=ORIENTED_EDGE('',*,*,#2117,.F.);
#765=ORIENTED_EDGE('',*,*,#2118,.F.);
#766=ORIENTED_EDGE('',*,*,#2119,.T.);
#767=ORIENTED_EDGE('',*,*,#1945,.T.);
#768=ORIENTED_EDGE('',*,*,#2120,.T.);
#769=ORIENTED_EDGE('',*,*,#1940,.F.);
#770=ORIENTED_EDGE('',*,*,#1893,.F.);
#771=ORIENTED_EDGE('',*,*,#2011,.T.);
#772=ORIENTED_EDGE('',*,*,#2121,.T.);
#773=ORIENTED_EDGE('',*,*,#2023,.F.);
#774=ORIENTED_EDGE('',*,*,#1966,.T.);
#775=ORIENTED_EDGE('',*,*,#1970,.T.);
#776=ORIENTED_EDGE('',*,*,#1671,.F.);
#777=ORIENTED_EDGE('',*,*,#1958,.F.);
#778=ORIENTED_EDGE('',*,*,#2075,.F.);
#779=ORIENTED_EDGE('',*,*,#2108,.F.);
#780=ORIENTED_EDGE('',*,*,#2122,.T.);
#781=ORIENTED_EDGE('',*,*,#2123,.T.);
#782=ORIENTED_EDGE('',*,*,#2124,.F.);
#783=ORIENTED_EDGE('',*,*,#2076,.T.);
#784=ORIENTED_EDGE('',*,*,#2123,.F.);
#785=ORIENTED_EDGE('',*,*,#2125,.F.);
#786=ORIENTED_EDGE('',*,*,#2126,.T.);
#787=ORIENTED_EDGE('',*,*,#2077,.T.);
#788=ORIENTED_EDGE('',*,*,#2126,.F.);
#789=ORIENTED_EDGE('',*,*,#2127,.F.);
#790=ORIENTED_EDGE('',*,*,#2106,.T.);
#791=ORIENTED_EDGE('',*,*,#2128,.F.);
#792=ORIENTED_EDGE('',*,*,#2089,.T.);
#793=ORIENTED_EDGE('',*,*,#2129,.T.);
#794=ORIENTED_EDGE('',*,*,#1946,.F.);
#795=ORIENTED_EDGE('',*,*,#2119,.F.);
#796=ORIENTED_EDGE('',*,*,#2130,.T.);
#797=ORIENTED_EDGE('',*,*,#1975,.T.);
#798=ORIENTED_EDGE('',*,*,#2107,.T.);
#799=ORIENTED_EDGE('',*,*,#2127,.T.);
#800=ORIENTED_EDGE('',*,*,#2125,.T.);
#801=ORIENTED_EDGE('',*,*,#2122,.F.);
#802=ORIENTED_EDGE('',*,*,#2131,.F.);
#803=ORIENTED_EDGE('',*,*,#1714,.T.);
#804=ORIENTED_EDGE('',*,*,#1679,.T.);
#805=ORIENTED_EDGE('',*,*,#1704,.F.);
#806=ORIENTED_EDGE('',*,*,#2068,.T.);
#807=ORIENTED_EDGE('',*,*,#2132,.F.);
#808=ORIENTED_EDGE('',*,*,#2133,.F.);
#809=ORIENTED_EDGE('',*,*,#1831,.T.);
#810=ORIENTED_EDGE('',*,*,#2134,.F.);
#811=ORIENTED_EDGE('',*,*,#2067,.F.);
#812=ORIENTED_EDGE('',*,*,#2135,.F.);
#813=ORIENTED_EDGE('',*,*,#2136,.T.);
#814=ORIENTED_EDGE('',*,*,#2132,.T.);
#815=ORIENTED_EDGE('',*,*,#2066,.F.);
#816=ORIENTED_EDGE('',*,*,#1833,.F.);
#817=ORIENTED_EDGE('',*,*,#2137,.T.);
#818=ORIENTED_EDGE('',*,*,#2135,.T.);
#819=ORIENTED_EDGE('',*,*,#1798,.T.);
#820=ORIENTED_EDGE('',*,*,#2138,.T.);
#821=ORIENTED_EDGE('',*,*,#2139,.T.);
#822=ORIENTED_EDGE('',*,*,#1926,.T.);
#823=ORIENTED_EDGE('',*,*,#2140,.T.);
#824=ORIENTED_EDGE('',*,*,#2141,.T.);
#825=ORIENTED_EDGE('',*,*,#2142,.F.);
#826=ORIENTED_EDGE('',*,*,#2143,.F.);
#827=ORIENTED_EDGE('',*,*,#2142,.T.);
#828=ORIENTED_EDGE('',*,*,#2144,.T.);
#829=ORIENTED_EDGE('',*,*,#2090,.F.);
#830=ORIENTED_EDGE('',*,*,#1973,.F.);
#831=ORIENTED_EDGE('',*,*,#2145,.F.);
#832=ORIENTED_EDGE('',*,*,#1799,.T.);
#833=ORIENTED_EDGE('',*,*,#2146,.F.);
#834=ORIENTED_EDGE('',*,*,#1832,.F.);
#835=ORIENTED_EDGE('',*,*,#2133,.T.);
#836=ORIENTED_EDGE('',*,*,#2136,.F.);
#837=ORIENTED_EDGE('',*,*,#2137,.F.);
#838=ORIENTED_EDGE('',*,*,#2128,.T.);
#839=ORIENTED_EDGE('',*,*,#2124,.T.);
#840=ORIENTED_EDGE('',*,*,#2143,.T.);
#841=ORIENTED_EDGE('',*,*,#2134,.T.);
#842=ORIENTED_EDGE('',*,*,#1646,.T.);
#843=ORIENTED_EDGE('',*,*,#1752,.T.);
#844=ORIENTED_EDGE('',*,*,#1720,.T.);
#845=ORIENTED_EDGE('',*,*,#1954,.T.);
#846=ORIENTED_EDGE('',*,*,#1715,.T.);
#847=ORIENTED_EDGE('',*,*,#2131,.T.);
#848=ORIENTED_EDGE('',*,*,#1703,.F.);
#849=ORIENTED_EDGE('',*,*,#1736,.T.);
#850=ORIENTED_EDGE('',*,*,#2147,.T.);
#851=ORIENTED_EDGE('',*,*,#1709,.F.);
#852=ORIENTED_EDGE('',*,*,#2148,.T.);
#853=ORIENTED_EDGE('',*,*,#1808,.F.);
#854=ORIENTED_EDGE('',*,*,#2092,.T.);
#855=ORIENTED_EDGE('',*,*,#2010,.T.);
#856=ORIENTED_EDGE('',*,*,#2121,.F.);
#857=ORIENTED_EDGE('',*,*,#2149,.T.);
#858=ORIENTED_EDGE('',*,*,#2150,.T.);
#859=ORIENTED_EDGE('',*,*,#2151,.T.);
#860=ORIENTED_EDGE('',*,*,#2152,.T.);
#861=ORIENTED_EDGE('',*,*,#2153,.T.);
#862=ORIENTED_EDGE('',*,*,#1635,.F.);
#863=ORIENTED_EDGE('',*,*,#2148,.F.);
#864=ORIENTED_EDGE('',*,*,#1708,.T.);
#865=ORIENTED_EDGE('',*,*,#2154,.T.);
#866=ORIENTED_EDGE('',*,*,#2155,.F.);
#867=ORIENTED_EDGE('',*,*,#2152,.F.);
#868=ORIENTED_EDGE('',*,*,#2156,.T.);
#869=ORIENTED_EDGE('',*,*,#2157,.T.);
#870=ORIENTED_EDGE('',*,*,#2158,.F.);
#871=ORIENTED_EDGE('',*,*,#2154,.F.);
#872=ORIENTED_EDGE('',*,*,#2159,.T.);
#873=ORIENTED_EDGE('',*,*,#1801,.F.);
#874=ORIENTED_EDGE('',*,*,#2145,.T.);
#875=ORIENTED_EDGE('',*,*,#2160,.F.);
#876=ORIENTED_EDGE('',*,*,#2157,.F.);
#877=ORIENTED_EDGE('',*,*,#1800,.F.);
#878=ORIENTED_EDGE('',*,*,#2149,.F.);
#879=ORIENTED_EDGE('',*,*,#2155,.T.);
#880=ORIENTED_EDGE('',*,*,#2158,.T.);
#881=ORIENTED_EDGE('',*,*,#2160,.T.);
#882=ORIENTED_EDGE('',*,*,#1972,.T.);
#883=ORIENTED_EDGE('',*,*,#2161,.T.);
#884=ORIENTED_EDGE('',*,*,#2162,.T.);
#885=ORIENTED_EDGE('',*,*,#2163,.T.);
#886=ORIENTED_EDGE('',*,*,#2164,.T.);
#887=ORIENTED_EDGE('',*,*,#2165,.F.);
#888=ORIENTED_EDGE('',*,*,#2166,.F.);
#889=ORIENTED_EDGE('',*,*,#2167,.T.);
#890=ORIENTED_EDGE('',*,*,#2168,.F.);
#891=ORIENTED_EDGE('',*,*,#2169,.F.);
#892=ORIENTED_EDGE('',*,*,#1961,.T.);
#893=ORIENTED_EDGE('',*,*,#2170,.F.);
#894=ORIENTED_EDGE('',*,*,#2171,.T.);
#895=ORIENTED_EDGE('',*,*,#2166,.T.);
#896=ORIENTED_EDGE('',*,*,#2172,.T.);
#897=ORIENTED_EDGE('',*,*,#2173,.F.);
#898=ORIENTED_EDGE('',*,*,#2117,.T.);
#899=ORIENTED_EDGE('',*,*,#2174,.T.);
#900=ORIENTED_EDGE('',*,*,#2170,.T.);
#901=ORIENTED_EDGE('',*,*,#2175,.T.);
#902=ORIENTED_EDGE('',*,*,#2130,.F.);
#903=ORIENTED_EDGE('',*,*,#2118,.T.);
#904=ORIENTED_EDGE('',*,*,#2173,.T.);
#905=ORIENTED_EDGE('',*,*,#2176,.T.);
#906=ORIENTED_EDGE('',*,*,#2165,.T.);
#907=ORIENTED_EDGE('',*,*,#2177,.T.);
#908=ORIENTED_EDGE('',*,*,#2178,.T.);
#909=ORIENTED_EDGE('',*,*,#1976,.F.);
#910=ORIENTED_EDGE('',*,*,#2176,.F.);
#911=ORIENTED_EDGE('',*,*,#2175,.F.);
#912=ORIENTED_EDGE('',*,*,#2172,.F.);
#913=ORIENTED_EDGE('',*,*,#1666,.T.);
#914=ORIENTED_EDGE('',*,*,#2179,.T.);
#915=ORIENTED_EDGE('',*,*,#2180,.T.);
#916=ORIENTED_EDGE('',*,*,#2181,.T.);
#917=ORIENTED_EDGE('',*,*,#1962,.F.);
#918=ORIENTED_EDGE('',*,*,#2169,.T.);
#919=ORIENTED_EDGE('',*,*,#2182,.T.);
#920=ORIENTED_EDGE('',*,*,#2183,.T.);
#921=ORIENTED_EDGE('',*,*,#2184,.F.);
#922=ORIENTED_EDGE('',*,*,#2167,.F.);
#923=ORIENTED_EDGE('',*,*,#1960,.T.);
#924=ORIENTED_EDGE('',*,*,#1743,.T.);
#925=ORIENTED_EDGE('',*,*,#2185,.F.);
#926=ORIENTED_EDGE('',*,*,#2186,.F.);
#927=ORIENTED_EDGE('',*,*,#1630,.F.);
#928=ORIENTED_EDGE('',*,*,#2187,.F.);
#929=ORIENTED_EDGE('',*,*,#2188,.F.);
#930=ORIENTED_EDGE('',*,*,#2189,.F.);
#931=ORIENTED_EDGE('',*,*,#1634,.F.);
#932=ORIENTED_EDGE('',*,*,#2190,.F.);
#933=ORIENTED_EDGE('',*,*,#2191,.F.);
#934=ORIENTED_EDGE('',*,*,#2192,.F.);
#935=ORIENTED_EDGE('',*,*,#1745,.T.);
#936=ORIENTED_EDGE('',*,*,#1959,.T.);
#937=ORIENTED_EDGE('',*,*,#1950,.T.);
#938=ORIENTED_EDGE('',*,*,#2193,.F.);
#939=ORIENTED_EDGE('',*,*,#2194,.F.);
#940=ORIENTED_EDGE('',*,*,#1654,.F.);
#941=ORIENTED_EDGE('',*,*,#2195,.F.);
#942=ORIENTED_EDGE('',*,*,#2196,.F.);
#943=ORIENTED_EDGE('',*,*,#2197,.F.);
#944=ORIENTED_EDGE('',*,*,#1647,.F.);
#945=ORIENTED_EDGE('',*,*,#2198,.F.);
#946=ORIENTED_EDGE('',*,*,#2199,.F.);
#947=ORIENTED_EDGE('',*,*,#2200,.F.);
#948=ORIENTED_EDGE('',*,*,#1658,.F.);
#949=ORIENTED_EDGE('',*,*,#2201,.F.);
#950=ORIENTED_EDGE('',*,*,#2202,.F.);
#951=ORIENTED_EDGE('',*,*,#2203,.F.);
#952=ORIENTED_EDGE('',*,*,#1652,.F.);
#953=ORIENTED_EDGE('',*,*,#2204,.F.);
#954=ORIENTED_EDGE('',*,*,#2205,.F.);
#955=ORIENTED_EDGE('',*,*,#1967,.F.);
#956=ORIENTED_EDGE('',*,*,#1964,.T.);
#957=ORIENTED_EDGE('',*,*,#2206,.T.);
#958=ORIENTED_EDGE('',*,*,#1649,.F.);
#959=ORIENTED_EDGE('',*,*,#1802,.F.);
#960=ORIENTED_EDGE('',*,*,#2159,.F.);
#961=ORIENTED_EDGE('',*,*,#2156,.F.);
#962=ORIENTED_EDGE('',*,*,#2151,.F.);
#963=ORIENTED_EDGE('',*,*,#2207,.T.);
#964=ORIENTED_EDGE('',*,*,#2208,.T.);
#965=ORIENTED_EDGE('',*,*,#1983,.F.);
#966=ORIENTED_EDGE('',*,*,#2116,.F.);
#967=ORIENTED_EDGE('',*,*,#1978,.F.);
#968=ORIENTED_EDGE('',*,*,#2209,.T.);
#969=ORIENTED_EDGE('',*,*,#2210,.T.);
#970=ORIENTED_EDGE('',*,*,#2163,.F.);
#971=ORIENTED_EDGE('',*,*,#2171,.F.);
#972=ORIENTED_EDGE('',*,*,#2174,.F.);
#973=ORIENTED_EDGE('',*,*,#2211,.F.);
#974=ORIENTED_EDGE('',*,*,#2212,.F.);
#975=ORIENTED_EDGE('',*,*,#1710,.F.);
#976=ORIENTED_EDGE('',*,*,#2147,.F.);
#977=ORIENTED_EDGE('',*,*,#1735,.F.);
#978=ORIENTED_EDGE('',*,*,#1696,.F.);
#979=ORIENTED_EDGE('',*,*,#2213,.F.);
#980=ORIENTED_EDGE('',*,*,#2214,.F.);
#981=ORIENTED_EDGE('',*,*,#2215,.F.);
#982=ORIENTED_EDGE('',*,*,#1690,.F.);
#983=ORIENTED_EDGE('',*,*,#2216,.F.);
#984=ORIENTED_EDGE('',*,*,#2217,.F.);
#985=ORIENTED_EDGE('',*,*,#2218,.F.);
#986=ORIENTED_EDGE('',*,*,#1686,.F.);
#987=ORIENTED_EDGE('',*,*,#2210,.F.);
#988=ORIENTED_EDGE('',*,*,#2219,.T.);
#989=ORIENTED_EDGE('',*,*,#2177,.F.);
#990=ORIENTED_EDGE('',*,*,#2164,.F.);
#991=ORIENTED_EDGE('',*,*,#2162,.F.);
#992=ORIENTED_EDGE('',*,*,#2220,.T.);
#993=ORIENTED_EDGE('',*,*,#2207,.F.);
#994=ORIENTED_EDGE('',*,*,#2150,.F.);
#995=ORIENTED_EDGE('',*,*,#2221,.F.);
#996=ORIENTED_EDGE('',*,*,#1662,.F.);
#997=ORIENTED_EDGE('',*,*,#2222,.F.);
#998=ORIENTED_EDGE('',*,*,#2223,.F.);
#999=ORIENTED_EDGE('',*,*,#2224,.F.);
#1000=ORIENTED_EDGE('',*,*,#1656,.F.);
#1001=ORIENTED_EDGE('',*,*,#2225,.F.);
#1002=ORIENTED_EDGE('',*,*,#2226,.F.);
#1003=ORIENTED_EDGE('',*,*,#2227,.F.);
#1004=ORIENTED_EDGE('',*,*,#1650,.F.);
#1005=ORIENTED_EDGE('',*,*,#2206,.F.);
#1006=ORIENTED_EDGE('',*,*,#1963,.F.);
#1007=ORIENTED_EDGE('',*,*,#2181,.F.);
#1008=ORIENTED_EDGE('',*,*,#2228,.F.);
#1009=ORIENTED_EDGE('',*,*,#1886,.T.);
#1010=ORIENTED_EDGE('',*,*,#2101,.F.);
#1011=ORIENTED_EDGE('',*,*,#2139,.F.);
#1012=ORIENTED_EDGE('',*,*,#2229,.T.);
#1013=ORIENTED_EDGE('',*,*,#1938,.T.);
#1014=ORIENTED_EDGE('',*,*,#1890,.T.);
#1015=ORIENTED_EDGE('',*,*,#1930,.F.);
#1016=ORIENTED_EDGE('',*,*,#2230,.F.);
#1017=ORIENTED_EDGE('',*,*,#1927,.F.);
#1018=ORIENTED_EDGE('',*,*,#1942,.F.);
#1019=ORIENTED_EDGE('',*,*,#2231,.T.);
#1020=ORIENTED_EDGE('',*,*,#1943,.T.);
#1021=ORIENTED_EDGE('',*,*,#1936,.T.);
#1022=ORIENTED_EDGE('',*,*,#2232,.T.);
#1023=ORIENTED_EDGE('',*,*,#1933,.T.);
#1024=ORIENTED_EDGE('',*,*,#1895,.F.);
#1025=ORIENTED_EDGE('',*,*,#2233,.F.);
#1026=ORIENTED_EDGE('',*,*,#1913,.T.);
#1027=ORIENTED_EDGE('',*,*,#2234,.T.);
#1028=ORIENTED_EDGE('',*,*,#1935,.F.);
#1029=ORIENTED_EDGE('',*,*,#2235,.F.);
#1030=ORIENTED_EDGE('',*,*,#2236,.T.);
#1031=ORIENTED_EDGE('',*,*,#2237,.T.);
#1032=ORIENTED_EDGE('',*,*,#1934,.T.);
#1033=ORIENTED_EDGE('',*,*,#1907,.F.);
#1034=ORIENTED_EDGE('',*,*,#2238,.F.);
#1035=ORIENTED_EDGE('',*,*,#2235,.T.);
#1036=ORIENTED_EDGE('',*,*,#2232,.F.);
#1037=ORIENTED_EDGE('',*,*,#2237,.F.);
#1038=ORIENTED_EDGE('',*,*,#2239,.T.);
#1039=ORIENTED_EDGE('',*,*,#1905,.T.);
#1040=ORIENTED_EDGE('',*,*,#2236,.F.);
#1041=ORIENTED_EDGE('',*,*,#2238,.T.);
#1042=ORIENTED_EDGE('',*,*,#1906,.T.);
#1043=ORIENTED_EDGE('',*,*,#2239,.F.);
#1044=ORIENTED_EDGE('',*,*,#1911,.T.);
#1045=ORIENTED_EDGE('',*,*,#2240,.T.);
#1046=ORIENTED_EDGE('',*,*,#2241,.F.);
#1047=ORIENTED_EDGE('',*,*,#2242,.F.);
#1048=ORIENTED_EDGE('',*,*,#1879,.T.);
#1049=ORIENTED_EDGE('',*,*,#2243,.T.);
#1050=ORIENTED_EDGE('',*,*,#1929,.F.);
#1051=ORIENTED_EDGE('',*,*,#2244,.F.);
#1052=ORIENTED_EDGE('',*,*,#2245,.T.);
#1053=ORIENTED_EDGE('',*,*,#2246,.T.);
#1054=ORIENTED_EDGE('',*,*,#2230,.T.);
#1055=ORIENTED_EDGE('',*,*,#2246,.F.);
#1056=ORIENTED_EDGE('',*,*,#2247,.F.);
#1057=ORIENTED_EDGE('',*,*,#1915,.T.);
#1058=ORIENTED_EDGE('',*,*,#1928,.F.);
#1059=ORIENTED_EDGE('',*,*,#1917,.F.);
#1060=ORIENTED_EDGE('',*,*,#2248,.T.);
#1061=ORIENTED_EDGE('',*,*,#2244,.T.);
#1062=ORIENTED_EDGE('',*,*,#1916,.T.);
#1063=ORIENTED_EDGE('',*,*,#2247,.T.);
#1064=ORIENTED_EDGE('',*,*,#2245,.F.);
#1065=ORIENTED_EDGE('',*,*,#2248,.F.);
#1066=ORIENTED_EDGE('',*,*,#1922,.T.);
#1067=ORIENTED_EDGE('',*,*,#2249,.T.);
#1068=ORIENTED_EDGE('',*,*,#2250,.F.);
#1069=ORIENTED_EDGE('',*,*,#2251,.F.);
#1070=ORIENTED_EDGE('',*,*,#2243,.F.);
#1071=ORIENTED_EDGE('',*,*,#1878,.T.);
#1072=ORIENTED_EDGE('',*,*,#1884,.T.);
#1073=ORIENTED_EDGE('',*,*,#2242,.T.);
#1074=ORIENTED_EDGE('',*,*,#2251,.T.);
#1075=ORIENTED_EDGE('',*,*,#1885,.F.);
#1076=ORIENTED_EDGE('',*,*,#1880,.T.);
#1077=ORIENTED_EDGE('',*,*,#2252,.F.);
#1078=ORIENTED_EDGE('',*,*,#2249,.F.);
#1079=ORIENTED_EDGE('',*,*,#1921,.T.);
#1080=ORIENTED_EDGE('',*,*,#1918,.T.);
#1081=ORIENTED_EDGE('',*,*,#1923,.T.);
#1082=ORIENTED_EDGE('',*,*,#2250,.T.);
#1083=ORIENTED_EDGE('',*,*,#2252,.T.);
#1084=ORIENTED_EDGE('',*,*,#1920,.F.);
#1085=ORIENTED_EDGE('',*,*,#2253,.F.);
#1086=ORIENTED_EDGE('',*,*,#1909,.F.);
#1087=ORIENTED_EDGE('',*,*,#1901,.T.);
#1088=ORIENTED_EDGE('',*,*,#1898,.T.);
#1089=ORIENTED_EDGE('',*,*,#1908,.T.);
#1090=ORIENTED_EDGE('',*,*,#2253,.T.);
#1091=ORIENTED_EDGE('',*,*,#1900,.F.);
#1092=ORIENTED_EDGE('',*,*,#1903,.T.);
#1093=ORIENTED_EDGE('',*,*,#2254,.F.);
#1094=ORIENTED_EDGE('',*,*,#2240,.F.);
#1095=ORIENTED_EDGE('',*,*,#1910,.T.);
#1096=ORIENTED_EDGE('',*,*,#2233,.T.);
#1097=ORIENTED_EDGE('',*,*,#1912,.T.);
#1098=ORIENTED_EDGE('',*,*,#2241,.T.);
#1099=ORIENTED_EDGE('',*,*,#2254,.T.);
#1100=ORIENTED_EDGE('',*,*,#2234,.F.);
#1101=ORIENTED_EDGE('',*,*,#1925,.F.);
#1102=ORIENTED_EDGE('',*,*,#2255,.T.);
#1103=ORIENTED_EDGE('',*,*,#2084,.F.);
#1104=ORIENTED_EDGE('',*,*,#2256,.T.);
#1105=ORIENTED_EDGE('',*,*,#2140,.F.);
#1106=ORIENTED_EDGE('',*,*,#2087,.F.);
#1107=ORIENTED_EDGE('',*,*,#2257,.T.);
#1108=ORIENTED_EDGE('',*,*,#1931,.F.);
#1109=ORIENTED_EDGE('',*,*,#1948,.F.);
#1110=ORIENTED_EDGE('',*,*,#2258,.T.);
#1111=ORIENTED_EDGE('',*,*,#1803,.T.);
#1112=ORIENTED_EDGE('',*,*,#2146,.T.);
#1113=ORIENTED_EDGE('',*,*,#2259,.T.);
#1114=ORIENTED_EDGE('',*,*,#2260,.T.);
#1115=ORIENTED_EDGE('',*,*,#1834,.F.);
#1116=ORIENTED_EDGE('',*,*,#2261,.F.);
#1117=ORIENTED_EDGE('',*,*,#2262,.F.);
#1118=ORIENTED_EDGE('',*,*,#2259,.F.);
#1119=ORIENTED_EDGE('',*,*,#2263,.T.);
#1120=ORIENTED_EDGE('',*,*,#1770,.T.);
#1121=ORIENTED_EDGE('',*,*,#2264,.T.);
#1122=ORIENTED_EDGE('',*,*,#2265,.T.);
#1123=ORIENTED_EDGE('',*,*,#2266,.F.);
#1124=ORIENTED_EDGE('',*,*,#1783,.F.);
#1125=ORIENTED_EDGE('',*,*,#2109,.T.);
#1126=ORIENTED_EDGE('',*,*,#2267,.F.);
#1127=ORIENTED_EDGE('',*,*,#2265,.F.);
#1128=ORIENTED_EDGE('',*,*,#2268,.T.);
#1129=ORIENTED_EDGE('',*,*,#2269,.F.);
#1130=ORIENTED_EDGE('',*,*,#1823,.T.);
#1131=ORIENTED_EDGE('',*,*,#2270,.T.);
#1132=ORIENTED_EDGE('',*,*,#2271,.F.);
#1133=ORIENTED_EDGE('',*,*,#2272,.T.);
#1134=ORIENTED_EDGE('',*,*,#2273,.T.);
#1135=ORIENTED_EDGE('',*,*,#2274,.F.);
#1136=ORIENTED_EDGE('',*,*,#1761,.T.);
#1137=ORIENTED_EDGE('',*,*,#2275,.F.);
#1138=ORIENTED_EDGE('',*,*,#2271,.T.);
#1139=ORIENTED_EDGE('',*,*,#2276,.T.);
#1140=ORIENTED_EDGE('',*,*,#2277,.F.);
#1141=ORIENTED_EDGE('',*,*,#2272,.F.);
#1142=ORIENTED_EDGE('',*,*,#2275,.T.);
#1143=ORIENTED_EDGE('',*,*,#1764,.F.);
#1144=ORIENTED_EDGE('',*,*,#2278,.F.);
#1145=ORIENTED_EDGE('',*,*,#2273,.F.);
#1146=ORIENTED_EDGE('',*,*,#2277,.T.);
#1147=ORIENTED_EDGE('',*,*,#1763,.F.);
#1148=ORIENTED_EDGE('',*,*,#1762,.T.);
#1149=ORIENTED_EDGE('',*,*,#2276,.F.);
#1150=ORIENTED_EDGE('',*,*,#2274,.T.);
#1151=ORIENTED_EDGE('',*,*,#2278,.T.);
#1152=ORIENTED_EDGE('',*,*,#2279,.F.);
#1153=ORIENTED_EDGE('',*,*,#1826,.T.);
#1154=ORIENTED_EDGE('',*,*,#2280,.T.);
#1155=ORIENTED_EDGE('',*,*,#2281,.F.);
#1156=ORIENTED_EDGE('',*,*,#2282,.T.);
#1157=ORIENTED_EDGE('',*,*,#2283,.T.);
#1158=ORIENTED_EDGE('',*,*,#2284,.F.);
#1159=ORIENTED_EDGE('',*,*,#1765,.T.);
#1160=ORIENTED_EDGE('',*,*,#2285,.F.);
#1161=ORIENTED_EDGE('',*,*,#2281,.T.);
#1162=ORIENTED_EDGE('',*,*,#2286,.T.);
#1163=ORIENTED_EDGE('',*,*,#2287,.F.);
#1164=ORIENTED_EDGE('',*,*,#2282,.F.);
#1165=ORIENTED_EDGE('',*,*,#2285,.T.);
#1166=ORIENTED_EDGE('',*,*,#1768,.F.);
#1167=ORIENTED_EDGE('',*,*,#2288,.F.);
#1168=ORIENTED_EDGE('',*,*,#2283,.F.);
#1169=ORIENTED_EDGE('',*,*,#2287,.T.);
#1170=ORIENTED_EDGE('',*,*,#1767,.F.);
#1171=ORIENTED_EDGE('',*,*,#1766,.T.);
#1172=ORIENTED_EDGE('',*,*,#2286,.F.);
#1173=ORIENTED_EDGE('',*,*,#2284,.T.);
#1174=ORIENTED_EDGE('',*,*,#2288,.T.);
#1175=ORIENTED_EDGE('',*,*,#2279,.T.);
#1176=ORIENTED_EDGE('',*,*,#2289,.T.);
#1177=ORIENTED_EDGE('',*,*,#1781,.F.);
#1178=ORIENTED_EDGE('',*,*,#1827,.T.);
#1179=ORIENTED_EDGE('',*,*,#2289,.F.);
#1180=ORIENTED_EDGE('',*,*,#2280,.F.);
#1181=ORIENTED_EDGE('',*,*,#1825,.T.);
#1182=ORIENTED_EDGE('',*,*,#1779,.T.);
#1183=ORIENTED_EDGE('',*,*,#2269,.T.);
#1184=ORIENTED_EDGE('',*,*,#2290,.T.);
#1185=ORIENTED_EDGE('',*,*,#1778,.F.);
#1186=ORIENTED_EDGE('',*,*,#1824,.T.);
#1187=ORIENTED_EDGE('',*,*,#2290,.F.);
#1188=ORIENTED_EDGE('',*,*,#2270,.F.);
#1189=ORIENTED_EDGE('',*,*,#1822,.T.);
#1190=ORIENTED_EDGE('',*,*,#1776,.T.);
#1191=ORIENTED_EDGE('',*,*,#2291,.F.);
#1192=ORIENTED_EDGE('',*,*,#1861,.F.);
#1193=ORIENTED_EDGE('',*,*,#1852,.T.);
#1194=ORIENTED_EDGE('',*,*,#2104,.T.);
#1195=ORIENTED_EDGE('',*,*,#1860,.T.);
#1196=ORIENTED_EDGE('',*,*,#2291,.T.);
#1197=ORIENTED_EDGE('',*,*,#2105,.F.);
#1198=ORIENTED_EDGE('',*,*,#1854,.T.);
#1199=ORIENTED_EDGE('',*,*,#2292,.F.);
#1200=ORIENTED_EDGE('',*,*,#1867,.F.);
#1201=ORIENTED_EDGE('',*,*,#1848,.T.);
#1202=ORIENTED_EDGE('',*,*,#2102,.T.);
#1203=ORIENTED_EDGE('',*,*,#1866,.T.);
#1204=ORIENTED_EDGE('',*,*,#2292,.T.);
#1205=ORIENTED_EDGE('',*,*,#2103,.F.);
#1206=ORIENTED_EDGE('',*,*,#1850,.T.);
#1207=ORIENTED_EDGE('',*,*,#1758,.T.);
#1208=ORIENTED_EDGE('',*,*,#2293,.T.);
#1209=ORIENTED_EDGE('',*,*,#1775,.F.);
#1210=ORIENTED_EDGE('',*,*,#1877,.T.);
#1211=ORIENTED_EDGE('',*,*,#2293,.F.);
#1212=ORIENTED_EDGE('',*,*,#1760,.F.);
#1213=ORIENTED_EDGE('',*,*,#1876,.T.);
#1214=ORIENTED_EDGE('',*,*,#1773,.T.);
#1215=ORIENTED_EDGE('',*,*,#1845,.T.);
#1216=ORIENTED_EDGE('',*,*,#2294,.T.);
#1217=ORIENTED_EDGE('',*,*,#1830,.F.);
#1218=ORIENTED_EDGE('',*,*,#1869,.T.);
#1219=ORIENTED_EDGE('',*,*,#2294,.F.);
#1220=ORIENTED_EDGE('',*,*,#1847,.F.);
#1221=ORIENTED_EDGE('',*,*,#1868,.T.);
#1222=ORIENTED_EDGE('',*,*,#1828,.T.);
#1223=ORIENTED_EDGE('',*,*,#1875,.T.);
#1224=ORIENTED_EDGE('',*,*,#2033,.T.);
#1225=ORIENTED_EDGE('',*,*,#2295,.T.);
#1226=ORIENTED_EDGE('',*,*,#1838,.F.);
#1227=ORIENTED_EDGE('',*,*,#2295,.F.);
#1228=ORIENTED_EDGE('',*,*,#2032,.F.);
#1229=ORIENTED_EDGE('',*,*,#1870,.T.);
#1230=ORIENTED_EDGE('',*,*,#1836,.T.);
#1231=ORIENTED_EDGE('',*,*,#1992,.F.);
#1232=ORIENTED_EDGE('',*,*,#1991,.F.);
#1233=ORIENTED_EDGE('',*,*,#1995,.F.);
#1234=ORIENTED_EDGE('',*,*,#2037,.F.);
#1235=ORIENTED_EDGE('',*,*,#1819,.T.);
#1236=ORIENTED_EDGE('',*,*,#2296,.T.);
#1237=ORIENTED_EDGE('',*,*,#2297,.T.);
#1238=ORIENTED_EDGE('',*,*,#1993,.F.);
#1239=ORIENTED_EDGE('',*,*,#2297,.F.);
#1240=ORIENTED_EDGE('',*,*,#2298,.T.);
#1241=ORIENTED_EDGE('',*,*,#2299,.T.);
#1242=ORIENTED_EDGE('',*,*,#1984,.F.);
#1243=ORIENTED_EDGE('',*,*,#2299,.F.);
#1244=ORIENTED_EDGE('',*,*,#2300,.T.);
#1245=ORIENTED_EDGE('',*,*,#1814,.F.);
#1246=ORIENTED_EDGE('',*,*,#2040,.F.);
#1247=ORIENTED_EDGE('',*,*,#2099,.F.);
#1248=ORIENTED_EDGE('',*,*,#2025,.F.);
#1249=ORIENTED_EDGE('',*,*,#2016,.F.);
#1250=ORIENTED_EDGE('',*,*,#2096,.F.);
#1251=ORIENTED_EDGE('',*,*,#1985,.F.);
#1252=ORIENTED_EDGE('',*,*,#1818,.T.);
#1253=ORIENTED_EDGE('',*,*,#2071,.T.);
#1254=ORIENTED_EDGE('',*,*,#1815,.F.);
#1255=ORIENTED_EDGE('',*,*,#2300,.F.);
#1256=ORIENTED_EDGE('',*,*,#2298,.F.);
#1257=ORIENTED_EDGE('',*,*,#2296,.F.);
#1258=ORIENTED_EDGE('',*,*,#2301,.F.);
#1259=ORIENTED_EDGE('',*,*,#1883,.T.);
#1260=ORIENTED_EDGE('',*,*,#2302,.T.);
#1261=ORIENTED_EDGE('',*,*,#1882,.F.);
#1262=ORIENTED_EDGE('',*,*,#2302,.F.);
#1263=ORIENTED_EDGE('',*,*,#1813,.F.);
#1264=ORIENTED_EDGE('',*,*,#2303,.F.);
#1265=ORIENTED_EDGE('',*,*,#2304,.F.);
#1266=ORIENTED_EDGE('',*,*,#2305,.T.);
#1267=ORIENTED_EDGE('',*,*,#1805,.F.);
#1268=ORIENTED_EDGE('',*,*,#2306,.F.);
#1269=ORIENTED_EDGE('',*,*,#2307,.F.);
#1270=ORIENTED_EDGE('',*,*,#2308,.T.);
#1271=ORIENTED_EDGE('',*,*,#2304,.T.);
#1272=ORIENTED_EDGE('',*,*,#2309,.F.);
#1273=ORIENTED_EDGE('',*,*,#1807,.T.);
#1274=ORIENTED_EDGE('',*,*,#2310,.T.);
#1275=ORIENTED_EDGE('',*,*,#2307,.T.);
#1276=ORIENTED_EDGE('',*,*,#2305,.F.);
#1277=ORIENTED_EDGE('',*,*,#2308,.F.);
#1278=ORIENTED_EDGE('',*,*,#2310,.F.);
#1279=ORIENTED_EDGE('',*,*,#1806,.T.);
#1280=ORIENTED_EDGE('',*,*,#1811,.F.);
#1281=ORIENTED_EDGE('',*,*,#2303,.T.);
#1282=ORIENTED_EDGE('',*,*,#1804,.F.);
#1283=ORIENTED_EDGE('',*,*,#2309,.T.);
#1284=ORIENTED_EDGE('',*,*,#2306,.T.);
#1285=ORIENTED_EDGE('',*,*,#1812,.T.);
#1286=ORIENTED_EDGE('',*,*,#2311,.T.);
#1287=ORIENTED_EDGE('',*,*,#2110,.T.);
#1288=ORIENTED_EDGE('',*,*,#2312,.F.);
#1289=ORIENTED_EDGE('',*,*,#2313,.T.);
#1290=ORIENTED_EDGE('',*,*,#2314,.T.);
#1291=ORIENTED_EDGE('',*,*,#2315,.F.);
#1292=ORIENTED_EDGE('',*,*,#2316,.F.);
#1293=ORIENTED_EDGE('',*,*,#2112,.F.);
#1294=ORIENTED_EDGE('',*,*,#2317,.T.);
#1295=ORIENTED_EDGE('',*,*,#2313,.F.);
#1296=ORIENTED_EDGE('',*,*,#2318,.F.);
#1297=ORIENTED_EDGE('',*,*,#2315,.T.);
#1298=ORIENTED_EDGE('',*,*,#1809,.F.);
#1299=ORIENTED_EDGE('',*,*,#2312,.T.);
#1300=ORIENTED_EDGE('',*,*,#2113,.F.);
#1301=ORIENTED_EDGE('',*,*,#2316,.T.);
#1302=ORIENTED_EDGE('',*,*,#2318,.T.);
#1303=ORIENTED_EDGE('',*,*,#2301,.T.);
#1304=ORIENTED_EDGE('',*,*,#2311,.F.);
#1305=ORIENTED_EDGE('',*,*,#2317,.F.);
#1306=ORIENTED_EDGE('',*,*,#2314,.F.);
#1307=ORIENTED_EDGE('',*,*,#2111,.T.);
#1308=ORIENTED_EDGE('',*,*,#2144,.F.);
#1309=ORIENTED_EDGE('',*,*,#2141,.F.);
#1310=ORIENTED_EDGE('',*,*,#2256,.F.);
#1311=ORIENTED_EDGE('',*,*,#2091,.F.);
#1312=ORIENTED_EDGE('',*,*,#2129,.F.);
#1313=ORIENTED_EDGE('',*,*,#2088,.F.);
#1314=ORIENTED_EDGE('',*,*,#2258,.F.);
#1315=ORIENTED_EDGE('',*,*,#1947,.F.);
#1316=ORIENTED_EDGE('',*,*,#2085,.F.);
#1317=ORIENTED_EDGE('',*,*,#2255,.F.);
#1318=ORIENTED_EDGE('',*,*,#1924,.F.);
#1319=ORIENTED_EDGE('',*,*,#1888,.F.);
#1320=ORIENTED_EDGE('',*,*,#1932,.F.);
#1321=ORIENTED_EDGE('',*,*,#2257,.F.);
#1322=ORIENTED_EDGE('',*,*,#2086,.F.);
#1323=ORIENTED_EDGE('',*,*,#1897,.F.);
#1324=ORIENTED_EDGE('',*,*,#2120,.F.);
#1325=ORIENTED_EDGE('',*,*,#1944,.F.);
#1326=ORIENTED_EDGE('',*,*,#2231,.F.);
#1327=ORIENTED_EDGE('',*,*,#1941,.F.);
#1328=ORIENTED_EDGE('',*,*,#1797,.F.);
#1329=ORIENTED_EDGE('',*,*,#1939,.F.);
#1330=ORIENTED_EDGE('',*,*,#2229,.F.);
#1331=ORIENTED_EDGE('',*,*,#2138,.F.);
#1332=ORIENTED_EDGE('',*,*,#2208,.F.);
#1333=ORIENTED_EDGE('',*,*,#2220,.F.);
#1334=ORIENTED_EDGE('',*,*,#2161,.F.);
#1335=ORIENTED_EDGE('',*,*,#1971,.F.);
#1336=ORIENTED_EDGE('',*,*,#2209,.F.);
#1337=ORIENTED_EDGE('',*,*,#1977,.F.);
#1338=ORIENTED_EDGE('',*,*,#2178,.F.);
#1339=ORIENTED_EDGE('',*,*,#2219,.F.);
#1340=ORIENTED_EDGE('',*,*,#2078,.T.);
#1341=ORIENTED_EDGE('',*,*,#2319,.F.);
#1342=ORIENTED_EDGE('',*,*,#2320,.F.);
#1343=ORIENTED_EDGE('',*,*,#2321,.T.);
#1344=ORIENTED_EDGE('',*,*,#2083,.F.);
#1345=ORIENTED_EDGE('',*,*,#2322,.F.);
#1346=ORIENTED_EDGE('',*,*,#2323,.T.);
#1347=ORIENTED_EDGE('',*,*,#2319,.T.);
#1348=ORIENTED_EDGE('',*,*,#2082,.F.);
#1349=ORIENTED_EDGE('',*,*,#2324,.F.);
#1350=ORIENTED_EDGE('',*,*,#2325,.T.);
#1351=ORIENTED_EDGE('',*,*,#2322,.T.);
#1352=ORIENTED_EDGE('',*,*,#2081,.F.);
#1353=ORIENTED_EDGE('',*,*,#2326,.F.);
#1354=ORIENTED_EDGE('',*,*,#2327,.T.);
#1355=ORIENTED_EDGE('',*,*,#2324,.T.);
#1356=ORIENTED_EDGE('',*,*,#2080,.T.);
#1357=ORIENTED_EDGE('',*,*,#2328,.F.);
#1358=ORIENTED_EDGE('',*,*,#2329,.F.);
#1359=ORIENTED_EDGE('',*,*,#2326,.T.);
#1360=ORIENTED_EDGE('',*,*,#2079,.T.);
#1361=ORIENTED_EDGE('',*,*,#2321,.F.);
#1362=ORIENTED_EDGE('',*,*,#2330,.F.);
#1363=ORIENTED_EDGE('',*,*,#2328,.T.);
#1364=ORIENTED_EDGE('',*,*,#2320,.T.);
#1365=ORIENTED_EDGE('',*,*,#2323,.F.);
#1366=ORIENTED_EDGE('',*,*,#2325,.F.);
#1367=ORIENTED_EDGE('',*,*,#2327,.F.);
#1368=ORIENTED_EDGE('',*,*,#2329,.T.);
#1369=ORIENTED_EDGE('',*,*,#2330,.T.);
#1370=ORIENTED_EDGE('',*,*,#2261,.T.);
#1371=ORIENTED_EDGE('',*,*,#2065,.F.);
#1372=ORIENTED_EDGE('',*,*,#2331,.F.);
#1373=ORIENTED_EDGE('',*,*,#2263,.F.);
#1374=ORIENTED_EDGE('',*,*,#2331,.T.);
#1375=ORIENTED_EDGE('',*,*,#2064,.T.);
#1376=ORIENTED_EDGE('',*,*,#1771,.F.);
#1377=ORIENTED_EDGE('',*,*,#2267,.T.);
#1378=ORIENTED_EDGE('',*,*,#2073,.F.);
#1379=ORIENTED_EDGE('',*,*,#2332,.F.);
#1380=ORIENTED_EDGE('',*,*,#2266,.T.);
#1381=ORIENTED_EDGE('',*,*,#2332,.T.);
#1382=ORIENTED_EDGE('',*,*,#2072,.T.);
#1383=ORIENTED_EDGE('',*,*,#1784,.F.);
#1384=ORIENTED_EDGE('',*,*,#2260,.F.);
#1385=ORIENTED_EDGE('',*,*,#2262,.T.);
#1386=ORIENTED_EDGE('',*,*,#2333,.T.);
#1387=ORIENTED_EDGE('',*,*,#2069,.T.);
#1388=ORIENTED_EDGE('',*,*,#2333,.F.);
#1389=ORIENTED_EDGE('',*,*,#1782,.T.);
#1390=ORIENTED_EDGE('',*,*,#2070,.F.);
#1391=ORIENTED_EDGE('',*,*,#2268,.F.);
#1392=ORIENTED_EDGE('',*,*,#2264,.F.);
#1393=ORIENTED_EDGE('',*,*,#2334,.T.);
#1394=ORIENTED_EDGE('',*,*,#2062,.T.);
#1395=ORIENTED_EDGE('',*,*,#2334,.F.);
#1396=ORIENTED_EDGE('',*,*,#1769,.T.);
#1397=ORIENTED_EDGE('',*,*,#2063,.F.);
#1398=ORIENTED_EDGE('',*,*,#2100,.F.);
#1399=ORIENTED_EDGE('',*,*,#2005,.T.);
#1400=ORIENTED_EDGE('',*,*,#2027,.F.);
#1401=ORIENTED_EDGE('',*,*,#2012,.F.);
#1402=ORIENTED_EDGE('',*,*,#1793,.T.);
#1403=ORIENTED_EDGE('',*,*,#2335,.T.);
#1404=ORIENTED_EDGE('',*,*,#1792,.F.);
#1405=ORIENTED_EDGE('',*,*,#1982,.T.);
#1406=ORIENTED_EDGE('',*,*,#2013,.T.);
#1407=ORIENTED_EDGE('',*,*,#2335,.F.);
#1408=ORIENTED_EDGE('',*,*,#2114,.F.);
#1409=ORIENTED_EDGE('',*,*,#2008,.T.);
#1410=ORIENTED_EDGE('',*,*,#2336,.F.);
#1411=ORIENTED_EDGE('',*,*,#2115,.F.);
#1412=ORIENTED_EDGE('',*,*,#2336,.T.);
#1413=ORIENTED_EDGE('',*,*,#2014,.T.);
#1414=ORIENTED_EDGE('',*,*,#1980,.F.);
#1415=ORIENTED_EDGE('',*,*,#2337,.F.);
#1416=ORIENTED_EDGE('',*,*,#2338,.T.);
#1417=ORIENTED_EDGE('',*,*,#2339,.F.);
#1418=ORIENTED_EDGE('',*,*,#2188,.T.);
#1419=ORIENTED_EDGE('',*,*,#2340,.F.);
#1420=ORIENTED_EDGE('',*,*,#2341,.T.);
#1421=ORIENTED_EDGE('',*,*,#2342,.F.);
#1422=ORIENTED_EDGE('',*,*,#2185,.T.);
#1423=ORIENTED_EDGE('',*,*,#1742,.T.);
#1424=ORIENTED_EDGE('',*,*,#2343,.F.);
#1425=ORIENTED_EDGE('',*,*,#2182,.F.);
#1426=ORIENTED_EDGE('',*,*,#2168,.T.);
#1427=ORIENTED_EDGE('',*,*,#2184,.T.);
#1428=ORIENTED_EDGE('',*,*,#2344,.F.);
#1429=ORIENTED_EDGE('',*,*,#2337,.T.);
#1430=ORIENTED_EDGE('',*,*,#2190,.T.);
#1431=ORIENTED_EDGE('',*,*,#1633,.F.);
#1432=ORIENTED_EDGE('',*,*,#2345,.F.);
#1433=ORIENTED_EDGE('',*,*,#1631,.F.);
#1434=ORIENTED_EDGE('',*,*,#2189,.T.);
#1435=ORIENTED_EDGE('',*,*,#2339,.T.);
#1436=ORIENTED_EDGE('',*,*,#2346,.F.);
#1437=ORIENTED_EDGE('',*,*,#2340,.T.);
#1438=ORIENTED_EDGE('',*,*,#2187,.T.);
#1439=ORIENTED_EDGE('',*,*,#1629,.F.);
#1440=ORIENTED_EDGE('',*,*,#1636,.F.);
#1441=ORIENTED_EDGE('',*,*,#2153,.F.);
#1442=ORIENTED_EDGE('',*,*,#1707,.T.);
#1443=ORIENTED_EDGE('',*,*,#2347,.F.);
#1444=ORIENTED_EDGE('',*,*,#1753,.T.);
#1445=ORIENTED_EDGE('',*,*,#1644,.F.);
#1446=ORIENTED_EDGE('',*,*,#2348,.F.);
#1447=ORIENTED_EDGE('',*,*,#2349,.F.);
#1448=ORIENTED_EDGE('',*,*,#2350,.F.);
#1449=ORIENTED_EDGE('',*,*,#1640,.F.);
#1450=ORIENTED_EDGE('',*,*,#2351,.F.);
#1451=ORIENTED_EDGE('',*,*,#2352,.F.);
#1452=ORIENTED_EDGE('',*,*,#2353,.F.);
#1453=ORIENTED_EDGE('',*,*,#2354,.F.);
#1454=ORIENTED_EDGE('',*,*,#1757,.F.);
#1455=ORIENTED_EDGE('',*,*,#1637,.F.);
#1456=ORIENTED_EDGE('',*,*,#2353,.T.);
#1457=ORIENTED_EDGE('',*,*,#2355,.F.);
#1458=ORIENTED_EDGE('',*,*,#2351,.T.);
#1459=ORIENTED_EDGE('',*,*,#1639,.F.);
#1460=ORIENTED_EDGE('',*,*,#1756,.F.);
#1461=ORIENTED_EDGE('',*,*,#2356,.F.);
#1462=ORIENTED_EDGE('',*,*,#1699,.F.);
#1463=ORIENTED_EDGE('',*,*,#1641,.F.);
#1464=ORIENTED_EDGE('',*,*,#2350,.T.);
#1465=ORIENTED_EDGE('',*,*,#2357,.F.);
#1466=ORIENTED_EDGE('',*,*,#1711,.T.);
#1467=ORIENTED_EDGE('',*,*,#2212,.T.);
#1468=ORIENTED_EDGE('',*,*,#2358,.F.);
#1469=ORIENTED_EDGE('',*,*,#1748,.T.);
#1470=ORIENTED_EDGE('',*,*,#1749,.T.);
#1471=ORIENTED_EDGE('',*,*,#2358,.T.);
#1472=ORIENTED_EDGE('',*,*,#2211,.T.);
#1473=ORIENTED_EDGE('',*,*,#1685,.F.);
#1474=ORIENTED_EDGE('',*,*,#1747,.T.);
#1475=ORIENTED_EDGE('',*,*,#1681,.F.);
#1476=ORIENTED_EDGE('',*,*,#1705,.T.);
#1477=ORIENTED_EDGE('',*,*,#2357,.T.);
#1478=ORIENTED_EDGE('',*,*,#2359,.F.);
#1479=ORIENTED_EDGE('',*,*,#1739,.T.);
#1480=ORIENTED_EDGE('',*,*,#2360,.F.);
#1481=ORIENTED_EDGE('',*,*,#2228,.T.);
#1482=ORIENTED_EDGE('',*,*,#2180,.F.);
#1483=ORIENTED_EDGE('',*,*,#1740,.T.);
#1484=ORIENTED_EDGE('',*,*,#2359,.T.);
#1485=ORIENTED_EDGE('',*,*,#2179,.F.);
#1486=ORIENTED_EDGE('',*,*,#1665,.F.);
#1487=ORIENTED_EDGE('',*,*,#1738,.T.);
#1488=ORIENTED_EDGE('',*,*,#1663,.F.);
#1489=ORIENTED_EDGE('',*,*,#2221,.T.);
#1490=ORIENTED_EDGE('',*,*,#2360,.T.);
#1491=ORIENTED_EDGE('',*,*,#2361,.F.);
#1492=ORIENTED_EDGE('',*,*,#2199,.T.);
#1493=ORIENTED_EDGE('',*,*,#2362,.F.);
#1494=ORIENTED_EDGE('',*,*,#2226,.T.);
#1495=ORIENTED_EDGE('',*,*,#2198,.T.);
#1496=ORIENTED_EDGE('',*,*,#1651,.F.);
#1497=ORIENTED_EDGE('',*,*,#2227,.T.);
#1498=ORIENTED_EDGE('',*,*,#2362,.T.);
#1499=ORIENTED_EDGE('',*,*,#2200,.T.);
#1500=ORIENTED_EDGE('',*,*,#2361,.T.);
#1501=ORIENTED_EDGE('',*,*,#2225,.T.);
#1502=ORIENTED_EDGE('',*,*,#1659,.F.);
#1503=ORIENTED_EDGE('',*,*,#2363,.F.);
#1504=ORIENTED_EDGE('',*,*,#2223,.T.);
#1505=ORIENTED_EDGE('',*,*,#2364,.F.);
#1506=ORIENTED_EDGE('',*,*,#1746,.T.);
#1507=ORIENTED_EDGE('',*,*,#2192,.T.);
#1508=ORIENTED_EDGE('',*,*,#1737,.T.);
#1509=ORIENTED_EDGE('',*,*,#2364,.T.);
#1510=ORIENTED_EDGE('',*,*,#2222,.T.);
#1511=ORIENTED_EDGE('',*,*,#1661,.F.);
#1512=ORIENTED_EDGE('',*,*,#2191,.T.);
#1513=ORIENTED_EDGE('',*,*,#1657,.F.);
#1514=ORIENTED_EDGE('',*,*,#2224,.T.);
#1515=ORIENTED_EDGE('',*,*,#2363,.T.);
#1516=ORIENTED_EDGE('',*,*,#2365,.F.);
#1517=ORIENTED_EDGE('',*,*,#2214,.T.);
#1518=ORIENTED_EDGE('',*,*,#2366,.F.);
#1519=ORIENTED_EDGE('',*,*,#1725,.F.);
#1520=ORIENTED_EDGE('',*,*,#2366,.T.);
#1521=ORIENTED_EDGE('',*,*,#2213,.T.);
#1522=ORIENTED_EDGE('',*,*,#1695,.F.);
#1523=ORIENTED_EDGE('',*,*,#1726,.F.);
#1524=ORIENTED_EDGE('',*,*,#1691,.F.);
#1525=ORIENTED_EDGE('',*,*,#2215,.T.);
#1526=ORIENTED_EDGE('',*,*,#2365,.T.);
#1527=ORIENTED_EDGE('',*,*,#1724,.F.);
#1528=ORIENTED_EDGE('',*,*,#2367,.F.);
#1529=ORIENTED_EDGE('',*,*,#1722,.F.);
#1530=ORIENTED_EDGE('',*,*,#1751,.T.);
#1531=ORIENTED_EDGE('',*,*,#2368,.F.);
#1532=ORIENTED_EDGE('',*,*,#2217,.T.);
#1533=ORIENTED_EDGE('',*,*,#1750,.T.);
#1534=ORIENTED_EDGE('',*,*,#1687,.F.);
#1535=ORIENTED_EDGE('',*,*,#2218,.T.);
#1536=ORIENTED_EDGE('',*,*,#2368,.T.);
#1537=ORIENTED_EDGE('',*,*,#2367,.T.);
#1538=ORIENTED_EDGE('',*,*,#2216,.T.);
#1539=ORIENTED_EDGE('',*,*,#1689,.F.);
#1540=ORIENTED_EDGE('',*,*,#1723,.F.);
#1541=ORIENTED_EDGE('',*,*,#2369,.F.);
#1542=ORIENTED_EDGE('',*,*,#2196,.T.);
#1543=ORIENTED_EDGE('',*,*,#2370,.F.);
#1544=ORIENTED_EDGE('',*,*,#2202,.T.);
#1545=ORIENTED_EDGE('',*,*,#2195,.T.);
#1546=ORIENTED_EDGE('',*,*,#1653,.F.);
#1547=ORIENTED_EDGE('',*,*,#2203,.T.);
#1548=ORIENTED_EDGE('',*,*,#2370,.T.);
#1549=ORIENTED_EDGE('',*,*,#2197,.T.);
#1550=ORIENTED_EDGE('',*,*,#2369,.T.);
#1551=ORIENTED_EDGE('',*,*,#2201,.T.);
#1552=ORIENTED_EDGE('',*,*,#1648,.F.);
#1553=ORIENTED_EDGE('',*,*,#2371,.F.);
#1554=ORIENTED_EDGE('',*,*,#1733,.F.);
#1555=ORIENTED_EDGE('',*,*,#2372,.F.);
#1556=ORIENTED_EDGE('',*,*,#1728,.F.);
#1557=ORIENTED_EDGE('',*,*,#2372,.T.);
#1558=ORIENTED_EDGE('',*,*,#1732,.F.);
#1559=ORIENTED_EDGE('',*,*,#1675,.F.);
#1560=ORIENTED_EDGE('',*,*,#1729,.F.);
#1561=ORIENTED_EDGE('',*,*,#1693,.F.);
#1562=ORIENTED_EDGE('',*,*,#1734,.F.);
#1563=ORIENTED_EDGE('',*,*,#2371,.T.);
#1564=ORIENTED_EDGE('',*,*,#1727,.F.);
#1565=ORIENTED_EDGE('',*,*,#2373,.F.);
#1566=ORIENTED_EDGE('',*,*,#1730,.F.);
#1567=ORIENTED_EDGE('',*,*,#1701,.T.);
#1568=ORIENTED_EDGE('',*,*,#2374,.F.);
#1569=ORIENTED_EDGE('',*,*,#1712,.F.);
#1570=ORIENTED_EDGE('',*,*,#1953,.F.);
#1571=ORIENTED_EDGE('',*,*,#1718,.F.);
#1572=ORIENTED_EDGE('',*,*,#1700,.T.);
#1573=ORIENTED_EDGE('',*,*,#1677,.F.);
#1574=ORIENTED_EDGE('',*,*,#1713,.F.);
#1575=ORIENTED_EDGE('',*,*,#2374,.T.);
#1576=ORIENTED_EDGE('',*,*,#1673,.F.);
#1577=ORIENTED_EDGE('',*,*,#1731,.F.);
#1578=ORIENTED_EDGE('',*,*,#2373,.T.);
#1579=ORIENTED_EDGE('',*,*,#1717,.F.);
#1580=ORIENTED_EDGE('',*,*,#2375,.F.);
#1581=ORIENTED_EDGE('',*,*,#2193,.T.);
#1582=ORIENTED_EDGE('',*,*,#1949,.T.);
#1583=ORIENTED_EDGE('',*,*,#1956,.T.);
#1584=ORIENTED_EDGE('',*,*,#2376,.F.);
#1585=ORIENTED_EDGE('',*,*,#1968,.F.);
#1586=ORIENTED_EDGE('',*,*,#2205,.T.);
#1587=ORIENTED_EDGE('',*,*,#2194,.T.);
#1588=ORIENTED_EDGE('',*,*,#2375,.T.);
#1589=ORIENTED_EDGE('',*,*,#2204,.T.);
#1590=ORIENTED_EDGE('',*,*,#1655,.F.);
#1591=ORIENTED_EDGE('',*,*,#1955,.T.);
#1592=ORIENTED_EDGE('',*,*,#1669,.F.);
#1593=ORIENTED_EDGE('',*,*,#1969,.F.);
#1594=ORIENTED_EDGE('',*,*,#2376,.T.);
#1595=ORIENTED_EDGE('',*,*,#1754,.T.);
#1596=ORIENTED_EDGE('',*,*,#2347,.T.);
#1597=ORIENTED_EDGE('',*,*,#1706,.T.);
#1598=ORIENTED_EDGE('',*,*,#1683,.F.);
#1599=ORIENTED_EDGE('',*,*,#2377,.F.);
#1600=ORIENTED_EDGE('',*,*,#2348,.T.);
#1601=ORIENTED_EDGE('',*,*,#1643,.F.);
#1602=ORIENTED_EDGE('',*,*,#1698,.F.);
#1603=ORIENTED_EDGE('',*,*,#2378,.F.);
#1604=ORIENTED_EDGE('',*,*,#1627,.F.);
#1605=ORIENTED_EDGE('',*,*,#2186,.T.);
#1606=ORIENTED_EDGE('',*,*,#2342,.T.);
#1607=ORIENTED_EDGE('',*,*,#1741,.T.);
#1608=ORIENTED_EDGE('',*,*,#1667,.F.);
#1609=ORIENTED_EDGE('',*,*,#2183,.F.);
#1610=ORIENTED_EDGE('',*,*,#2343,.T.);
#1611=ORIENTED_EDGE('',*,*,#2341,.F.);
#1612=ORIENTED_EDGE('',*,*,#2346,.T.);
#1613=ORIENTED_EDGE('',*,*,#1628,.F.);
#1614=ORIENTED_EDGE('',*,*,#2378,.T.);
#1615=ORIENTED_EDGE('',*,*,#1697,.T.);
#1616=ORIENTED_EDGE('',*,*,#2356,.T.);
#1617=ORIENTED_EDGE('',*,*,#2349,.T.);
#1618=ORIENTED_EDGE('',*,*,#2377,.T.);
#1619=ORIENTED_EDGE('',*,*,#1755,.T.);
#1620=ORIENTED_EDGE('',*,*,#2354,.T.);
#1621=ORIENTED_EDGE('',*,*,#2352,.T.);
#1622=ORIENTED_EDGE('',*,*,#2355,.T.);
#1623=ORIENTED_EDGE('',*,*,#2338,.F.);
#1624=ORIENTED_EDGE('',*,*,#2344,.T.);
#1625=ORIENTED_EDGE('',*,*,#1632,.F.);
#1626=ORIENTED_EDGE('',*,*,#2345,.T.);
#1627=EDGE_CURVE('',#2379,#2380,#2884,.T.);
#1628=EDGE_CURVE('',#2380,#2381,#2885,.T.);
#1629=EDGE_CURVE('',#2381,#2382,#2886,.T.);
#1630=EDGE_CURVE('',#2382,#2379,#2887,.T.);
#1631=EDGE_CURVE('',#2383,#2384,#2888,.T.);
#1632=EDGE_CURVE('',#2384,#2385,#2889,.T.);
#1633=EDGE_CURVE('',#2385,#2386,#2890,.T.);
#1634=EDGE_CURVE('',#2386,#2383,#2891,.T.);
#1635=EDGE_CURVE('',#2387,#2388,#2892,.T.);
#1636=EDGE_CURVE('',#2388,#2389,#2893,.T.);
#1637=EDGE_CURVE('',#2389,#2390,#2894,.T.);
#1638=EDGE_CURVE('',#2390,#2391,#2895,.T.);
#1639=EDGE_CURVE('',#2391,#2392,#2896,.T.);
#1640=EDGE_CURVE('',#2392,#2393,#2897,.T.);
#1641=EDGE_CURVE('',#2393,#2394,#2898,.T.);
#1642=EDGE_CURVE('',#2394,#2395,#2899,.T.);
#1643=EDGE_CURVE('',#2395,#2396,#2900,.T.);
#1644=EDGE_CURVE('',#2396,#2397,#2901,.T.);
#1645=EDGE_CURVE('',#2397,#2398,#2902,.F.);
#1646=EDGE_CURVE('',#2387,#2398,#2903,.T.);
#1647=EDGE_CURVE('',#2399,#2400,#2904,.T.);
#1648=EDGE_CURVE('',#2400,#2401,#2905,.T.);
#1649=EDGE_CURVE('',#2401,#2402,#2906,.T.);
#1650=EDGE_CURVE('',#2402,#2403,#50,.F.);
#1651=EDGE_CURVE('',#2403,#2399,#2907,.T.);
#1652=EDGE_CURVE('',#2404,#2405,#2908,.T.);
#1653=EDGE_CURVE('',#2405,#2406,#2909,.T.);
#1654=EDGE_CURVE('',#2406,#2407,#2910,.T.);
#1655=EDGE_CURVE('',#2407,#2404,#2911,.T.);
#1656=EDGE_CURVE('',#2408,#2409,#51,.F.);
#1657=EDGE_CURVE('',#2409,#2410,#2912,.T.);
#1658=EDGE_CURVE('',#2410,#2411,#2913,.T.);
#1659=EDGE_CURVE('',#2411,#2408,#2914,.T.);
#1660=EDGE_CURVE('',#2412,#2413,#52,.T.);
#1661=EDGE_CURVE('',#2413,#2414,#2915,.T.);
#1662=EDGE_CURVE('',#2414,#2415,#53,.F.);
#1663=EDGE_CURVE('',#2415,#2412,#2916,.T.);
#1664=EDGE_CURVE('',#2416,#2417,#54,.T.);
#1665=EDGE_CURVE('',#2417,#2418,#2917,.T.);
#1666=EDGE_CURVE('',#2419,#2418,#2918,.T.);
#1667=EDGE_CURVE('',#2419,#2416,#2919,.T.);
#1668=EDGE_CURVE('',#2420,#2421,#2920,.T.);
#1669=EDGE_CURVE('',#2420,#2422,#2921,.T.);
#1670=EDGE_CURVE('',#2422,#2423,#2922,.T.);
#1671=EDGE_CURVE('',#2423,#2421,#2923,.T.);
#1672=EDGE_CURVE('',#2424,#2425,#2924,.T.);
#1673=EDGE_CURVE('',#2424,#2426,#2925,.T.);
#1674=EDGE_CURVE('',#2427,#2426,#2926,.T.);
#1675=EDGE_CURVE('',#2427,#2425,#2927,.T.);
#1676=EDGE_CURVE('',#2428,#2429,#2928,.T.);
#1677=EDGE_CURVE('',#2428,#2430,#2929,.T.);
#1678=EDGE_CURVE('',#2430,#2431,#2930,.T.);
#1679=EDGE_CURVE('',#2429,#2431,#2931,.T.);
#1680=EDGE_CURVE('',#2432,#2433,#2932,.T.);
#1681=EDGE_CURVE('',#2433,#2434,#2933,.T.);
#1682=EDGE_CURVE('',#2434,#2435,#55,.T.);
#1683=EDGE_CURVE('',#2435,#2432,#2934,.T.);
#1684=EDGE_CURVE('',#2436,#2437,#56,.T.);
#1685=EDGE_CURVE('',#2437,#2438,#2935,.T.);
#1686=EDGE_CURVE('',#2438,#2439,#57,.F.);
#1687=EDGE_CURVE('',#2439,#2436,#2936,.T.);
#1688=EDGE_CURVE('',#2440,#2441,#2937,.T.);
#1689=EDGE_CURVE('',#2440,#2442,#2938,.T.);
#1690=EDGE_CURVE('',#2442,#2443,#58,.F.);
#1691=EDGE_CURVE('',#2443,#2441,#2939,.T.);
#1692=EDGE_CURVE('',#2444,#2445,#2940,.T.);
#1693=EDGE_CURVE('',#2444,#2446,#2941,.T.);
#1694=EDGE_CURVE('',#2447,#2446,#2942,.T.);
#1695=EDGE_CURVE('',#2447,#2448,#2943,.T.);
#1696=EDGE_CURVE('',#2448,#2445,#59,.F.);
#1697=EDGE_CURVE('',#2449,#2450,#2944,.T.);
#1698=EDGE_CURVE('',#2449,#2395,#2945,.T.);
#1699=EDGE_CURVE('',#2394,#2450,#2946,.T.);
#1700=EDGE_CURVE('',#2451,#2430,#2947,.T.);
#1701=EDGE_CURVE('',#2452,#2451,#2948,.T.);
#1702=EDGE_CURVE('',#2453,#2452,#2949,.T.);
#1703=EDGE_CURVE('',#2453,#2454,#2950,.T.);
#1704=EDGE_CURVE('',#2454,#2431,#2951,.T.);
#1705=EDGE_CURVE('',#2433,#2455,#2952,.T.);
#1706=EDGE_CURVE('',#2456,#2432,#2953,.T.);
#1707=EDGE_CURVE('',#2457,#2456,#2954,.T.);
#1708=EDGE_CURVE('',#2458,#2457,#2955,.T.);
#1709=EDGE_CURVE('',#2458,#2459,#2956,.T.);
#1710=EDGE_CURVE('',#2459,#2460,#2957,.T.);
#1711=EDGE_CURVE('',#2455,#2460,#2958,.T.);
#1712=EDGE_CURVE('',#2461,#2462,#2959,.T.);
#1713=EDGE_CURVE('',#2462,#2428,#2960,.T.);
#1714=EDGE_CURVE('',#2463,#2429,#2961,.T.);
#1715=EDGE_CURVE('',#2464,#2463,#2962,.T.);
#1716=EDGE_CURVE('',#2464,#2461,#2963,.T.);
#1717=EDGE_CURVE('',#2426,#2465,#2964,.T.);
#1718=EDGE_CURVE('',#2465,#2466,#2965,.T.);
#1719=EDGE_CURVE('',#2467,#2466,#2966,.T.);
#1720=EDGE_CURVE('',#2468,#2467,#2967,.T.);
#1721=EDGE_CURVE('',#2468,#2469,#2968,.T.);
#1722=EDGE_CURVE('',#2469,#2470,#2969,.T.);
#1723=EDGE_CURVE('',#2470,#2440,#2970,.T.);
#1724=EDGE_CURVE('',#2441,#2471,#2971,.T.);
#1725=EDGE_CURVE('',#2471,#2472,#2972,.T.);
#1726=EDGE_CURVE('',#2472,#2447,#2973,.T.);
#1727=EDGE_CURVE('',#2446,#2473,#2974,.T.);
#1728=EDGE_CURVE('',#2473,#2474,#2975,.T.);
#1729=EDGE_CURVE('',#2474,#2427,#2976,.T.);
#1730=EDGE_CURVE('',#2452,#2475,#2977,.T.);
#1731=EDGE_CURVE('',#2475,#2424,#2978,.T.);
#1732=EDGE_CURVE('',#2425,#2476,#2979,.T.);
#1733=EDGE_CURVE('',#2476,#2477,#2980,.T.);
#1734=EDGE_CURVE('',#2477,#2444,#2981,.T.);
#1735=EDGE_CURVE('',#2445,#2478,#2982,.F.);
#1736=EDGE_CURVE('',#2453,#2478,#2983,.T.);
#1737=EDGE_CURVE('',#2413,#2479,#2984,.F.);
#1738=EDGE_CURVE('',#2480,#2412,#2985,.T.);
#1739=EDGE_CURVE('',#2481,#2480,#60,.T.);
#1740=EDGE_CURVE('',#2417,#2481,#2986,.F.);
#1741=EDGE_CURVE('',#2482,#2416,#2987,.T.);
#1742=EDGE_CURVE('',#2483,#2482,#61,.T.);
#1743=EDGE_CURVE('',#2484,#2483,#2988,.T.);
#1744=EDGE_CURVE('',#2485,#2484,#62,.F.);
#1745=EDGE_CURVE('',#2486,#2485,#2989,.F.);
#1746=EDGE_CURVE('',#2479,#2486,#63,.T.);
#1747=EDGE_CURVE('',#2487,#2434,#2990,.T.);
#1748=EDGE_CURVE('',#2488,#2487,#64,.T.);
#1749=EDGE_CURVE('',#2437,#2488,#2991,.F.);
#1750=EDGE_CURVE('',#2489,#2436,#2992,.T.);
#1751=EDGE_CURVE('',#2469,#2489,#65,.T.);
#1752=EDGE_CURVE('',#2398,#2468,#66,.F.);
#1753=EDGE_CURVE('',#2490,#2397,#67,.T.);
#1754=EDGE_CURVE('',#2435,#2490,#2993,.F.);
#1755=EDGE_CURVE('',#2491,#2492,#2994,.T.);
#1756=EDGE_CURVE('',#2491,#2391,#2995,.T.);
#1757=EDGE_CURVE('',#2390,#2492,#2996,.T.);
#1758=EDGE_CURVE('',#2493,#2494,#2997,.T.);
#1759=EDGE_CURVE('',#2493,#2495,#68,.T.);
#1760=EDGE_CURVE('',#2495,#2494,#2998,.T.);
#1761=EDGE_CURVE('',#2496,#2497,#2999,.T.);
#1762=EDGE_CURVE('',#2498,#2496,#3000,.T.);
#1763=EDGE_CURVE('',#2498,#2499,#3001,.T.);
#1764=EDGE_CURVE('',#2499,#2497,#3002,.T.);
#1765=EDGE_CURVE('',#2500,#2501,#3003,.T.);
#1766=EDGE_CURVE('',#2502,#2500,#3004,.T.);
#1767=EDGE_CURVE('',#2502,#2503,#3005,.T.);
#1768=EDGE_CURVE('',#2503,#2501,#3006,.T.);
#1769=EDGE_CURVE('',#2504,#2505,#3007,.T.);
#1770=EDGE_CURVE('',#2506,#2504,#3008,.T.);
#1771=EDGE_CURVE('',#2506,#2507,#3009,.T.);
#1772=EDGE_CURVE('',#2505,#2507,#3010,.T.);
#1773=EDGE_CURVE('',#2508,#2509,#3011,.T.);
#1774=EDGE_CURVE('',#2510,#2508,#69,.T.);
#1775=EDGE_CURVE('',#2510,#2509,#3012,.T.);
#1776=EDGE_CURVE('',#2511,#2512,#3013,.T.);
#1777=EDGE_CURVE('',#2513,#2511,#70,.T.);
#1778=EDGE_CURVE('',#2513,#2512,#3014,.T.);
#1779=EDGE_CURVE('',#2514,#2515,#3015,.T.);
#1780=EDGE_CURVE('',#2516,#2514,#71,.T.);
#1781=EDGE_CURVE('',#2516,#2515,#3016,.T.);
#1782=EDGE_CURVE('',#2517,#2518,#3017,.T.);
#1783=EDGE_CURVE('',#2517,#2519,#3018,.T.);
#1784=EDGE_CURVE('',#2519,#2520,#3019,.T.);
#1785=EDGE_CURVE('',#2520,#2521,#3020,.T.);
#1786=EDGE_CURVE('',#2522,#2521,#3021,.T.);
#1787=EDGE_CURVE('',#2523,#2522,#3022,.T.);
#1788=EDGE_CURVE('',#2523,#2524,#3023,.T.);
#1789=EDGE_CURVE('',#2524,#2518,#3024,.T.);
#1790=EDGE_CURVE('',#2525,#2525,#14,.F.);
#1791=EDGE_CURVE('',#2526,#2527,#3025,.T.);
#1792=EDGE_CURVE('',#2526,#2528,#3026,.T.);
#1793=EDGE_CURVE('',#2529,#2528,#3027,.T.);
#1794=EDGE_CURVE('',#2530,#2529,#3028,.T.);
#1795=EDGE_CURVE('',#2530,#2531,#3029,.T.);
#1796=EDGE_CURVE('',#2531,#2532,#3030,.T.);
#1797=EDGE_CURVE('',#2532,#2533,#3031,.F.);
#1798=EDGE_CURVE('',#2534,#2533,#3032,.T.);
#1799=EDGE_CURVE('',#2535,#2534,#3033,.T.);
#1800=EDGE_CURVE('',#2535,#2536,#3034,.T.);
#1801=EDGE_CURVE('',#2536,#2537,#3035,.T.);
#1802=EDGE_CURVE('',#2537,#2527,#3036,.F.);
#1803=EDGE_CURVE('',#2538,#2538,#15,.F.);
#1804=EDGE_CURVE('',#2539,#2540,#3037,.T.);
#1805=EDGE_CURVE('',#2540,#2541,#3038,.T.);
#1806=EDGE_CURVE('',#2542,#2541,#3039,.T.);
#1807=EDGE_CURVE('',#2539,#2542,#3040,.T.);
#1808=EDGE_CURVE('',#2543,#2543,#12,.T.);
#1809=EDGE_CURVE('',#2544,#2544,#72,.T.);
#1810=EDGE_CURVE('',#2545,#2545,#13,.T.);
#1811=EDGE_CURVE('',#2546,#2546,#73,.T.);
#1812=EDGE_CURVE('',#2547,#2547,#74,.T.);
#1813=EDGE_CURVE('',#2548,#2548,#75,.T.);
#1814=EDGE_CURVE('',#2549,#2550,#3041,.T.);
#1815=EDGE_CURVE('',#2550,#2551,#3042,.T.);
#1816=EDGE_CURVE('',#2524,#2551,#3043,.T.);
#1817=EDGE_CURVE('',#2523,#2549,#3044,.T.);
#1818=EDGE_CURVE('',#2552,#2553,#3045,.T.);
#1819=EDGE_CURVE('',#2554,#2552,#3046,.T.);
#1820=EDGE_CURVE('',#2522,#2554,#3047,.T.);
#1821=EDGE_CURVE('',#2521,#2553,#3048,.T.);
#1822=EDGE_CURVE('',#2555,#2511,#3049,.T.);
#1823=EDGE_CURVE('',#2556,#2555,#76,.F.);
#1824=EDGE_CURVE('',#2513,#2556,#3050,.T.);
#1825=EDGE_CURVE('',#2557,#2514,#3051,.T.);
#1826=EDGE_CURVE('',#2558,#2557,#77,.F.);
#1827=EDGE_CURVE('',#2516,#2558,#3052,.T.);
#1828=EDGE_CURVE('',#2559,#2560,#3053,.T.);
#1829=EDGE_CURVE('',#2561,#2559,#78,.T.);
#1830=EDGE_CURVE('',#2561,#2560,#3054,.T.);
#1831=EDGE_CURVE('',#2562,#2563,#3055,.T.);
#1832=EDGE_CURVE('',#2562,#2564,#3056,.T.);
#1833=EDGE_CURVE('',#2564,#2565,#3057,.T.);
#1834=EDGE_CURVE('',#2565,#2566,#3058,.T.);
#1835=EDGE_CURVE('',#2566,#2563,#3059,.T.);
#1836=EDGE_CURVE('',#2567,#2568,#3060,.T.);
#1837=EDGE_CURVE('',#2569,#2567,#79,.T.);
#1838=EDGE_CURVE('',#2569,#2568,#3061,.T.);
#1839=EDGE_CURVE('',#2570,#2571,#80,.T.);
#1840=EDGE_CURVE('',#2571,#2572,#3062,.T.);
#1841=EDGE_CURVE('',#2573,#2572,#3063,.T.);
#1842=EDGE_CURVE('',#2573,#2574,#3064,.T.);
#1843=EDGE_CURVE('',#2574,#2575,#3065,.T.);
#1844=EDGE_CURVE('',#2575,#2570,#3066,.T.);
#1845=EDGE_CURVE('',#2576,#2577,#3067,.T.);
#1846=EDGE_CURVE('',#2576,#2578,#81,.T.);
#1847=EDGE_CURVE('',#2578,#2577,#3068,.T.);
#1848=EDGE_CURVE('',#2579,#2580,#3069,.T.);
#1849=EDGE_CURVE('',#2581,#2579,#82,.T.);
#1850=EDGE_CURVE('',#2582,#2581,#3070,.T.);
#1851=EDGE_CURVE('',#2582,#2580,#83,.T.);
#1852=EDGE_CURVE('',#2583,#2584,#3071,.T.);
#1853=EDGE_CURVE('',#2585,#2583,#84,.T.);
#1854=EDGE_CURVE('',#2586,#2585,#3072,.T.);
#1855=EDGE_CURVE('',#2586,#2584,#85,.T.);
#1856=EDGE_CURVE('',#2587,#2588,#3073,.T.);
#1857=EDGE_CURVE('',#2588,#2589,#3074,.T.);
#1858=EDGE_CURVE('',#2590,#2589,#3075,.T.);
#1859=EDGE_CURVE('',#2587,#2590,#3076,.T.);
#1860=EDGE_CURVE('',#2585,#2591,#3077,.T.);
#1861=EDGE_CURVE('',#2583,#2591,#3078,.T.);
#1862=EDGE_CURVE('',#2592,#2593,#3079,.T.);
#1863=EDGE_CURVE('',#2593,#2594,#3080,.T.);
#1864=EDGE_CURVE('',#2595,#2594,#3081,.T.);
#1865=EDGE_CURVE('',#2592,#2595,#3082,.T.);
#1866=EDGE_CURVE('',#2581,#2596,#3083,.T.);
#1867=EDGE_CURVE('',#2579,#2596,#3084,.T.);
#1868=EDGE_CURVE('',#2578,#2559,#3085,.T.);
#1869=EDGE_CURVE('',#2561,#2576,#3086,.T.);
#1870=EDGE_CURVE('',#2597,#2567,#3087,.T.);
#1871=EDGE_CURVE('',#2597,#2598,#86,.F.);
#1872=EDGE_CURVE('',#2598,#2571,#3088,.T.);
#1873=EDGE_CURVE('',#2599,#2570,#3089,.T.);
#1874=EDGE_CURVE('',#2599,#2600,#87,.F.);
#1875=EDGE_CURVE('',#2569,#2600,#3090,.T.);
#1876=EDGE_CURVE('',#2495,#2508,#3091,.T.);
#1877=EDGE_CURVE('',#2510,#2493,#3092,.T.);
#1878=EDGE_CURVE('',#2601,#2602,#3093,.T.);
#1879=EDGE_CURVE('',#2603,#2601,#88,.F.);
#1880=EDGE_CURVE('',#2604,#2603,#3094,.T.);
#1881=EDGE_CURVE('',#2604,#2602,#89,.T.);
#1882=EDGE_CURVE('',#2605,#2605,#90,.T.);
#1883=EDGE_CURVE('',#2606,#2606,#91,.T.);
#1884=EDGE_CURVE('',#2602,#2607,#3095,.T.);
#1885=EDGE_CURVE('',#2604,#2607,#3096,.T.);
#1886=EDGE_CURVE('',#2608,#2608,#92,.T.);
#1887=EDGE_CURVE('',#2609,#2610,#3097,.T.);
#1888=EDGE_CURVE('',#2610,#2611,#3098,.T.);
#1889=EDGE_CURVE('',#2612,#2611,#3099,.T.);
#1890=EDGE_CURVE('',#2613,#2612,#3100,.T.);
#1891=EDGE_CURVE('',#2613,#2531,#3101,.T.);
#1892=EDGE_CURVE('',#2614,#2530,#3102,.T.);
#1893=EDGE_CURVE('',#2614,#2615,#3103,.T.);
#1894=EDGE_CURVE('',#2616,#2615,#3104,.T.);
#1895=EDGE_CURVE('',#2616,#2617,#3105,.T.);
#1896=EDGE_CURVE('',#2617,#2618,#3106,.T.);
#1897=EDGE_CURVE('',#2618,#2609,#3107,.T.);
#1898=EDGE_CURVE('',#2619,#2620,#3108,.T.);
#1899=EDGE_CURVE('',#2621,#2619,#93,.T.);
#1900=EDGE_CURVE('',#2621,#2620,#3109,.T.);
#1901=EDGE_CURVE('',#2622,#2619,#3110,.T.);
#1902=EDGE_CURVE('',#2622,#2623,#94,.F.);
#1903=EDGE_CURVE('',#2621,#2623,#3111,.T.);
#1904=EDGE_CURVE('',#2624,#2625,#3112,.T.);
#1905=EDGE_CURVE('',#2626,#2625,#3113,.T.);
#1906=EDGE_CURVE('',#2627,#2626,#3114,.T.);
#1907=EDGE_CURVE('',#2627,#2624,#3115,.T.);
#1908=EDGE_CURVE('',#2623,#2628,#3116,.T.);
#1909=EDGE_CURVE('',#2622,#2628,#3117,.T.);
#1910=EDGE_CURVE('',#2629,#2630,#3118,.T.);
#1911=EDGE_CURVE('',#2631,#2629,#95,.T.);
#1912=EDGE_CURVE('',#2632,#2631,#3119,.T.);
#1913=EDGE_CURVE('',#2630,#2632,#96,.F.);
#1914=EDGE_CURVE('',#2633,#2634,#3120,.T.);
#1915=EDGE_CURVE('',#2635,#2634,#3121,.T.);
#1916=EDGE_CURVE('',#2636,#2635,#3122,.T.);
#1917=EDGE_CURVE('',#2636,#2633,#3123,.T.);
#1918=EDGE_CURVE('',#2637,#2638,#3124,.T.);
#1919=EDGE_CURVE('',#2639,#2637,#97,.F.);
#1920=EDGE_CURVE('',#2639,#2638,#3125,.T.);
#1921=EDGE_CURVE('',#2640,#2637,#3126,.T.);
#1922=EDGE_CURVE('',#2641,#2640,#98,.T.);
#1923=EDGE_CURVE('',#2639,#2641,#3127,.T.);
#1924=EDGE_CURVE('',#2611,#2642,#3128,.T.);
#1925=EDGE_CURVE('',#2642,#2643,#3129,.T.);
#1926=EDGE_CURVE('',#2644,#2643,#3130,.T.);
#1927=EDGE_CURVE('',#2644,#2634,#3131,.T.);
#1928=EDGE_CURVE('',#2633,#2645,#3132,.T.);
#1929=EDGE_CURVE('',#2645,#2646,#3133,.T.);
#1930=EDGE_CURVE('',#2646,#2612,#3134,.T.);
#1931=EDGE_CURVE('',#2647,#2648,#3135,.T.);
#1932=EDGE_CURVE('',#2648,#2618,#3136,.F.);
#1933=EDGE_CURVE('',#2625,#2617,#3137,.T.);
#1934=EDGE_CURVE('',#2649,#2624,#3138,.T.);
#1935=EDGE_CURVE('',#2649,#2650,#3139,.T.);
#1936=EDGE_CURVE('',#2651,#2650,#3140,.T.);
#1937=EDGE_CURVE('',#2651,#2647,#3141,.T.);
#1938=EDGE_CURVE('',#2652,#2613,#3142,.T.);
#1939=EDGE_CURVE('',#2652,#2532,#3143,.T.);
#1940=EDGE_CURVE('',#2615,#2653,#3144,.T.);
#1941=EDGE_CURVE('',#2653,#2654,#3145,.T.);
#1942=EDGE_CURVE('',#2654,#2616,#3146,.T.);
#1943=EDGE_CURVE('',#2655,#2651,#3147,.T.);
#1944=EDGE_CURVE('',#2655,#2656,#3148,.T.);
#1945=EDGE_CURVE('',#2657,#2656,#3149,.T.);
#1946=EDGE_CURVE('',#2657,#2658,#3150,.T.);
#1947=EDGE_CURVE('',#2658,#2659,#3151,.T.);
#1948=EDGE_CURVE('',#2659,#2647,#3152,.F.);
#1949=EDGE_CURVE('',#2660,#2661,#3153,.T.);
#1950=EDGE_CURVE('',#2662,#2660,#3154,.T.);
#1951=EDGE_CURVE('',#2662,#2663,#3155,.T.);
#1952=EDGE_CURVE('',#2663,#2661,#3156,.T.);
#1953=EDGE_CURVE('',#2466,#2461,#3157,.T.);
#1954=EDGE_CURVE('',#2467,#2464,#3158,.T.);
#1955=EDGE_CURVE('',#2664,#2422,#3159,.T.);
#1956=EDGE_CURVE('',#2661,#2664,#3160,.T.);
#1957=EDGE_CURVE('',#2663,#2665,#3161,.T.);
#1958=EDGE_CURVE('',#2665,#2423,#3162,.T.);
#1959=EDGE_CURVE('',#2485,#2662,#3163,.T.);
#1960=EDGE_CURVE('',#2666,#2484,#3164,.T.);
#1961=EDGE_CURVE('',#2667,#2666,#3165,.T.);
#1962=EDGE_CURVE('',#2667,#2668,#3166,.T.);
#1963=EDGE_CURVE('',#2668,#2669,#99,.T.);
#1964=EDGE_CURVE('',#2670,#2669,#3167,.T.);
#1965=EDGE_CURVE('',#2670,#2671,#3168,.T.);
#1966=EDGE_CURVE('',#2665,#2671,#3169,.T.);
#1967=EDGE_CURVE('',#2670,#2672,#3170,.T.);
#1968=EDGE_CURVE('',#2672,#2673,#3171,.T.);
#1969=EDGE_CURVE('',#2673,#2420,#3172,.T.);
#1970=EDGE_CURVE('',#2671,#2421,#3173,.T.);
#1971=EDGE_CURVE('',#2674,#2675,#3174,.T.);
#1972=EDGE_CURVE('',#2676,#2675,#3175,.T.);
#1973=EDGE_CURVE('',#2676,#2677,#3176,.T.);
#1974=EDGE_CURVE('',#2678,#2677,#3177,.T.);
#1975=EDGE_CURVE('',#2679,#2678,#3178,.T.);
#1976=EDGE_CURVE('',#2679,#2680,#3179,.T.);
#1977=EDGE_CURVE('',#2680,#2681,#3180,.T.);
#1978=EDGE_CURVE('',#2681,#2682,#3181,.T.);
#1979=EDGE_CURVE('',#2683,#2682,#3182,.T.);
#1980=EDGE_CURVE('',#2683,#2684,#3183,.T.);
#1981=EDGE_CURVE('',#2684,#2685,#3184,.T.);
#1982=EDGE_CURVE('',#2526,#2685,#3185,.T.);
#1983=EDGE_CURVE('',#2527,#2674,#3186,.T.);
#1984=EDGE_CURVE('',#2686,#2687,#3187,.T.);
#1985=EDGE_CURVE('',#2687,#2688,#3188,.T.);
#1986=EDGE_CURVE('',#2688,#2689,#3189,.T.);
#1987=EDGE_CURVE('',#2689,#2690,#3190,.T.);
#1988=EDGE_CURVE('',#2691,#2690,#3191,.T.);
#1989=EDGE_CURVE('',#2692,#2691,#3192,.T.);
#1990=EDGE_CURVE('',#2692,#2693,#3193,.T.);
#1991=EDGE_CURVE('',#2693,#2694,#3194,.F.);
#1992=EDGE_CURVE('',#2694,#2695,#3195,.T.);
#1993=EDGE_CURVE('',#2695,#2686,#3196,.T.);
#1994=EDGE_CURVE('',#2696,#2697,#3197,.T.);
#1995=EDGE_CURVE('',#2697,#2693,#3198,.T.);
#1996=EDGE_CURVE('',#2698,#2692,#3199,.T.);
#1997=EDGE_CURVE('',#2699,#2698,#3200,.T.);
#1998=EDGE_CURVE('',#2700,#2699,#3201,.T.);
#1999=EDGE_CURVE('',#2701,#2700,#3202,.F.);
#2000=EDGE_CURVE('',#2701,#2696,#3203,.T.);
#2001=EDGE_CURVE('',#2702,#2703,#3204,.T.);
#2002=EDGE_CURVE('',#2703,#2700,#3205,.F.);
#2003=EDGE_CURVE('',#2704,#2699,#3206,.T.);
#2004=EDGE_CURVE('',#2704,#2705,#3207,.T.);
#2005=EDGE_CURVE('',#2706,#2705,#3208,.T.);
#2006=EDGE_CURVE('',#2706,#2707,#3209,.F.);
#2007=EDGE_CURVE('',#2702,#2707,#3210,.T.);
#2008=EDGE_CURVE('',#2708,#2709,#3211,.T.);
#2009=EDGE_CURVE('',#2710,#2708,#3212,.T.);
#2010=EDGE_CURVE('',#2711,#2710,#100,.F.);
#2011=EDGE_CURVE('',#2614,#2711,#3213,.T.);
#2012=EDGE_CURVE('',#2529,#2712,#3214,.T.);
#2013=EDGE_CURVE('',#2685,#2712,#3215,.T.);
#2014=EDGE_CURVE('',#2709,#2684,#3216,.T.);
#2015=EDGE_CURVE('',#2713,#2714,#3217,.T.);
#2016=EDGE_CURVE('',#2713,#2715,#3218,.T.);
#2017=EDGE_CURVE('',#2715,#2704,#3219,.T.);
#2018=EDGE_CURVE('',#2698,#2716,#3220,.T.);
#2019=EDGE_CURVE('',#2716,#2717,#3221,.T.);
#2020=EDGE_CURVE('',#2714,#2717,#3222,.T.);
#2021=EDGE_CURVE('',#2718,#2702,#3223,.T.);
#2022=EDGE_CURVE('',#2696,#2718,#3224,.T.);
#2023=EDGE_CURVE('',#2719,#2719,#16,.F.);
#2024=EDGE_CURVE('',#2554,#2549,#3225,.T.);
#2025=EDGE_CURVE('',#2715,#2720,#3226,.T.);
#2026=EDGE_CURVE('',#2720,#2721,#3227,.T.);
#2027=EDGE_CURVE('',#2721,#2705,#3228,.T.);
#2028=EDGE_CURVE('',#2722,#2722,#101,.F.);
#2029=EDGE_CURVE('',#2723,#2723,#102,.F.);
#2030=EDGE_CURVE('',#2724,#2725,#3229,.T.);
#2031=EDGE_CURVE('',#2725,#2598,#3230,.T.);
#2032=EDGE_CURVE('',#2597,#2726,#3231,.T.);
#2033=EDGE_CURVE('',#2600,#2726,#3232,.T.);
#2034=EDGE_CURVE('',#2599,#2727,#3233,.T.);
#2035=EDGE_CURVE('',#2728,#2727,#3234,.T.);
#2036=EDGE_CURVE('',#2724,#2728,#3235,.T.);
#2037=EDGE_CURVE('',#2554,#2697,#3236,.F.);
#2038=EDGE_CURVE('',#2718,#2729,#3237,.T.);
#2039=EDGE_CURVE('',#2729,#2730,#3238,.F.);
#2040=EDGE_CURVE('',#2730,#2549,#3239,.T.);
#2041=EDGE_CURVE('',#2727,#2575,#3240,.T.);
#2042=EDGE_CURVE('',#2574,#2728,#3241,.T.);
#2043=EDGE_CURVE('',#2731,#2731,#103,.T.);
#2044=EDGE_CURVE('',#2732,#2732,#104,.T.);
#2045=EDGE_CURVE('',#2733,#2587,#3242,.T.);
#2046=EDGE_CURVE('',#2733,#2734,#3243,.T.);
#2047=EDGE_CURVE('',#2734,#2588,#3244,.T.);
#2048=EDGE_CURVE('',#2735,#2590,#3245,.T.);
#2049=EDGE_CURVE('',#2733,#2735,#3246,.T.);
#2050=EDGE_CURVE('',#2736,#2589,#3247,.T.);
#2051=EDGE_CURVE('',#2735,#2736,#3248,.T.);
#2052=EDGE_CURVE('',#2734,#2736,#3249,.T.);
#2053=EDGE_CURVE('',#2737,#2592,#3250,.T.);
#2054=EDGE_CURVE('',#2737,#2738,#3251,.T.);
#2055=EDGE_CURVE('',#2738,#2593,#3252,.T.);
#2056=EDGE_CURVE('',#2739,#2595,#3253,.T.);
#2057=EDGE_CURVE('',#2737,#2739,#3254,.T.);
#2058=EDGE_CURVE('',#2740,#2594,#3255,.T.);
#2059=EDGE_CURVE('',#2739,#2740,#3256,.T.);
#2060=EDGE_CURVE('',#2738,#2740,#3257,.T.);
#2061=EDGE_CURVE('',#2573,#2724,#3258,.T.);
#2062=EDGE_CURVE('',#2741,#2742,#3259,.T.);
#2063=EDGE_CURVE('',#2741,#2505,#3260,.T.);
#2064=EDGE_CURVE('',#2743,#2507,#3261,.T.);
#2065=EDGE_CURVE('',#2743,#2565,#3262,.T.);
#2066=EDGE_CURVE('',#2565,#2744,#3263,.T.);
#2067=EDGE_CURVE('',#2744,#2745,#3264,.T.);
#2068=EDGE_CURVE('',#2563,#2745,#3265,.T.);
#2069=EDGE_CURVE('',#2746,#2566,#3266,.T.);
#2070=EDGE_CURVE('',#2746,#2518,#3267,.T.);
#2071=EDGE_CURVE('',#2553,#2551,#3268,.T.);
#2072=EDGE_CURVE('',#2747,#2520,#3269,.T.);
#2073=EDGE_CURVE('',#2747,#2748,#3270,.T.);
#2074=EDGE_CURVE('',#2748,#2749,#3271,.T.);
#2075=EDGE_CURVE('',#2749,#2750,#3272,.T.);
#2076=EDGE_CURVE('',#2751,#2750,#3273,.T.);
#2077=EDGE_CURVE('',#2742,#2751,#3274,.T.);
#2078=EDGE_CURVE('',#2752,#2753,#3275,.T.);
#2079=EDGE_CURVE('',#2754,#2752,#3276,.T.);
#2080=EDGE_CURVE('',#2755,#2754,#3277,.T.);
#2081=EDGE_CURVE('',#2755,#2756,#3278,.T.);
#2082=EDGE_CURVE('',#2756,#2757,#3279,.T.);
#2083=EDGE_CURVE('',#2757,#2753,#3280,.T.);
#2084=EDGE_CURVE('',#2758,#2759,#3281,.T.);
#2085=EDGE_CURVE('',#2759,#2610,#3282,.T.);
#2086=EDGE_CURVE('',#2609,#2760,#3283,.F.);
#2087=EDGE_CURVE('',#2760,#2761,#3284,.T.);
#2088=EDGE_CURVE('',#2761,#2762,#3285,.T.);
#2089=EDGE_CURVE('',#2678,#2762,#3286,.T.);
#2090=EDGE_CURVE('',#2677,#2763,#3287,.T.);
#2091=EDGE_CURVE('',#2763,#2758,#3288,.T.);
#2092=EDGE_CURVE('',#2764,#2764,#105,.T.);
#2093=EDGE_CURVE('',#2725,#2572,#3289,.T.);
#2094=EDGE_CURVE('',#2717,#2690,#3290,.T.);
#2095=EDGE_CURVE('',#2716,#2691,#3291,.T.);
#2096=EDGE_CURVE('',#2688,#2713,#3292,.T.);
#2097=EDGE_CURVE('',#2714,#2689,#3293,.T.);
#2098=EDGE_CURVE('',#2707,#2729,#3294,.T.);
#2099=EDGE_CURVE('',#2720,#2730,#3295,.F.);
#2100=EDGE_CURVE('',#2706,#2721,#3296,.F.);
#2101=EDGE_CURVE('',#2765,#2765,#106,.T.);
#2102=EDGE_CURVE('',#2580,#2766,#3297,.T.);
#2103=EDGE_CURVE('',#2582,#2766,#3298,.T.);
#2104=EDGE_CURVE('',#2584,#2767,#3299,.T.);
#2105=EDGE_CURVE('',#2586,#2767,#3300,.T.);
#2106=EDGE_CURVE('',#2768,#2742,#3301,.T.);
#2107=EDGE_CURVE('',#2769,#2768,#3302,.T.);
#2108=EDGE_CURVE('',#2769,#2749,#3303,.T.);
#2109=EDGE_CURVE('',#2742,#2748,#3304,.T.);
#2110=EDGE_CURVE('',#2770,#2771,#3305,.T.);
#2111=EDGE_CURVE('',#2772,#2770,#3306,.T.);
#2112=EDGE_CURVE('',#2772,#2773,#3307,.T.);
#2113=EDGE_CURVE('',#2773,#2771,#3308,.T.);
#2114=EDGE_CURVE('',#2708,#2774,#3309,.T.);
#2115=EDGE_CURVE('',#2774,#2683,#3310,.T.);
#2116=EDGE_CURVE('',#2682,#2775,#3311,.F.);
#2117=EDGE_CURVE('',#2776,#2775,#3312,.T.);
#2118=EDGE_CURVE('',#2777,#2776,#3313,.T.);
#2119=EDGE_CURVE('',#2777,#2657,#3314,.T.);
#2120=EDGE_CURVE('',#2656,#2653,#3315,.T.);
#2121=EDGE_CURVE('',#2711,#2710,#17,.T.);
#2122=EDGE_CURVE('',#2769,#2778,#3316,.T.);
#2123=EDGE_CURVE('',#2778,#2750,#3317,.T.);
#2124=EDGE_CURVE('',#2779,#2779,#107,.T.);
#2125=EDGE_CURVE('',#2780,#2778,#3318,.T.);
#2126=EDGE_CURVE('',#2780,#2751,#3319,.T.);
#2127=EDGE_CURVE('',#2768,#2780,#3320,.T.);
#2128=EDGE_CURVE('',#2781,#2781,#108,.F.);
#2129=EDGE_CURVE('',#2762,#2658,#3321,.T.);
#2130=EDGE_CURVE('',#2777,#2679,#3322,.T.);
#2131=EDGE_CURVE('',#2463,#2454,#3323,.T.);
#2132=EDGE_CURVE('',#2782,#2745,#3324,.T.);
#2133=EDGE_CURVE('',#2562,#2782,#3325,.T.);
#2134=EDGE_CURVE('',#2783,#2783,#109,.T.);
#2135=EDGE_CURVE('',#2784,#2744,#3326,.T.);
#2136=EDGE_CURVE('',#2784,#2782,#3327,.T.);
#2137=EDGE_CURVE('',#2564,#2784,#3328,.T.);
#2138=EDGE_CURVE('',#2533,#2785,#3329,.T.);
#2139=EDGE_CURVE('',#2785,#2644,#3330,.T.);
#2140=EDGE_CURVE('',#2643,#2786,#3331,.T.);
#2141=EDGE_CURVE('',#2786,#2787,#3332,.T.);
#2142=EDGE_CURVE('',#2534,#2787,#3333,.T.);
#2143=EDGE_CURVE('',#2788,#2788,#110,.F.);
#2144=EDGE_CURVE('',#2787,#2763,#3334,.T.);
#2145=EDGE_CURVE('',#2535,#2676,#3335,.T.);
#2146=EDGE_CURVE('',#2789,#2789,#111,.T.);
#2147=EDGE_CURVE('',#2478,#2459,#112,.T.);
#2148=EDGE_CURVE('',#2458,#2387,#3336,.T.);
#2149=EDGE_CURVE('',#2790,#2791,#3337,.T.);
#2150=EDGE_CURVE('',#2791,#2792,#3338,.F.);
#2151=EDGE_CURVE('',#2792,#2793,#3339,.F.);
#2152=EDGE_CURVE('',#2793,#2790,#3340,.T.);
#2153=EDGE_CURVE('',#2457,#2388,#3341,.T.);
#2154=EDGE_CURVE('',#2794,#2795,#3342,.T.);
#2155=EDGE_CURVE('',#2790,#2795,#3343,.T.);
#2156=EDGE_CURVE('',#2793,#2794,#3344,.F.);
#2157=EDGE_CURVE('',#2536,#2796,#3345,.T.);
#2158=EDGE_CURVE('',#2795,#2796,#3346,.T.);
#2159=EDGE_CURVE('',#2794,#2537,#3347,.F.);
#2160=EDGE_CURVE('',#2796,#2676,#3348,.T.);
#2161=EDGE_CURVE('',#2675,#2797,#3349,.T.);
#2162=EDGE_CURVE('',#2797,#2791,#113,.T.);
#2163=EDGE_CURVE('',#2798,#2799,#3350,.F.);
#2164=EDGE_CURVE('',#2799,#2800,#3351,.T.);
#2165=EDGE_CURVE('',#2801,#2800,#3352,.T.);
#2166=EDGE_CURVE('',#2798,#2801,#3353,.T.);
#2167=EDGE_CURVE('',#2666,#2802,#3354,.T.);
#2168=EDGE_CURVE('',#2803,#2802,#3355,.T.);
#2169=EDGE_CURVE('',#2667,#2803,#3356,.T.);
#2170=EDGE_CURVE('',#2804,#2805,#3357,.T.);
#2171=EDGE_CURVE('',#2804,#2798,#3358,.F.);
#2172=EDGE_CURVE('',#2801,#2805,#3359,.T.);
#2173=EDGE_CURVE('',#2776,#2806,#3360,.T.);
#2174=EDGE_CURVE('',#2775,#2804,#3361,.F.);
#2175=EDGE_CURVE('',#2805,#2806,#3362,.T.);
#2176=EDGE_CURVE('',#2806,#2679,#3363,.T.);
#2177=EDGE_CURVE('',#2800,#2807,#114,.T.);
#2178=EDGE_CURVE('',#2807,#2680,#3364,.T.);
#2179=EDGE_CURVE('',#2418,#2808,#3365,.T.);
#2180=EDGE_CURVE('',#2808,#2809,#3366,.T.);
#2181=EDGE_CURVE('',#2809,#2668,#3367,.F.);
#2182=EDGE_CURVE('',#2803,#2810,#3368,.T.);
#2183=EDGE_CURVE('',#2810,#2419,#3369,.T.);
#2184=EDGE_CURVE('',#2802,#2811,#3370,.T.);
#2185=EDGE_CURVE('',#2812,#2483,#3371,.T.);
#2186=EDGE_CURVE('',#2379,#2812,#3372,.T.);
#2187=EDGE_CURVE('',#2813,#2382,#3373,.T.);
#2188=EDGE_CURVE('',#2814,#2813,#3374,.T.);
#2189=EDGE_CURVE('',#2383,#2814,#3375,.T.);
#2190=EDGE_CURVE('',#2811,#2386,#3376,.T.);
#2191=EDGE_CURVE('',#2815,#2410,#3377,.T.);
#2192=EDGE_CURVE('',#2486,#2815,#3378,.T.);
#2193=EDGE_CURVE('',#2816,#2660,#3379,.T.);
#2194=EDGE_CURVE('',#2407,#2816,#3380,.T.);
#2195=EDGE_CURVE('',#2817,#2406,#3381,.T.);
#2196=EDGE_CURVE('',#2818,#2817,#3382,.T.);
#2197=EDGE_CURVE('',#2400,#2818,#3383,.T.);
#2198=EDGE_CURVE('',#2819,#2399,#3384,.T.);
#2199=EDGE_CURVE('',#2820,#2819,#3385,.T.);
#2200=EDGE_CURVE('',#2411,#2820,#3386,.T.);
#2201=EDGE_CURVE('',#2821,#2401,#3387,.T.);
#2202=EDGE_CURVE('',#2822,#2821,#3388,.T.);
#2203=EDGE_CURVE('',#2405,#2822,#3389,.T.);
#2204=EDGE_CURVE('',#2823,#2404,#3390,.T.);
#2205=EDGE_CURVE('',#2672,#2823,#3391,.T.);
#2206=EDGE_CURVE('',#2669,#2402,#3392,.T.);
#2207=EDGE_CURVE('',#2792,#2824,#18,.F.);
#2208=EDGE_CURVE('',#2824,#2674,#3393,.F.);
#2209=EDGE_CURVE('',#2681,#2825,#3394,.F.);
#2210=EDGE_CURVE('',#2825,#2799,#19,.F.);
#2211=EDGE_CURVE('',#2826,#2438,#3395,.T.);
#2212=EDGE_CURVE('',#2460,#2826,#115,.F.);
#2213=EDGE_CURVE('',#2827,#2448,#3396,.T.);
#2214=EDGE_CURVE('',#2828,#2827,#116,.F.);
#2215=EDGE_CURVE('',#2443,#2828,#3397,.F.);
#2216=EDGE_CURVE('',#2829,#2442,#3398,.T.);
#2217=EDGE_CURVE('',#2830,#2829,#117,.F.);
#2218=EDGE_CURVE('',#2439,#2830,#3399,.F.);
#2219=EDGE_CURVE('',#2825,#2807,#3400,.T.);
#2220=EDGE_CURVE('',#2797,#2824,#3401,.F.);
#2221=EDGE_CURVE('',#2415,#2831,#3402,.F.);
#2222=EDGE_CURVE('',#2832,#2414,#3403,.T.);
#2223=EDGE_CURVE('',#2833,#2832,#118,.F.);
#2224=EDGE_CURVE('',#2409,#2833,#3404,.F.);
#2225=EDGE_CURVE('',#2834,#2408,#3405,.T.);
#2226=EDGE_CURVE('',#2835,#2834,#119,.F.);
#2227=EDGE_CURVE('',#2403,#2835,#3406,.F.);
#2228=EDGE_CURVE('',#2831,#2809,#120,.F.);
#2229=EDGE_CURVE('',#2785,#2652,#3407,.F.);
#2230=EDGE_CURVE('',#2634,#2646,#3408,.T.);
#2231=EDGE_CURVE('',#2654,#2655,#3409,.T.);
#2232=EDGE_CURVE('',#2650,#2625,#3410,.T.);
#2233=EDGE_CURVE('',#2630,#2836,#3411,.T.);
#2234=EDGE_CURVE('',#2632,#2836,#3412,.T.);
#2235=EDGE_CURVE('',#2837,#2649,#3413,.T.);
#2236=EDGE_CURVE('',#2837,#2838,#3414,.T.);
#2237=EDGE_CURVE('',#2838,#2650,#3415,.T.);
#2238=EDGE_CURVE('',#2837,#2627,#3416,.T.);
#2239=EDGE_CURVE('',#2838,#2626,#3417,.T.);
#2240=EDGE_CURVE('',#2629,#2839,#3418,.T.);
#2241=EDGE_CURVE('',#2631,#2839,#3419,.T.);
#2242=EDGE_CURVE('',#2603,#2840,#3420,.T.);
#2243=EDGE_CURVE('',#2601,#2840,#3421,.T.);
#2244=EDGE_CURVE('',#2841,#2645,#3422,.T.);
#2245=EDGE_CURVE('',#2841,#2842,#3423,.T.);
#2246=EDGE_CURVE('',#2842,#2646,#3424,.T.);
#2247=EDGE_CURVE('',#2635,#2842,#3425,.T.);
#2248=EDGE_CURVE('',#2636,#2841,#3426,.T.);
#2249=EDGE_CURVE('',#2640,#2843,#3427,.T.);
#2250=EDGE_CURVE('',#2641,#2843,#3428,.T.);
#2251=EDGE_CURVE('',#2840,#2607,#3429,.T.);
#2252=EDGE_CURVE('',#2843,#2638,#3430,.T.);
#2253=EDGE_CURVE('',#2628,#2620,#3431,.T.);
#2254=EDGE_CURVE('',#2839,#2836,#3432,.T.);
#2255=EDGE_CURVE('',#2642,#2759,#3433,.T.);
#2256=EDGE_CURVE('',#2758,#2786,#3434,.T.);
#2257=EDGE_CURVE('',#2760,#2648,#3435,.F.);
#2258=EDGE_CURVE('',#2659,#2761,#3436,.F.);
#2259=EDGE_CURVE('',#2844,#2845,#3437,.T.);
#2260=EDGE_CURVE('',#2845,#2566,#3438,.T.);
#2261=EDGE_CURVE('',#2844,#2565,#3439,.T.);
#2262=EDGE_CURVE('',#2845,#2517,#3440,.T.);
#2263=EDGE_CURVE('',#2844,#2506,#3441,.T.);
#2264=EDGE_CURVE('',#2504,#2846,#3442,.T.);
#2265=EDGE_CURVE('',#2846,#2847,#3443,.T.);
#2266=EDGE_CURVE('',#2519,#2847,#3444,.T.);
#2267=EDGE_CURVE('',#2847,#2748,#3445,.T.);
#2268=EDGE_CURVE('',#2846,#2742,#3446,.T.);
#2269=EDGE_CURVE('',#2556,#2848,#3447,.T.);
#2270=EDGE_CURVE('',#2555,#2848,#3448,.T.);
#2271=EDGE_CURVE('',#2849,#2850,#3449,.T.);
#2272=EDGE_CURVE('',#2849,#2851,#3450,.T.);
#2273=EDGE_CURVE('',#2851,#2852,#3451,.T.);
#2274=EDGE_CURVE('',#2850,#2852,#3452,.T.);
#2275=EDGE_CURVE('',#2849,#2497,#3453,.T.);
#2276=EDGE_CURVE('',#2850,#2496,#3454,.T.);
#2277=EDGE_CURVE('',#2851,#2499,#3455,.T.);
#2278=EDGE_CURVE('',#2852,#2498,#3456,.T.);
#2279=EDGE_CURVE('',#2558,#2853,#3457,.T.);
#2280=EDGE_CURVE('',#2557,#2853,#3458,.T.);
#2281=EDGE_CURVE('',#2854,#2855,#3459,.T.);
#2282=EDGE_CURVE('',#2854,#2856,#3460,.T.);
#2283=EDGE_CURVE('',#2856,#2857,#3461,.T.);
#2284=EDGE_CURVE('',#2855,#2857,#3462,.T.);
#2285=EDGE_CURVE('',#2854,#2501,#3463,.T.);
#2286=EDGE_CURVE('',#2855,#2500,#3464,.T.);
#2287=EDGE_CURVE('',#2856,#2503,#3465,.T.);
#2288=EDGE_CURVE('',#2857,#2502,#3466,.T.);
#2289=EDGE_CURVE('',#2853,#2515,#3467,.T.);
#2290=EDGE_CURVE('',#2848,#2512,#3468,.T.);
#2291=EDGE_CURVE('',#2591,#2767,#3469,.T.);
#2292=EDGE_CURVE('',#2596,#2766,#3470,.T.);
#2293=EDGE_CURVE('',#2494,#2509,#3471,.T.);
#2294=EDGE_CURVE('',#2577,#2560,#3472,.T.);
#2295=EDGE_CURVE('',#2726,#2568,#3473,.T.);
#2296=EDGE_CURVE('',#2552,#2858,#3474,.T.);
#2297=EDGE_CURVE('',#2858,#2695,#3475,.T.);
#2298=EDGE_CURVE('',#2858,#2859,#3476,.T.);
#2299=EDGE_CURVE('',#2859,#2686,#3477,.T.);
#2300=EDGE_CURVE('',#2859,#2550,#3478,.T.);
#2301=EDGE_CURVE('',#2860,#2860,#121,.T.);
#2302=EDGE_CURVE('',#2861,#2861,#122,.T.);
#2303=EDGE_CURVE('',#2862,#2540,#3479,.T.);
#2304=EDGE_CURVE('',#2863,#2862,#3480,.T.);
#2305=EDGE_CURVE('',#2863,#2541,#3481,.T.);
#2306=EDGE_CURVE('',#2864,#2862,#3482,.T.);
#2307=EDGE_CURVE('',#2865,#2864,#3483,.T.);
#2308=EDGE_CURVE('',#2865,#2863,#3484,.T.);
#2309=EDGE_CURVE('',#2539,#2864,#3485,.T.);
#2310=EDGE_CURVE('',#2542,#2865,#3486,.T.);
#2311=EDGE_CURVE('',#2866,#2770,#3487,.T.);
#2312=EDGE_CURVE('',#2867,#2771,#3488,.T.);
#2313=EDGE_CURVE('',#2867,#2866,#3489,.T.);
#2314=EDGE_CURVE('',#2772,#2868,#3490,.T.);
#2315=EDGE_CURVE('',#2869,#2868,#3491,.T.);
#2316=EDGE_CURVE('',#2773,#2869,#3492,.T.);
#2317=EDGE_CURVE('',#2868,#2866,#3493,.T.);
#2318=EDGE_CURVE('',#2869,#2867,#3494,.T.);
#2319=EDGE_CURVE('',#2870,#2753,#3495,.T.);
#2320=EDGE_CURVE('',#2871,#2870,#3496,.T.);
#2321=EDGE_CURVE('',#2871,#2752,#3497,.T.);
#2322=EDGE_CURVE('',#2872,#2757,#3498,.T.);
#2323=EDGE_CURVE('',#2872,#2870,#3499,.T.);
#2324=EDGE_CURVE('',#2873,#2756,#3500,.T.);
#2325=EDGE_CURVE('',#2873,#2872,#3501,.T.);
#2326=EDGE_CURVE('',#2874,#2755,#3502,.T.);
#2327=EDGE_CURVE('',#2874,#2873,#3503,.T.);
#2328=EDGE_CURVE('',#2875,#2754,#3504,.T.);
#2329=EDGE_CURVE('',#2874,#2875,#3505,.T.);
#2330=EDGE_CURVE('',#2875,#2871,#3506,.T.);
#2331=EDGE_CURVE('',#2506,#2743,#3507,.T.);
#2332=EDGE_CURVE('',#2519,#2747,#3508,.T.);
#2333=EDGE_CURVE('',#2517,#2746,#3509,.T.);
#2334=EDGE_CURVE('',#2504,#2741,#3510,.T.);
#2335=EDGE_CURVE('',#2528,#2712,#3511,.T.);
#2336=EDGE_CURVE('',#2774,#2709,#3512,.T.);
#2337=EDGE_CURVE('',#2876,#2811,#3513,.T.);
#2338=EDGE_CURVE('',#2876,#2877,#3514,.T.);
#2339=EDGE_CURVE('',#2814,#2877,#3515,.T.);
#2340=EDGE_CURVE('',#2878,#2813,#3516,.T.);
#2341=EDGE_CURVE('',#2878,#2879,#3517,.T.);
#2342=EDGE_CURVE('',#2812,#2879,#3518,.T.);
#2343=EDGE_CURVE('',#2810,#2482,#3519,.T.);
#2344=EDGE_CURVE('',#2876,#2385,#3520,.T.);
#2345=EDGE_CURVE('',#2384,#2877,#3521,.T.);
#2346=EDGE_CURVE('',#2878,#2381,#3522,.T.);
#2347=EDGE_CURVE('',#2490,#2456,#3523,.T.);
#2348=EDGE_CURVE('',#2880,#2396,#3524,.T.);
#2349=EDGE_CURVE('',#2881,#2880,#3525,.T.);
#2350=EDGE_CURVE('',#2393,#2881,#3526,.T.);
#2351=EDGE_CURVE('',#2882,#2392,#3527,.T.);
#2352=EDGE_CURVE('',#2883,#2882,#3528,.T.);
#2353=EDGE_CURVE('',#2389,#2883,#3529,.T.);
#2354=EDGE_CURVE('',#2492,#2883,#3530,.T.);
#2355=EDGE_CURVE('',#2882,#2491,#3531,.T.);
#2356=EDGE_CURVE('',#2450,#2881,#3532,.T.);
#2357=EDGE_CURVE('',#2455,#2487,#3533,.T.);
#2358=EDGE_CURVE('',#2488,#2826,#3534,.T.);
#2359=EDGE_CURVE('',#2481,#2808,#3535,.T.);
#2360=EDGE_CURVE('',#2831,#2480,#3536,.T.);
#2361=EDGE_CURVE('',#2820,#2834,#3537,.T.);
#2362=EDGE_CURVE('',#2835,#2819,#3538,.T.);
#2363=EDGE_CURVE('',#2833,#2815,#3539,.T.);
#2364=EDGE_CURVE('',#2479,#2832,#3540,.T.);
#2365=EDGE_CURVE('',#2828,#2471,#3541,.T.);
#2366=EDGE_CURVE('',#2472,#2827,#3542,.T.);
#2367=EDGE_CURVE('',#2470,#2829,#3543,.T.);
#2368=EDGE_CURVE('',#2830,#2489,#3544,.T.);
#2369=EDGE_CURVE('',#2818,#2821,#3545,.T.);
#2370=EDGE_CURVE('',#2822,#2817,#3546,.T.);
#2371=EDGE_CURVE('',#2477,#2473,#3547,.T.);
#2372=EDGE_CURVE('',#2474,#2476,#3548,.T.);
#2373=EDGE_CURVE('',#2475,#2465,#3549,.T.);
#2374=EDGE_CURVE('',#2462,#2451,#3550,.T.);
#2375=EDGE_CURVE('',#2816,#2823,#3551,.T.);
#2376=EDGE_CURVE('',#2673,#2664,#3552,.T.);
#2377=EDGE_CURVE('',#2880,#2449,#3553,.T.);
#2378=EDGE_CURVE('',#2380,#2879,#3554,.T.);
#2379=VERTEX_POINT('',#7164);
#2380=VERTEX_POINT('',#7165);
#2381=VERTEX_POINT('',#7167);
#2382=VERTEX_POINT('',#7169);
#2383=VERTEX_POINT('',#7173);
#2384=VERTEX_POINT('',#7174);
#2385=VERTEX_POINT('',#7176);
#2386=VERTEX_POINT('',#7178);
#2387=VERTEX_POINT('',#7182);
#2388=VERTEX_POINT('',#7183);
#2389=VERTEX_POINT('',#7185);
#2390=VERTEX_POINT('',#7187);
#2391=VERTEX_POINT('',#7189);
#2392=VERTEX_POINT('',#7191);
#2393=VERTEX_POINT('',#7193);
#2394=VERTEX_POINT('',#7195);
#2395=VERTEX_POINT('',#7197);
#2396=VERTEX_POINT('',#7199);
#2397=VERTEX_POINT('',#7201);
#2398=VERTEX_POINT('',#7203);
#2399=VERTEX_POINT('',#7207);
#2400=VERTEX_POINT('',#7208);
#2401=VERTEX_POINT('',#7210);
#2402=VERTEX_POINT('',#7212);
#2403=VERTEX_POINT('',#7214);
#2404=VERTEX_POINT('',#7218);
#2405=VERTEX_POINT('',#7219);
#2406=VERTEX_POINT('',#7221);
#2407=VERTEX_POINT('',#7223);
#2408=VERTEX_POINT('',#7227);
#2409=VERTEX_POINT('',#7228);
#2410=VERTEX_POINT('',#7230);
#2411=VERTEX_POINT('',#7232);
#2412=VERTEX_POINT('',#7236);
#2413=VERTEX_POINT('',#7237);
#2414=VERTEX_POINT('',#7239);
#2415=VERTEX_POINT('',#7241);
#2416=VERTEX_POINT('',#7245);
#2417=VERTEX_POINT('',#7246);
#2418=VERTEX_POINT('',#7248);
#2419=VERTEX_POINT('',#7250);
#2420=VERTEX_POINT('',#7254);
#2421=VERTEX_POINT('',#7255);
#2422=VERTEX_POINT('',#7257);
#2423=VERTEX_POINT('',#7259);
#2424=VERTEX_POINT('',#7263);
#2425=VERTEX_POINT('',#7264);
#2426=VERTEX_POINT('',#7266);
#2427=VERTEX_POINT('',#7268);
#2428=VERTEX_POINT('',#7272);
#2429=VERTEX_POINT('',#7273);
#2430=VERTEX_POINT('',#7275);
#2431=VERTEX_POINT('',#7277);
#2432=VERTEX_POINT('',#7281);
#2433=VERTEX_POINT('',#7282);
#2434=VERTEX_POINT('',#7284);
#2435=VERTEX_POINT('',#7286);
#2436=VERTEX_POINT('',#7290);
#2437=VERTEX_POINT('',#7291);
#2438=VERTEX_POINT('',#7293);
#2439=VERTEX_POINT('',#7295);
#2440=VERTEX_POINT('',#7299);
#2441=VERTEX_POINT('',#7300);
#2442=VERTEX_POINT('',#7302);
#2443=VERTEX_POINT('',#7304);
#2444=VERTEX_POINT('',#7308);
#2445=VERTEX_POINT('',#7309);
#2446=VERTEX_POINT('',#7311);
#2447=VERTEX_POINT('',#7313);
#2448=VERTEX_POINT('',#7315);
#2449=VERTEX_POINT('',#7319);
#2450=VERTEX_POINT('',#7320);
#2451=VERTEX_POINT('',#7325);
#2452=VERTEX_POINT('',#7327);
#2453=VERTEX_POINT('',#7329);
#2454=VERTEX_POINT('',#7331);
#2455=VERTEX_POINT('',#7335);
#2456=VERTEX_POINT('',#7337);
#2457=VERTEX_POINT('',#7339);
#2458=VERTEX_POINT('',#7341);
#2459=VERTEX_POINT('',#7343);
#2460=VERTEX_POINT('',#7345);
#2461=VERTEX_POINT('',#7349);
#2462=VERTEX_POINT('',#7350);
#2463=VERTEX_POINT('',#7353);
#2464=VERTEX_POINT('',#7355);
#2465=VERTEX_POINT('',#7359);
#2466=VERTEX_POINT('',#7361);
#2467=VERTEX_POINT('',#7363);
#2468=VERTEX_POINT('',#7365);
#2469=VERTEX_POINT('',#7367);
#2470=VERTEX_POINT('',#7369);
#2471=VERTEX_POINT('',#7372);
#2472=VERTEX_POINT('',#7374);
#2473=VERTEX_POINT('',#7377);
#2474=VERTEX_POINT('',#7379);
#2475=VERTEX_POINT('',#7383);
#2476=VERTEX_POINT('',#7386);
#2477=VERTEX_POINT('',#7388);
#2478=VERTEX_POINT('',#7391);
#2479=VERTEX_POINT('',#7395);
#2480=VERTEX_POINT('',#7397);
#2481=VERTEX_POINT('',#7399);
#2482=VERTEX_POINT('',#7402);
#2483=VERTEX_POINT('',#7404);
#2484=VERTEX_POINT('',#7406);
#2485=VERTEX_POINT('',#7408);
#2486=VERTEX_POINT('',#7410);
#2487=VERTEX_POINT('',#7414);
#2488=VERTEX_POINT('',#7416);
#2489=VERTEX_POINT('',#7419);
#2490=VERTEX_POINT('',#7423);
#2491=VERTEX_POINT('',#7427);
#2492=VERTEX_POINT('',#7428);
#2493=VERTEX_POINT('',#7433);
#2494=VERTEX_POINT('',#7434);
#2495=VERTEX_POINT('',#7436);
#2496=VERTEX_POINT('',#7439);
#2497=VERTEX_POINT('',#7440);
#2498=VERTEX_POINT('',#7442);
#2499=VERTEX_POINT('',#7444);
#2500=VERTEX_POINT('',#7447);
#2501=VERTEX_POINT('',#7448);
#2502=VERTEX_POINT('',#7450);
#2503=VERTEX_POINT('',#7452);
#2504=VERTEX_POINT('',#7455);
#2505=VERTEX_POINT('',#7456);
#2506=VERTEX_POINT('',#7458);
#2507=VERTEX_POINT('',#7460);
#2508=VERTEX_POINT('',#7464);
#2509=VERTEX_POINT('',#7465);
#2510=VERTEX_POINT('',#7467);
#2511=VERTEX_POINT('',#7470);
#2512=VERTEX_POINT('',#7471);
#2513=VERTEX_POINT('',#7473);
#2514=VERTEX_POINT('',#7476);
#2515=VERTEX_POINT('',#7477);
#2516=VERTEX_POINT('',#7479);
#2517=VERTEX_POINT('',#7482);
#2518=VERTEX_POINT('',#7483);
#2519=VERTEX_POINT('',#7485);
#2520=VERTEX_POINT('',#7487);
#2521=VERTEX_POINT('',#7489);
#2522=VERTEX_POINT('',#7491);
#2523=VERTEX_POINT('',#7493);
#2524=VERTEX_POINT('',#7495);
#2525=VERTEX_POINT('',#7499);
#2526=VERTEX_POINT('',#7501);
#2527=VERTEX_POINT('',#7502);
#2528=VERTEX_POINT('',#7504);
#2529=VERTEX_POINT('',#7506);
#2530=VERTEX_POINT('',#7508);
#2531=VERTEX_POINT('',#7510);
#2532=VERTEX_POINT('',#7512);
#2533=VERTEX_POINT('',#7514);
#2534=VERTEX_POINT('',#7516);
#2535=VERTEX_POINT('',#7518);
#2536=VERTEX_POINT('',#7520);
#2537=VERTEX_POINT('',#7522);
#2538=VERTEX_POINT('',#7525);
#2539=VERTEX_POINT('',#7527);
#2540=VERTEX_POINT('',#7528);
#2541=VERTEX_POINT('',#7530);
#2542=VERTEX_POINT('',#7532);
#2543=VERTEX_POINT('',#7546);
#2544=VERTEX_POINT('',#7548);
#2545=VERTEX_POINT('',#7561);
#2546=VERTEX_POINT('',#7563);
#2547=VERTEX_POINT('',#7566);
#2548=VERTEX_POINT('',#7568);
#2549=VERTEX_POINT('',#7571);
#2550=VERTEX_POINT('',#7572);
#2551=VERTEX_POINT('',#7574);
#2552=VERTEX_POINT('',#7579);
#2553=VERTEX_POINT('',#7580);
#2554=VERTEX_POINT('',#7582);
#2555=VERTEX_POINT('',#7587);
#2556=VERTEX_POINT('',#7589);
#2557=VERTEX_POINT('',#7593);
#2558=VERTEX_POINT('',#7595);
#2559=VERTEX_POINT('',#7599);
#2560=VERTEX_POINT('',#7600);
#2561=VERTEX_POINT('',#7602);
#2562=VERTEX_POINT('',#7605);
#2563=VERTEX_POINT('',#7606);
#2564=VERTEX_POINT('',#7608);
#2565=VERTEX_POINT('',#7610);
#2566=VERTEX_POINT('',#7612);
#2567=VERTEX_POINT('',#7615);
#2568=VERTEX_POINT('',#7616);
#2569=VERTEX_POINT('',#7618);
#2570=VERTEX_POINT('',#7622);
#2571=VERTEX_POINT('',#7623);
#2572=VERTEX_POINT('',#7625);
#2573=VERTEX_POINT('',#7627);
#2574=VERTEX_POINT('',#7629);
#2575=VERTEX_POINT('',#7631);
#2576=VERTEX_POINT('',#7634);
#2577=VERTEX_POINT('',#7635);
#2578=VERTEX_POINT('',#7637);
#2579=VERTEX_POINT('',#7641);
#2580=VERTEX_POINT('',#7642);
#2581=VERTEX_POINT('',#7644);
#2582=VERTEX_POINT('',#7646);
#2583=VERTEX_POINT('',#7650);
#2584=VERTEX_POINT('',#7651);
#2585=VERTEX_POINT('',#7653);
#2586=VERTEX_POINT('',#7655);
#2587=VERTEX_POINT('',#7659);
#2588=VERTEX_POINT('',#7660);
#2589=VERTEX_POINT('',#7662);
#2590=VERTEX_POINT('',#7664);
#2591=VERTEX_POINT('',#7667);
#2592=VERTEX_POINT('',#7671);
#2593=VERTEX_POINT('',#7672);
#2594=VERTEX_POINT('',#7674);
#2595=VERTEX_POINT('',#7676);
#2596=VERTEX_POINT('',#7679);
#2597=VERTEX_POINT('',#7686);
#2598=VERTEX_POINT('',#7688);
#2599=VERTEX_POINT('',#7691);
#2600=VERTEX_POINT('',#7693);
#2601=VERTEX_POINT('',#7700);
#2602=VERTEX_POINT('',#7701);
#2603=VERTEX_POINT('',#7703);
#2604=VERTEX_POINT('',#7705);
#2605=VERTEX_POINT('',#7709);
#2606=VERTEX_POINT('',#7711);
#2607=VERTEX_POINT('',#7713);
#2608=VERTEX_POINT('',#7716);
#2609=VERTEX_POINT('',#7718);
#2610=VERTEX_POINT('',#7719);
#2611=VERTEX_POINT('',#7721);
#2612=VERTEX_POINT('',#7723);
#2613=VERTEX_POINT('',#7725);
#2614=VERTEX_POINT('',#7728);
#2615=VERTEX_POINT('',#7730);
#2616=VERTEX_POINT('',#7732);
#2617=VERTEX_POINT('',#7734);
#2618=VERTEX_POINT('',#7736);
#2619=VERTEX_POINT('',#7739);
#2620=VERTEX_POINT('',#7740);
#2621=VERTEX_POINT('',#7742);
#2622=VERTEX_POINT('',#7746);
#2623=VERTEX_POINT('',#7748);
#2624=VERTEX_POINT('',#7752);
#2625=VERTEX_POINT('',#7753);
#2626=VERTEX_POINT('',#7755);
#2627=VERTEX_POINT('',#7757);
#2628=VERTEX_POINT('',#7760);
#2629=VERTEX_POINT('',#7764);
#2630=VERTEX_POINT('',#7765);
#2631=VERTEX_POINT('',#7767);
#2632=VERTEX_POINT('',#7769);
#2633=VERTEX_POINT('',#7773);
#2634=VERTEX_POINT('',#7774);
#2635=VERTEX_POINT('',#7776);
#2636=VERTEX_POINT('',#7778);
#2637=VERTEX_POINT('',#7781);
#2638=VERTEX_POINT('',#7782);
#2639=VERTEX_POINT('',#7784);
#2640=VERTEX_POINT('',#7788);
#2641=VERTEX_POINT('',#7790);
#2642=VERTEX_POINT('',#7794);
#2643=VERTEX_POINT('',#7796);
#2644=VERTEX_POINT('',#7798);
#2645=VERTEX_POINT('',#7801);
#2646=VERTEX_POINT('',#7803);
#2647=VERTEX_POINT('',#7807);
#2648=VERTEX_POINT('',#7808);
#2649=VERTEX_POINT('',#7812);
#2650=VERTEX_POINT('',#7814);
#2651=VERTEX_POINT('',#7816);
#2652=VERTEX_POINT('',#7820);
#2653=VERTEX_POINT('',#7824);
#2654=VERTEX_POINT('',#7826);
#2655=VERTEX_POINT('',#7830);
#2656=VERTEX_POINT('',#7832);
#2657=VERTEX_POINT('',#7834);
#2658=VERTEX_POINT('',#7836);
#2659=VERTEX_POINT('',#7838);
#2660=VERTEX_POINT('',#7842);
#2661=VERTEX_POINT('',#7843);
#2662=VERTEX_POINT('',#7845);
#2663=VERTEX_POINT('',#7847);
#2664=VERTEX_POINT('',#7854);
#2665=VERTEX_POINT('',#7857);
#2666=VERTEX_POINT('',#7862);
#2667=VERTEX_POINT('',#7864);
#2668=VERTEX_POINT('',#7866);
#2669=VERTEX_POINT('',#7868);
#2670=VERTEX_POINT('',#7870);
#2671=VERTEX_POINT('',#7872);
#2672=VERTEX_POINT('',#7876);
#2673=VERTEX_POINT('',#7878);
#2674=VERTEX_POINT('',#7883);
#2675=VERTEX_POINT('',#7884);
#2676=VERTEX_POINT('',#7886);
#2677=VERTEX_POINT('',#7888);
#2678=VERTEX_POINT('',#7890);
#2679=VERTEX_POINT('',#7892);
#2680=VERTEX_POINT('',#7894);
#2681=VERTEX_POINT('',#7896);
#2682=VERTEX_POINT('',#7898);
#2683=VERTEX_POINT('',#7900);
#2684=VERTEX_POINT('',#7902);
#2685=VERTEX_POINT('',#7904);
#2686=VERTEX_POINT('',#7908);
#2687=VERTEX_POINT('',#7909);
#2688=VERTEX_POINT('',#7911);
#2689=VERTEX_POINT('',#7913);
#2690=VERTEX_POINT('',#7915);
#2691=VERTEX_POINT('',#7917);
#2692=VERTEX_POINT('',#7919);
#2693=VERTEX_POINT('',#7921);
#2694=VERTEX_POINT('',#7923);
#2695=VERTEX_POINT('',#7925);
#2696=VERTEX_POINT('',#7929);
#2697=VERTEX_POINT('',#7930);
#2698=VERTEX_POINT('',#7933);
#2699=VERTEX_POINT('',#7935);
#2700=VERTEX_POINT('',#7937);
#2701=VERTEX_POINT('',#7939);
#2702=VERTEX_POINT('',#7943);
#2703=VERTEX_POINT('',#7944);
#2704=VERTEX_POINT('',#7947);
#2705=VERTEX_POINT('',#7949);
#2706=VERTEX_POINT('',#7951);
#2707=VERTEX_POINT('',#7953);
#2708=VERTEX_POINT('',#7956);
#2709=VERTEX_POINT('',#7957);
#2710=VERTEX_POINT('',#7959);
#2711=VERTEX_POINT('',#7961);
#2712=VERTEX_POINT('',#7964);
#2713=VERTEX_POINT('',#7969);
#2714=VERTEX_POINT('',#7970);
#2715=VERTEX_POINT('',#7972);
#2716=VERTEX_POINT('',#7975);
#2717=VERTEX_POINT('',#7977);
#2718=VERTEX_POINT('',#7981);
#2719=VERTEX_POINT('',#7985);
#2720=VERTEX_POINT('',#7990);
#2721=VERTEX_POINT('',#7992);
#2722=VERTEX_POINT('',#7996);
#2723=VERTEX_POINT('',#7998);
#2724=VERTEX_POINT('',#8000);
#2725=VERTEX_POINT('',#8001);
#2726=VERTEX_POINT('',#8004);
#2727=VERTEX_POINT('',#8007);
#2728=VERTEX_POINT('',#8009);
#2729=VERTEX_POINT('',#8014);
#2730=VERTEX_POINT('',#8016);
#2731=VERTEX_POINT('',#8022);
#2732=VERTEX_POINT('',#8025);
#2733=VERTEX_POINT('',#8028);
#2734=VERTEX_POINT('',#8030);
#2735=VERTEX_POINT('',#8034);
#2736=VERTEX_POINT('',#8038);
#2737=VERTEX_POINT('',#8045);
#2738=VERTEX_POINT('',#8047);
#2739=VERTEX_POINT('',#8051);
#2740=VERTEX_POINT('',#8055);
#2741=VERTEX_POINT('',#8064);
#2742=VERTEX_POINT('',#8065);
#2743=VERTEX_POINT('',#8068);
#2744=VERTEX_POINT('',#8071);
#2745=VERTEX_POINT('',#8073);
#2746=VERTEX_POINT('',#8076);
#2747=VERTEX_POINT('',#8080);
#2748=VERTEX_POINT('',#8082);
#2749=VERTEX_POINT('',#8084);
#2750=VERTEX_POINT('',#8086);
#2751=VERTEX_POINT('',#8088);
#2752=VERTEX_POINT('',#8091);
#2753=VERTEX_POINT('',#8092);
#2754=VERTEX_POINT('',#8094);
#2755=VERTEX_POINT('',#8096);
#2756=VERTEX_POINT('',#8098);
#2757=VERTEX_POINT('',#8100);
#2758=VERTEX_POINT('',#8103);
#2759=VERTEX_POINT('',#8104);
#2760=VERTEX_POINT('',#8107);
#2761=VERTEX_POINT('',#8109);
#2762=VERTEX_POINT('',#8111);
#2763=VERTEX_POINT('',#8114);
#2764=VERTEX_POINT('',#8117);
#2765=VERTEX_POINT('',#8136);
#2766=VERTEX_POINT('',#8139);
#2767=VERTEX_POINT('',#8142);
#2768=VERTEX_POINT('',#8145);
#2769=VERTEX_POINT('',#8147);
#2770=VERTEX_POINT('',#8152);
#2771=VERTEX_POINT('',#8153);
#2772=VERTEX_POINT('',#8155);
#2773=VERTEX_POINT('',#8157);
#2774=VERTEX_POINT('',#8160);
#2775=VERTEX_POINT('',#8163);
#2776=VERTEX_POINT('',#8165);
#2777=VERTEX_POINT('',#8167);
#2778=VERTEX_POINT('',#8173);
#2779=VERTEX_POINT('',#8177);
#2780=VERTEX_POINT('',#8179);
#2781=VERTEX_POINT('',#8185);
#2782=VERTEX_POINT('',#8192);
#2783=VERTEX_POINT('',#8196);
#2784=VERTEX_POINT('',#8198);
#2785=VERTEX_POINT('',#8204);
#2786=VERTEX_POINT('',#8207);
#2787=VERTEX_POINT('',#8209);
#2788=VERTEX_POINT('',#8213);
#2789=VERTEX_POINT('',#8218);
#2790=VERTEX_POINT('',#8227);
#2791=VERTEX_POINT('',#8228);
#2792=VERTEX_POINT('',#8230);
#2793=VERTEX_POINT('',#8232);
#2794=VERTEX_POINT('',#8237);
#2795=VERTEX_POINT('',#8238);
#2796=VERTEX_POINT('',#8243);
#2797=VERTEX_POINT('',#8250);
#2798=VERTEX_POINT('',#8254);
#2799=VERTEX_POINT('',#8255);
#2800=VERTEX_POINT('',#8257);
#2801=VERTEX_POINT('',#8259);
#2802=VERTEX_POINT('',#8263);
#2803=VERTEX_POINT('',#8265);
#2804=VERTEX_POINT('',#8268);
#2805=VERTEX_POINT('',#8269);
#2806=VERTEX_POINT('',#8274);
#2807=VERTEX_POINT('',#8281);
#2808=VERTEX_POINT('',#8285);
#2809=VERTEX_POINT('',#8287);
#2810=VERTEX_POINT('',#8290);
#2811=VERTEX_POINT('',#8294);
#2812=VERTEX_POINT('',#8296);
#2813=VERTEX_POINT('',#8299);
#2814=VERTEX_POINT('',#8301);
#2815=VERTEX_POINT('',#8306);
#2816=VERTEX_POINT('',#8309);
#2817=VERTEX_POINT('',#8312);
#2818=VERTEX_POINT('',#8314);
#2819=VERTEX_POINT('',#8317);
#2820=VERTEX_POINT('',#8319);
#2821=VERTEX_POINT('',#8323);
#2822=VERTEX_POINT('',#8325);
#2823=VERTEX_POINT('',#8328);
#2824=VERTEX_POINT('',#8333);
#2825=VERTEX_POINT('',#8337);
#2826=VERTEX_POINT('',#8341);
#2827=VERTEX_POINT('',#8344);
#2828=VERTEX_POINT('',#8346);
#2829=VERTEX_POINT('',#8349);
#2830=VERTEX_POINT('',#8351);
#2831=VERTEX_POINT('',#8359);
#2832=VERTEX_POINT('',#8361);
#2833=VERTEX_POINT('',#8363);
#2834=VERTEX_POINT('',#8366);
#2835=VERTEX_POINT('',#8368);
#2836=VERTEX_POINT('',#8380);
#2837=VERTEX_POINT('',#8383);
#2838=VERTEX_POINT('',#8385);
#2839=VERTEX_POINT('',#8394);
#2840=VERTEX_POINT('',#8398);
#2841=VERTEX_POINT('',#8401);
#2842=VERTEX_POINT('',#8403);
#2843=VERTEX_POINT('',#8412);
#2844=VERTEX_POINT('',#8435);
#2845=VERTEX_POINT('',#8436);
#2846=VERTEX_POINT('',#8443);
#2847=VERTEX_POINT('',#8445);
#2848=VERTEX_POINT('',#8452);
#2849=VERTEX_POINT('',#8455);
#2850=VERTEX_POINT('',#8456);
#2851=VERTEX_POINT('',#8458);
#2852=VERTEX_POINT('',#8460);
#2853=VERTEX_POINT('',#8472);
#2854=VERTEX_POINT('',#8475);
#2855=VERTEX_POINT('',#8476);
#2856=VERTEX_POINT('',#8478);
#2857=VERTEX_POINT('',#8480);
#2858=VERTEX_POINT('',#8513);
#2859=VERTEX_POINT('',#8517);
#2860=VERTEX_POINT('',#8524);
#2861=VERTEX_POINT('',#8527);
#2862=VERTEX_POINT('',#8531);
#2863=VERTEX_POINT('',#8533);
#2864=VERTEX_POINT('',#8537);
#2865=VERTEX_POINT('',#8539);
#2866=VERTEX_POINT('',#8548);
#2867=VERTEX_POINT('',#8550);
#2868=VERTEX_POINT('',#8554);
#2869=VERTEX_POINT('',#8556);
#2870=VERTEX_POINT('',#8573);
#2871=VERTEX_POINT('',#8575);
#2872=VERTEX_POINT('',#8579);
#2873=VERTEX_POINT('',#8583);
#2874=VERTEX_POINT('',#8587);
#2875=VERTEX_POINT('',#8591);
#2876=VERTEX_POINT('',#8617);
#2877=VERTEX_POINT('',#8619);
#2878=VERTEX_POINT('',#8622);
#2879=VERTEX_POINT('',#8624);
#2880=VERTEX_POINT('',#8636);
#2881=VERTEX_POINT('',#8638);
#2882=VERTEX_POINT('',#8641);
#2883=VERTEX_POINT('',#8643);
#2884=LINE('',#7163,#3555);
#2885=LINE('',#7166,#3556);
#2886=LINE('',#7168,#3557);
#2887=LINE('',#7170,#3558);
#2888=LINE('',#7172,#3559);
#2889=LINE('',#7175,#3560);
#2890=LINE('',#7177,#3561);
#2891=LINE('',#7179,#3562);
#2892=LINE('',#7181,#3563);
#2893=LINE('',#7184,#3564);
#2894=LINE('',#7186,#3565);
#2895=LINE('',#7188,#3566);
#2896=LINE('',#7190,#3567);
#2897=LINE('',#7192,#3568);
#2898=LINE('',#7194,#3569);
#2899=LINE('',#7196,#3570);
#2900=LINE('',#7198,#3571);
#2901=LINE('',#7200,#3572);
#2902=LINE('',#7202,#3573);
#2903=LINE('',#7204,#3574);
#2904=LINE('',#7206,#3575);
#2905=LINE('',#7209,#3576);
#2906=LINE('',#7211,#3577);
#2907=LINE('',#7215,#3578);
#2908=LINE('',#7217,#3579);
#2909=LINE('',#7220,#3580);
#2910=LINE('',#7222,#3581);
#2911=LINE('',#7224,#3582);
#2912=LINE('',#7229,#3583);
#2913=LINE('',#7231,#3584);
#2914=LINE('',#7233,#3585);
#2915=LINE('',#7238,#3586);
#2916=LINE('',#7242,#3587);
#2917=LINE('',#7247,#3588);
#2918=LINE('',#7249,#3589);
#2919=LINE('',#7251,#3590);
#2920=LINE('',#7253,#3591);
#2921=LINE('',#7256,#3592);
#2922=LINE('',#7258,#3593);
#2923=LINE('',#7260,#3594);
#2924=LINE('',#7262,#3595);
#2925=LINE('',#7265,#3596);
#2926=LINE('',#7267,#3597);
#2927=LINE('',#7269,#3598);
#2928=LINE('',#7271,#3599);
#2929=LINE('',#7274,#3600);
#2930=LINE('',#7276,#3601);
#2931=LINE('',#7278,#3602);
#2932=LINE('',#7280,#3603);
#2933=LINE('',#7283,#3604);
#2934=LINE('',#7287,#3605);
#2935=LINE('',#7292,#3606);
#2936=LINE('',#7296,#3607);
#2937=LINE('',#7298,#3608);
#2938=LINE('',#7301,#3609);
#2939=LINE('',#7305,#3610);
#2940=LINE('',#7307,#3611);
#2941=LINE('',#7310,#3612);
#2942=LINE('',#7312,#3613);
#2943=LINE('',#7314,#3614);
#2944=LINE('',#7318,#3615);
#2945=LINE('',#7321,#3616);
#2946=LINE('',#7322,#3617);
#2947=LINE('',#7324,#3618);
#2948=LINE('',#7326,#3619);
#2949=LINE('',#7328,#3620);
#2950=LINE('',#7330,#3621);
#2951=LINE('',#7332,#3622);
#2952=LINE('',#7334,#3623);
#2953=LINE('',#7336,#3624);
#2954=LINE('',#7338,#3625);
#2955=LINE('',#7340,#3626);
#2956=LINE('',#7342,#3627);
#2957=LINE('',#7344,#3628);
#2958=LINE('',#7346,#3629);
#2959=LINE('',#7348,#3630);
#2960=LINE('',#7351,#3631);
#2961=LINE('',#7352,#3632);
#2962=LINE('',#7354,#3633);
#2963=LINE('',#7356,#3634);
#2964=LINE('',#7358,#3635);
#2965=LINE('',#7360,#3636);
#2966=LINE('',#7362,#3637);
#2967=LINE('',#7364,#3638);
#2968=LINE('',#7366,#3639);
#2969=LINE('',#7368,#3640);
#2970=LINE('',#7370,#3641);
#2971=LINE('',#7371,#3642);
#2972=LINE('',#7373,#3643);
#2973=LINE('',#7375,#3644);
#2974=LINE('',#7376,#3645);
#2975=LINE('',#7378,#3646);
#2976=LINE('',#7380,#3647);
#2977=LINE('',#7382,#3648);
#2978=LINE('',#7384,#3649);
#2979=LINE('',#7385,#3650);
#2980=LINE('',#7387,#3651);
#2981=LINE('',#7389,#3652);
#2982=LINE('',#7390,#3653);
#2983=LINE('',#7392,#3654);
#2984=LINE('',#7394,#3655);
#2985=LINE('',#7396,#3656);
#2986=LINE('',#7400,#3657);
#2987=LINE('',#7401,#3658);
#2988=LINE('',#7405,#3659);
#2989=LINE('',#7409,#3660);
#2990=LINE('',#7413,#3661);
#2991=LINE('',#7417,#3662);
#2992=LINE('',#7418,#3663);
#2993=LINE('',#7424,#3664);
#2994=LINE('',#7426,#3665);
#2995=LINE('',#7429,#3666);
#2996=LINE('',#7430,#3667);
#2997=LINE('',#7432,#3668);
#2998=LINE('',#7437,#3669);
#2999=LINE('',#7438,#3670);
#3000=LINE('',#7441,#3671);
#3001=LINE('',#7443,#3672);
#3002=LINE('',#7445,#3673);
#3003=LINE('',#7446,#3674);
#3004=LINE('',#7449,#3675);
#3005=LINE('',#7451,#3676);
#3006=LINE('',#7453,#3677);
#3007=LINE('',#7454,#3678);
#3008=LINE('',#7457,#3679);
#3009=LINE('',#7459,#3680);
#3010=LINE('',#7461,#3681);
#3011=LINE('',#7463,#3682);
#3012=LINE('',#7468,#3683);
#3013=LINE('',#7469,#3684);
#3014=LINE('',#7474,#3685);
#3015=LINE('',#7475,#3686);
#3016=LINE('',#7480,#3687);
#3017=LINE('',#7481,#3688);
#3018=LINE('',#7484,#3689);
#3019=LINE('',#7486,#3690);
#3020=LINE('',#7488,#3691);
#3021=LINE('',#7490,#3692);
#3022=LINE('',#7492,#3693);
#3023=LINE('',#7494,#3694);
#3024=LINE('',#7496,#3695);
#3025=LINE('',#7500,#3696);
#3026=LINE('',#7503,#3697);
#3027=LINE('',#7505,#3698);
#3028=LINE('',#7507,#3699);
#3029=LINE('',#7509,#3700);
#3030=LINE('',#7511,#3701);
#3031=LINE('',#7513,#3702);
#3032=LINE('',#7515,#3703);
#3033=LINE('',#7517,#3704);
#3034=LINE('',#7519,#3705);
#3035=LINE('',#7521,#3706);
#3036=LINE('',#7523,#3707);
#3037=LINE('',#7526,#3708);
#3038=LINE('',#7529,#3709);
#3039=LINE('',#7531,#3710);
#3040=LINE('',#7533,#3711);
#3041=LINE('',#7570,#3712);
#3042=LINE('',#7573,#3713);
#3043=LINE('',#7575,#3714);
#3044=LINE('',#7576,#3715);
#3045=LINE('',#7578,#3716);
#3046=LINE('',#7581,#3717);
#3047=LINE('',#7583,#3718);
#3048=LINE('',#7584,#3719);
#3049=LINE('',#7586,#3720);
#3050=LINE('',#7590,#3721);
#3051=LINE('',#7592,#3722);
#3052=LINE('',#7596,#3723);
#3053=LINE('',#7598,#3724);
#3054=LINE('',#7603,#3725);
#3055=LINE('',#7604,#3726);
#3056=LINE('',#7607,#3727);
#3057=LINE('',#7609,#3728);
#3058=LINE('',#7611,#3729);
#3059=LINE('',#7613,#3730);
#3060=LINE('',#7614,#3731);
#3061=LINE('',#7619,#3732);
#3062=LINE('',#7624,#3733);
#3063=LINE('',#7626,#3734);
#3064=LINE('',#7628,#3735);
#3065=LINE('',#7630,#3736);
#3066=LINE('',#7632,#3737);
#3067=LINE('',#7633,#3738);
#3068=LINE('',#7638,#3739);
#3069=LINE('',#7640,#3740);
#3070=LINE('',#7645,#3741);
#3071=LINE('',#7649,#3742);
#3072=LINE('',#7654,#3743);
#3073=LINE('',#7658,#3744);
#3074=LINE('',#7661,#3745);
#3075=LINE('',#7663,#3746);
#3076=LINE('',#7665,#3747);
#3077=LINE('',#7666,#3748);
#3078=LINE('',#7668,#3749);
#3079=LINE('',#7670,#3750);
#3080=LINE('',#7673,#3751);
#3081=LINE('',#7675,#3752);
#3082=LINE('',#7677,#3753);
#3083=LINE('',#7678,#3754);
#3084=LINE('',#7680,#3755);
#3085=LINE('',#7682,#3756);
#3086=LINE('',#7683,#3757);
#3087=LINE('',#7685,#3758);
#3088=LINE('',#7689,#3759);
#3089=LINE('',#7690,#3760);
#3090=LINE('',#7694,#3761);
#3091=LINE('',#7696,#3762);
#3092=LINE('',#7697,#3763);
#3093=LINE('',#7699,#3764);
#3094=LINE('',#7704,#3765);
#3095=LINE('',#7712,#3766);
#3096=LINE('',#7714,#3767);
#3097=LINE('',#7717,#3768);
#3098=LINE('',#7720,#3769);
#3099=LINE('',#7722,#3770);
#3100=LINE('',#7724,#3771);
#3101=LINE('',#7726,#3772);
#3102=LINE('',#7727,#3773);
#3103=LINE('',#7729,#3774);
#3104=LINE('',#7731,#3775);
#3105=LINE('',#7733,#3776);
#3106=LINE('',#7735,#3777);
#3107=LINE('',#7737,#3778);
#3108=LINE('',#7738,#3779);
#3109=LINE('',#7743,#3780);
#3110=LINE('',#7745,#3781);
#3111=LINE('',#7749,#3782);
#3112=LINE('',#7751,#3783);
#3113=LINE('',#7754,#3784);
#3114=LINE('',#7756,#3785);
#3115=LINE('',#7758,#3786);
#3116=LINE('',#7759,#3787);
#3117=LINE('',#7761,#3788);
#3118=LINE('',#7763,#3789);
#3119=LINE('',#7768,#3790);
#3120=LINE('',#7772,#3791);
#3121=LINE('',#7775,#3792);
#3122=LINE('',#7777,#3793);
#3123=LINE('',#7779,#3794);
#3124=LINE('',#7780,#3795);
#3125=LINE('',#7785,#3796);
#3126=LINE('',#7787,#3797);
#3127=LINE('',#7791,#3798);
#3128=LINE('',#7793,#3799);
#3129=LINE('',#7795,#3800);
#3130=LINE('',#7797,#3801);
#3131=LINE('',#7799,#3802);
#3132=LINE('',#7800,#3803);
#3133=LINE('',#7802,#3804);
#3134=LINE('',#7804,#3805);
#3135=LINE('',#7806,#3806);
#3136=LINE('',#7809,#3807);
#3137=LINE('',#7810,#3808);
#3138=LINE('',#7811,#3809);
#3139=LINE('',#7813,#3810);
#3140=LINE('',#7815,#3811);
#3141=LINE('',#7817,#3812);
#3142=LINE('',#7819,#3813);
#3143=LINE('',#7821,#3814);
#3144=LINE('',#7823,#3815);
#3145=LINE('',#7825,#3816);
#3146=LINE('',#7827,#3817);
#3147=LINE('',#7829,#3818);
#3148=LINE('',#7831,#3819);
#3149=LINE('',#7833,#3820);
#3150=LINE('',#7835,#3821);
#3151=LINE('',#7837,#3822);
#3152=LINE('',#7839,#3823);
#3153=LINE('',#7841,#3824);
#3154=LINE('',#7844,#3825);
#3155=LINE('',#7846,#3826);
#3156=LINE('',#7848,#3827);
#3157=LINE('',#7850,#3828);
#3158=LINE('',#7851,#3829);
#3159=LINE('',#7853,#3830);
#3160=LINE('',#7855,#3831);
#3161=LINE('',#7856,#3832);
#3162=LINE('',#7858,#3833);
#3163=LINE('',#7860,#3834);
#3164=LINE('',#7861,#3835);
#3165=LINE('',#7863,#3836);
#3166=LINE('',#7865,#3837);
#3167=LINE('',#7869,#3838);
#3168=LINE('',#7871,#3839);
#3169=LINE('',#7873,#3840);
#3170=LINE('',#7875,#3841);
#3171=LINE('',#7877,#3842);
#3172=LINE('',#7879,#3843);
#3173=LINE('',#7880,#3844);
#3174=LINE('',#7882,#3845);
#3175=LINE('',#7885,#3846);
#3176=LINE('',#7887,#3847);
#3177=LINE('',#7889,#3848);
#3178=LINE('',#7891,#3849);
#3179=LINE('',#7893,#3850);
#3180=LINE('',#7895,#3851);
#3181=LINE('',#7897,#3852);
#3182=LINE('',#7899,#3853);
#3183=LINE('',#7901,#3854);
#3184=LINE('',#7903,#3855);
#3185=LINE('',#7905,#3856);
#3186=LINE('',#7906,#3857);
#3187=LINE('',#7907,#3858);
#3188=LINE('',#7910,#3859);
#3189=LINE('',#7912,#3860);
#3190=LINE('',#7914,#3861);
#3191=LINE('',#7916,#3862);
#3192=LINE('',#7918,#3863);
#3193=LINE('',#7920,#3864);
#3194=LINE('',#7922,#3865);
#3195=LINE('',#7924,#3866);
#3196=LINE('',#7926,#3867);
#3197=LINE('',#7928,#3868);
#3198=LINE('',#7931,#3869);
#3199=LINE('',#7932,#3870);
#3200=LINE('',#7934,#3871);
#3201=LINE('',#7936,#3872);
#3202=LINE('',#7938,#3873);
#3203=LINE('',#7940,#3874);
#3204=LINE('',#7942,#3875);
#3205=LINE('',#7945,#3876);
#3206=LINE('',#7946,#3877);
#3207=LINE('',#7948,#3878);
#3208=LINE('',#7950,#3879);
#3209=LINE('',#7952,#3880);
#3210=LINE('',#7954,#3881);
#3211=LINE('',#7955,#3882);
#3212=LINE('',#7958,#3883);
#3213=LINE('',#7962,#3884);
#3214=LINE('',#7963,#3885);
#3215=LINE('',#7965,#3886);
#3216=LINE('',#7966,#3887);
#3217=LINE('',#7968,#3888);
#3218=LINE('',#7971,#3889);
#3219=LINE('',#7973,#3890);
#3220=LINE('',#7974,#3891);
#3221=LINE('',#7976,#3892);
#3222=LINE('',#7978,#3893);
#3223=LINE('',#7980,#3894);
#3224=LINE('',#7982,#3895);
#3225=LINE('',#7987,#3896);
#3226=LINE('',#7989,#3897);
#3227=LINE('',#7991,#3898);
#3228=LINE('',#7993,#3899);
#3229=LINE('',#7999,#3900);
#3230=LINE('',#8002,#3901);
#3231=LINE('',#8003,#3902);
#3232=LINE('',#8005,#3903);
#3233=LINE('',#8006,#3904);
#3234=LINE('',#8008,#3905);
#3235=LINE('',#8010,#3906);
#3236=LINE('',#8012,#3907);
#3237=LINE('',#8013,#3908);
#3238=LINE('',#8015,#3909);
#3239=LINE('',#8017,#3910);
#3240=LINE('',#8018,#3911);
#3241=LINE('',#8019,#3912);
#3242=LINE('',#8027,#3913);
#3243=LINE('',#8029,#3914);
#3244=LINE('',#8031,#3915);
#3245=LINE('',#8033,#3916);
#3246=LINE('',#8035,#3917);
#3247=LINE('',#8037,#3918);
#3248=LINE('',#8039,#3919);
#3249=LINE('',#8041,#3920);
#3250=LINE('',#8044,#3921);
#3251=LINE('',#8046,#3922);
#3252=LINE('',#8048,#3923);
#3253=LINE('',#8050,#3924);
#3254=LINE('',#8052,#3925);
#3255=LINE('',#8054,#3926);
#3256=LINE('',#8056,#3927);
#3257=LINE('',#8058,#3928);
#3258=LINE('',#8061,#3929);
#3259=LINE('',#8063,#3930);
#3260=LINE('',#8066,#3931);
#3261=LINE('',#8067,#3932);
#3262=LINE('',#8069,#3933);
#3263=LINE('',#8070,#3934);
#3264=LINE('',#8072,#3935);
#3265=LINE('',#8074,#3936);
#3266=LINE('',#8075,#3937);
#3267=LINE('',#8077,#3938);
#3268=LINE('',#8078,#3939);
#3269=LINE('',#8079,#3940);
#3270=LINE('',#8081,#3941);
#3271=LINE('',#8083,#3942);
#3272=LINE('',#8085,#3943);
#3273=LINE('',#8087,#3944);
#3274=LINE('',#8089,#3945);
#3275=LINE('',#8090,#3946);
#3276=LINE('',#8093,#3947);
#3277=LINE('',#8095,#3948);
#3278=LINE('',#8097,#3949);
#3279=LINE('',#8099,#3950);
#3280=LINE('',#8101,#3951);
#3281=LINE('',#8102,#3952);
#3282=LINE('',#8105,#3953);
#3283=LINE('',#8106,#3954);
#3284=LINE('',#8108,#3955);
#3285=LINE('',#8110,#3956);
#3286=LINE('',#8112,#3957);
#3287=LINE('',#8113,#3958);
#3288=LINE('',#8115,#3959);
#3289=LINE('',#8120,#3960);
#3290=LINE('',#8122,#3961);
#3291=LINE('',#8123,#3962);
#3292=LINE('',#8126,#3963);
#3293=LINE('',#8127,#3964);
#3294=LINE('',#8130,#3965);
#3295=LINE('',#8132,#3966);
#3296=LINE('',#8133,#3967);
#3297=LINE('',#8138,#3968);
#3298=LINE('',#8140,#3969);
#3299=LINE('',#8141,#3970);
#3300=LINE('',#8143,#3971);
#3301=LINE('',#8144,#3972);
#3302=LINE('',#8146,#3973);
#3303=LINE('',#8148,#3974);
#3304=LINE('',#8149,#3975);
#3305=LINE('',#8151,#3976);
#3306=LINE('',#8154,#3977);
#3307=LINE('',#8156,#3978);
#3308=LINE('',#8158,#3979);
#3309=LINE('',#8159,#3980);
#3310=LINE('',#8161,#3981);
#3311=LINE('',#8162,#3982);
#3312=LINE('',#8164,#3983);
#3313=LINE('',#8166,#3984);
#3314=LINE('',#8168,#3985);
#3315=LINE('',#8169,#3986);
#3316=LINE('',#8172,#3987);
#3317=LINE('',#8174,#3988);
#3318=LINE('',#8178,#3989);
#3319=LINE('',#8180,#3990);
#3320=LINE('',#8182,#3991);
#3321=LINE('',#8186,#3992);
#3322=LINE('',#8187,#3993);
#3323=LINE('',#8190,#3994);
#3324=LINE('',#8191,#3995);
#3325=LINE('',#8193,#3996);
#3326=LINE('',#8197,#3997);
#3327=LINE('',#8199,#3998);
#3328=LINE('',#8201,#3999);
#3329=LINE('',#8203,#4000);
#3330=LINE('',#8205,#4001);
#3331=LINE('',#8206,#4002);
#3332=LINE('',#8208,#4003);
#3333=LINE('',#8210,#4004);
#3334=LINE('',#8214,#4005);
#3335=LINE('',#8215,#4006);
#3336=LINE('',#8223,#4007);
#3337=LINE('',#8226,#4008);
#3338=LINE('',#8229,#4009);
#3339=LINE('',#8231,#4010);
#3340=LINE('',#8233,#4011);
#3341=LINE('',#8235,#4012);
#3342=LINE('',#8236,#4013);
#3343=LINE('',#8239,#4014);
#3344=LINE('',#8240,#4015);
#3345=LINE('',#8242,#4016);
#3346=LINE('',#8244,#4017);
#3347=LINE('',#8245,#4018);
#3348=LINE('',#8247,#4019);
#3349=LINE('',#8249,#4020);
#3350=LINE('',#8253,#4021);
#3351=LINE('',#8256,#4022);
#3352=LINE('',#8258,#4023);
#3353=LINE('',#8260,#4024);
#3354=LINE('',#8262,#4025);
#3355=LINE('',#8264,#4026);
#3356=LINE('',#8266,#4027);
#3357=LINE('',#8267,#4028);
#3358=LINE('',#8270,#4029);
#3359=LINE('',#8271,#4030);
#3360=LINE('',#8273,#4031);
#3361=LINE('',#8275,#4032);
#3362=LINE('',#8276,#4033);
#3363=LINE('',#8278,#4034);
#3364=LINE('',#8282,#4035);
#3365=LINE('',#8284,#4036);
#3366=LINE('',#8286,#4037);
#3367=LINE('',#8288,#4038);
#3368=LINE('',#8289,#4039);
#3369=LINE('',#8291,#4040);
#3370=LINE('',#8293,#4041);
#3371=LINE('',#8295,#4042);
#3372=LINE('',#8297,#4043);
#3373=LINE('',#8298,#4044);
#3374=LINE('',#8300,#4045);
#3375=LINE('',#8302,#4046);
#3376=LINE('',#8303,#4047);
#3377=LINE('',#8305,#4048);
#3378=LINE('',#8307,#4049);
#3379=LINE('',#8308,#4050);
#3380=LINE('',#8310,#4051);
#3381=LINE('',#8311,#4052);
#3382=LINE('',#8313,#4053);
#3383=LINE('',#8315,#4054);
#3384=LINE('',#8316,#4055);
#3385=LINE('',#8318,#4056);
#3386=LINE('',#8320,#4057);
#3387=LINE('',#8322,#4058);
#3388=LINE('',#8324,#4059);
#3389=LINE('',#8326,#4060);
#3390=LINE('',#8327,#4061);
#3391=LINE('',#8329,#4062);
#3392=LINE('',#8330,#4063);
#3393=LINE('',#8334,#4064);
#3394=LINE('',#8336,#4065);
#3395=LINE('',#8340,#4066);
#3396=LINE('',#8343,#4067);
#3397=LINE('',#8347,#4068);
#3398=LINE('',#8348,#4069);
#3399=LINE('',#8352,#4070);
#3400=LINE('',#8354,#4071);
#3401=LINE('',#8356,#4072);
#3402=LINE('',#8358,#4073);
#3403=LINE('',#8360,#4074);
#3404=LINE('',#8364,#4075);
#3405=LINE('',#8365,#4076);
#3406=LINE('',#8369,#4077);
#3407=LINE('',#8373,#4078);
#3408=LINE('',#8374,#4079);
#3409=LINE('',#8376,#4080);
#3410=LINE('',#8377,#4081);
#3411=LINE('',#8379,#4082);
#3412=LINE('',#8381,#4083);
#3413=LINE('',#8382,#4084);
#3414=LINE('',#8384,#4085);
#3415=LINE('',#8386,#4086);
#3416=LINE('',#8388,#4087);
#3417=LINE('',#8390,#4088);
#3418=LINE('',#8393,#4089);
#3419=LINE('',#8395,#4090);
#3420=LINE('',#8397,#4091);
#3421=LINE('',#8399,#4092);
#3422=LINE('',#8400,#4093);
#3423=LINE('',#8402,#4094);
#3424=LINE('',#8404,#4095);
#3425=LINE('',#8406,#4096);
#3426=LINE('',#8408,#4097);
#3427=LINE('',#8411,#4098);
#3428=LINE('',#8413,#4099);
#3429=LINE('',#8415,#4100);
#3430=LINE('',#8418,#4101);
#3431=LINE('',#8421,#4102);
#3432=LINE('',#8424,#4103);
#3433=LINE('',#8427,#4104);
#3434=LINE('',#8428,#4105);
#3435=LINE('',#8430,#4106);
#3436=LINE('',#8431,#4107);
#3437=LINE('',#8434,#4108);
#3438=LINE('',#8437,#4109);
#3439=LINE('',#8438,#4110);
#3440=LINE('',#8440,#4111);
#3441=LINE('',#8441,#4112);
#3442=LINE('',#8442,#4113);
#3443=LINE('',#8444,#4114);
#3444=LINE('',#8446,#4115);
#3445=LINE('',#8448,#4116);
#3446=LINE('',#8449,#4117);
#3447=LINE('',#8451,#4118);
#3448=LINE('',#8453,#4119);
#3449=LINE('',#8454,#4120);
#3450=LINE('',#8457,#4121);
#3451=LINE('',#8459,#4122);
#3452=LINE('',#8461,#4123);
#3453=LINE('',#8463,#4124);
#3454=LINE('',#8464,#4125);
#3455=LINE('',#8466,#4126);
#3456=LINE('',#8468,#4127);
#3457=LINE('',#8471,#4128);
#3458=LINE('',#8473,#4129);
#3459=LINE('',#8474,#4130);
#3460=LINE('',#8477,#4131);
#3461=LINE('',#8479,#4132);
#3462=LINE('',#8481,#4133);
#3463=LINE('',#8483,#4134);
#3464=LINE('',#8484,#4135);
#3465=LINE('',#8486,#4136);
#3466=LINE('',#8488,#4137);
#3467=LINE('',#8491,#4138);
#3468=LINE('',#8494,#4139);
#3469=LINE('',#8497,#4140);
#3470=LINE('',#8500,#4141);
#3471=LINE('',#8503,#4142);
#3472=LINE('',#8506,#4143);
#3473=LINE('',#8509,#4144);
#3474=LINE('',#8512,#4145);
#3475=LINE('',#8514,#4146);
#3476=LINE('',#8516,#4147);
#3477=LINE('',#8518,#4148);
#3478=LINE('',#8520,#4149);
#3479=LINE('',#8530,#4150);
#3480=LINE('',#8532,#4151);
#3481=LINE('',#8534,#4152);
#3482=LINE('',#8536,#4153);
#3483=LINE('',#8538,#4154);
#3484=LINE('',#8540,#4155);
#3485=LINE('',#8542,#4156);
#3486=LINE('',#8543,#4157);
#3487=LINE('',#8547,#4158);
#3488=LINE('',#8549,#4159);
#3489=LINE('',#8551,#4160);
#3490=LINE('',#8553,#4161);
#3491=LINE('',#8555,#4162);
#3492=LINE('',#8557,#4163);
#3493=LINE('',#8559,#4164);
#3494=LINE('',#8560,#4165);
#3495=LINE('',#8572,#4166);
#3496=LINE('',#8574,#4167);
#3497=LINE('',#8576,#4168);
#3498=LINE('',#8578,#4169);
#3499=LINE('',#8580,#4170);
#3500=LINE('',#8582,#4171);
#3501=LINE('',#8584,#4172);
#3502=LINE('',#8586,#4173);
#3503=LINE('',#8588,#4174);
#3504=LINE('',#8590,#4175);
#3505=LINE('',#8592,#4176);
#3506=LINE('',#8594,#4177);
#3507=LINE('',#8597,#4178);
#3508=LINE('',#8600,#4179);
#3509=LINE('',#8603,#4180);
#3510=LINE('',#8606,#4181);
#3511=LINE('',#8610,#4182);
#3512=LINE('',#8613,#4183);
#3513=LINE('',#8616,#4184);
#3514=LINE('',#8618,#4185);
#3515=LINE('',#8620,#4186);
#3516=LINE('',#8621,#4187);
#3517=LINE('',#8623,#4188);
#3518=LINE('',#8625,#4189);
#3519=LINE('',#8626,#4190);
#3520=LINE('',#8628,#4191);
#3521=LINE('',#8630,#4192);
#3522=LINE('',#8632,#4193);
#3523=LINE('',#8634,#4194);
#3524=LINE('',#8635,#4195);
#3525=LINE('',#8637,#4196);
#3526=LINE('',#8639,#4197);
#3527=LINE('',#8640,#4198);
#3528=LINE('',#8642,#4199);
#3529=LINE('',#8644,#4200);
#3530=LINE('',#8646,#4201);
#3531=LINE('',#8648,#4202);
#3532=LINE('',#8650,#4203);
#3533=LINE('',#8652,#4204);
#3534=LINE('',#8653,#4205);
#3535=LINE('',#8657,#4206);
#3536=LINE('',#8658,#4207);
#3537=LINE('',#8662,#4208);
#3538=LINE('',#8663,#4209);
#3539=LINE('',#8667,#4210);
#3540=LINE('',#8668,#4211);
#3541=LINE('',#8672,#4212);
#3542=LINE('',#8673,#4213);
#3543=LINE('',#8677,#4214);
#3544=LINE('',#8678,#4215);
#3545=LINE('',#8682,#4216);
#3546=LINE('',#8683,#4217);
#3547=LINE('',#8687,#4218);
#3548=LINE('',#8688,#4219);
#3549=LINE('',#8692,#4220);
#3550=LINE('',#8693,#4221);
#3551=LINE('',#8697,#4222);
#3552=LINE('',#8698,#4223);
#3553=LINE('',#8703,#4224);
#3554=LINE('',#8705,#4225);
#3555=VECTOR('',#5790,1.);
#3556=VECTOR('',#5791,1.);
#3557=VECTOR('',#5792,1.);
#3558=VECTOR('',#5793,1.);
#3559=VECTOR('',#5796,1.);
#3560=VECTOR('',#5797,1.);
#3561=VECTOR('',#5798,1.);
#3562=VECTOR('',#5799,1.);
#3563=VECTOR('',#5802,1.);
#3564=VECTOR('',#5803,1.);
#3565=VECTOR('',#5804,1.);
#3566=VECTOR('',#5805,1.);
#3567=VECTOR('',#5806,1.);
#3568=VECTOR('',#5807,1.);
#3569=VECTOR('',#5808,1.);
#3570=VECTOR('',#5809,1.);
#3571=VECTOR('',#5810,1.);
#3572=VECTOR('',#5811,1.);
#3573=VECTOR('',#5812,1.);
#3574=VECTOR('',#5813,1.);
#3575=VECTOR('',#5816,1.);
#3576=VECTOR('',#5817,1.);
#3577=VECTOR('',#5818,1.);
#3578=VECTOR('',#5821,1.);
#3579=VECTOR('',#5824,1.);
#3580=VECTOR('',#5825,1.);
#3581=VECTOR('',#5826,1.);
#3582=VECTOR('',#5827,1.);
#3583=VECTOR('',#5832,1.);
#3584=VECTOR('',#5833,1.);
#3585=VECTOR('',#5834,1.);
#3586=VECTOR('',#5839,1.);
#3587=VECTOR('',#5842,1.);
#3588=VECTOR('',#5847,1.);
#3589=VECTOR('',#5848,1.);
#3590=VECTOR('',#5849,1.);
#3591=VECTOR('',#5852,1.);
#3592=VECTOR('',#5853,1.);
#3593=VECTOR('',#5854,1.);
#3594=VECTOR('',#5855,1.);
#3595=VECTOR('',#5858,1.);
#3596=VECTOR('',#5859,1.);
#3597=VECTOR('',#5860,1.);
#3598=VECTOR('',#5861,1.);
#3599=VECTOR('',#5864,1.);
#3600=VECTOR('',#5865,1.);
#3601=VECTOR('',#5866,1.);
#3602=VECTOR('',#5867,1.);
#3603=VECTOR('',#5870,1.);
#3604=VECTOR('',#5871,1.);
#3605=VECTOR('',#5874,1.);
#3606=VECTOR('',#5879,1.);
#3607=VECTOR('',#5882,1.);
#3608=VECTOR('',#5885,1.);
#3609=VECTOR('',#5886,1.);
#3610=VECTOR('',#5889,1.);
#3611=VECTOR('',#5892,1.);
#3612=VECTOR('',#5893,1.);
#3613=VECTOR('',#5894,1.);
#3614=VECTOR('',#5895,1.);
#3615=VECTOR('',#5900,1.);
#3616=VECTOR('',#5901,1.);
#3617=VECTOR('',#5902,1.);
#3618=VECTOR('',#5905,1.);
#3619=VECTOR('',#5906,1.);
#3620=VECTOR('',#5907,1.);
#3621=VECTOR('',#5908,1.);
#3622=VECTOR('',#5909,1.);
#3623=VECTOR('',#5912,1.);
#3624=VECTOR('',#5913,1.);
#3625=VECTOR('',#5914,1.);
#3626=VECTOR('',#5915,1.);
#3627=VECTOR('',#5916,1.);
#3628=VECTOR('',#5917,1.);
#3629=VECTOR('',#5918,1.);
#3630=VECTOR('',#5921,1.);
#3631=VECTOR('',#5922,1.);
#3632=VECTOR('',#5923,1.);
#3633=VECTOR('',#5924,1.);
#3634=VECTOR('',#5925,1.);
#3635=VECTOR('',#5928,1.);
#3636=VECTOR('',#5929,1.);
#3637=VECTOR('',#5930,1.);
#3638=VECTOR('',#5931,1.);
#3639=VECTOR('',#5932,1.);
#3640=VECTOR('',#5933,1.);
#3641=VECTOR('',#5934,1.);
#3642=VECTOR('',#5935,1.);
#3643=VECTOR('',#5936,1.);
#3644=VECTOR('',#5937,1.);
#3645=VECTOR('',#5938,1.);
#3646=VECTOR('',#5939,1.);
#3647=VECTOR('',#5940,1.);
#3648=VECTOR('',#5943,1.);
#3649=VECTOR('',#5944,1.);
#3650=VECTOR('',#5945,1.);
#3651=VECTOR('',#5946,1.);
#3652=VECTOR('',#5947,1.);
#3653=VECTOR('',#5948,1.);
#3654=VECTOR('',#5949,1.);
#3655=VECTOR('',#5952,1.);
#3656=VECTOR('',#5953,1.);
#3657=VECTOR('',#5956,1.);
#3658=VECTOR('',#5957,1.);
#3659=VECTOR('',#5960,1.);
#3660=VECTOR('',#5963,1.);
#3661=VECTOR('',#5968,1.);
#3662=VECTOR('',#5971,1.);
#3663=VECTOR('',#5972,1.);
#3664=VECTOR('',#5979,1.);
#3665=VECTOR('',#5982,1.);
#3666=VECTOR('',#5983,1.);
#3667=VECTOR('',#5984,1.);
#3668=VECTOR('',#5987,1.);
#3669=VECTOR('',#5990,1.);
#3670=VECTOR('',#5991,1.);
#3671=VECTOR('',#5992,1.);
#3672=VECTOR('',#5993,1.);
#3673=VECTOR('',#5994,1.);
#3674=VECTOR('',#5995,1.);
#3675=VECTOR('',#5996,1.);
#3676=VECTOR('',#5997,1.);
#3677=VECTOR('',#5998,1.);
#3678=VECTOR('',#5999,1.);
#3679=VECTOR('',#6000,1.);
#3680=VECTOR('',#6001,1.);
#3681=VECTOR('',#6002,1.);
#3682=VECTOR('',#6005,1.);
#3683=VECTOR('',#6008,1.);
#3684=VECTOR('',#6009,1.);
#3685=VECTOR('',#6012,1.);
#3686=VECTOR('',#6013,1.);
#3687=VECTOR('',#6016,1.);
#3688=VECTOR('',#6017,1.);
#3689=VECTOR('',#6018,1.);
#3690=VECTOR('',#6019,1.);
#3691=VECTOR('',#6020,1.);
#3692=VECTOR('',#6021,1.);
#3693=VECTOR('',#6022,1.);
#3694=VECTOR('',#6023,1.);
#3695=VECTOR('',#6024,1.);
#3696=VECTOR('',#6029,1.);
#3697=VECTOR('',#6030,1.);
#3698=VECTOR('',#6031,1.);
#3699=VECTOR('',#6032,1.);
#3700=VECTOR('',#6033,1.);
#3701=VECTOR('',#6034,1.);
#3702=VECTOR('',#6035,1.);
#3703=VECTOR('',#6036,1.);
#3704=VECTOR('',#6037,1.);
#3705=VECTOR('',#6038,1.);
#3706=VECTOR('',#6039,1.);
#3707=VECTOR('',#6040,1.);
#3708=VECTOR('',#6043,1.);
#3709=VECTOR('',#6044,1.);
#3710=VECTOR('',#6045,1.);
#3711=VECTOR('',#6046,1.);
#3712=VECTOR('',#6063,1.);
#3713=VECTOR('',#6064,1.);
#3714=VECTOR('',#6065,1.);
#3715=VECTOR('',#6066,1.);
#3716=VECTOR('',#6069,1.);
#3717=VECTOR('',#6070,1.);
#3718=VECTOR('',#6071,1.);
#3719=VECTOR('',#6072,1.);
#3720=VECTOR('',#6075,1.);
#3721=VECTOR('',#6078,1.);
#3722=VECTOR('',#6081,1.);
#3723=VECTOR('',#6084,1.);
#3724=VECTOR('',#6087,1.);
#3725=VECTOR('',#6090,1.);
#3726=VECTOR('',#6091,1.);
#3727=VECTOR('',#6092,1.);
#3728=VECTOR('',#6093,1.);
#3729=VECTOR('',#6094,1.);
#3730=VECTOR('',#6095,1.);
#3731=VECTOR('',#6096,1.);
#3732=VECTOR('',#6099,1.);
#3733=VECTOR('',#6104,1.);
#3734=VECTOR('',#6105,1.);
#3735=VECTOR('',#6106,1.);
#3736=VECTOR('',#6107,1.);
#3737=VECTOR('',#6108,1.);
#3738=VECTOR('',#6109,1.);
#3739=VECTOR('',#6112,1.);
#3740=VECTOR('',#6115,1.);
#3741=VECTOR('',#6118,1.);
#3742=VECTOR('',#6123,1.);
#3743=VECTOR('',#6126,1.);
#3744=VECTOR('',#6131,1.);
#3745=VECTOR('',#6132,1.);
#3746=VECTOR('',#6133,1.);
#3747=VECTOR('',#6134,1.);
#3748=VECTOR('',#6135,1.);
#3749=VECTOR('',#6136,1.);
#3750=VECTOR('',#6139,1.);
#3751=VECTOR('',#6140,1.);
#3752=VECTOR('',#6141,1.);
#3753=VECTOR('',#6142,1.);
#3754=VECTOR('',#6143,1.);
#3755=VECTOR('',#6144,1.);
#3756=VECTOR('',#6147,1.);
#3757=VECTOR('',#6148,1.);
#3758=VECTOR('',#6151,1.);
#3759=VECTOR('',#6154,1.);
#3760=VECTOR('',#6155,1.);
#3761=VECTOR('',#6158,1.);
#3762=VECTOR('',#6161,1.);
#3763=VECTOR('',#6162,1.);
#3764=VECTOR('',#6165,1.);
#3765=VECTOR('',#6168,1.);
#3766=VECTOR('',#6177,1.);
#3767=VECTOR('',#6178,1.);
#3768=VECTOR('',#6181,1.);
#3769=VECTOR('',#6182,1.);
#3770=VECTOR('',#6183,1.);
#3771=VECTOR('',#6184,1.);
#3772=VECTOR('',#6185,1.);
#3773=VECTOR('',#6186,1.);
#3774=VECTOR('',#6187,1.);
#3775=VECTOR('',#6188,1.);
#3776=VECTOR('',#6189,1.);
#3777=VECTOR('',#6190,1.);
#3778=VECTOR('',#6191,1.);
#3779=VECTOR('',#6192,1.);
#3780=VECTOR('',#6195,1.);
#3781=VECTOR('',#6198,1.);
#3782=VECTOR('',#6201,1.);
#3783=VECTOR('',#6204,1.);
#3784=VECTOR('',#6205,1.);
#3785=VECTOR('',#6206,1.);
#3786=VECTOR('',#6207,1.);
#3787=VECTOR('',#6208,1.);
#3788=VECTOR('',#6209,1.);
#3789=VECTOR('',#6212,1.);
#3790=VECTOR('',#6215,1.);
#3791=VECTOR('',#6220,1.);
#3792=VECTOR('',#6221,1.);
#3793=VECTOR('',#6222,1.);
#3794=VECTOR('',#6223,1.);
#3795=VECTOR('',#6224,1.);
#3796=VECTOR('',#6227,1.);
#3797=VECTOR('',#6230,1.);
#3798=VECTOR('',#6233,1.);
#3799=VECTOR('',#6236,1.);
#3800=VECTOR('',#6237,1.);
#3801=VECTOR('',#6238,1.);
#3802=VECTOR('',#6239,1.);
#3803=VECTOR('',#6240,1.);
#3804=VECTOR('',#6241,1.);
#3805=VECTOR('',#6242,1.);
#3806=VECTOR('',#6245,1.);
#3807=VECTOR('',#6246,1.);
#3808=VECTOR('',#6247,1.);
#3809=VECTOR('',#6248,1.);
#3810=VECTOR('',#6249,1.);
#3811=VECTOR('',#6250,1.);
#3812=VECTOR('',#6251,1.);
#3813=VECTOR('',#6254,1.);
#3814=VECTOR('',#6255,1.);
#3815=VECTOR('',#6258,1.);
#3816=VECTOR('',#6259,1.);
#3817=VECTOR('',#6260,1.);
#3818=VECTOR('',#6263,1.);
#3819=VECTOR('',#6264,1.);
#3820=VECTOR('',#6265,1.);
#3821=VECTOR('',#6266,1.);
#3822=VECTOR('',#6267,1.);
#3823=VECTOR('',#6268,1.);
#3824=VECTOR('',#6271,1.);
#3825=VECTOR('',#6272,1.);
#3826=VECTOR('',#6273,1.);
#3827=VECTOR('',#6274,1.);
#3828=VECTOR('',#6277,1.);
#3829=VECTOR('',#6278,1.);
#3830=VECTOR('',#6281,1.);
#3831=VECTOR('',#6282,1.);
#3832=VECTOR('',#6283,1.);
#3833=VECTOR('',#6284,1.);
#3834=VECTOR('',#6287,1.);
#3835=VECTOR('',#6288,1.);
#3836=VECTOR('',#6289,1.);
#3837=VECTOR('',#6290,1.);
#3838=VECTOR('',#6293,1.);
#3839=VECTOR('',#6294,1.);
#3840=VECTOR('',#6295,1.);
#3841=VECTOR('',#6298,1.);
#3842=VECTOR('',#6299,1.);
#3843=VECTOR('',#6300,1.);
#3844=VECTOR('',#6301,1.);
#3845=VECTOR('',#6304,1.);
#3846=VECTOR('',#6305,1.);
#3847=VECTOR('',#6306,1.);
#3848=VECTOR('',#6307,1.);
#3849=VECTOR('',#6308,1.);
#3850=VECTOR('',#6309,1.);
#3851=VECTOR('',#6310,1.);
#3852=VECTOR('',#6311,1.);
#3853=VECTOR('',#6312,1.);
#3854=VECTOR('',#6313,1.);
#3855=VECTOR('',#6314,1.);
#3856=VECTOR('',#6315,1.);
#3857=VECTOR('',#6316,1.);
#3858=VECTOR('',#6317,1.);
#3859=VECTOR('',#6318,1.);
#3860=VECTOR('',#6319,1.);
#3861=VECTOR('',#6320,1.);
#3862=VECTOR('',#6321,1.);
#3863=VECTOR('',#6322,1.);
#3864=VECTOR('',#6323,1.);
#3865=VECTOR('',#6324,1.);
#3866=VECTOR('',#6325,1.);
#3867=VECTOR('',#6326,1.);
#3868=VECTOR('',#6329,1.);
#3869=VECTOR('',#6330,1.);
#3870=VECTOR('',#6331,1.);
#3871=VECTOR('',#6332,1.);
#3872=VECTOR('',#6333,1.);
#3873=VECTOR('',#6334,1.);
#3874=VECTOR('',#6335,1.);
#3875=VECTOR('',#6338,1.);
#3876=VECTOR('',#6339,1.);
#3877=VECTOR('',#6340,1.);
#3878=VECTOR('',#6341,1.);
#3879=VECTOR('',#6342,1.);
#3880=VECTOR('',#6343,1.);
#3881=VECTOR('',#6344,1.);
#3882=VECTOR('',#6345,1.);
#3883=VECTOR('',#6346,1.);
#3884=VECTOR('',#6349,1.);
#3885=VECTOR('',#6350,1.);
#3886=VECTOR('',#6351,1.);
#3887=VECTOR('',#6352,1.);
#3888=VECTOR('',#6355,1.);
#3889=VECTOR('',#6356,1.);
#3890=VECTOR('',#6357,1.);
#3891=VECTOR('',#6358,1.);
#3892=VECTOR('',#6359,1.);
#3893=VECTOR('',#6360,1.);
#3894=VECTOR('',#6363,1.);
#3895=VECTOR('',#6364,1.);
#3896=VECTOR('',#6371,1.);
#3897=VECTOR('',#6374,1.);
#3898=VECTOR('',#6375,1.);
#3899=VECTOR('',#6376,1.);
#3900=VECTOR('',#6383,1.);
#3901=VECTOR('',#6384,1.);
#3902=VECTOR('',#6385,1.);
#3903=VECTOR('',#6386,1.);
#3904=VECTOR('',#6387,1.);
#3905=VECTOR('',#6388,1.);
#3906=VECTOR('',#6389,1.);
#3907=VECTOR('',#6392,1.);
#3908=VECTOR('',#6393,1.);
#3909=VECTOR('',#6394,1.);
#3910=VECTOR('',#6395,1.);
#3911=VECTOR('',#6396,1.);
#3912=VECTOR('',#6397,1.);
#3913=VECTOR('',#6408,1.);
#3914=VECTOR('',#6409,1.);
#3915=VECTOR('',#6410,1.);
#3916=VECTOR('',#6413,1.);
#3917=VECTOR('',#6414,1.);
#3918=VECTOR('',#6417,1.);
#3919=VECTOR('',#6418,1.);
#3920=VECTOR('',#6421,1.);
#3921=VECTOR('',#6426,1.);
#3922=VECTOR('',#6427,1.);
#3923=VECTOR('',#6428,1.);
#3924=VECTOR('',#6431,1.);
#3925=VECTOR('',#6432,1.);
#3926=VECTOR('',#6435,1.);
#3927=VECTOR('',#6436,1.);
#3928=VECTOR('',#6439,1.);
#3929=VECTOR('',#6444,1.);
#3930=VECTOR('',#6447,1.);
#3931=VECTOR('',#6448,1.);
#3932=VECTOR('',#6449,1.);
#3933=VECTOR('',#6450,1.);
#3934=VECTOR('',#6451,1.);
#3935=VECTOR('',#6452,1.);
#3936=VECTOR('',#6453,1.);
#3937=VECTOR('',#6454,1.);
#3938=VECTOR('',#6455,1.);
#3939=VECTOR('',#6456,1.);
#3940=VECTOR('',#6457,1.);
#3941=VECTOR('',#6458,1.);
#3942=VECTOR('',#6459,1.);
#3943=VECTOR('',#6460,1.);
#3944=VECTOR('',#6461,1.);
#3945=VECTOR('',#6462,1.);
#3946=VECTOR('',#6463,1.);
#3947=VECTOR('',#6464,1.);
#3948=VECTOR('',#6465,1.);
#3949=VECTOR('',#6466,1.);
#3950=VECTOR('',#6467,1.);
#3951=VECTOR('',#6468,1.);
#3952=VECTOR('',#6469,1.);
#3953=VECTOR('',#6470,1.);
#3954=VECTOR('',#6471,1.);
#3955=VECTOR('',#6472,1.);
#3956=VECTOR('',#6473,1.);
#3957=VECTOR('',#6474,1.);
#3958=VECTOR('',#6475,1.);
#3959=VECTOR('',#6476,1.);
#3960=VECTOR('',#6483,1.);
#3961=VECTOR('',#6486,1.);
#3962=VECTOR('',#6487,1.);
#3963=VECTOR('',#6492,1.);
#3964=VECTOR('',#6493,1.);
#3965=VECTOR('',#6498,1.);
#3966=VECTOR('',#6501,1.);
#3967=VECTOR('',#6502,1.);
#3968=VECTOR('',#6509,1.);
#3969=VECTOR('',#6510,1.);
#3970=VECTOR('',#6511,1.);
#3971=VECTOR('',#6512,1.);
#3972=VECTOR('',#6513,1.);
#3973=VECTOR('',#6514,1.);
#3974=VECTOR('',#6515,1.);
#3975=VECTOR('',#6516,1.);
#3976=VECTOR('',#6519,1.);
#3977=VECTOR('',#6520,1.);
#3978=VECTOR('',#6521,1.);
#3979=VECTOR('',#6522,1.);
#3980=VECTOR('',#6523,1.);
#3981=VECTOR('',#6524,1.);
#3982=VECTOR('',#6525,1.);
#3983=VECTOR('',#6526,1.);
#3984=VECTOR('',#6527,1.);
#3985=VECTOR('',#6528,1.);
#3986=VECTOR('',#6529,1.);
#3987=VECTOR('',#6534,1.);
#3988=VECTOR('',#6535,1.);
#3989=VECTOR('',#6540,1.);
#3990=VECTOR('',#6541,1.);
#3991=VECTOR('',#6544,1.);
#3992=VECTOR('',#6549,1.);
#3993=VECTOR('',#6550,1.);
#3994=VECTOR('',#6555,1.);
#3995=VECTOR('',#6556,1.);
#3996=VECTOR('',#6557,1.);
#3997=VECTOR('',#6562,1.);
#3998=VECTOR('',#6563,1.);
#3999=VECTOR('',#6566,1.);
#4000=VECTOR('',#6569,1.);
#4001=VECTOR('',#6570,1.);
#4002=VECTOR('',#6571,1.);
#4003=VECTOR('',#6572,1.);
#4004=VECTOR('',#6573,1.);
#4005=VECTOR('',#6578,1.);
#4006=VECTOR('',#6579,1.);
#4007=VECTOR('',#6592,1.);
#4008=VECTOR('',#6597,1.);
#4009=VECTOR('',#6598,1.);
#4010=VECTOR('',#6599,1.);
#4011=VECTOR('',#6600,1.);
#4012=VECTOR('',#6603,1.);
#4013=VECTOR('',#6604,1.);
#4014=VECTOR('',#6605,1.);
#4015=VECTOR('',#6606,1.);
#4016=VECTOR('',#6609,1.);
#4017=VECTOR('',#6610,1.);
#4018=VECTOR('',#6611,1.);
#4019=VECTOR('',#6614,1.);
#4020=VECTOR('',#6617,1.);
#4021=VECTOR('',#6622,1.);
#4022=VECTOR('',#6623,1.);
#4023=VECTOR('',#6624,1.);
#4024=VECTOR('',#6625,1.);
#4025=VECTOR('',#6628,1.);
#4026=VECTOR('',#6629,1.);
#4027=VECTOR('',#6630,1.);
#4028=VECTOR('',#6631,1.);
#4029=VECTOR('',#6632,1.);
#4030=VECTOR('',#6633,1.);
#4031=VECTOR('',#6636,1.);
#4032=VECTOR('',#6637,1.);
#4033=VECTOR('',#6638,1.);
#4034=VECTOR('',#6641,1.);
#4035=VECTOR('',#6646,1.);
#4036=VECTOR('',#6649,1.);
#4037=VECTOR('',#6650,1.);
#4038=VECTOR('',#6651,1.);
#4039=VECTOR('',#6652,1.);
#4040=VECTOR('',#6653,1.);
#4041=VECTOR('',#6656,1.);
#4042=VECTOR('',#6657,1.);
#4043=VECTOR('',#6658,1.);
#4044=VECTOR('',#6659,1.);
#4045=VECTOR('',#6660,1.);
#4046=VECTOR('',#6661,1.);
#4047=VECTOR('',#6662,1.);
#4048=VECTOR('',#6665,1.);
#4049=VECTOR('',#6666,1.);
#4050=VECTOR('',#6667,1.);
#4051=VECTOR('',#6668,1.);
#4052=VECTOR('',#6669,1.);
#4053=VECTOR('',#6670,1.);
#4054=VECTOR('',#6671,1.);
#4055=VECTOR('',#6672,1.);
#4056=VECTOR('',#6673,1.);
#4057=VECTOR('',#6674,1.);
#4058=VECTOR('',#6677,1.);
#4059=VECTOR('',#6678,1.);
#4060=VECTOR('',#6679,1.);
#4061=VECTOR('',#6680,1.);
#4062=VECTOR('',#6681,1.);
#4063=VECTOR('',#6682,1.);
#4064=VECTOR('',#6687,1.);
#4065=VECTOR('',#6690,1.);
#4066=VECTOR('',#6695,1.);
#4067=VECTOR('',#6698,1.);
#4068=VECTOR('',#6701,1.);
#4069=VECTOR('',#6702,1.);
#4070=VECTOR('',#6705,1.);
#4071=VECTOR('',#6708,1.);
#4072=VECTOR('',#6711,1.);
#4073=VECTOR('',#6714,1.);
#4074=VECTOR('',#6715,1.);
#4075=VECTOR('',#6718,1.);
#4076=VECTOR('',#6719,1.);
#4077=VECTOR('',#6722,1.);
#4078=VECTOR('',#6729,1.);
#4079=VECTOR('',#6730,1.);
#4080=VECTOR('',#6733,1.);
#4081=VECTOR('',#6734,1.);
#4082=VECTOR('',#6737,1.);
#4083=VECTOR('',#6738,1.);
#4084=VECTOR('',#6739,1.);
#4085=VECTOR('',#6740,1.);
#4086=VECTOR('',#6741,1.);
#4087=VECTOR('',#6744,1.);
#4088=VECTOR('',#6747,1.);
#4089=VECTOR('',#6752,1.);
#4090=VECTOR('',#6753,1.);
#4091=VECTOR('',#6756,1.);
#4092=VECTOR('',#6757,1.);
#4093=VECTOR('',#6758,1.);
#4094=VECTOR('',#6759,1.);
#4095=VECTOR('',#6760,1.);
#4096=VECTOR('',#6763,1.);
#4097=VECTOR('',#6766,1.);
#4098=VECTOR('',#6771,1.);
#4099=VECTOR('',#6772,1.);
#4100=VECTOR('',#6775,1.);
#4101=VECTOR('',#6780,1.);
#4102=VECTOR('',#6785,1.);
#4103=VECTOR('',#6790,1.);
#4104=VECTOR('',#6795,1.);
#4105=VECTOR('',#6796,1.);
#4106=VECTOR('',#6799,1.);
#4107=VECTOR('',#6800,1.);
#4108=VECTOR('',#6805,1.);
#4109=VECTOR('',#6806,1.);
#4110=VECTOR('',#6807,1.);
#4111=VECTOR('',#6810,1.);
#4112=VECTOR('',#6811,1.);
#4113=VECTOR('',#6812,1.);
#4114=VECTOR('',#6813,1.);
#4115=VECTOR('',#6814,1.);
#4116=VECTOR('',#6817,1.);
#4117=VECTOR('',#6818,1.);
#4118=VECTOR('',#6821,1.);
#4119=VECTOR('',#6822,1.);
#4120=VECTOR('',#6823,1.);
#4121=VECTOR('',#6824,1.);
#4122=VECTOR('',#6825,1.);
#4123=VECTOR('',#6826,1.);
#4124=VECTOR('',#6829,1.);
#4125=VECTOR('',#6830,1.);
#4126=VECTOR('',#6833,1.);
#4127=VECTOR('',#6836,1.);
#4128=VECTOR('',#6841,1.);
#4129=VECTOR('',#6842,1.);
#4130=VECTOR('',#6843,1.);
#4131=VECTOR('',#6844,1.);
#4132=VECTOR('',#6845,1.);
#4133=VECTOR('',#6846,1.);
#4134=VECTOR('',#6849,1.);
#4135=VECTOR('',#6850,1.);
#4136=VECTOR('',#6853,1.);
#4137=VECTOR('',#6856,1.);
#4138=VECTOR('',#6861,1.);
#4139=VECTOR('',#6866,1.);
#4140=VECTOR('',#6871,1.);
#4141=VECTOR('',#6876,1.);
#4142=VECTOR('',#6881,1.);
#4143=VECTOR('',#6886,1.);
#4144=VECTOR('',#6891,1.);
#4145=VECTOR('',#6896,1.);
#4146=VECTOR('',#6897,1.);
#4147=VECTOR('',#6900,1.);
#4148=VECTOR('',#6901,1.);
#4149=VECTOR('',#6904,1.);
#4150=VECTOR('',#6919,1.);
#4151=VECTOR('',#6920,1.);
#4152=VECTOR('',#6921,1.);
#4153=VECTOR('',#6924,1.);
#4154=VECTOR('',#6925,1.);
#4155=VECTOR('',#6926,1.);
#4156=VECTOR('',#6929,1.);
#4157=VECTOR('',#6930,1.);
#4158=VECTOR('',#6937,1.);
#4159=VECTOR('',#6938,1.);
#4160=VECTOR('',#6939,1.);
#4161=VECTOR('',#6942,1.);
#4162=VECTOR('',#6943,1.);
#4163=VECTOR('',#6944,1.);
#4164=VECTOR('',#6947,1.);
#4165=VECTOR('',#6948,1.);
#4166=VECTOR('',#6971,1.);
#4167=VECTOR('',#6972,1.);
#4168=VECTOR('',#6973,1.);
#4169=VECTOR('',#6976,1.);
#4170=VECTOR('',#6977,1.);
#4171=VECTOR('',#6980,1.);
#4172=VECTOR('',#6981,1.);
#4173=VECTOR('',#6984,1.);
#4174=VECTOR('',#6985,1.);
#4175=VECTOR('',#6988,1.);
#4176=VECTOR('',#6989,1.);
#4177=VECTOR('',#6992,1.);
#4178=VECTOR('',#6997,1.);
#4179=VECTOR('',#7002,1.);
#4180=VECTOR('',#7007,1.);
#4181=VECTOR('',#7012,1.);
#4182=VECTOR('',#7019,1.);
#4183=VECTOR('',#7024,1.);
#4184=VECTOR('',#7029,1.);
#4185=VECTOR('',#7030,1.);
#4186=VECTOR('',#7031,1.);
#4187=VECTOR('',#7032,1.);
#4188=VECTOR('',#7033,1.);
#4189=VECTOR('',#7034,1.);
#4190=VECTOR('',#7035,1.);
#4191=VECTOR('',#7038,1.);
#4192=VECTOR('',#7041,1.);
#4193=VECTOR('',#7044,1.);
#4194=VECTOR('',#7047,1.);
#4195=VECTOR('',#7048,1.);
#4196=VECTOR('',#7049,1.);
#4197=VECTOR('',#7050,1.);
#4198=VECTOR('',#7051,1.);
#4199=VECTOR('',#7052,1.);
#4200=VECTOR('',#7053,1.);
#4201=VECTOR('',#7056,1.);
#4202=VECTOR('',#7059,1.);
#4203=VECTOR('',#7062,1.);
#4204=VECTOR('',#7065,1.);
#4205=VECTOR('',#7066,1.);
#4206=VECTOR('',#7073,1.);
#4207=VECTOR('',#7074,1.);
#4208=VECTOR('',#7081,1.);
#4209=VECTOR('',#7082,1.);
#4210=VECTOR('',#7089,1.);
#4211=VECTOR('',#7090,1.);
#4212=VECTOR('',#7097,1.);
#4213=VECTOR('',#7098,1.);
#4214=VECTOR('',#7105,1.);
#4215=VECTOR('',#7106,1.);
#4216=VECTOR('',#7113,1.);
#4217=VECTOR('',#7114,1.);
#4218=VECTOR('',#7121,1.);
#4219=VECTOR('',#7122,1.);
#4220=VECTOR('',#7129,1.);
#4221=VECTOR('',#7130,1.);
#4222=VECTOR('',#7137,1.);
#4223=VECTOR('',#7138,1.);
#4224=VECTOR('',#7147,1.);
#4225=VECTOR('',#7150,1.);
#4226=EDGE_LOOP('',(#123,#124,#125,#126));
#4227=EDGE_LOOP('',(#127,#128,#129,#130));
#4228=EDGE_LOOP('',(#131,#132,#133,#134,#135,#136,#137,#138,#139,#140,#141,
#142));
#4229=EDGE_LOOP('',(#143,#144,#145,#146,#147));
#4230=EDGE_LOOP('',(#148,#149,#150,#151));
#4231=EDGE_LOOP('',(#152,#153,#154,#155));
#4232=EDGE_LOOP('',(#156,#157,#158,#159));
#4233=EDGE_LOOP('',(#160,#161,#162,#163));
#4234=EDGE_LOOP('',(#164,#165,#166,#167));
#4235=EDGE_LOOP('',(#168,#169,#170,#171));
#4236=EDGE_LOOP('',(#172,#173,#174,#175));
#4237=EDGE_LOOP('',(#176,#177,#178,#179));
#4238=EDGE_LOOP('',(#180,#181,#182,#183));
#4239=EDGE_LOOP('',(#184,#185,#186,#187));
#4240=EDGE_LOOP('',(#188,#189,#190,#191,#192));
#4241=EDGE_LOOP('',(#193,#194,#195,#196));
#4242=EDGE_LOOP('',(#197,#198,#199,#200,#201,#202));
#4243=EDGE_LOOP('',(#203,#204,#205,#206,#207,#208,#209,#210));
#4244=EDGE_LOOP('',(#211,#212,#213,#214,#215,#216));
#4245=EDGE_LOOP('',(#217,#218,#219,#220,#221,#222,#223,#224,#225,#226,#227,
#228,#229,#230,#231,#232));
#4246=EDGE_LOOP('',(#233,#234,#235,#236,#237,#238,#239,#240,#241,#242));
#4247=EDGE_LOOP('',(#243,#244,#245,#246,#247,#248,#249,#250,#251,#252,#253,
#254));
#4248=EDGE_LOOP('',(#255,#256,#257,#258,#259,#260,#261,#262,#263,#264,#265,
#266));
#4249=EDGE_LOOP('',(#267,#268,#269,#270));
#4250=EDGE_LOOP('',(#271,#272,#273));
#4251=EDGE_LOOP('',(#274,#275,#276,#277));
#4252=EDGE_LOOP('',(#278,#279,#280,#281));
#4253=EDGE_LOOP('',(#282,#283,#284,#285));
#4254=EDGE_LOOP('',(#286,#287,#288));
#4255=EDGE_LOOP('',(#289,#290,#291));
#4256=EDGE_LOOP('',(#292,#293,#294));
#4257=EDGE_LOOP('',(#295,#296,#297,#298,#299,#300,#301,#302));
#4258=EDGE_LOOP('',(#303));
#4259=EDGE_LOOP('',(#304,#305,#306,#307,#308,#309,#310,#311,#312,#313,#314,
#315));
#4260=EDGE_LOOP('',(#316));
#4261=EDGE_LOOP('',(#317,#318,#319,#320));
#4262=EDGE_LOOP('',(#321));
#4263=EDGE_LOOP('',(#322));
#4264=EDGE_LOOP('',(#323));
#4265=EDGE_LOOP('',(#324));
#4266=EDGE_LOOP('',(#325));
#4267=EDGE_LOOP('',(#326));
#4268=EDGE_LOOP('',(#327,#328,#329,#330,#331));
#4269=EDGE_LOOP('',(#332,#333,#334,#335,#336));
#4270=EDGE_LOOP('',(#337,#338,#339,#340));
#4271=EDGE_LOOP('',(#341,#342,#343,#344));
#4272=EDGE_LOOP('',(#345,#346,#347));
#4273=EDGE_LOOP('',(#348,#349,#350,#351,#352));
#4274=EDGE_LOOP('',(#353,#354,#355));
#4275=EDGE_LOOP('',(#356,#357,#358,#359,#360,#361));
#4276=EDGE_LOOP('',(#362,#363,#364));
#4277=EDGE_LOOP('',(#365,#366,#367,#368));
#4278=EDGE_LOOP('',(#369,#370,#371,#372));
#4279=EDGE_LOOP('',(#373,#374,#375,#376));
#4280=EDGE_LOOP('',(#377,#378,#379));
#4281=EDGE_LOOP('',(#380,#381,#382,#383));
#4282=EDGE_LOOP('',(#384,#385,#386));
#4283=EDGE_LOOP('',(#387,#388,#389,#390));
#4284=EDGE_LOOP('',(#391,#392,#393,#394,#395,#396,#397,#398));
#4285=EDGE_LOOP('',(#399,#400,#401,#402));
#4286=EDGE_LOOP('',(#403,#404,#405,#406));
#4287=EDGE_LOOP('',(#407));
#4288=EDGE_LOOP('',(#408));
#4289=EDGE_LOOP('',(#409,#410,#411));
#4290=EDGE_LOOP('',(#412));
#4291=EDGE_LOOP('',(#413,#414,#415,#416,#417,#418,#419,#420,#421,#422,#423,
#424));
#4292=EDGE_LOOP('',(#425,#426,#427));
#4293=EDGE_LOOP('',(#428,#429,#430,#431));
#4294=EDGE_LOOP('',(#432,#433,#434,#435));
#4295=EDGE_LOOP('',(#436,#437,#438));
#4296=EDGE_LOOP('',(#439,#440,#441,#442));
#4297=EDGE_LOOP('',(#443,#444,#445,#446));
#4298=EDGE_LOOP('',(#447,#448,#449));
#4299=EDGE_LOOP('',(#450,#451,#452,#453));
#4300=EDGE_LOOP('',(#454,#455,#456,#457,#458,#459,#460,#461,#462));
#4301=EDGE_LOOP('',(#463,#464,#465,#466,#467,#468,#469,#470,#471));
#4302=EDGE_LOOP('',(#472,#473,#474,#475));
#4303=EDGE_LOOP('',(#476,#477,#478,#479));
#4304=EDGE_LOOP('',(#480,#481,#482,#483,#484,#485,#486));
#4305=EDGE_LOOP('',(#487,#488,#489,#490));
#4306=EDGE_LOOP('',(#491,#492,#493,#494));
#4307=EDGE_LOOP('',(#495,#496,#497,#498,#499,#500));
#4308=EDGE_LOOP('',(#501,#502,#503,#504,#505,#506,#507,#508,#509,#510,#511));
#4309=EDGE_LOOP('',(#512,#513,#514,#515,#516,#517));
#4310=EDGE_LOOP('',(#518,#519,#520,#521,#522,#523,#524,#525,#526,#527,#528,
#529,#530,#531));
#4311=EDGE_LOOP('',(#532,#533,#534,#535,#536,#537,#538,#539,#540,#541));
#4312=EDGE_LOOP('',(#542,#543,#544,#545,#546,#547,#548,#549));
#4313=EDGE_LOOP('',(#550,#551,#552,#553,#554,#555,#556,#557));
#4314=EDGE_LOOP('',(#558,#559,#560,#561,#562,#563,#564,#565,#566,#567));
#4315=EDGE_LOOP('',(#568,#569,#570,#571,#572,#573,#574,#575));
#4316=EDGE_LOOP('',(#576,#577,#578,#579,#580,#581));
#4317=EDGE_LOOP('',(#582));
#4318=EDGE_LOOP('',(#583));
#4319=EDGE_LOOP('',(#584));
#4320=EDGE_LOOP('',(#585,#586,#587,#588));
#4321=EDGE_LOOP('',(#589,#590,#591,#592,#593));
#4322=EDGE_LOOP('',(#594));
#4323=EDGE_LOOP('',(#595));
#4324=EDGE_LOOP('',(#596,#597,#598,#599,#600,#601,#602,#603,#604));
#4325=EDGE_LOOP('',(#605,#606,#607,#608,#609,#610,#611));
#4326=EDGE_LOOP('',(#612,#613,#614,#615));
#4327=EDGE_LOOP('',(#616));
#4328=EDGE_LOOP('',(#617));
#4329=EDGE_LOOP('',(#618));
#4330=EDGE_LOOP('',(#619));
#4331=EDGE_LOOP('',(#620,#621,#622,#623));
#4332=EDGE_LOOP('',(#624,#625,#626,#627));
#4333=EDGE_LOOP('',(#628,#629,#630,#631));
#4334=EDGE_LOOP('',(#632,#633,#634,#635));
#4335=EDGE_LOOP('',(#636));
#4336=EDGE_LOOP('',(#637,#638,#639,#640));
#4337=EDGE_LOOP('',(#641,#642,#643,#644));
#4338=EDGE_LOOP('',(#645,#646,#647,#648));
#4339=EDGE_LOOP('',(#649,#650,#651,#652));
#4340=EDGE_LOOP('',(#653,#654,#655,#656));
#4341=EDGE_LOOP('',(#657,#658,#659,#660));
#4342=EDGE_LOOP('',(#661));
#4343=EDGE_LOOP('',(#662,#663,#664,#665));
#4344=EDGE_LOOP('',(#666,#667,#668,#669,#670,#671,#672,#673,#674,#675,#676,
#677,#678,#679,#680,#681,#682,#683,#684,#685,#686,#687));
#4345=EDGE_LOOP('',(#688,#689,#690,#691,#692,#693));
#4346=EDGE_LOOP('',(#694,#695,#696,#697,#698,#699,#700,#701,#702,#703));
#4347=EDGE_LOOP('',(#704));
#4348=EDGE_LOOP('',(#705,#706,#707,#708));
#4349=EDGE_LOOP('',(#709,#710,#711,#712));
#4350=EDGE_LOOP('',(#713,#714,#715,#716));
#4351=EDGE_LOOP('',(#717,#718,#719,#720));
#4352=EDGE_LOOP('',(#721,#722,#723,#724));
#4353=EDGE_LOOP('',(#725,#726,#727,#728));
#4354=EDGE_LOOP('',(#729,#730,#731,#732));
#4355=EDGE_LOOP('',(#733,#734,#735,#736,#737,#738));
#4356=EDGE_LOOP('',(#739));
#4357=EDGE_LOOP('',(#740,#741,#742,#743));
#4358=EDGE_LOOP('',(#744,#745,#746));
#4359=EDGE_LOOP('',(#747,#748,#749));
#4360=EDGE_LOOP('',(#750,#751,#752,#753,#754));
#4361=EDGE_LOOP('',(#755,#756,#757,#758));
#4362=EDGE_LOOP('',(#759,#760,#761,#762,#763,#764,#765,#766,#767,#768,#769,
#770,#771,#772));
#4363=EDGE_LOOP('',(#773));
#4364=EDGE_LOOP('',(#774,#775,#776,#777));
#4365=EDGE_LOOP('',(#778,#779,#780,#781));
#4366=EDGE_LOOP('',(#782));
#4367=EDGE_LOOP('',(#783,#784,#785,#786));
#4368=EDGE_LOOP('',(#787,#788,#789,#790));
#4369=EDGE_LOOP('',(#791));
#4370=EDGE_LOOP('',(#792,#793,#794,#795,#796,#797));
#4371=EDGE_LOOP('',(#798,#799,#800,#801));
#4372=EDGE_LOOP('',(#802,#803,#804,#805));
#4373=EDGE_LOOP('',(#806,#807,#808,#809));
#4374=EDGE_LOOP('',(#810));
#4375=EDGE_LOOP('',(#811,#812,#813,#814));
#4376=EDGE_LOOP('',(#815,#816,#817,#818));
#4377=EDGE_LOOP('',(#819,#820,#821,#822,#823,#824,#825));
#4378=EDGE_LOOP('',(#826));
#4379=EDGE_LOOP('',(#827,#828,#829,#830,#831,#832));
#4380=EDGE_LOOP('',(#833));
#4381=EDGE_LOOP('',(#834,#835,#836,#837));
#4382=EDGE_LOOP('',(#838));
#4383=EDGE_LOOP('',(#839));
#4384=EDGE_LOOP('',(#840));
#4385=EDGE_LOOP('',(#841));
#4386=EDGE_LOOP('',(#842,#843,#844,#845,#846,#847,#848,#849,#850,#851,#852));
#4387=EDGE_LOOP('',(#853));
#4388=EDGE_LOOP('',(#854));
#4389=EDGE_LOOP('',(#855,#856));
#4390=EDGE_LOOP('',(#857,#858,#859,#860));
#4391=EDGE_LOOP('',(#861,#862,#863,#864));
#4392=EDGE_LOOP('',(#865,#866,#867,#868));
#4393=EDGE_LOOP('',(#869,#870,#871,#872,#873));
#4394=EDGE_LOOP('',(#874,#875,#876,#877));
#4395=EDGE_LOOP('',(#878,#879,#880,#881,#882,#883,#884));
#4396=EDGE_LOOP('',(#885,#886,#887,#888));
#4397=EDGE_LOOP('',(#889,#890,#891,#892));
#4398=EDGE_LOOP('',(#893,#894,#895,#896));
#4399=EDGE_LOOP('',(#897,#898,#899,#900,#901));
#4400=EDGE_LOOP('',(#902,#903,#904,#905));
#4401=EDGE_LOOP('',(#906,#907,#908,#909,#910,#911,#912));
#4402=EDGE_LOOP('',(#913,#914,#915,#916,#917,#918,#919,#920));
#4403=EDGE_LOOP('',(#921,#922,#923,#924,#925,#926,#927,#928,#929,#930,#931,
#932));
#4404=EDGE_LOOP('',(#933,#934,#935,#936,#937,#938,#939,#940,#941,#942,#943,
#944,#945,#946,#947,#948));
#4405=EDGE_LOOP('',(#949,#950,#951,#952,#953,#954,#955,#956,#957,#958));
#4406=EDGE_LOOP('',(#959,#960,#961,#962,#963,#964,#965));
#4407=EDGE_LOOP('',(#966,#967,#968,#969,#970,#971,#972));
#4408=EDGE_LOOP('',(#973,#974,#975,#976,#977,#978,#979,#980,#981,#982,#983,
#984,#985,#986));
#4409=EDGE_LOOP('',(#987,#988,#989,#990));
#4410=EDGE_LOOP('',(#991,#992,#993,#994));
#4411=EDGE_LOOP('',(#995,#996,#997,#998,#999,#1000,#1001,#1002,#1003,#1004,
#1005,#1006,#1007,#1008));
#4412=EDGE_LOOP('',(#1009));
#4413=EDGE_LOOP('',(#1010));
#4414=EDGE_LOOP('',(#1011,#1012,#1013,#1014,#1015,#1016,#1017));
#4415=EDGE_LOOP('',(#1018,#1019,#1020,#1021,#1022,#1023,#1024));
#4416=EDGE_LOOP('',(#1025,#1026,#1027));
#4417=EDGE_LOOP('',(#1028,#1029,#1030,#1031));
#4418=EDGE_LOOP('',(#1032,#1033,#1034,#1035));
#4419=EDGE_LOOP('',(#1036,#1037,#1038,#1039));
#4420=EDGE_LOOP('',(#1040,#1041,#1042,#1043));
#4421=EDGE_LOOP('',(#1044,#1045,#1046));
#4422=EDGE_LOOP('',(#1047,#1048,#1049));
#4423=EDGE_LOOP('',(#1050,#1051,#1052,#1053));
#4424=EDGE_LOOP('',(#1054,#1055,#1056,#1057));
#4425=EDGE_LOOP('',(#1058,#1059,#1060,#1061));
#4426=EDGE_LOOP('',(#1062,#1063,#1064,#1065));
#4427=EDGE_LOOP('',(#1066,#1067,#1068));
#4428=EDGE_LOOP('',(#1069,#1070,#1071,#1072));
#4429=EDGE_LOOP('',(#1073,#1074,#1075,#1076));
#4430=EDGE_LOOP('',(#1077,#1078,#1079,#1080));
#4431=EDGE_LOOP('',(#1081,#1082,#1083,#1084));
#4432=EDGE_LOOP('',(#1085,#1086,#1087,#1088));
#4433=EDGE_LOOP('',(#1089,#1090,#1091,#1092));
#4434=EDGE_LOOP('',(#1093,#1094,#1095,#1096));
#4435=EDGE_LOOP('',(#1097,#1098,#1099,#1100));
#4436=EDGE_LOOP('',(#1101,#1102,#1103,#1104,#1105));
#4437=EDGE_LOOP('',(#1106,#1107,#1108,#1109,#1110));
#4438=EDGE_LOOP('',(#1111));
#4439=EDGE_LOOP('',(#1112));
#4440=EDGE_LOOP('',(#1113,#1114,#1115,#1116));
#4441=EDGE_LOOP('',(#1117,#1118,#1119,#1120,#1121,#1122,#1123,#1124));
#4442=EDGE_LOOP('',(#1125,#1126,#1127,#1128));
#4443=EDGE_LOOP('',(#1129,#1130,#1131));
#4444=EDGE_LOOP('',(#1132,#1133,#1134,#1135));
#4445=EDGE_LOOP('',(#1136,#1137,#1138,#1139));
#4446=EDGE_LOOP('',(#1140,#1141,#1142,#1143));
#4447=EDGE_LOOP('',(#1144,#1145,#1146,#1147));
#4448=EDGE_LOOP('',(#1148,#1149,#1150,#1151));
#4449=EDGE_LOOP('',(#1152,#1153,#1154));
#4450=EDGE_LOOP('',(#1155,#1156,#1157,#1158));
#4451=EDGE_LOOP('',(#1159,#1160,#1161,#1162));
#4452=EDGE_LOOP('',(#1163,#1164,#1165,#1166));
#4453=EDGE_LOOP('',(#1167,#1168,#1169,#1170));
#4454=EDGE_LOOP('',(#1171,#1172,#1173,#1174));
#4455=EDGE_LOOP('',(#1175,#1176,#1177,#1178));
#4456=EDGE_LOOP('',(#1179,#1180,#1181,#1182));
#4457=EDGE_LOOP('',(#1183,#1184,#1185,#1186));
#4458=EDGE_LOOP('',(#1187,#1188,#1189,#1190));
#4459=EDGE_LOOP('',(#1191,#1192,#1193,#1194));
#4460=EDGE_LOOP('',(#1195,#1196,#1197,#1198));
#4461=EDGE_LOOP('',(#1199,#1200,#1201,#1202));
#4462=EDGE_LOOP('',(#1203,#1204,#1205,#1206));
#4463=EDGE_LOOP('',(#1207,#1208,#1209,#1210));
#4464=EDGE_LOOP('',(#1211,#1212,#1213,#1214));
#4465=EDGE_LOOP('',(#1215,#1216,#1217,#1218));
#4466=EDGE_LOOP('',(#1219,#1220,#1221,#1222));
#4467=EDGE_LOOP('',(#1223,#1224,#1225,#1226));
#4468=EDGE_LOOP('',(#1227,#1228,#1229,#1230));
#4469=EDGE_LOOP('',(#1231,#1232,#1233,#1234,#1235,#1236,#1237));
#4470=EDGE_LOOP('',(#1238,#1239,#1240,#1241));
#4471=EDGE_LOOP('',(#1242,#1243,#1244,#1245,#1246,#1247,#1248,#1249,#1250,
#1251));
#4472=EDGE_LOOP('',(#1252,#1253,#1254,#1255,#1256,#1257));
#4473=EDGE_LOOP('',(#1258));
#4474=EDGE_LOOP('',(#1259));
#4475=EDGE_LOOP('',(#1260));
#4476=EDGE_LOOP('',(#1261));
#4477=EDGE_LOOP('',(#1262));
#4478=EDGE_LOOP('',(#1263));
#4479=EDGE_LOOP('',(#1264,#1265,#1266,#1267));
#4480=EDGE_LOOP('',(#1268,#1269,#1270,#1271));
#4481=EDGE_LOOP('',(#1272,#1273,#1274,#1275));
#4482=EDGE_LOOP('',(#1276,#1277,#1278,#1279));
#4483=EDGE_LOOP('',(#1280));
#4484=EDGE_LOOP('',(#1281,#1282,#1283,#1284));
#4485=EDGE_LOOP('',(#1285));
#4486=EDGE_LOOP('',(#1286,#1287,#1288,#1289));
#4487=EDGE_LOOP('',(#1290,#1291,#1292,#1293));
#4488=EDGE_LOOP('',(#1294,#1295,#1296,#1297));
#4489=EDGE_LOOP('',(#1298));
#4490=EDGE_LOOP('',(#1299,#1300,#1301,#1302));
#4491=EDGE_LOOP('',(#1303));
#4492=EDGE_LOOP('',(#1304,#1305,#1306,#1307));
#4493=EDGE_LOOP('',(#1308,#1309,#1310,#1311));
#4494=EDGE_LOOP('',(#1312,#1313,#1314,#1315));
#4495=EDGE_LOOP('',(#1316,#1317,#1318,#1319));
#4496=EDGE_LOOP('',(#1320,#1321,#1322,#1323));
#4497=EDGE_LOOP('',(#1324,#1325,#1326,#1327));
#4498=EDGE_LOOP('',(#1328,#1329,#1330,#1331));
#4499=EDGE_LOOP('',(#1332,#1333,#1334,#1335));
#4500=EDGE_LOOP('',(#1336,#1337,#1338,#1339));
#4501=EDGE_LOOP('',(#1340,#1341,#1342,#1343));
#4502=EDGE_LOOP('',(#1344,#1345,#1346,#1347));
#4503=EDGE_LOOP('',(#1348,#1349,#1350,#1351));
#4504=EDGE_LOOP('',(#1352,#1353,#1354,#1355));
#4505=EDGE_LOOP('',(#1356,#1357,#1358,#1359));
#4506=EDGE_LOOP('',(#1360,#1361,#1362,#1363));
#4507=EDGE_LOOP('',(#1364,#1365,#1366,#1367,#1368,#1369));
#4508=EDGE_LOOP('',(#1370,#1371,#1372,#1373));
#4509=EDGE_LOOP('',(#1374,#1375,#1376));
#4510=EDGE_LOOP('',(#1377,#1378,#1379,#1380));
#4511=EDGE_LOOP('',(#1381,#1382,#1383));
#4512=EDGE_LOOP('',(#1384,#1385,#1386,#1387));
#4513=EDGE_LOOP('',(#1388,#1389,#1390));
#4514=EDGE_LOOP('',(#1391,#1392,#1393,#1394));
#4515=EDGE_LOOP('',(#1395,#1396,#1397));
#4516=EDGE_LOOP('',(#1398,#1399,#1400));
#4517=EDGE_LOOP('',(#1401,#1402,#1403));
#4518=EDGE_LOOP('',(#1404,#1405,#1406,#1407));
#4519=EDGE_LOOP('',(#1408,#1409,#1410));
#4520=EDGE_LOOP('',(#1411,#1412,#1413,#1414));
#4521=EDGE_LOOP('',(#1415,#1416,#1417,#1418,#1419,#1420,#1421,#1422,#1423,
#1424,#1425,#1426,#1427));
#4522=EDGE_LOOP('',(#1428,#1429,#1430,#1431));
#4523=EDGE_LOOP('',(#1432,#1433,#1434,#1435));
#4524=EDGE_LOOP('',(#1436,#1437,#1438,#1439));
#4525=EDGE_LOOP('',(#1440,#1441,#1442,#1443,#1444,#1445,#1446,#1447,#1448,
#1449,#1450,#1451,#1452));
#4526=EDGE_LOOP('',(#1453,#1454,#1455,#1456));
#4527=EDGE_LOOP('',(#1457,#1458,#1459,#1460));
#4528=EDGE_LOOP('',(#1461,#1462,#1463,#1464));
#4529=EDGE_LOOP('',(#1465,#1466,#1467,#1468,#1469));
#4530=EDGE_LOOP('',(#1470,#1471,#1472,#1473));
#4531=EDGE_LOOP('',(#1474,#1475,#1476,#1477));
#4532=EDGE_LOOP('',(#1478,#1479,#1480,#1481,#1482));
#4533=EDGE_LOOP('',(#1483,#1484,#1485,#1486));
#4534=EDGE_LOOP('',(#1487,#1488,#1489,#1490));
#4535=EDGE_LOOP('',(#1491,#1492,#1493,#1494));
#4536=EDGE_LOOP('',(#1495,#1496,#1497,#1498));
#4537=EDGE_LOOP('',(#1499,#1500,#1501,#1502));
#4538=EDGE_LOOP('',(#1503,#1504,#1505,#1506,#1507));
#4539=EDGE_LOOP('',(#1508,#1509,#1510,#1511));
#4540=EDGE_LOOP('',(#1512,#1513,#1514,#1515));
#4541=EDGE_LOOP('',(#1516,#1517,#1518,#1519));
#4542=EDGE_LOOP('',(#1520,#1521,#1522,#1523));
#4543=EDGE_LOOP('',(#1524,#1525,#1526,#1527));
#4544=EDGE_LOOP('',(#1528,#1529,#1530,#1531,#1532));
#4545=EDGE_LOOP('',(#1533,#1534,#1535,#1536));
#4546=EDGE_LOOP('',(#1537,#1538,#1539,#1540));
#4547=EDGE_LOOP('',(#1541,#1542,#1543,#1544));
#4548=EDGE_LOOP('',(#1545,#1546,#1547,#1548));
#4549=EDGE_LOOP('',(#1549,#1550,#1551,#1552));
#4550=EDGE_LOOP('',(#1553,#1554,#1555,#1556));
#4551=EDGE_LOOP('',(#1557,#1558,#1559,#1560));
#4552=EDGE_LOOP('',(#1561,#1562,#1563,#1564));
#4553=EDGE_LOOP('',(#1565,#1566,#1567,#1568,#1569,#1570,#1571));
#4554=EDGE_LOOP('',(#1572,#1573,#1574,#1575));
#4555=EDGE_LOOP('',(#1576,#1577,#1578,#1579));
#4556=EDGE_LOOP('',(#1580,#1581,#1582,#1583,#1584,#1585,#1586));
#4557=EDGE_LOOP('',(#1587,#1588,#1589,#1590));
#4558=EDGE_LOOP('',(#1591,#1592,#1593,#1594));
#4559=EDGE_LOOP('',(#1595,#1596,#1597,#1598));
#4560=EDGE_LOOP('',(#1599,#1600,#1601,#1602));
#4561=EDGE_LOOP('',(#1603,#1604,#1605,#1606));
#4562=EDGE_LOOP('',(#1607,#1608,#1609,#1610));
#4563=EDGE_LOOP('',(#1611,#1612,#1613,#1614));
#4564=EDGE_LOOP('',(#1615,#1616,#1617,#1618));
#4565=EDGE_LOOP('',(#1619,#1620,#1621,#1622));
#4566=EDGE_LOOP('',(#1623,#1624,#1625,#1626));
#4567=FACE_BOUND('',#4226,.T.);
#4568=FACE_BOUND('',#4227,.T.);
#4569=FACE_BOUND('',#4228,.T.);
#4570=FACE_BOUND('',#4229,.T.);
#4571=FACE_BOUND('',#4230,.T.);
#4572=FACE_BOUND('',#4231,.T.);
#4573=FACE_BOUND('',#4232,.T.);
#4574=FACE_BOUND('',#4233,.T.);
#4575=FACE_BOUND('',#4234,.T.);
#4576=FACE_BOUND('',#4235,.T.);
#4577=FACE_BOUND('',#4236,.T.);
#4578=FACE_BOUND('',#4237,.T.);
#4579=FACE_BOUND('',#4238,.T.);
#4580=FACE_BOUND('',#4239,.T.);
#4581=FACE_BOUND('',#4240,.T.);
#4582=FACE_BOUND('',#4241,.T.);
#4583=FACE_BOUND('',#4242,.T.);
#4584=FACE_BOUND('',#4243,.T.);
#4585=FACE_BOUND('',#4244,.T.);
#4586=FACE_BOUND('',#4245,.T.);
#4587=FACE_BOUND('',#4246,.T.);
#4588=FACE_BOUND('',#4247,.T.);
#4589=FACE_BOUND('',#4248,.T.);
#4590=FACE_BOUND('',#4249,.T.);
#4591=FACE_BOUND('',#4250,.T.);
#4592=FACE_BOUND('',#4251,.T.);
#4593=FACE_BOUND('',#4252,.T.);
#4594=FACE_BOUND('',#4253,.T.);
#4595=FACE_BOUND('',#4254,.T.);
#4596=FACE_BOUND('',#4255,.T.);
#4597=FACE_BOUND('',#4256,.T.);
#4598=FACE_BOUND('',#4257,.T.);
#4599=FACE_BOUND('',#4258,.T.);
#4600=FACE_BOUND('',#4259,.T.);
#4601=FACE_BOUND('',#4260,.T.);
#4602=FACE_BOUND('',#4261,.T.);
#4603=FACE_BOUND('',#4262,.T.);
#4604=FACE_BOUND('',#4263,.T.);
#4605=FACE_BOUND('',#4264,.T.);
#4606=FACE_BOUND('',#4265,.T.);
#4607=FACE_BOUND('',#4266,.T.);
#4608=FACE_BOUND('',#4267,.T.);
#4609=FACE_BOUND('',#4268,.T.);
#4610=FACE_BOUND('',#4269,.T.);
#4611=FACE_BOUND('',#4270,.T.);
#4612=FACE_BOUND('',#4271,.T.);
#4613=FACE_BOUND('',#4272,.T.);
#4614=FACE_BOUND('',#4273,.T.);
#4615=FACE_BOUND('',#4274,.T.);
#4616=FACE_BOUND('',#4275,.T.);
#4617=FACE_BOUND('',#4276,.T.);
#4618=FACE_BOUND('',#4277,.T.);
#4619=FACE_BOUND('',#4278,.T.);
#4620=FACE_BOUND('',#4279,.T.);
#4621=FACE_BOUND('',#4280,.T.);
#4622=FACE_BOUND('',#4281,.T.);
#4623=FACE_BOUND('',#4282,.T.);
#4624=FACE_BOUND('',#4283,.T.);
#4625=FACE_BOUND('',#4284,.T.);
#4626=FACE_BOUND('',#4285,.T.);
#4627=FACE_BOUND('',#4286,.T.);
#4628=FACE_BOUND('',#4287,.T.);
#4629=FACE_BOUND('',#4288,.T.);
#4630=FACE_BOUND('',#4289,.T.);
#4631=FACE_BOUND('',#4290,.T.);
#4632=FACE_BOUND('',#4291,.T.);
#4633=FACE_BOUND('',#4292,.T.);
#4634=FACE_BOUND('',#4293,.T.);
#4635=FACE_BOUND('',#4294,.T.);
#4636=FACE_BOUND('',#4295,.T.);
#4637=FACE_BOUND('',#4296,.T.);
#4638=FACE_BOUND('',#4297,.T.);
#4639=FACE_BOUND('',#4298,.T.);
#4640=FACE_BOUND('',#4299,.T.);
#4641=FACE_BOUND('',#4300,.T.);
#4642=FACE_BOUND('',#4301,.T.);
#4643=FACE_BOUND('',#4302,.T.);
#4644=FACE_BOUND('',#4303,.T.);
#4645=FACE_BOUND('',#4304,.T.);
#4646=FACE_BOUND('',#4305,.T.);
#4647=FACE_BOUND('',#4306,.T.);
#4648=FACE_BOUND('',#4307,.T.);
#4649=FACE_BOUND('',#4308,.T.);
#4650=FACE_BOUND('',#4309,.T.);
#4651=FACE_BOUND('',#4310,.T.);
#4652=FACE_BOUND('',#4311,.T.);
#4653=FACE_BOUND('',#4312,.T.);
#4654=FACE_BOUND('',#4313,.T.);
#4655=FACE_BOUND('',#4314,.T.);
#4656=FACE_BOUND('',#4315,.T.);
#4657=FACE_BOUND('',#4316,.T.);
#4658=FACE_BOUND('',#4317,.T.);
#4659=FACE_BOUND('',#4318,.T.);
#4660=FACE_BOUND('',#4319,.T.);
#4661=FACE_BOUND('',#4320,.T.);
#4662=FACE_BOUND('',#4321,.T.);
#4663=FACE_BOUND('',#4322,.T.);
#4664=FACE_BOUND('',#4323,.T.);
#4665=FACE_BOUND('',#4324,.T.);
#4666=FACE_BOUND('',#4325,.T.);
#4667=FACE_BOUND('',#4326,.T.);
#4668=FACE_BOUND('',#4327,.T.);
#4669=FACE_BOUND('',#4328,.T.);
#4670=FACE_BOUND('',#4329,.T.);
#4671=FACE_BOUND('',#4330,.T.);
#4672=FACE_BOUND('',#4331,.T.);
#4673=FACE_BOUND('',#4332,.T.);
#4674=FACE_BOUND('',#4333,.T.);
#4675=FACE_BOUND('',#4334,.T.);
#4676=FACE_BOUND('',#4335,.T.);
#4677=FACE_BOUND('',#4336,.T.);
#4678=FACE_BOUND('',#4337,.T.);
#4679=FACE_BOUND('',#4338,.T.);
#4680=FACE_BOUND('',#4339,.T.);
#4681=FACE_BOUND('',#4340,.T.);
#4682=FACE_BOUND('',#4341,.T.);
#4683=FACE_BOUND('',#4342,.T.);
#4684=FACE_BOUND('',#4343,.T.);
#4685=FACE_BOUND('',#4344,.T.);
#4686=FACE_BOUND('',#4345,.T.);
#4687=FACE_BOUND('',#4346,.T.);
#4688=FACE_BOUND('',#4347,.T.);
#4689=FACE_BOUND('',#4348,.T.);
#4690=FACE_BOUND('',#4349,.T.);
#4691=FACE_BOUND('',#4350,.T.);
#4692=FACE_BOUND('',#4351,.T.);
#4693=FACE_BOUND('',#4352,.T.);
#4694=FACE_BOUND('',#4353,.T.);
#4695=FACE_BOUND('',#4354,.T.);
#4696=FACE_BOUND('',#4355,.T.);
#4697=FACE_BOUND('',#4356,.T.);
#4698=FACE_BOUND('',#4357,.T.);
#4699=FACE_BOUND('',#4358,.T.);
#4700=FACE_BOUND('',#4359,.T.);
#4701=FACE_BOUND('',#4360,.T.);
#4702=FACE_BOUND('',#4361,.T.);
#4703=FACE_BOUND('',#4362,.T.);
#4704=FACE_BOUND('',#4363,.T.);
#4705=FACE_BOUND('',#4364,.T.);
#4706=FACE_BOUND('',#4365,.T.);
#4707=FACE_BOUND('',#4366,.T.);
#4708=FACE_BOUND('',#4367,.T.);
#4709=FACE_BOUND('',#4368,.T.);
#4710=FACE_BOUND('',#4369,.T.);
#4711=FACE_BOUND('',#4370,.T.);
#4712=FACE_BOUND('',#4371,.T.);
#4713=FACE_BOUND('',#4372,.T.);
#4714=FACE_BOUND('',#4373,.T.);
#4715=FACE_BOUND('',#4374,.T.);
#4716=FACE_BOUND('',#4375,.T.);
#4717=FACE_BOUND('',#4376,.T.);
#4718=FACE_BOUND('',#4377,.T.);
#4719=FACE_BOUND('',#4378,.T.);
#4720=FACE_BOUND('',#4379,.T.);
#4721=FACE_BOUND('',#4380,.T.);
#4722=FACE_BOUND('',#4381,.T.);
#4723=FACE_BOUND('',#4382,.T.);
#4724=FACE_BOUND('',#4383,.T.);
#4725=FACE_BOUND('',#4384,.T.);
#4726=FACE_BOUND('',#4385,.T.);
#4727=FACE_BOUND('',#4386,.T.);
#4728=FACE_BOUND('',#4387,.T.);
#4729=FACE_BOUND('',#4388,.T.);
#4730=FACE_BOUND('',#4389,.T.);
#4731=FACE_BOUND('',#4390,.T.);
#4732=FACE_BOUND('',#4391,.T.);
#4733=FACE_BOUND('',#4392,.T.);
#4734=FACE_BOUND('',#4393,.T.);
#4735=FACE_BOUND('',#4394,.T.);
#4736=FACE_BOUND('',#4395,.T.);
#4737=FACE_BOUND('',#4396,.T.);
#4738=FACE_BOUND('',#4397,.T.);
#4739=FACE_BOUND('',#4398,.T.);
#4740=FACE_BOUND('',#4399,.T.);
#4741=FACE_BOUND('',#4400,.T.);
#4742=FACE_BOUND('',#4401,.T.);
#4743=FACE_BOUND('',#4402,.T.);
#4744=FACE_BOUND('',#4403,.T.);
#4745=FACE_BOUND('',#4404,.T.);
#4746=FACE_BOUND('',#4405,.T.);
#4747=FACE_BOUND('',#4406,.T.);
#4748=FACE_BOUND('',#4407,.T.);
#4749=FACE_BOUND('',#4408,.T.);
#4750=FACE_BOUND('',#4409,.T.);
#4751=FACE_BOUND('',#4410,.T.);
#4752=FACE_BOUND('',#4411,.T.);
#4753=FACE_BOUND('',#4412,.T.);
#4754=FACE_BOUND('',#4413,.T.);
#4755=FACE_BOUND('',#4414,.T.);
#4756=FACE_BOUND('',#4415,.T.);
#4757=FACE_BOUND('',#4416,.T.);
#4758=FACE_BOUND('',#4417,.T.);
#4759=FACE_BOUND('',#4418,.T.);
#4760=FACE_BOUND('',#4419,.T.);
#4761=FACE_BOUND('',#4420,.T.);
#4762=FACE_BOUND('',#4421,.T.);
#4763=FACE_BOUND('',#4422,.T.);
#4764=FACE_BOUND('',#4423,.T.);
#4765=FACE_BOUND('',#4424,.T.);
#4766=FACE_BOUND('',#4425,.T.);
#4767=FACE_BOUND('',#4426,.T.);
#4768=FACE_BOUND('',#4427,.T.);
#4769=FACE_BOUND('',#4428,.T.);
#4770=FACE_BOUND('',#4429,.T.);
#4771=FACE_BOUND('',#4430,.T.);
#4772=FACE_BOUND('',#4431,.T.);
#4773=FACE_BOUND('',#4432,.T.);
#4774=FACE_BOUND('',#4433,.T.);
#4775=FACE_BOUND('',#4434,.T.);
#4776=FACE_BOUND('',#4435,.T.);
#4777=FACE_BOUND('',#4436,.T.);
#4778=FACE_BOUND('',#4437,.T.);
#4779=FACE_BOUND('',#4438,.T.);
#4780=FACE_BOUND('',#4439,.T.);
#4781=FACE_BOUND('',#4440,.T.);
#4782=FACE_BOUND('',#4441,.T.);
#4783=FACE_BOUND('',#4442,.T.);
#4784=FACE_BOUND('',#4443,.T.);
#4785=FACE_BOUND('',#4444,.T.);
#4786=FACE_BOUND('',#4445,.T.);
#4787=FACE_BOUND('',#4446,.T.);
#4788=FACE_BOUND('',#4447,.T.);
#4789=FACE_BOUND('',#4448,.T.);
#4790=FACE_BOUND('',#4449,.T.);
#4791=FACE_BOUND('',#4450,.T.);
#4792=FACE_BOUND('',#4451,.T.);
#4793=FACE_BOUND('',#4452,.T.);
#4794=FACE_BOUND('',#4453,.T.);
#4795=FACE_BOUND('',#4454,.T.);
#4796=FACE_BOUND('',#4455,.T.);
#4797=FACE_BOUND('',#4456,.T.);
#4798=FACE_BOUND('',#4457,.T.);
#4799=FACE_BOUND('',#4458,.T.);
#4800=FACE_BOUND('',#4459,.T.);
#4801=FACE_BOUND('',#4460,.T.);
#4802=FACE_BOUND('',#4461,.T.);
#4803=FACE_BOUND('',#4462,.T.);
#4804=FACE_BOUND('',#4463,.T.);
#4805=FACE_BOUND('',#4464,.T.);
#4806=FACE_BOUND('',#4465,.T.);
#4807=FACE_BOUND('',#4466,.T.);
#4808=FACE_BOUND('',#4467,.T.);
#4809=FACE_BOUND('',#4468,.T.);
#4810=FACE_BOUND('',#4469,.T.);
#4811=FACE_BOUND('',#4470,.T.);
#4812=FACE_BOUND('',#4471,.T.);
#4813=FACE_BOUND('',#4472,.T.);
#4814=FACE_BOUND('',#4473,.T.);
#4815=FACE_BOUND('',#4474,.T.);
#4816=FACE_BOUND('',#4475,.T.);
#4817=FACE_BOUND('',#4476,.T.);
#4818=FACE_BOUND('',#4477,.T.);
#4819=FACE_BOUND('',#4478,.T.);
#4820=FACE_BOUND('',#4479,.T.);
#4821=FACE_BOUND('',#4480,.T.);
#4822=FACE_BOUND('',#4481,.T.);
#4823=FACE_BOUND('',#4482,.T.);
#4824=FACE_BOUND('',#4483,.T.);
#4825=FACE_BOUND('',#4484,.T.);
#4826=FACE_BOUND('',#4485,.T.);
#4827=FACE_BOUND('',#4486,.T.);
#4828=FACE_BOUND('',#4487,.T.);
#4829=FACE_BOUND('',#4488,.T.);
#4830=FACE_BOUND('',#4489,.T.);
#4831=FACE_BOUND('',#4490,.T.);
#4832=FACE_BOUND('',#4491,.T.);
#4833=FACE_BOUND('',#4492,.T.);
#4834=FACE_BOUND('',#4493,.T.);
#4835=FACE_BOUND('',#4494,.T.);
#4836=FACE_BOUND('',#4495,.T.);
#4837=FACE_BOUND('',#4496,.T.);
#4838=FACE_BOUND('',#4497,.T.);
#4839=FACE_BOUND('',#4498,.T.);
#4840=FACE_BOUND('',#4499,.T.);
#4841=FACE_BOUND('',#4500,.T.);
#4842=FACE_BOUND('',#4501,.T.);
#4843=FACE_BOUND('',#4502,.T.);
#4844=FACE_BOUND('',#4503,.T.);
#4845=FACE_BOUND('',#4504,.T.);
#4846=FACE_BOUND('',#4505,.T.);
#4847=FACE_BOUND('',#4506,.T.);
#4848=FACE_BOUND('',#4507,.T.);
#4849=FACE_BOUND('',#4508,.T.);
#4850=FACE_BOUND('',#4509,.T.);
#4851=FACE_BOUND('',#4510,.T.);
#4852=FACE_BOUND('',#4511,.T.);
#4853=FACE_BOUND('',#4512,.T.);
#4854=FACE_BOUND('',#4513,.T.);
#4855=FACE_BOUND('',#4514,.T.);
#4856=FACE_BOUND('',#4515,.T.);
#4857=FACE_BOUND('',#4516,.T.);
#4858=FACE_BOUND('',#4517,.T.);
#4859=FACE_BOUND('',#4518,.T.);
#4860=FACE_BOUND('',#4519,.T.);
#4861=FACE_BOUND('',#4520,.T.);
#4862=FACE_BOUND('',#4521,.T.);
#4863=FACE_BOUND('',#4522,.T.);
#4864=FACE_BOUND('',#4523,.T.);
#4865=FACE_BOUND('',#4524,.T.);
#4866=FACE_BOUND('',#4525,.T.);
#4867=FACE_BOUND('',#4526,.T.);
#4868=FACE_BOUND('',#4527,.T.);
#4869=FACE_BOUND('',#4528,.T.);
#4870=FACE_BOUND('',#4529,.T.);
#4871=FACE_BOUND('',#4530,.T.);
#4872=FACE_BOUND('',#4531,.T.);
#4873=FACE_BOUND('',#4532,.T.);
#4874=FACE_BOUND('',#4533,.T.);
#4875=FACE_BOUND('',#4534,.T.);
#4876=FACE_BOUND('',#4535,.T.);
#4877=FACE_BOUND('',#4536,.T.);
#4878=FACE_BOUND('',#4537,.T.);
#4879=FACE_BOUND('',#4538,.T.);
#4880=FACE_BOUND('',#4539,.T.);
#4881=FACE_BOUND('',#4540,.T.);
#4882=FACE_BOUND('',#4541,.T.);
#4883=FACE_BOUND('',#4542,.T.);
#4884=FACE_BOUND('',#4543,.T.);
#4885=FACE_BOUND('',#4544,.T.);
#4886=FACE_BOUND('',#4545,.T.);
#4887=FACE_BOUND('',#4546,.T.);
#4888=FACE_BOUND('',#4547,.T.);
#4889=FACE_BOUND('',#4548,.T.);
#4890=FACE_BOUND('',#4549,.T.);
#4891=FACE_BOUND('',#4550,.T.);
#4892=FACE_BOUND('',#4551,.T.);
#4893=FACE_BOUND('',#4552,.T.);
#4894=FACE_BOUND('',#4553,.T.);
#4895=FACE_BOUND('',#4554,.T.);
#4896=FACE_BOUND('',#4555,.T.);
#4897=FACE_BOUND('',#4556,.T.);
#4898=FACE_BOUND('',#4557,.T.);
#4899=FACE_BOUND('',#4558,.T.);
#4900=FACE_BOUND('',#4559,.T.);
#4901=FACE_BOUND('',#4560,.T.);
#4902=FACE_BOUND('',#4561,.T.);
#4903=FACE_BOUND('',#4562,.T.);
#4904=FACE_BOUND('',#4563,.T.);
#4905=FACE_BOUND('',#4564,.T.);
#4906=FACE_BOUND('',#4565,.T.);
#4907=FACE_BOUND('',#4566,.T.);
#4908=PLANE('',#5435);
#4909=PLANE('',#5436);
#4910=PLANE('',#5437);
#4911=PLANE('',#5438);
#4912=PLANE('',#5440);
#4913=PLANE('',#5441);
#4914=PLANE('',#5443);
#4915=PLANE('',#5446);
#4916=PLANE('',#5448);
#4917=PLANE('',#5449);
#4918=PLANE('',#5450);
#4919=PLANE('',#5451);
#4920=PLANE('',#5453);
#4921=PLANE('',#5456);
#4922=PLANE('',#5458);
#4923=PLANE('',#5460);
#4924=PLANE('',#5461);
#4925=PLANE('',#5462);
#4926=PLANE('',#5463);
#4927=PLANE('',#5464);
#4928=PLANE('',#5465);
#4929=PLANE('',#5476);
#4930=PLANE('',#5477);
#4931=PLANE('',#5479);
#4932=PLANE('',#5483);
#4933=PLANE('',#5493);
#4934=PLANE('',#5494);
#4935=PLANE('',#5499);
#4936=PLANE('',#5502);
#4937=PLANE('',#5511);
#4938=PLANE('',#5512);
#4939=PLANE('',#5521);
#4940=PLANE('',#5528);
#4941=PLANE('',#5532);
#4942=PLANE('',#5536);
#4943=PLANE('',#5537);
#4944=PLANE('',#5538);
#4945=PLANE('',#5539);
#4946=PLANE('',#5540);
#4947=PLANE('',#5541);
#4948=PLANE('',#5542);
#4949=PLANE('',#5543);
#4950=PLANE('',#5544);
#4951=PLANE('',#5546);
#4952=PLANE('',#5547);
#4953=PLANE('',#5548);
#4954=PLANE('',#5549);
#4955=PLANE('',#5551);
#4956=PLANE('',#5552);
#4957=PLANE('',#5555);
#4958=PLANE('',#5556);
#4959=PLANE('',#5557);
#4960=PLANE('',#5560);
#4961=PLANE('',#5565);
#4962=PLANE('',#5566);
#4963=PLANE('',#5567);
#4964=PLANE('',#5568);
#4965=PLANE('',#5569);
#4966=PLANE('',#5570);
#4967=PLANE('',#5571);
#4968=PLANE('',#5572);
#4969=PLANE('',#5573);
#4970=PLANE('',#5574);
#4971=PLANE('',#5575);
#4972=PLANE('',#5576);
#4973=PLANE('',#5578);
#4974=PLANE('',#5579);
#4975=PLANE('',#5580);
#4976=PLANE('',#5581);
#4977=PLANE('',#5582);
#4978=PLANE('',#5583);
#4979=PLANE('',#5584);
#4980=PLANE('',#5585);
#4981=PLANE('',#5586);
#4982=PLANE('',#5588);
#4983=PLANE('',#5589);
#4984=PLANE('',#5591);
#4985=PLANE('',#5592);
#4986=PLANE('',#5594);
#4987=PLANE('',#5595);
#4988=PLANE('',#5597);
#4989=PLANE('',#5598);
#4990=PLANE('',#5599);
#4991=PLANE('',#5601);
#4992=PLANE('',#5602);
#4993=PLANE('',#5603);
#4994=PLANE('',#5605);
#4995=PLANE('',#5609);
#4996=PLANE('',#5612);
#4997=PLANE('',#5613);
#4998=PLANE('',#5614);
#4999=PLANE('',#5615);
#5000=PLANE('',#5616);
#5001=PLANE('',#5618);
#5002=PLANE('',#5619);
#5003=PLANE('',#5620);
#5004=PLANE('',#5621);
#5005=PLANE('',#5622);
#5006=PLANE('',#5624);
#5007=PLANE('',#5625);
#5008=PLANE('',#5626);
#5009=PLANE('',#5627);
#5010=PLANE('',#5628);
#5011=PLANE('',#5630);
#5012=PLANE('',#5643);
#5013=PLANE('',#5644);
#5014=PLANE('',#5645);
#5015=PLANE('',#5646);
#5016=PLANE('',#5647);
#5017=PLANE('',#5648);
#5018=PLANE('',#5649);
#5019=PLANE('',#5650);
#5020=PLANE('',#5651);
#5021=PLANE('',#5652);
#5022=PLANE('',#5653);
#5023=PLANE('',#5654);
#5024=PLANE('',#5655);
#5025=PLANE('',#5656);
#5026=PLANE('',#5657);
#5027=PLANE('',#5658);
#5028=PLANE('',#5659);
#5029=PLANE('',#5660);
#5030=PLANE('',#5661);
#5031=PLANE('',#5662);
#5032=PLANE('',#5663);
#5033=PLANE('',#5664);
#5034=PLANE('',#5666);
#5035=PLANE('',#5667);
#5036=PLANE('',#5668);
#5037=PLANE('',#5669);
#5038=PLANE('',#5670);
#5039=PLANE('',#5671);
#5040=PLANE('',#5672);
#5041=PLANE('',#5673);
#5042=PLANE('',#5674);
#5043=PLANE('',#5675);
#5044=PLANE('',#5676);
#5045=PLANE('',#5677);
#5046=PLANE('',#5678);
#5047=PLANE('',#5679);
#5048=PLANE('',#5680);
#5049=PLANE('',#5681);
#5050=PLANE('',#5682);
#5051=PLANE('',#5683);
#5052=PLANE('',#5684);
#5053=PLANE('',#5685);
#5054=PLANE('',#5686);
#5055=PLANE('',#5687);
#5056=PLANE('',#5688);
#5057=PLANE('',#5689);
#5058=PLANE('',#5690);
#5059=PLANE('',#5691);
#5060=PLANE('',#5692);
#5061=PLANE('',#5693);
#5062=PLANE('',#5694);
#5063=PLANE('',#5695);
#5064=PLANE('',#5696);
#5065=PLANE('',#5701);
#5066=PLANE('',#5702);
#5067=PLANE('',#5703);
#5068=PLANE('',#5704);
#5069=PLANE('',#5705);
#5070=PLANE('',#5706);
#5071=PLANE('',#5707);
#5072=PLANE('',#5708);
#5073=PLANE('',#5709);
#5074=PLANE('',#5710);
#5075=PLANE('',#5711);
#5076=PLANE('',#5712);
#5077=PLANE('',#5713);
#5078=PLANE('',#5714);
#5079=PLANE('',#5715);
#5080=PLANE('',#5716);
#5081=PLANE('',#5717);
#5082=PLANE('',#5718);
#5083=PLANE('',#5719);
#5084=PLANE('',#5720);
#5085=PLANE('',#5721);
#5086=PLANE('',#5722);
#5087=PLANE('',#5723);
#5088=PLANE('',#5724);
#5089=PLANE('',#5725);
#5090=PLANE('',#5726);
#5091=PLANE('',#5727);
#5092=PLANE('',#5728);
#5093=PLANE('',#5729);
#5094=PLANE('',#5730);
#5095=PLANE('',#5731);
#5096=PLANE('',#5732);
#5097=PLANE('',#5733);
#5098=PLANE('',#5734);
#5099=PLANE('',#5735);
#5100=PLANE('',#5736);
#5101=PLANE('',#5737);
#5102=PLANE('',#5738);
#5103=PLANE('',#5739);
#5104=PLANE('',#5740);
#5105=PLANE('',#5741);
#5106=PLANE('',#5742);
#5107=PLANE('',#5743);
#5108=PLANE('',#5744);
#5109=PLANE('',#5745);
#5110=PLANE('',#5746);
#5111=PLANE('',#5747);
#5112=PLANE('',#5748);
#5113=PLANE('',#5749);
#5114=PLANE('',#5750);
#5115=PLANE('',#5751);
#5116=PLANE('',#5752);
#5117=PLANE('',#5753);
#5118=PLANE('',#5754);
#5119=PLANE('',#5755);
#5120=PLANE('',#5756);
#5121=PLANE('',#5757);
#5122=PLANE('',#5758);
#5123=PLANE('',#5759);
#5124=PLANE('',#5760);
#5125=PLANE('',#5761);
#5126=PLANE('',#5762);
#5127=PLANE('',#5763);
#5128=PLANE('',#5764);
#5129=PLANE('',#5765);
#5130=PLANE('',#5766);
#5131=PLANE('',#5767);
#5132=PLANE('',#5768);
#5133=PLANE('',#5769);
#5134=PLANE('',#5770);
#5135=PLANE('',#5771);
#5136=PLANE('',#5772);
#5137=PLANE('',#5773);
#5138=PLANE('',#5774);
#5139=PLANE('',#5775);
#5140=PLANE('',#5776);
#5141=PLANE('',#5777);
#5142=PLANE('',#5778);
#5143=PLANE('',#5779);
#5144=PLANE('',#5780);
#5145=PLANE('',#5781);
#5146=PLANE('',#5782);
#5147=PLANE('',#5783);
#5148=PLANE('',#5784);
#5149=PLANE('',#5785);
#5150=ADVANCED_FACE('',(#4567),#4908,.T.);
#5151=ADVANCED_FACE('',(#4568),#4909,.T.);
#5152=ADVANCED_FACE('',(#4569),#4910,.T.);
#5153=ADVANCED_FACE('',(#4570),#4911,.T.);
#5154=ADVANCED_FACE('',(#4571),#4912,.T.);
#5155=ADVANCED_FACE('',(#4572),#4913,.T.);
#5156=ADVANCED_FACE('',(#4573),#4914,.T.);
#5157=ADVANCED_FACE('',(#4574),#4915,.T.);
#5158=ADVANCED_FACE('',(#4575),#4916,.T.);
#5159=ADVANCED_FACE('',(#4576),#4917,.T.);
#5160=ADVANCED_FACE('',(#4577),#4918,.T.);
#5161=ADVANCED_FACE('',(#4578),#4919,.T.);
#5162=ADVANCED_FACE('',(#4579),#4920,.T.);
#5163=ADVANCED_FACE('',(#4580),#4921,.T.);
#5164=ADVANCED_FACE('',(#4581),#4922,.T.);
#5165=ADVANCED_FACE('',(#4582),#4923,.T.);
#5166=ADVANCED_FACE('',(#4583),#4924,.F.);
#5167=ADVANCED_FACE('',(#4584),#4925,.F.);
#5168=ADVANCED_FACE('',(#4585),#4926,.T.);
#5169=ADVANCED_FACE('',(#4586),#4927,.T.);
#5170=ADVANCED_FACE('',(#4587),#4928,.T.);
#5171=ADVANCED_FACE('',(#4588),#20,.F.);
#5172=ADVANCED_FACE('',(#4589),#21,.F.);
#5173=ADVANCED_FACE('',(#4590),#4929,.T.);
#5174=ADVANCED_FACE('',(#4591,#4592,#4593,#4594),#4930,.F.);
#5175=ADVANCED_FACE('',(#4595,#4596,#4597,#4598),#4931,.F.);
#5176=ADVANCED_FACE('',(#4599,#4600,#4601,#4602),#4932,.F.);
#5177=ADVANCED_FACE('',(#4603,#4604),#22,.F.);
#5178=ADVANCED_FACE('',(#4605,#4606),#23,.F.);
#5179=ADVANCED_FACE('',(#4607,#4608),#24,.F.);
#5180=ADVANCED_FACE('',(#4609),#4933,.T.);
#5181=ADVANCED_FACE('',(#4610),#4934,.F.);
#5182=ADVANCED_FACE('',(#4611),#25,.F.);
#5183=ADVANCED_FACE('',(#4612),#26,.F.);
#5184=ADVANCED_FACE('',(#4613,#4614,#4615),#4935,.F.);
#5185=ADVANCED_FACE('',(#4616,#4617),#4936,.F.);
#5186=ADVANCED_FACE('',(#4618),#27,.F.);
#5187=ADVANCED_FACE('',(#4619),#28,.F.);
#5188=ADVANCED_FACE('',(#4620,#4621),#4937,.F.);
#5189=ADVANCED_FACE('',(#4622,#4623),#4938,.F.);
#5190=ADVANCED_FACE('',(#4624),#29,.F.);
#5191=ADVANCED_FACE('',(#4625),#30,.F.);
#5192=ADVANCED_FACE('',(#4626),#31,.F.);
#5193=ADVANCED_FACE('',(#4627),#32,.F.);
#5194=ADVANCED_FACE('',(#4628,#4629,#4630,#4631,#4632,#4633),#4939,.F.);
#5195=ADVANCED_FACE('',(#4634),#33,.F.);
#5196=ADVANCED_FACE('',(#4635,#4636),#4940,.F.);
#5197=ADVANCED_FACE('',(#4637),#34,.F.);
#5198=ADVANCED_FACE('',(#4638,#4639),#4941,.F.);
#5199=ADVANCED_FACE('',(#4640),#35,.F.);
#5200=ADVANCED_FACE('',(#4641),#4942,.F.);
#5201=ADVANCED_FACE('',(#4642),#4943,.T.);
#5202=ADVANCED_FACE('',(#4643),#4944,.F.);
#5203=ADVANCED_FACE('',(#4644),#4945,.T.);
#5204=ADVANCED_FACE('',(#4645),#4946,.F.);
#5205=ADVANCED_FACE('',(#4646),#4947,.T.);
#5206=ADVANCED_FACE('',(#4647),#4948,.T.);
#5207=ADVANCED_FACE('',(#4648),#4949,.T.);
#5208=ADVANCED_FACE('',(#4649),#4950,.F.);
#5209=ADVANCED_FACE('',(#4650),#4951,.F.);
#5210=ADVANCED_FACE('',(#4651,#4652),#4952,.T.);
#5211=ADVANCED_FACE('',(#4653),#4953,.F.);
#5212=ADVANCED_FACE('',(#4654,#4655),#4954,.F.);
#5213=ADVANCED_FACE('',(#4656),#4955,.F.);
#5214=ADVANCED_FACE('',(#4657),#4956,.F.);
#5215=ADVANCED_FACE('',(#4658,#4659,#4660),#36,.F.);
#5216=ADVANCED_FACE('',(#4661),#4957,.T.);
#5217=ADVANCED_FACE('',(#4662),#4958,.T.);
#5218=ADVANCED_FACE('',(#4663,#4664,#4665),#4959,.T.);
#5219=ADVANCED_FACE('',(#4666,#4667),#4960,.F.);
#5220=ADVANCED_FACE('',(#4668,#4669),#37,.F.);
#5221=ADVANCED_FACE('',(#4670,#4671),#38,.F.);
#5222=ADVANCED_FACE('',(#4672),#4961,.T.);
#5223=ADVANCED_FACE('',(#4673),#4962,.F.);
#5224=ADVANCED_FACE('',(#4674),#4963,.F.);
#5225=ADVANCED_FACE('',(#4675),#4964,.T.);
#5226=ADVANCED_FACE('',(#4676,#4677),#4965,.T.);
#5227=ADVANCED_FACE('',(#4678),#4966,.T.);
#5228=ADVANCED_FACE('',(#4679),#4967,.F.);
#5229=ADVANCED_FACE('',(#4680),#4968,.F.);
#5230=ADVANCED_FACE('',(#4681),#4969,.T.);
#5231=ADVANCED_FACE('',(#4682,#4683),#4970,.T.);
#5232=ADVANCED_FACE('',(#4684),#4971,.F.);
#5233=ADVANCED_FACE('',(#4685,#4686,#4687,#4688),#4972,.T.);
#5234=ADVANCED_FACE('',(#4689),#4973,.T.);
#5235=ADVANCED_FACE('',(#4690),#4974,.T.);
#5236=ADVANCED_FACE('',(#4691),#4975,.F.);
#5237=ADVANCED_FACE('',(#4692),#4976,.F.);
#5238=ADVANCED_FACE('',(#4693),#4977,.T.);
#5239=ADVANCED_FACE('',(#4694),#4978,.T.);
#5240=ADVANCED_FACE('',(#4695),#4979,.T.);
#5241=ADVANCED_FACE('',(#4696),#4980,.T.);
#5242=ADVANCED_FACE('',(#4697,#4698),#4981,.F.);
#5243=ADVANCED_FACE('',(#4699,#4700,#4701),#4982,.T.);
#5244=ADVANCED_FACE('',(#4702,#4703,#4704),#4983,.F.);
#5245=ADVANCED_FACE('',(#4705,#4706),#4984,.T.);
#5246=ADVANCED_FACE('',(#4707,#4708),#4985,.F.);
#5247=ADVANCED_FACE('',(#4709),#4986,.F.);
#5248=ADVANCED_FACE('',(#4710,#4711),#4987,.F.);
#5249=ADVANCED_FACE('',(#4712),#4988,.T.);
#5250=ADVANCED_FACE('',(#4713,#4714),#4989,.T.);
#5251=ADVANCED_FACE('',(#4715,#4716),#4990,.F.);
#5252=ADVANCED_FACE('',(#4717),#4991,.F.);
#5253=ADVANCED_FACE('',(#4718),#4992,.F.);
#5254=ADVANCED_FACE('',(#4719,#4720),#4993,.F.);
#5255=ADVANCED_FACE('',(#4721,#4722),#4994,.T.);
#5256=ADVANCED_FACE('',(#4723,#4724),#39,.F.);
#5257=ADVANCED_FACE('',(#4725,#4726),#40,.F.);
#5258=ADVANCED_FACE('',(#4727),#4995,.F.);
#5259=ADVANCED_FACE('',(#4728,#4729,#4730),#41,.F.);
#5260=ADVANCED_FACE('',(#4731),#4996,.T.);
#5261=ADVANCED_FACE('',(#4732,#4733),#4997,.F.);
#5262=ADVANCED_FACE('',(#4734),#4998,.F.);
#5263=ADVANCED_FACE('',(#4735),#4999,.F.);
#5264=ADVANCED_FACE('',(#4736),#5000,.F.);
#5265=ADVANCED_FACE('',(#4737),#5001,.T.);
#5266=ADVANCED_FACE('',(#4738,#4739),#5002,.F.);
#5267=ADVANCED_FACE('',(#4740),#5003,.F.);
#5268=ADVANCED_FACE('',(#4741),#5004,.F.);
#5269=ADVANCED_FACE('',(#4742),#5005,.F.);
#5270=ADVANCED_FACE('',(#4743),#5006,.F.);
#5271=ADVANCED_FACE('',(#4744),#5007,.T.);
#5272=ADVANCED_FACE('',(#4745),#5008,.T.);
#5273=ADVANCED_FACE('',(#4746),#5009,.T.);
#5274=ADVANCED_FACE('',(#4747),#5010,.T.);
#5275=ADVANCED_FACE('',(#4748),#5011,.T.);
#5276=ADVANCED_FACE('',(#4749),#42,.T.);
#5277=ADVANCED_FACE('',(#4750),#43,.F.);
#5278=ADVANCED_FACE('',(#4751),#44,.F.);
#5279=ADVANCED_FACE('',(#4752),#45,.T.);
#5280=ADVANCED_FACE('',(#4753,#4754),#46,.F.);
#5281=ADVANCED_FACE('',(#4755),#5012,.F.);
#5282=ADVANCED_FACE('',(#4756),#5013,.T.);
#5283=ADVANCED_FACE('',(#4757,#4758),#5014,.T.);
#5284=ADVANCED_FACE('',(#4759),#5015,.F.);
#5285=ADVANCED_FACE('',(#4760),#5016,.T.);
#5286=ADVANCED_FACE('',(#4761),#5017,.T.);
#5287=ADVANCED_FACE('',(#4762),#5018,.T.);
#5288=ADVANCED_FACE('',(#4763,#4764),#5019,.T.);
#5289=ADVANCED_FACE('',(#4765),#5020,.F.);
#5290=ADVANCED_FACE('',(#4766),#5021,.T.);
#5291=ADVANCED_FACE('',(#4767),#5022,.T.);
#5292=ADVANCED_FACE('',(#4768),#5023,.T.);
#5293=ADVANCED_FACE('',(#4769),#5024,.T.);
#5294=ADVANCED_FACE('',(#4770),#5025,.T.);
#5295=ADVANCED_FACE('',(#4771),#5026,.T.);
#5296=ADVANCED_FACE('',(#4772),#5027,.T.);
#5297=ADVANCED_FACE('',(#4773),#5028,.T.);
#5298=ADVANCED_FACE('',(#4774),#5029,.T.);
#5299=ADVANCED_FACE('',(#4775),#5030,.T.);
#5300=ADVANCED_FACE('',(#4776),#5031,.T.);
#5301=ADVANCED_FACE('',(#4777),#5032,.T.);
#5302=ADVANCED_FACE('',(#4778),#5033,.F.);
#5303=ADVANCED_FACE('',(#4779,#4780),#47,.F.);
#5304=ADVANCED_FACE('',(#4781),#5034,.F.);
#5305=ADVANCED_FACE('',(#4782),#5035,.T.);
#5306=ADVANCED_FACE('',(#4783),#5036,.T.);
#5307=ADVANCED_FACE('',(#4784,#4785),#5037,.T.);
#5308=ADVANCED_FACE('',(#4786),#5038,.T.);
#5309=ADVANCED_FACE('',(#4787),#5039,.F.);
#5310=ADVANCED_FACE('',(#4788),#5040,.F.);
#5311=ADVANCED_FACE('',(#4789),#5041,.T.);
#5312=ADVANCED_FACE('',(#4790,#4791),#5042,.T.);
#5313=ADVANCED_FACE('',(#4792),#5043,.T.);
#5314=ADVANCED_FACE('',(#4793),#5044,.F.);
#5315=ADVANCED_FACE('',(#4794),#5045,.F.);
#5316=ADVANCED_FACE('',(#4795),#5046,.T.);
#5317=ADVANCED_FACE('',(#4796),#5047,.T.);
#5318=ADVANCED_FACE('',(#4797),#5048,.T.);
#5319=ADVANCED_FACE('',(#4798),#5049,.T.);
#5320=ADVANCED_FACE('',(#4799),#5050,.T.);
#5321=ADVANCED_FACE('',(#4800),#5051,.T.);
#5322=ADVANCED_FACE('',(#4801),#5052,.T.);
#5323=ADVANCED_FACE('',(#4802),#5053,.T.);
#5324=ADVANCED_FACE('',(#4803),#5054,.T.);
#5325=ADVANCED_FACE('',(#4804),#5055,.T.);
#5326=ADVANCED_FACE('',(#4805),#5056,.T.);
#5327=ADVANCED_FACE('',(#4806),#5057,.T.);
#5328=ADVANCED_FACE('',(#4807),#5058,.T.);
#5329=ADVANCED_FACE('',(#4808),#5059,.T.);
#5330=ADVANCED_FACE('',(#4809),#5060,.T.);
#5331=ADVANCED_FACE('',(#4810),#5061,.T.);
#5332=ADVANCED_FACE('',(#4811),#5062,.T.);
#5333=ADVANCED_FACE('',(#4812),#5063,.T.);
#5334=ADVANCED_FACE('',(#4813),#5064,.F.);
#5335=ADVANCED_FACE('',(#4814,#4815),#48,.F.);
#5336=ADVANCED_FACE('',(#4816,#4817),#49,.F.);
#5337=ADVANCED_FACE('',(#4818,#4819),#5065,.T.);
#5338=ADVANCED_FACE('',(#4820),#5066,.T.);
#5339=ADVANCED_FACE('',(#4821),#5067,.T.);
#5340=ADVANCED_FACE('',(#4822),#5068,.T.);
#5341=ADVANCED_FACE('',(#4823,#4824),#5069,.T.);
#5342=ADVANCED_FACE('',(#4825,#4826),#5070,.F.);
#5343=ADVANCED_FACE('',(#4827),#5071,.F.);
#5344=ADVANCED_FACE('',(#4828),#5072,.F.);
#5345=ADVANCED_FACE('',(#4829),#5073,.F.);
#5346=ADVANCED_FACE('',(#4830,#4831),#5074,.T.);
#5347=ADVANCED_FACE('',(#4832,#4833),#5075,.F.);
#5348=ADVANCED_FACE('',(#4834),#5076,.T.);
#5349=ADVANCED_FACE('',(#4835),#5077,.T.);
#5350=ADVANCED_FACE('',(#4836),#5078,.T.);
#5351=ADVANCED_FACE('',(#4837),#5079,.F.);
#5352=ADVANCED_FACE('',(#4838),#5080,.F.);
#5353=ADVANCED_FACE('',(#4839),#5081,.T.);
#5354=ADVANCED_FACE('',(#4840),#5082,.F.);
#5355=ADVANCED_FACE('',(#4841),#5083,.F.);
#5356=ADVANCED_FACE('',(#4842),#5084,.F.);
#5357=ADVANCED_FACE('',(#4843),#5085,.T.);
#5358=ADVANCED_FACE('',(#4844),#5086,.T.);
#5359=ADVANCED_FACE('',(#4845),#5087,.T.);
#5360=ADVANCED_FACE('',(#4846),#5088,.F.);
#5361=ADVANCED_FACE('',(#4847),#5089,.F.);
#5362=ADVANCED_FACE('',(#4848),#5090,.T.);
#5363=ADVANCED_FACE('',(#4849),#5091,.F.);
#5364=ADVANCED_FACE('',(#4850),#5092,.F.);
#5365=ADVANCED_FACE('',(#4851),#5093,.F.);
#5366=ADVANCED_FACE('',(#4852),#5094,.F.);
#5367=ADVANCED_FACE('',(#4853),#5095,.F.);
#5368=ADVANCED_FACE('',(#4854),#5096,.F.);
#5369=ADVANCED_FACE('',(#4855),#5097,.F.);
#5370=ADVANCED_FACE('',(#4856),#5098,.F.);
#5371=ADVANCED_FACE('',(#4857),#5099,.F.);
#5372=ADVANCED_FACE('',(#4858),#5100,.T.);
#5373=ADVANCED_FACE('',(#4859),#5101,.F.);
#5374=ADVANCED_FACE('',(#4860),#5102,.F.);
#5375=ADVANCED_FACE('',(#4861),#5103,.F.);
#5376=ADVANCED_FACE('',(#4862),#5104,.T.);
#5377=ADVANCED_FACE('',(#4863),#5105,.T.);
#5378=ADVANCED_FACE('',(#4864),#5106,.T.);
#5379=ADVANCED_FACE('',(#4865),#5107,.T.);
#5380=ADVANCED_FACE('',(#4866),#5108,.T.);
#5381=ADVANCED_FACE('',(#4867),#5109,.T.);
#5382=ADVANCED_FACE('',(#4868),#5110,.T.);
#5383=ADVANCED_FACE('',(#4869),#5111,.T.);
#5384=ADVANCED_FACE('',(#4870),#5112,.T.);
#5385=ADVANCED_FACE('',(#4871),#5113,.T.);
#5386=ADVANCED_FACE('',(#4872),#5114,.T.);
#5387=ADVANCED_FACE('',(#4873),#5115,.T.);
#5388=ADVANCED_FACE('',(#4874),#5116,.T.);
#5389=ADVANCED_FACE('',(#4875),#5117,.T.);
#5390=ADVANCED_FACE('',(#4876),#5118,.T.);
#5391=ADVANCED_FACE('',(#4877),#5119,.T.);
#5392=ADVANCED_FACE('',(#4878),#5120,.T.);
#5393=ADVANCED_FACE('',(#4879),#5121,.T.);
#5394=ADVANCED_FACE('',(#4880),#5122,.T.);
#5395=ADVANCED_FACE('',(#4881),#5123,.T.);
#5396=ADVANCED_FACE('',(#4882),#5124,.T.);
#5397=ADVANCED_FACE('',(#4883),#5125,.T.);
#5398=ADVANCED_FACE('',(#4884),#5126,.T.);
#5399=ADVANCED_FACE('',(#4885),#5127,.T.);
#5400=ADVANCED_FACE('',(#4886),#5128,.T.);
#5401=ADVANCED_FACE('',(#4887),#5129,.T.);
#5402=ADVANCED_FACE('',(#4888),#5130,.T.);
#5403=ADVANCED_FACE('',(#4889),#5131,.T.);
#5404=ADVANCED_FACE('',(#4890),#5132,.T.);
#5405=ADVANCED_FACE('',(#4891),#5133,.T.);
#5406=ADVANCED_FACE('',(#4892),#5134,.T.);
#5407=ADVANCED_FACE('',(#4893),#5135,.T.);
#5408=ADVANCED_FACE('',(#4894),#5136,.T.);
#5409=ADVANCED_FACE('',(#4895),#5137,.T.);
#5410=ADVANCED_FACE('',(#4896),#5138,.T.);
#5411=ADVANCED_FACE('',(#4897),#5139,.T.);
#5412=ADVANCED_FACE('',(#4898),#5140,.T.);
#5413=ADVANCED_FACE('',(#4899),#5141,.T.);
#5414=ADVANCED_FACE('',(#4900),#5142,.T.);
#5415=ADVANCED_FACE('',(#4901),#5143,.T.);
#5416=ADVANCED_FACE('',(#4902),#5144,.T.);
#5417=ADVANCED_FACE('',(#4903),#5145,.T.);
#5418=ADVANCED_FACE('',(#4904),#5146,.T.);
#5419=ADVANCED_FACE('',(#4905),#5147,.T.);
#5420=ADVANCED_FACE('',(#4906),#5148,.T.);
#5421=ADVANCED_FACE('',(#4907),#5149,.T.);
#5422=CLOSED_SHELL('',(#5150,#5151,#5152,#5153,#5154,#5155,#5156,#5157,
#5158,#5159,#5160,#5161,#5162,#5163,#5164,#5165,#5166,#5167,#5168,#5169,
#5170,#5171,#5172,#5173,#5174,#5175,#5176,#5177,#5178,#5179,#5180,#5181,
#5182,#5183,#5184,#5185,#5186,#5187,#5188,#5189,#5190,#5191,#5192,#5193,
#5194,#5195,#5196,#5197,#5198,#5199,#5200,#5201,#5202,#5203,#5204,#5205,
#5206,#5207,#5208,#5209,#5210,#5211,#5212,#5213,#5214,#5215,#5216,#5217,
#5218,#5219,#5220,#5221,#5222,#5223,#5224,#5225,#5226,#5227,#5228,#5229,
#5230,#5231,#5232,#5233,#5234,#5235,#5236,#5237,#5238,#5239,#5240,#5241,
#5242,#5243,#5244,#5245,#5246,#5247,#5248,#5249,#5250,#5251,#5252,#5253,
#5254,#5255,#5256,#5257,#5258,#5259,#5260,#5261,#5262,#5263,#5264,#5265,
#5266,#5267,#5268,#5269,#5270,#5271,#5272,#5273,#5274,#5275,#5276,#5277,
#5278,#5279,#5280,#5281,#5282,#5283,#5284,#5285,#5286,#5287,#5288,#5289,
#5290,#5291,#5292,#5293,#5294,#5295,#5296,#5297,#5298,#5299,#5300,#5301,
#5302,#5303,#5304,#5305,#5306,#5307,#5308,#5309,#5310,#5311,#5312,#5313,
#5314,#5315,#5316,#5317,#5318,#5319,#5320,#5321,#5322,#5323,#5324,#5325,
#5326,#5327,#5328,#5329,#5330,#5331,#5332,#5333,#5334,#5335,#5336,#5337,
#5338,#5339,#5340,#5341,#5342,#5343,#5344,#5345,#5346,#5347,#5348,#5349,
#5350,#5351,#5352,#5353,#5354,#5355,#5356,#5357,#5358,#5359,#5360,#5361,
#5362,#5363,#5364,#5365,#5366,#5367,#5368,#5369,#5370,#5371,#5372,#5373,
#5374,#5375,#5376,#5377,#5378,#5379,#5380,#5381,#5382,#5383,#5384,#5385,
#5386,#5387,#5388,#5389,#5390,#5391,#5392,#5393,#5394,#5395,#5396,#5397,
#5398,#5399,#5400,#5401,#5402,#5403,#5404,#5405,#5406,#5407,#5408,#5409,
#5410,#5411,#5412,#5413,#5414,#5415,#5416,#5417,#5418,#5419,#5420,#5421));
#5423=STYLED_ITEM('',(#5424),#5431);
#5424=PRESENTATION_STYLE_ASSIGNMENT((#5425));
#5425=SURFACE_STYLE_USAGE(.BOTH.,#5426);
#5426=SURFACE_SIDE_STYLE('',(#5427));
#5427=SURFACE_STYLE_FILL_AREA(#5428);
#5428=FILL_AREA_STYLE('',(#5429));
#5429=FILL_AREA_STYLE_COLOUR('',#5430);
#5430=COLOUR_RGB('',0.129411764705882,0.341176470588236,0.352941176470589);
#5431=MANIFOLD_SOLID_BREP('Toolhead Block',#5422);
#5432=SHAPE_DEFINITION_REPRESENTATION(#8717,#5433);
#5433=SHAPE_REPRESENTATION('Toolhead Block',(#5434),#8712);
#5434=AXIS2_PLACEMENT_3D('',#7161,#5786,#5787);
#5435=AXIS2_PLACEMENT_3D('',#7162,#5788,#5789);
#5436=AXIS2_PLACEMENT_3D('',#7171,#5794,#5795);
#5437=AXIS2_PLACEMENT_3D('',#7180,#5800,#5801);
#5438=AXIS2_PLACEMENT_3D('',#7205,#5814,#5815);
#5439=AXIS2_PLACEMENT_3D('',#7213,#5819,#5820);
#5440=AXIS2_PLACEMENT_3D('',#7216,#5822,#5823);
#5441=AXIS2_PLACEMENT_3D('',#7225,#5828,#5829);
#5442=AXIS2_PLACEMENT_3D('',#7226,#5830,#5831);
#5443=AXIS2_PLACEMENT_3D('',#7234,#5835,#5836);
#5444=AXIS2_PLACEMENT_3D('',#7235,#5837,#5838);
#5445=AXIS2_PLACEMENT_3D('',#7240,#5840,#5841);
#5446=AXIS2_PLACEMENT_3D('',#7243,#5843,#5844);
#5447=AXIS2_PLACEMENT_3D('',#7244,#5845,#5846);
#5448=AXIS2_PLACEMENT_3D('',#7252,#5850,#5851);
#5449=AXIS2_PLACEMENT_3D('',#7261,#5856,#5857);
#5450=AXIS2_PLACEMENT_3D('',#7270,#5862,#5863);
#5451=AXIS2_PLACEMENT_3D('',#7279,#5868,#5869);
#5452=AXIS2_PLACEMENT_3D('',#7285,#5872,#5873);
#5453=AXIS2_PLACEMENT_3D('',#7288,#5875,#5876);
#5454=AXIS2_PLACEMENT_3D('',#7289,#5877,#5878);
#5455=AXIS2_PLACEMENT_3D('',#7294,#5880,#5881);
#5456=AXIS2_PLACEMENT_3D('',#7297,#5883,#5884);
#5457=AXIS2_PLACEMENT_3D('',#7303,#5887,#5888);
#5458=AXIS2_PLACEMENT_3D('',#7306,#5890,#5891);
#5459=AXIS2_PLACEMENT_3D('',#7316,#5896,#5897);
#5460=AXIS2_PLACEMENT_3D('',#7317,#5898,#5899);
#5461=AXIS2_PLACEMENT_3D('',#7323,#5903,#5904);
#5462=AXIS2_PLACEMENT_3D('',#7333,#5910,#5911);
#5463=AXIS2_PLACEMENT_3D('',#7347,#5919,#5920);
#5464=AXIS2_PLACEMENT_3D('',#7357,#5926,#5927);
#5465=AXIS2_PLACEMENT_3D('',#7381,#5941,#5942);
#5466=AXIS2_PLACEMENT_3D('',#7393,#5950,#5951);
#5467=AXIS2_PLACEMENT_3D('',#7398,#5954,#5955);
#5468=AXIS2_PLACEMENT_3D('',#7403,#5958,#5959);
#5469=AXIS2_PLACEMENT_3D('',#7407,#5961,#5962);
#5470=AXIS2_PLACEMENT_3D('',#7411,#5964,#5965);
#5471=AXIS2_PLACEMENT_3D('',#7412,#5966,#5967);
#5472=AXIS2_PLACEMENT_3D('',#7415,#5969,#5970);
#5473=AXIS2_PLACEMENT_3D('',#7420,#5973,#5974);
#5474=AXIS2_PLACEMENT_3D('',#7421,#5975,#5976);
#5475=AXIS2_PLACEMENT_3D('',#7422,#5977,#5978);
#5476=AXIS2_PLACEMENT_3D('',#7425,#5980,#5981);
#5477=AXIS2_PLACEMENT_3D('',#7431,#5985,#5986);
#5478=AXIS2_PLACEMENT_3D('',#7435,#5988,#5989);
#5479=AXIS2_PLACEMENT_3D('',#7462,#6003,#6004);
#5480=AXIS2_PLACEMENT_3D('',#7466,#6006,#6007);
#5481=AXIS2_PLACEMENT_3D('',#7472,#6010,#6011);
#5482=AXIS2_PLACEMENT_3D('',#7478,#6014,#6015);
#5483=AXIS2_PLACEMENT_3D('',#7497,#6025,#6026);
#5484=AXIS2_PLACEMENT_3D('',#7498,#6027,#6028);
#5485=AXIS2_PLACEMENT_3D('',#7524,#6041,#6042);
#5486=AXIS2_PLACEMENT_3D('',#7534,#6047,#6048);
#5487=AXIS2_PLACEMENT_3D('',#7547,#6049,#6050);
#5488=AXIS2_PLACEMENT_3D('',#7549,#6051,#6052);
#5489=AXIS2_PLACEMENT_3D('',#7562,#6053,#6054);
#5490=AXIS2_PLACEMENT_3D('',#7564,#6055,#6056);
#5491=AXIS2_PLACEMENT_3D('',#7565,#6057,#6058);
#5492=AXIS2_PLACEMENT_3D('',#7567,#6059,#6060);
#5493=AXIS2_PLACEMENT_3D('',#7569,#6061,#6062);
#5494=AXIS2_PLACEMENT_3D('',#7577,#6067,#6068);
#5495=AXIS2_PLACEMENT_3D('',#7585,#6073,#6074);
#5496=AXIS2_PLACEMENT_3D('',#7588,#6076,#6077);
#5497=AXIS2_PLACEMENT_3D('',#7591,#6079,#6080);
#5498=AXIS2_PLACEMENT_3D('',#7594,#6082,#6083);
#5499=AXIS2_PLACEMENT_3D('',#7597,#6085,#6086);
#5500=AXIS2_PLACEMENT_3D('',#7601,#6088,#6089);
#5501=AXIS2_PLACEMENT_3D('',#7617,#6097,#6098);
#5502=AXIS2_PLACEMENT_3D('',#7620,#6100,#6101);
#5503=AXIS2_PLACEMENT_3D('',#7621,#6102,#6103);
#5504=AXIS2_PLACEMENT_3D('',#7636,#6110,#6111);
#5505=AXIS2_PLACEMENT_3D('',#7639,#6113,#6114);
#5506=AXIS2_PLACEMENT_3D('',#7643,#6116,#6117);
#5507=AXIS2_PLACEMENT_3D('',#7647,#6119,#6120);
#5508=AXIS2_PLACEMENT_3D('',#7648,#6121,#6122);
#5509=AXIS2_PLACEMENT_3D('',#7652,#6124,#6125);
#5510=AXIS2_PLACEMENT_3D('',#7656,#6127,#6128);
#5511=AXIS2_PLACEMENT_3D('',#7657,#6129,#6130);
#5512=AXIS2_PLACEMENT_3D('',#7669,#6137,#6138);
#5513=AXIS2_PLACEMENT_3D('',#7681,#6145,#6146);
#5514=AXIS2_PLACEMENT_3D('',#7684,#6149,#6150);
#5515=AXIS2_PLACEMENT_3D('',#7687,#6152,#6153);
#5516=AXIS2_PLACEMENT_3D('',#7692,#6156,#6157);
#5517=AXIS2_PLACEMENT_3D('',#7695,#6159,#6160);
#5518=AXIS2_PLACEMENT_3D('',#7698,#6163,#6164);
#5519=AXIS2_PLACEMENT_3D('',#7702,#6166,#6167);
#5520=AXIS2_PLACEMENT_3D('',#7706,#6169,#6170);
#5521=AXIS2_PLACEMENT_3D('',#7707,#6171,#6172);
#5522=AXIS2_PLACEMENT_3D('',#7708,#6173,#6174);
#5523=AXIS2_PLACEMENT_3D('',#7710,#6175,#6176);
#5524=AXIS2_PLACEMENT_3D('',#7715,#6179,#6180);
#5525=AXIS2_PLACEMENT_3D('',#7741,#6193,#6194);
#5526=AXIS2_PLACEMENT_3D('',#7744,#6196,#6197);
#5527=AXIS2_PLACEMENT_3D('',#7747,#6199,#6200);
#5528=AXIS2_PLACEMENT_3D('',#7750,#6202,#6203);
#5529=AXIS2_PLACEMENT_3D('',#7762,#6210,#6211);
#5530=AXIS2_PLACEMENT_3D('',#7766,#6213,#6214);
#5531=AXIS2_PLACEMENT_3D('',#7770,#6216,#6217);
#5532=AXIS2_PLACEMENT_3D('',#7771,#6218,#6219);
#5533=AXIS2_PLACEMENT_3D('',#7783,#6225,#6226);
#5534=AXIS2_PLACEMENT_3D('',#7786,#6228,#6229);
#5535=AXIS2_PLACEMENT_3D('',#7789,#6231,#6232);
#5536=AXIS2_PLACEMENT_3D('',#7792,#6234,#6235);
#5537=AXIS2_PLACEMENT_3D('',#7805,#6243,#6244);
#5538=AXIS2_PLACEMENT_3D('',#7818,#6252,#6253);
#5539=AXIS2_PLACEMENT_3D('',#7822,#6256,#6257);
#5540=AXIS2_PLACEMENT_3D('',#7828,#6261,#6262);
#5541=AXIS2_PLACEMENT_3D('',#7840,#6269,#6270);
#5542=AXIS2_PLACEMENT_3D('',#7849,#6275,#6276);
#5543=AXIS2_PLACEMENT_3D('',#7852,#6279,#6280);
#5544=AXIS2_PLACEMENT_3D('',#7859,#6285,#6286);
#5545=AXIS2_PLACEMENT_3D('',#7867,#6291,#6292);
#5546=AXIS2_PLACEMENT_3D('',#7874,#6296,#6297);
#5547=AXIS2_PLACEMENT_3D('',#7881,#6302,#6303);
#5548=AXIS2_PLACEMENT_3D('',#7927,#6327,#6328);
#5549=AXIS2_PLACEMENT_3D('',#7941,#6336,#6337);
#5550=AXIS2_PLACEMENT_3D('',#7960,#6347,#6348);
#5551=AXIS2_PLACEMENT_3D('',#7967,#6353,#6354);
#5552=AXIS2_PLACEMENT_3D('',#7979,#6361,#6362);
#5553=AXIS2_PLACEMENT_3D('',#7983,#6365,#6366);
#5554=AXIS2_PLACEMENT_3D('',#7984,#6367,#6368);
#5555=AXIS2_PLACEMENT_3D('',#7986,#6369,#6370);
#5556=AXIS2_PLACEMENT_3D('',#7988,#6372,#6373);
#5557=AXIS2_PLACEMENT_3D('',#7994,#6377,#6378);
#5558=AXIS2_PLACEMENT_3D('',#7995,#6379,#6380);
#5559=AXIS2_PLACEMENT_3D('',#7997,#6381,#6382);
#5560=AXIS2_PLACEMENT_3D('',#8011,#6390,#6391);
#5561=AXIS2_PLACEMENT_3D('',#8020,#6398,#6399);
#5562=AXIS2_PLACEMENT_3D('',#8021,#6400,#6401);
#5563=AXIS2_PLACEMENT_3D('',#8023,#6402,#6403);
#5564=AXIS2_PLACEMENT_3D('',#8024,#6404,#6405);
#5565=AXIS2_PLACEMENT_3D('',#8026,#6406,#6407);
#5566=AXIS2_PLACEMENT_3D('',#8032,#6411,#6412);
#5567=AXIS2_PLACEMENT_3D('',#8036,#6415,#6416);
#5568=AXIS2_PLACEMENT_3D('',#8040,#6419,#6420);
#5569=AXIS2_PLACEMENT_3D('',#8042,#6422,#6423);
#5570=AXIS2_PLACEMENT_3D('',#8043,#6424,#6425);
#5571=AXIS2_PLACEMENT_3D('',#8049,#6429,#6430);
#5572=AXIS2_PLACEMENT_3D('',#8053,#6433,#6434);
#5573=AXIS2_PLACEMENT_3D('',#8057,#6437,#6438);
#5574=AXIS2_PLACEMENT_3D('',#8059,#6440,#6441);
#5575=AXIS2_PLACEMENT_3D('',#8060,#6442,#6443);
#5576=AXIS2_PLACEMENT_3D('',#8062,#6445,#6446);
#5577=AXIS2_PLACEMENT_3D('',#8116,#6477,#6478);
#5578=AXIS2_PLACEMENT_3D('',#8118,#6479,#6480);
#5579=AXIS2_PLACEMENT_3D('',#8119,#6481,#6482);
#5580=AXIS2_PLACEMENT_3D('',#8121,#6484,#6485);
#5581=AXIS2_PLACEMENT_3D('',#8124,#6488,#6489);
#5582=AXIS2_PLACEMENT_3D('',#8125,#6490,#6491);
#5583=AXIS2_PLACEMENT_3D('',#8128,#6494,#6495);
#5584=AXIS2_PLACEMENT_3D('',#8129,#6496,#6497);
#5585=AXIS2_PLACEMENT_3D('',#8131,#6499,#6500);
#5586=AXIS2_PLACEMENT_3D('',#8134,#6503,#6504);
#5587=AXIS2_PLACEMENT_3D('',#8135,#6505,#6506);
#5588=AXIS2_PLACEMENT_3D('',#8137,#6507,#6508);
#5589=AXIS2_PLACEMENT_3D('',#8150,#6517,#6518);
#5590=AXIS2_PLACEMENT_3D('',#8170,#6530,#6531);
#5591=AXIS2_PLACEMENT_3D('',#8171,#6532,#6533);
#5592=AXIS2_PLACEMENT_3D('',#8175,#6536,#6537);
#5593=AXIS2_PLACEMENT_3D('',#8176,#6538,#6539);
#5594=AXIS2_PLACEMENT_3D('',#8181,#6542,#6543);
#5595=AXIS2_PLACEMENT_3D('',#8183,#6545,#6546);
#5596=AXIS2_PLACEMENT_3D('',#8184,#6547,#6548);
#5597=AXIS2_PLACEMENT_3D('',#8188,#6551,#6552);
#5598=AXIS2_PLACEMENT_3D('',#8189,#6553,#6554);
#5599=AXIS2_PLACEMENT_3D('',#8194,#6558,#6559);
#5600=AXIS2_PLACEMENT_3D('',#8195,#6560,#6561);
#5601=AXIS2_PLACEMENT_3D('',#8200,#6564,#6565);
#5602=AXIS2_PLACEMENT_3D('',#8202,#6567,#6568);
#5603=AXIS2_PLACEMENT_3D('',#8211,#6574,#6575);
#5604=AXIS2_PLACEMENT_3D('',#8212,#6576,#6577);
#5605=AXIS2_PLACEMENT_3D('',#8216,#6580,#6581);
#5606=AXIS2_PLACEMENT_3D('',#8217,#6582,#6583);
#5607=AXIS2_PLACEMENT_3D('',#8219,#6584,#6585);
#5608=AXIS2_PLACEMENT_3D('',#8220,#6586,#6587);
#5609=AXIS2_PLACEMENT_3D('',#8221,#6588,#6589);
#5610=AXIS2_PLACEMENT_3D('',#8222,#6590,#6591);
#5611=AXIS2_PLACEMENT_3D('',#8224,#6593,#6594);
#5612=AXIS2_PLACEMENT_3D('',#8225,#6595,#6596);
#5613=AXIS2_PLACEMENT_3D('',#8234,#6601,#6602);
#5614=AXIS2_PLACEMENT_3D('',#8241,#6607,#6608);
#5615=AXIS2_PLACEMENT_3D('',#8246,#6612,#6613);
#5616=AXIS2_PLACEMENT_3D('',#8248,#6615,#6616);
#5617=AXIS2_PLACEMENT_3D('',#8251,#6618,#6619);
#5618=AXIS2_PLACEMENT_3D('',#8252,#6620,#6621);
#5619=AXIS2_PLACEMENT_3D('',#8261,#6626,#6627);
#5620=AXIS2_PLACEMENT_3D('',#8272,#6634,#6635);
#5621=AXIS2_PLACEMENT_3D('',#8277,#6639,#6640);
#5622=AXIS2_PLACEMENT_3D('',#8279,#6642,#6643);
#5623=AXIS2_PLACEMENT_3D('',#8280,#6644,#6645);
#5624=AXIS2_PLACEMENT_3D('',#8283,#6647,#6648);
#5625=AXIS2_PLACEMENT_3D('',#8292,#6654,#6655);
#5626=AXIS2_PLACEMENT_3D('',#8304,#6663,#6664);
#5627=AXIS2_PLACEMENT_3D('',#8321,#6675,#6676);
#5628=AXIS2_PLACEMENT_3D('',#8331,#6683,#6684);
#5629=AXIS2_PLACEMENT_3D('',#8332,#6685,#6686);
#5630=AXIS2_PLACEMENT_3D('',#8335,#6688,#6689);
#5631=AXIS2_PLACEMENT_3D('',#8338,#6691,#6692);
#5632=AXIS2_PLACEMENT_3D('',#8339,#6693,#6694);
#5633=AXIS2_PLACEMENT_3D('',#8342,#6696,#6697);
#5634=AXIS2_PLACEMENT_3D('',#8345,#6699,#6700);
#5635=AXIS2_PLACEMENT_3D('',#8350,#6703,#6704);
#5636=AXIS2_PLACEMENT_3D('',#8353,#6706,#6707);
#5637=AXIS2_PLACEMENT_3D('',#8355,#6709,#6710);
#5638=AXIS2_PLACEMENT_3D('',#8357,#6712,#6713);
#5639=AXIS2_PLACEMENT_3D('',#8362,#6716,#6717);
#5640=AXIS2_PLACEMENT_3D('',#8367,#6720,#6721);
#5641=AXIS2_PLACEMENT_3D('',#8370,#6723,#6724);
#5642=AXIS2_PLACEMENT_3D('',#8371,#6725,#6726);
#5643=AXIS2_PLACEMENT_3D('',#8372,#6727,#6728);
#5644=AXIS2_PLACEMENT_3D('',#8375,#6731,#6732);
#5645=AXIS2_PLACEMENT_3D('',#8378,#6735,#6736);
#5646=AXIS2_PLACEMENT_3D('',#8387,#6742,#6743);
#5647=AXIS2_PLACEMENT_3D('',#8389,#6745,#6746);
#5648=AXIS2_PLACEMENT_3D('',#8391,#6748,#6749);
#5649=AXIS2_PLACEMENT_3D('',#8392,#6750,#6751);
#5650=AXIS2_PLACEMENT_3D('',#8396,#6754,#6755);
#5651=AXIS2_PLACEMENT_3D('',#8405,#6761,#6762);
#5652=AXIS2_PLACEMENT_3D('',#8407,#6764,#6765);
#5653=AXIS2_PLACEMENT_3D('',#8409,#6767,#6768);
#5654=AXIS2_PLACEMENT_3D('',#8410,#6769,#6770);
#5655=AXIS2_PLACEMENT_3D('',#8414,#6773,#6774);
#5656=AXIS2_PLACEMENT_3D('',#8416,#6776,#6777);
#5657=AXIS2_PLACEMENT_3D('',#8417,#6778,#6779);
#5658=AXIS2_PLACEMENT_3D('',#8419,#6781,#6782);
#5659=AXIS2_PLACEMENT_3D('',#8420,#6783,#6784);
#5660=AXIS2_PLACEMENT_3D('',#8422,#6786,#6787);
#5661=AXIS2_PLACEMENT_3D('',#8423,#6788,#6789);
#5662=AXIS2_PLACEMENT_3D('',#8425,#6791,#6792);
#5663=AXIS2_PLACEMENT_3D('',#8426,#6793,#6794);
#5664=AXIS2_PLACEMENT_3D('',#8429,#6797,#6798);
#5665=AXIS2_PLACEMENT_3D('',#8432,#6801,#6802);
#5666=AXIS2_PLACEMENT_3D('',#8433,#6803,#6804);
#5667=AXIS2_PLACEMENT_3D('',#8439,#6808,#6809);
#5668=AXIS2_PLACEMENT_3D('',#8447,#6815,#6816);
#5669=AXIS2_PLACEMENT_3D('',#8450,#6819,#6820);
#5670=AXIS2_PLACEMENT_3D('',#8462,#6827,#6828);
#5671=AXIS2_PLACEMENT_3D('',#8465,#6831,#6832);
#5672=AXIS2_PLACEMENT_3D('',#8467,#6834,#6835);
#5673=AXIS2_PLACEMENT_3D('',#8469,#6837,#6838);
#5674=AXIS2_PLACEMENT_3D('',#8470,#6839,#6840);
#5675=AXIS2_PLACEMENT_3D('',#8482,#6847,#6848);
#5676=AXIS2_PLACEMENT_3D('',#8485,#6851,#6852);
#5677=AXIS2_PLACEMENT_3D('',#8487,#6854,#6855);
#5678=AXIS2_PLACEMENT_3D('',#8489,#6857,#6858);
#5679=AXIS2_PLACEMENT_3D('',#8490,#6859,#6860);
#5680=AXIS2_PLACEMENT_3D('',#8492,#6862,#6863);
#5681=AXIS2_PLACEMENT_3D('',#8493,#6864,#6865);
#5682=AXIS2_PLACEMENT_3D('',#8495,#6867,#6868);
#5683=AXIS2_PLACEMENT_3D('',#8496,#6869,#6870);
#5684=AXIS2_PLACEMENT_3D('',#8498,#6872,#6873);
#5685=AXIS2_PLACEMENT_3D('',#8499,#6874,#6875);
#5686=AXIS2_PLACEMENT_3D('',#8501,#6877,#6878);
#5687=AXIS2_PLACEMENT_3D('',#8502,#6879,#6880);
#5688=AXIS2_PLACEMENT_3D('',#8504,#6882,#6883);
#5689=AXIS2_PLACEMENT_3D('',#8505,#6884,#6885);
#5690=AXIS2_PLACEMENT_3D('',#8507,#6887,#6888);
#5691=AXIS2_PLACEMENT_3D('',#8508,#6889,#6890);
#5692=AXIS2_PLACEMENT_3D('',#8510,#6892,#6893);
#5693=AXIS2_PLACEMENT_3D('',#8511,#6894,#6895);
#5694=AXIS2_PLACEMENT_3D('',#8515,#6898,#6899);
#5695=AXIS2_PLACEMENT_3D('',#8519,#6902,#6903);
#5696=AXIS2_PLACEMENT_3D('',#8521,#6905,#6906);
#5697=AXIS2_PLACEMENT_3D('',#8522,#6907,#6908);
#5698=AXIS2_PLACEMENT_3D('',#8523,#6909,#6910);
#5699=AXIS2_PLACEMENT_3D('',#8525,#6911,#6912);
#5700=AXIS2_PLACEMENT_3D('',#8526,#6913,#6914);
#5701=AXIS2_PLACEMENT_3D('',#8528,#6915,#6916);
#5702=AXIS2_PLACEMENT_3D('',#8529,#6917,#6918);
#5703=AXIS2_PLACEMENT_3D('',#8535,#6922,#6923);
#5704=AXIS2_PLACEMENT_3D('',#8541,#6927,#6928);
#5705=AXIS2_PLACEMENT_3D('',#8544,#6931,#6932);
#5706=AXIS2_PLACEMENT_3D('',#8545,#6933,#6934);
#5707=AXIS2_PLACEMENT_3D('',#8546,#6935,#6936);
#5708=AXIS2_PLACEMENT_3D('',#8552,#6940,#6941);
#5709=AXIS2_PLACEMENT_3D('',#8558,#6945,#6946);
#5710=AXIS2_PLACEMENT_3D('',#8561,#6949,#6950);
#5711=AXIS2_PLACEMENT_3D('',#8562,#6951,#6952);
#5712=AXIS2_PLACEMENT_3D('',#8563,#6953,#6954);
#5713=AXIS2_PLACEMENT_3D('',#8564,#6955,#6956);
#5714=AXIS2_PLACEMENT_3D('',#8565,#6957,#6958);
#5715=AXIS2_PLACEMENT_3D('',#8566,#6959,#6960);
#5716=AXIS2_PLACEMENT_3D('',#8567,#6961,#6962);
#5717=AXIS2_PLACEMENT_3D('',#8568,#6963,#6964);
#5718=AXIS2_PLACEMENT_3D('',#8569,#6965,#6966);
#5719=AXIS2_PLACEMENT_3D('',#8570,#6967,#6968);
#5720=AXIS2_PLACEMENT_3D('',#8571,#6969,#6970);
#5721=AXIS2_PLACEMENT_3D('',#8577,#6974,#6975);
#5722=AXIS2_PLACEMENT_3D('',#8581,#6978,#6979);
#5723=AXIS2_PLACEMENT_3D('',#8585,#6982,#6983);
#5724=AXIS2_PLACEMENT_3D('',#8589,#6986,#6987);
#5725=AXIS2_PLACEMENT_3D('',#8593,#6990,#6991);
#5726=AXIS2_PLACEMENT_3D('',#8595,#6993,#6994);
#5727=AXIS2_PLACEMENT_3D('',#8596,#6995,#6996);
#5728=AXIS2_PLACEMENT_3D('',#8598,#6998,#6999);
#5729=AXIS2_PLACEMENT_3D('',#8599,#7000,#7001);
#5730=AXIS2_PLACEMENT_3D('',#8601,#7003,#7004);
#5731=AXIS2_PLACEMENT_3D('',#8602,#7005,#7006);
#5732=AXIS2_PLACEMENT_3D('',#8604,#7008,#7009);
#5733=AXIS2_PLACEMENT_3D('',#8605,#7010,#7011);
#5734=AXIS2_PLACEMENT_3D('',#8607,#7013,#7014);
#5735=AXIS2_PLACEMENT_3D('',#8608,#7015,#7016);
#5736=AXIS2_PLACEMENT_3D('',#8609,#7017,#7018);
#5737=AXIS2_PLACEMENT_3D('',#8611,#7020,#7021);
#5738=AXIS2_PLACEMENT_3D('',#8612,#7022,#7023);
#5739=AXIS2_PLACEMENT_3D('',#8614,#7025,#7026);
#5740=AXIS2_PLACEMENT_3D('',#8615,#7027,#7028);
#5741=AXIS2_PLACEMENT_3D('',#8627,#7036,#7037);
#5742=AXIS2_PLACEMENT_3D('',#8629,#7039,#7040);
#5743=AXIS2_PLACEMENT_3D('',#8631,#7042,#7043);
#5744=AXIS2_PLACEMENT_3D('',#8633,#7045,#7046);
#5745=AXIS2_PLACEMENT_3D('',#8645,#7054,#7055);
#5746=AXIS2_PLACEMENT_3D('',#8647,#7057,#7058);
#5747=AXIS2_PLACEMENT_3D('',#8649,#7060,#7061);
#5748=AXIS2_PLACEMENT_3D('',#8651,#7063,#7064);
#5749=AXIS2_PLACEMENT_3D('',#8654,#7067,#7068);
#5750=AXIS2_PLACEMENT_3D('',#8655,#7069,#7070);
#5751=AXIS2_PLACEMENT_3D('',#8656,#7071,#7072);
#5752=AXIS2_PLACEMENT_3D('',#8659,#7075,#7076);
#5753=AXIS2_PLACEMENT_3D('',#8660,#7077,#7078);
#5754=AXIS2_PLACEMENT_3D('',#8661,#7079,#7080);
#5755=AXIS2_PLACEMENT_3D('',#8664,#7083,#7084);
#5756=AXIS2_PLACEMENT_3D('',#8665,#7085,#7086);
#5757=AXIS2_PLACEMENT_3D('',#8666,#7087,#7088);
#5758=AXIS2_PLACEMENT_3D('',#8669,#7091,#7092);
#5759=AXIS2_PLACEMENT_3D('',#8670,#7093,#7094);
#5760=AXIS2_PLACEMENT_3D('',#8671,#7095,#7096);
#5761=AXIS2_PLACEMENT_3D('',#8674,#7099,#7100);
#5762=AXIS2_PLACEMENT_3D('',#8675,#7101,#7102);
#5763=AXIS2_PLACEMENT_3D('',#8676,#7103,#7104);
#5764=AXIS2_PLACEMENT_3D('',#8679,#7107,#7108);
#5765=AXIS2_PLACEMENT_3D('',#8680,#7109,#7110);
#5766=AXIS2_PLACEMENT_3D('',#8681,#7111,#7112);
#5767=AXIS2_PLACEMENT_3D('',#8684,#7115,#7116);
#5768=AXIS2_PLACEMENT_3D('',#8685,#7117,#7118);
#5769=AXIS2_PLACEMENT_3D('',#8686,#7119,#7120);
#5770=AXIS2_PLACEMENT_3D('',#8689,#7123,#7124);
#5771=AXIS2_PLACEMENT_3D('',#8690,#7125,#7126);
#5772=AXIS2_PLACEMENT_3D('',#8691,#7127,#7128);
#5773=AXIS2_PLACEMENT_3D('',#8694,#7131,#7132);
#5774=AXIS2_PLACEMENT_3D('',#8695,#7133,#7134);
#5775=AXIS2_PLACEMENT_3D('',#8696,#7135,#7136);
#5776=AXIS2_PLACEMENT_3D('',#8699,#7139,#7140);
#5777=AXIS2_PLACEMENT_3D('',#8700,#7141,#7142);
#5778=AXIS2_PLACEMENT_3D('',#8701,#7143,#7144);
#5779=AXIS2_PLACEMENT_3D('',#8702,#7145,#7146);
#5780=AXIS2_PLACEMENT_3D('',#8704,#7148,#7149);
#5781=AXIS2_PLACEMENT_3D('',#8706,#7151,#7152);
#5782=AXIS2_PLACEMENT_3D('',#8707,#7153,#7154);
#5783=AXIS2_PLACEMENT_3D('',#8708,#7155,#7156);
#5784=AXIS2_PLACEMENT_3D('',#8709,#7157,#7158);
#5785=AXIS2_PLACEMENT_3D('',#8710,#7159,#7160);
#5786=DIRECTION('',(0.,0.,1.));
#5787=DIRECTION('',(1.,0.,0.));
#5788=DIRECTION('',(0.,1.,0.));
#5789=DIRECTION('',(0.,0.,1.));
#5790=DIRECTION('',(1.,0.,0.));
#5791=DIRECTION('',(-0.819152044288992,0.,-0.573576436351046));
#5792=DIRECTION('',(-1.,0.,0.));
#5793=DIRECTION('',(-0.704144572396334,0.,0.710056632364479));
#5794=DIRECTION('',(0.,1.,0.));
#5795=DIRECTION('',(0.,0.,1.));
#5796=DIRECTION('',(1.,0.,0.));
#5797=DIRECTION('',(-0.819152044288992,0.,-0.573576436351046));
#5798=DIRECTION('',(-1.,0.,0.));
#5799=DIRECTION('',(-0.704144572396334,0.,0.710056632364479));
#5800=DIRECTION('',(-0.710056632364479,0.,0.704144572396333));
#5801=DIRECTION('',(-0.704144572396334,0.,-0.710056632364479));
#5802=DIRECTION('',(0.,-1.,0.));
#5803=DIRECTION('',(0.704144572396334,0.,0.710056632364479));
#5804=DIRECTION('',(0.,-1.,0.));
#5805=DIRECTION('',(0.704144572396334,0.,0.710056632364479));
#5806=DIRECTION('',(0.,1.,0.));
#5807=DIRECTION('',(0.704144572396334,0.,0.710056632364479));
#5808=DIRECTION('',(0.,-1.,0.));
#5809=DIRECTION('',(0.704144572396334,0.,0.710056632364479));
#5810=DIRECTION('',(0.,1.,0.));
#5811=DIRECTION('',(0.704144572396334,0.,0.710056632364479));
#5812=DIRECTION('',(0.,-1.,0.));
#5813=DIRECTION('',(0.704144572396334,0.,0.710056632364479));
#5814=DIRECTION('',(0.,1.,0.));
#5815=DIRECTION('',(0.,0.,1.));
#5816=DIRECTION('',(-0.254778771449917,0.,0.966999367951433));
#5817=DIRECTION('',(1.,0.,0.));
#5818=DIRECTION('',(0.130502563144559,0.,-0.99144797191416));
#5819=DIRECTION('',(0.,1.,0.));
#5820=DIRECTION('',(0.,0.,1.));
#5821=DIRECTION('',(-1.,0.,0.));
#5822=DIRECTION('',(0.,1.,0.));
#5823=DIRECTION('',(0.,0.,1.));
#5824=DIRECTION('',(0.130502563144559,0.,-0.99144797191416));
#5825=DIRECTION('',(-1.,0.,0.));
#5826=DIRECTION('',(-0.254778771449917,0.,0.966999367951433));
#5827=DIRECTION('',(1.,0.,0.));
#5828=DIRECTION('',(0.,1.,0.));
#5829=DIRECTION('',(0.,0.,1.));
#5830=DIRECTION('',(0.,1.,0.));
#5831=DIRECTION('',(0.,0.,1.));
#5832=DIRECTION('',(-1.,0.,0.));
#5833=DIRECTION('',(-0.254778771449917,0.,0.966999367951433));
#5834=DIRECTION('',(1.,0.,0.));
#5835=DIRECTION('',(0.,1.,0.));
#5836=DIRECTION('',(0.,0.,1.));
#5837=DIRECTION('',(0.,1.,0.));
#5838=DIRECTION('',(0.,0.,1.));
#5839=DIRECTION('',(1.,0.,0.));
#5840=DIRECTION('',(0.,1.,0.));
#5841=DIRECTION('',(0.,0.,1.));
#5842=DIRECTION('',(-1.,0.,0.));
#5843=DIRECTION('',(0.,1.,0.));
#5844=DIRECTION('',(0.,0.,1.));
#5845=DIRECTION('',(0.,1.,0.));
#5846=DIRECTION('',(0.,0.,1.));
#5847=DIRECTION('',(1.,0.,0.));
#5848=DIRECTION('',(-0.704144572396334,0.,0.710056632364479));
#5849=DIRECTION('',(-1.,0.,0.));
#5850=DIRECTION('',(0.,1.,0.));
#5851=DIRECTION('',(0.,0.,1.));
#5852=DIRECTION('',(-1.65211759616839E-16,0.,1.));
#5853=DIRECTION('',(-1.,0.,0.));
#5854=DIRECTION('',(-1.65211759616839E-16,0.,1.));
#5855=DIRECTION('',(1.,0.,1.65211759616839E-16));
#5856=DIRECTION('',(0.,1.,0.));
#5857=DIRECTION('',(0.,0.,1.));
#5858=DIRECTION('',(-0.130502563144559,0.,-0.99144797191416));
#5859=DIRECTION('',(1.,0.,0.));
#5860=DIRECTION('',(0.254778771449917,0.,0.966999367951433));
#5861=DIRECTION('',(-1.,0.,0.));
#5862=DIRECTION('',(0.,1.,0.));
#5863=DIRECTION('',(0.,0.,1.));
#5864=DIRECTION('',(1.65211759616839E-16,0.,1.));
#5865=DIRECTION('',(-1.,0.,0.));
#5866=DIRECTION('',(1.65211759616839E-16,0.,1.));
#5867=DIRECTION('',(-1.,0.,1.65211759616839E-16));
#5868=DIRECTION('',(0.,1.,0.));
#5869=DIRECTION('',(0.,0.,1.));
#5870=DIRECTION('',(0.704144572396334,0.,0.710056632364479));
#5871=DIRECTION('',(1.,0.,0.));
#5872=DIRECTION('',(0.,1.,0.));
#5873=DIRECTION('',(0.,0.,1.));
#5874=DIRECTION('',(-1.,0.,0.));
#5875=DIRECTION('',(0.,1.,0.));
#5876=DIRECTION('',(0.,0.,1.));
#5877=DIRECTION('',(0.,1.,0.));
#5878=DIRECTION('',(0.,0.,1.));
#5879=DIRECTION('',(-1.,0.,0.));
#5880=DIRECTION('',(0.,1.,0.));
#5881=DIRECTION('',(0.,0.,1.));
#5882=DIRECTION('',(1.,0.,0.));
#5883=DIRECTION('',(0.,1.,0.));
#5884=DIRECTION('',(0.,0.,1.));
#5885=DIRECTION('',(0.254778771449917,0.,0.966999367951433));
#5886=DIRECTION('',(-1.,0.,0.));
#5887=DIRECTION('',(0.,1.,0.));
#5888=DIRECTION('',(0.,0.,1.));
#5889=DIRECTION('',(1.,0.,0.));
#5890=DIRECTION('',(0.,1.,0.));
#5891=DIRECTION('',(0.,0.,1.));
#5892=DIRECTION('',(-0.130502563144559,0.,-0.99144797191416));
#5893=DIRECTION('',(1.,0.,0.));
#5894=DIRECTION('',(0.254778771449917,0.,0.966999367951433));
#5895=DIRECTION('',(-1.,0.,0.));
#5896=DIRECTION('',(0.,1.,0.));
#5897=DIRECTION('',(0.,0.,1.));
#5898=DIRECTION('',(0.,1.,0.));
#5899=DIRECTION('',(0.,0.,1.));
#5900=DIRECTION('',(0.819152044288992,0.,-0.573576436351046));
#5901=DIRECTION('',(1.,0.,0.));
#5902=DIRECTION('',(-1.,0.,0.));
#5903=DIRECTION('',(-1.,0.,1.65211759616839E-16));
#5904=DIRECTION('',(1.65211759616839E-16,0.,1.));
#5905=DIRECTION('',(0.,-1.,0.));
#5906=DIRECTION('',(1.65211759616839E-16,0.,1.));
#5907=DIRECTION('',(0.,-1.,0.));
#5908=DIRECTION('',(1.65211759616839E-16,0.,1.));
#5909=DIRECTION('',(0.,-1.,0.));
#5910=DIRECTION('',(-0.710056632364479,0.,0.704144572396334));
#5911=DIRECTION('',(-0.704144572396334,0.,-0.710056632364479));
#5912=DIRECTION('',(0.,1.,0.));
#5913=DIRECTION('',(0.,-1.,0.));
#5914=DIRECTION('',(0.704144572396334,0.,0.710056632364479));
#5915=DIRECTION('',(0.,-1.,0.));
#5916=DIRECTION('',(0.704144572396334,0.,0.710056632364479));
#5917=DIRECTION('',(0.,-1.,0.));
#5918=DIRECTION('',(0.704144572396334,0.,0.710056632364479));
#5919=DIRECTION('',(-1.,0.,1.65211759616839E-16));
#5920=DIRECTION('',(1.65211759616839E-16,0.,1.));
#5921=DIRECTION('',(1.65211759616839E-16,0.,1.));
#5922=DIRECTION('',(0.,-1.,0.));
#5923=DIRECTION('',(0.,-1.,0.));
#5924=DIRECTION('',(1.65211759616839E-16,0.,1.));
#5925=DIRECTION('',(0.,-1.,0.));
#5926=DIRECTION('',(-0.966999367951433,0.,0.254778771449917));
#5927=DIRECTION('',(-0.254778771449917,0.,-0.966999367951433));
#5928=DIRECTION('',(0.,1.,0.));
#5929=DIRECTION('',(0.254778771449917,0.,0.966999367951433));
#5930=DIRECTION('',(0.,-1.,0.));
#5931=DIRECTION('',(0.254778771449917,0.,0.966999367951433));
#5932=DIRECTION('',(0.,-1.,0.));
#5933=DIRECTION('',(0.254778771449917,0.,0.966999367951433));
#5934=DIRECTION('',(0.,-1.,0.));
#5935=DIRECTION('',(0.,1.,0.));
#5936=DIRECTION('',(0.254778771449917,0.,0.966999367951433));
#5937=DIRECTION('',(0.,-1.,0.));
#5938=DIRECTION('',(0.,1.,0.));
#5939=DIRECTION('',(0.254778771449917,0.,0.966999367951433));
#5940=DIRECTION('',(0.,-1.,0.));
#5941=DIRECTION('',(0.99144797191416,0.,-0.130502563144559));
#5942=DIRECTION('',(0.130502563144559,0.,0.99144797191416));
#5943=DIRECTION('',(-0.130502563144559,0.,-0.99144797191416));
#5944=DIRECTION('',(0.,-1.,0.));
#5945=DIRECTION('',(0.,1.,0.));
#5946=DIRECTION('',(-0.130502563144559,0.,-0.99144797191416));
#5947=DIRECTION('',(0.,-1.,0.));
#5948=DIRECTION('',(0.,-1.,0.));
#5949=DIRECTION('',(-0.130502563144559,0.,-0.99144797191416));
#5950=DIRECTION('',(0.,1.,0.));
#5951=DIRECTION('',(0.,0.,1.));
#5952=DIRECTION('',(0.,-1.,0.));
#5953=DIRECTION('',(0.,-1.,0.));
#5954=DIRECTION('',(0.,1.,0.));
#5955=DIRECTION('',(0.,0.,1.));
#5956=DIRECTION('',(0.,-1.,0.));
#5957=DIRECTION('',(0.,-1.,0.));
#5958=DIRECTION('',(0.,1.,0.));
#5959=DIRECTION('',(0.,0.,1.));
#5960=DIRECTION('',(0.,-1.,0.));
#5961=DIRECTION('',(0.,1.,0.));
#5962=DIRECTION('',(0.,0.,1.));
#5963=DIRECTION('',(0.,-1.,0.));
#5964=DIRECTION('',(0.,1.,0.));
#5965=DIRECTION('',(0.,0.,1.));
#5966=DIRECTION('',(0.,1.,0.));
#5967=DIRECTION('',(0.,0.,1.));
#5968=DIRECTION('',(0.,-1.,0.));
#5969=DIRECTION('',(0.,1.,0.));
#5970=DIRECTION('',(0.,0.,1.));
#5971=DIRECTION('',(0.,-1.,0.));
#5972=DIRECTION('',(0.,-1.,0.));
#5973=DIRECTION('',(0.,1.,0.));
#5974=DIRECTION('',(0.,0.,1.));
#5975=DIRECTION('',(0.,1.,0.));
#5976=DIRECTION('',(0.,0.,1.));
#5977=DIRECTION('',(0.,1.,0.));
#5978=DIRECTION('',(0.,0.,1.));
#5979=DIRECTION('',(0.,-1.,0.));
#5980=DIRECTION('',(0.,1.,0.));
#5981=DIRECTION('',(0.,0.,1.));
#5982=DIRECTION('',(0.819152044288992,0.,-0.573576436351046));
#5983=DIRECTION('',(1.,0.,0.));
#5984=DIRECTION('',(-1.,0.,0.));
#5985=DIRECTION('',(0.,0.,-1.));
#5986=DIRECTION('',(1.,0.,0.));
#5987=DIRECTION('',(0.866025403784439,-0.5,0.));
#5988=DIRECTION('',(0.,0.,-1.));
#5989=DIRECTION('',(-1.,0.,0.));
#5990=DIRECTION('',(-0.866025403784439,-0.5,0.));
#5991=DIRECTION('',(1.,0.,0.));
#5992=DIRECTION('',(0.,-1.,0.));
#5993=DIRECTION('',(1.,0.,0.));
#5994=DIRECTION('',(0.,-1.,0.));
#5995=DIRECTION('',(1.,0.,0.));
#5996=DIRECTION('',(-2.89120579329468E-16,-1.,0.));
#5997=DIRECTION('',(1.,0.,0.));
#5998=DIRECTION('',(-2.89120579329468E-16,-1.,0.));
#5999=DIRECTION('',(-0.435168660540273,0.900348952841944,0.));
#6000=DIRECTION('',(-1.,0.,0.));
#6001=DIRECTION('',(0.435168660540273,0.900348952841944,0.));
#6002=DIRECTION('',(1.,0.,0.));
#6003=DIRECTION('',(0.,0.,1.));
#6004=DIRECTION('',(1.,0.,0.));
#6005=DIRECTION('',(-0.866025403784439,-0.5,0.));
#6006=DIRECTION('',(0.,0.,-1.));
#6007=DIRECTION('',(-1.,0.,0.));
#6008=DIRECTION('',(0.866025403784439,-0.5,0.));
#6009=DIRECTION('',(-0.866025403784439,-0.5,0.));
#6010=DIRECTION('',(0.,0.,-1.));
#6011=DIRECTION('',(-1.,0.,0.));
#6012=DIRECTION('',(0.86602540378444,-0.5,0.));
#6013=DIRECTION('',(-0.866025403784439,-0.5,0.));
#6014=DIRECTION('',(0.,0.,-1.));
#6015=DIRECTION('',(-1.,0.,0.));
#6016=DIRECTION('',(0.86602540378444,-0.5,0.));
#6017=DIRECTION('',(0.435168660540273,0.900348952841944,0.));
#6018=DIRECTION('',(-1.,0.,0.));
#6019=DIRECTION('',(-0.435168660540273,0.900348952841944,0.));
#6020=DIRECTION('',(1.,0.,0.));
#6021=DIRECTION('',(0.,-1.,0.));
#6022=DIRECTION('',(-1.,0.,0.));
#6023=DIRECTION('',(0.,-1.,0.));
#6024=DIRECTION('',(1.,0.,0.));
#6025=DIRECTION('',(-0.707106781186548,-0.707106781186548,0.));
#6026=DIRECTION('',(-0.707106781186548,0.707106781186548,0.));
#6027=DIRECTION('',(0.707106781186548,0.707106781186548,0.));
#6028=DIRECTION('',(-0.707106781186548,0.707106781186548,0.));
#6029=DIRECTION('',(0.707106781186548,-0.707106781186548,-1.06663889856235E-16));
#6030=DIRECTION('',(0.,0.,1.));
#6031=DIRECTION('',(0.603700779646148,-0.603700779646149,-0.520663746874377));
#6032=DIRECTION('',(0.,0.,-1.));
#6033=DIRECTION('',(0.707106781186548,-0.707106781186548,0.));
#6034=DIRECTION('',(0.,0.,-1.));
#6035=DIRECTION('',(-0.577350269189625,0.577350269189625,0.577350269189627));
#6036=DIRECTION('',(-0.707106781186548,0.707106781186548,0.));
#6037=DIRECTION('',(0.,0.,1.));
#6038=DIRECTION('',(-0.246891610871233,0.246891610871233,-0.937064066626619));
#6039=DIRECTION('',(-0.57573446644197,0.57573446644197,-0.580568383828778));
#6040=DIRECTION('',(0.577350269189626,-0.577350269189626,-0.577350269189626));
#6041=DIRECTION('',(-0.707106781186548,-0.707106781186548,0.));
#6042=DIRECTION('',(0.707106781186548,-0.707106781186548,0.));
#6043=DIRECTION('',(-0.707106781186548,0.707106781186548,0.));
#6044=DIRECTION('',(0.,0.,-1.));
#6045=DIRECTION('',(-0.707106781186548,0.707106781186548,0.));
#6046=DIRECTION('',(0.,0.,-1.));
#6047=DIRECTION('',(0.,0.,1.));
#6048=DIRECTION('',(1.,0.,0.));
#6049=DIRECTION('',(0.,0.,1.));
#6050=DIRECTION('',(1.,0.,0.));
#6051=DIRECTION('',(0.,0.,1.));
#6052=DIRECTION('',(1.,0.,0.));
#6053=DIRECTION('',(0.,0.,1.));
#6054=DIRECTION('',(1.,0.,0.));
#6055=DIRECTION('',(0.,0.,1.));
#6056=DIRECTION('',(1.,0.,0.));
#6057=DIRECTION('',(0.,0.,1.));
#6058=DIRECTION('',(1.,0.,0.));
#6059=DIRECTION('',(0.,0.,1.));
#6060=DIRECTION('',(1.,0.,0.));
#6061=DIRECTION('',(-1.,0.,-1.87537673078573E-16));
#6062=DIRECTION('',(-1.87537673078573E-16,0.,1.));
#6063=DIRECTION('',(1.87537673078573E-16,0.,-1.));
#6064=DIRECTION('',(0.,-1.,0.));
#6065=DIRECTION('',(1.87537673078573E-16,0.,-1.));
#6066=DIRECTION('',(1.87537673078573E-16,0.,-1.));
#6067=DIRECTION('',(-1.,0.,-1.87537673078573E-16));
#6068=DIRECTION('',(-1.87537673078573E-16,0.,1.));
#6069=DIRECTION('',(0.,-1.,0.));
#6070=DIRECTION('',(1.87537673078573E-16,0.,-1.));
#6071=DIRECTION('',(1.87537673078573E-16,0.,-1.));
#6072=DIRECTION('',(1.87537673078573E-16,0.,-1.));
#6073=DIRECTION('',(0.,0.,-1.));
#6074=DIRECTION('',(-1.,0.,0.));
#6075=DIRECTION('',(0.,0.,-1.));
#6076=DIRECTION('',(0.,0.,1.));
#6077=DIRECTION('',(1.,0.,0.));
#6078=DIRECTION('',(0.,0.,1.));
#6079=DIRECTION('',(0.,0.,-1.));
#6080=DIRECTION('',(-1.,0.,0.));
#6081=DIRECTION('',(0.,0.,-1.));
#6082=DIRECTION('',(0.,0.,1.));
#6083=DIRECTION('',(1.,0.,0.));
#6084=DIRECTION('',(0.,0.,1.));
#6085=DIRECTION('',(-1.,0.,0.));
#6086=DIRECTION('',(0.,0.,1.));
#6087=DIRECTION('',(0.,-0.5,-0.866025403784438));
#6088=DIRECTION('',(1.,0.,0.));
#6089=DIRECTION('',(0.,0.,-1.));
#6090=DIRECTION('',(0.,-0.5,0.866025403784439));
#6091=DIRECTION('',(0.,-1.,0.));
#6092=DIRECTION('',(0.,0.,1.));
#6093=DIRECTION('',(0.,-1.,0.));
#6094=DIRECTION('',(0.,0.,-1.));
#6095=DIRECTION('',(0.,0.,-1.));
#6096=DIRECTION('',(0.,-0.5,-0.866025403784439));
#6097=DIRECTION('',(1.,0.,0.));
#6098=DIRECTION('',(0.,0.,-1.));
#6099=DIRECTION('',(0.,-0.5,0.866025403784439));
#6100=DIRECTION('',(1.,0.,0.));
#6101=DIRECTION('',(0.,0.,-1.));
#6102=DIRECTION('',(1.,0.,0.));
#6103=DIRECTION('',(0.,0.,-1.));
#6104=DIRECTION('',(0.,0.,1.));
#6105=DIRECTION('',(0.,-1.,0.));
#6106=DIRECTION('',(0.,0.,-1.));
#6107=DIRECTION('',(0.,-1.,0.));
#6108=DIRECTION('',(0.,0.,1.));
#6109=DIRECTION('',(0.,-0.5,0.866025403784439));
#6110=DIRECTION('',(1.,0.,0.));
#6111=DIRECTION('',(0.,0.,-1.));
#6112=DIRECTION('',(0.,-0.5,-0.866025403784439));
#6113=DIRECTION('',(-1.,0.,0.));
#6114=DIRECTION('',(0.,0.,1.));
#6115=DIRECTION('',(-1.,0.,0.));
#6116=DIRECTION('',(-1.,0.,0.));
#6117=DIRECTION('',(0.,0.,1.));
#6118=DIRECTION('',(1.,0.,0.));
#6119=DIRECTION('',(-1.,0.,0.));
#6120=DIRECTION('',(0.,0.,1.));
#6121=DIRECTION('',(-1.,0.,0.));
#6122=DIRECTION('',(0.,0.,1.));
#6123=DIRECTION('',(-1.,0.,0.));
#6124=DIRECTION('',(-1.,0.,0.));
#6125=DIRECTION('',(0.,0.,1.));
#6126=DIRECTION('',(1.,0.,0.));
#6127=DIRECTION('',(-1.,0.,0.));
#6128=DIRECTION('',(0.,0.,1.));
#6129=DIRECTION('',(-1.,0.,0.));
#6130=DIRECTION('',(0.,-1.,0.));
#6131=DIRECTION('',(0.,1.,0.));
#6132=DIRECTION('',(0.,-3.1540426835942E-16,1.));
#6133=DIRECTION('',(0.,1.,0.));
#6134=DIRECTION('',(0.,-3.1540426835942E-16,1.));
#6135=DIRECTION('',(0.,-0.5,-0.866025403784439));
#6136=DIRECTION('',(0.,-0.5,0.866025403784438));
#6137=DIRECTION('',(-1.,0.,0.));
#6138=DIRECTION('',(0.,-1.,0.));
#6139=DIRECTION('',(0.,-7.88510670898549E-17,1.));
#6140=DIRECTION('',(0.,-1.,0.));
#6141=DIRECTION('',(0.,0.,1.));
#6142=DIRECTION('',(0.,-1.,0.));
#6143=DIRECTION('',(0.,-0.5,-0.866025403784438));
#6144=DIRECTION('',(0.,-0.5,0.866025403784438));
#6145=DIRECTION('',(1.,0.,0.));
#6146=DIRECTION('',(0.,0.,-1.));
#6147=DIRECTION('',(1.,0.,0.));
#6148=DIRECTION('',(-1.,0.,0.));
#6149=DIRECTION('',(1.,0.,0.));
#6150=DIRECTION('',(0.,0.,-1.));
#6151=DIRECTION('',(1.,0.,0.));
#6152=DIRECTION('',(1.,0.,1.33440267382831E-16));
#6153=DIRECTION('',(1.33440267382831E-16,0.,-1.));
#6154=DIRECTION('',(1.,0.,0.));
#6155=DIRECTION('',(1.,0.,0.));
#6156=DIRECTION('',(1.,0.,1.33440267382831E-16));
#6157=DIRECTION('',(1.33440267382831E-16,0.,-1.));
#6158=DIRECTION('',(-1.,0.,0.));
#6159=DIRECTION('',(0.,0.,-1.));
#6160=DIRECTION('',(-1.,0.,0.));
#6161=DIRECTION('',(0.,0.,-1.));
#6162=DIRECTION('',(0.,0.,1.));
#6163=DIRECTION('',(0.,0.,1.));
#6164=DIRECTION('',(1.,0.,0.));
#6165=DIRECTION('',(0.,0.,1.));
#6166=DIRECTION('',(0.,0.,-1.));
#6167=DIRECTION('',(-1.,0.,0.));
#6168=DIRECTION('',(0.,0.,-1.));
#6169=DIRECTION('',(0.,0.,1.));
#6170=DIRECTION('',(1.,0.,0.));
#6171=DIRECTION('',(0.,0.,-1.));
#6172=DIRECTION('',(-1.,0.,0.));
#6173=DIRECTION('',(0.,0.,-1.));
#6174=DIRECTION('',(1.,0.,0.));
#6175=DIRECTION('',(0.,0.,1.));
#6176=DIRECTION('',(1.,0.,0.));
#6177=DIRECTION('',(0.866025403784439,-0.5,0.));
#6178=DIRECTION('',(-0.866025403784438,-0.5,0.));
#6179=DIRECTION('',(0.,0.,1.));
#6180=DIRECTION('',(1.,0.,0.));
#6181=DIRECTION('',(1.,0.,0.));
#6182=DIRECTION('',(0.707106781186549,0.707106781186547,0.));
#6183=DIRECTION('',(0.,-1.,0.));
#6184=DIRECTION('',(0.707106781186548,-0.707106781186548,0.));
#6185=DIRECTION('',(0.,1.,0.));
#6186=DIRECTION('',(1.,0.,0.));
#6187=DIRECTION('',(-0.707106781186548,-0.707106781186548,0.));
#6188=DIRECTION('',(0.,1.,0.));
#6189=DIRECTION('',(-0.707106781186548,-0.707106781186548,0.));
#6190=DIRECTION('',(0.,-1.,0.));
#6191=DIRECTION('',(0.707106781186549,-0.707106781186547,0.));
#6192=DIRECTION('',(0.866025403784438,-0.5,0.));
#6193=DIRECTION('',(0.,0.,1.));
#6194=DIRECTION('',(1.,0.,0.));
#6195=DIRECTION('',(-0.866025403784438,-0.5,0.));
#6196=DIRECTION('',(0.,0.,1.));
#6197=DIRECTION('',(1.,0.,0.));
#6198=DIRECTION('',(0.,0.,1.));
#6199=DIRECTION('',(0.,0.,1.));
#6200=DIRECTION('',(1.,0.,0.));
#6201=DIRECTION('',(0.,0.,-1.));
#6202=DIRECTION('',(0.,0.,1.));
#6203=DIRECTION('',(1.,0.,0.));
#6204=DIRECTION('',(0.,1.,0.));
#6205=DIRECTION('',(-1.,0.,0.));
#6206=DIRECTION('',(0.,1.,0.));
#6207=DIRECTION('',(-1.,0.,0.));
#6208=DIRECTION('',(-0.866025403784438,-0.5,0.));
#6209=DIRECTION('',(0.866025403784438,-0.5,0.));
#6210=DIRECTION('',(0.,0.,1.));
#6211=DIRECTION('',(1.,0.,0.));
#6212=DIRECTION('',(0.,0.,1.));
#6213=DIRECTION('',(0.,0.,1.));
#6214=DIRECTION('',(1.,0.,0.));
#6215=DIRECTION('',(0.,0.,-1.));
#6216=DIRECTION('',(0.,0.,1.));
#6217=DIRECTION('',(1.,0.,0.));
#6218=DIRECTION('',(0.,0.,-1.));
#6219=DIRECTION('',(-1.,0.,0.));
#6220=DIRECTION('',(0.,1.,0.));
#6221=DIRECTION('',(1.,0.,0.));
#6222=DIRECTION('',(0.,1.,0.));
#6223=DIRECTION('',(1.,0.,0.));
#6224=DIRECTION('',(0.866025403784439,-0.5,0.));
#6225=DIRECTION('',(0.,0.,-1.));
#6226=DIRECTION('',(-1.,0.,0.));
#6227=DIRECTION('',(-0.866025403784439,-0.5,0.));
#6228=DIRECTION('',(0.,0.,1.));
#6229=DIRECTION('',(1.,0.,0.));
#6230=DIRECTION('',(0.,0.,1.));
#6231=DIRECTION('',(0.,0.,1.));
#6232=DIRECTION('',(1.,0.,0.));
#6233=DIRECTION('',(0.,0.,-1.));
#6234=DIRECTION('',(-1.,0.,0.));
#6235=DIRECTION('',(0.,0.,1.));
#6236=DIRECTION('',(0.,-0.816496580927726,-0.577350269189626));
#6237=DIRECTION('',(0.,0.,-1.));
#6238=DIRECTION('',(0.,-1.,0.));
#6239=DIRECTION('',(0.,0.,1.));
#6240=DIRECTION('',(0.,0.,1.));
#6241=DIRECTION('',(0.,1.,0.));
#6242=DIRECTION('',(0.,0.,1.));
#6243=DIRECTION('',(-1.,0.,0.));
#6244=DIRECTION('',(0.,0.,1.));
#6245=DIRECTION('',(0.,0.,1.));
#6246=DIRECTION('',(0.,-0.816496580927725,-0.577350269189627));
#6247=DIRECTION('',(0.,0.,1.));
#6248=DIRECTION('',(0.,0.,1.));
#6249=DIRECTION('',(0.,1.,0.));
#6250=DIRECTION('',(0.,0.,1.));
#6251=DIRECTION('',(0.,-1.,0.));
#6252=DIRECTION('',(-1.,0.,0.));
#6253=DIRECTION('',(0.,0.,1.));
#6254=DIRECTION('',(0.,0.,1.));
#6255=DIRECTION('',(0.,1.,0.));
#6256=DIRECTION('',(-1.,0.,0.));
#6257=DIRECTION('',(0.,0.,1.));
#6258=DIRECTION('',(0.,0.,-1.));
#6259=DIRECTION('',(0.,-1.,0.));
#6260=DIRECTION('',(0.,0.,1.));
#6261=DIRECTION('',(0.,0.,-1.));
#6262=DIRECTION('',(-1.,0.,0.));
#6263=DIRECTION('',(-0.707106781186548,-0.707106781186548,0.));
#6264=DIRECTION('',(0.,1.,0.));
#6265=DIRECTION('',(0.707106781186548,0.707106781186548,0.));
#6266=DIRECTION('',(0.,-1.,0.));
#6267=DIRECTION('',(1.,0.,0.));
#6268=DIRECTION('',(0.707106781186549,-0.707106781186547,0.));
#6269=DIRECTION('',(0.,0.,-1.));
#6270=DIRECTION('',(-1.,0.,0.));
#6271=DIRECTION('',(1.,0.,0.));
#6272=DIRECTION('',(0.,-1.,0.));
#6273=DIRECTION('',(1.,0.,0.));
#6274=DIRECTION('',(0.,-1.,0.));
#6275=DIRECTION('',(0.,0.,-1.));
#6276=DIRECTION('',(-1.,0.,0.));
#6277=DIRECTION('',(-1.,0.,0.));
#6278=DIRECTION('',(-1.,0.,0.));
#6279=DIRECTION('',(1.,0.,1.65211759616839E-16));
#6280=DIRECTION('',(-1.65211759616839E-16,0.,1.));
#6281=DIRECTION('',(0.,-1.,0.));
#6282=DIRECTION('',(-1.65211759616839E-16,0.,1.));
#6283=DIRECTION('',(-1.65211759616839E-16,0.,1.));
#6284=DIRECTION('',(0.,-1.,0.));
#6285=DIRECTION('',(0.,1.,0.));
#6286=DIRECTION('',(0.,0.,1.));
#6287=DIRECTION('',(-0.254778771449917,0.,0.966999367951433));
#6288=DIRECTION('',(-0.704144572396334,0.,0.710056632364479));
#6289=DIRECTION('',(-0.819152044288992,0.,-0.573576436351046));
#6290=DIRECTION('',(-0.704144572396334,0.,0.710056632364479));
#6291=DIRECTION('',(0.,1.,0.));
#6292=DIRECTION('',(0.,0.,1.));
#6293=DIRECTION('',(0.130502563144559,0.,-0.99144797191416));
#6294=DIRECTION('',(-1.65211759616839E-16,0.,1.));
#6295=DIRECTION('',(1.,0.,1.65211759616839E-16));
#6296=DIRECTION('',(1.,0.,1.65211759616839E-16));
#6297=DIRECTION('',(-1.65211759616839E-16,0.,1.));
#6298=DIRECTION('',(0.,-1.,0.));
#6299=DIRECTION('',(-1.65211759616839E-16,0.,1.));
#6300=DIRECTION('',(0.,-1.,0.));
#6301=DIRECTION('',(0.,-1.,0.));
#6302=DIRECTION('',(0.,0.,-1.));
#6303=DIRECTION('',(-1.,0.,0.));
#6304=DIRECTION('',(0.,-1.,0.));
#6305=DIRECTION('',(-1.,0.,0.));
#6306=DIRECTION('',(0.,-1.,0.));
#6307=DIRECTION('',(1.,0.,0.));
#6308=DIRECTION('',(0.,-1.,0.));
#6309=DIRECTION('',(1.,0.,0.));
#6310=DIRECTION('',(0.,1.,0.));
#6311=DIRECTION('',(-1.,0.,0.));
#6312=DIRECTION('',(-0.707106781186548,-0.707106781186548,-1.06663889856235E-16));
#6313=DIRECTION('',(0.,1.,0.));
#6314=DIRECTION('',(1.,0.,0.));
#6315=DIRECTION('',(0.,1.,0.));
#6316=DIRECTION('',(-1.,0.,0.));
#6317=DIRECTION('',(0.707106781186548,0.707106781186547,0.));
#6318=DIRECTION('',(0.707106781186548,0.707106781186547,0.));
#6319=DIRECTION('',(0.,1.,0.));
#6320=DIRECTION('',(-0.707106781186548,0.707106781186548,0.));
#6321=DIRECTION('',(1.,0.,0.));
#6322=DIRECTION('',(0.707106781186544,0.707106781186551,0.));
#6323=DIRECTION('',(0.,-1.,0.));
#6324=DIRECTION('',(-0.707106781186548,0.707106781186548,0.));
#6325=DIRECTION('',(0.707106781186547,-0.707106781186548,0.));
#6326=DIRECTION('',(1.,0.,0.));
#6327=DIRECTION('',(-1.,0.,0.));
#6328=DIRECTION('',(0.,0.,1.));
#6329=DIRECTION('',(0.,-1.,0.));
#6330=DIRECTION('',(0.,0.,-1.));
#6331=DIRECTION('',(0.,0.,-1.));
#6332=DIRECTION('',(0.,-1.,0.));
#6333=DIRECTION('',(0.,0.,-1.));
#6334=DIRECTION('',(0.,-0.989150815737771,0.146903586495709));
#6335=DIRECTION('',(0.,-0.989150815737771,0.146903586495709));
#6336=DIRECTION('',(0.,-1.,0.));
#6337=DIRECTION('',(1.,0.,0.));
#6338=DIRECTION('',(-0.703239634420436,0.,-0.71095289336229));
#6339=DIRECTION('',(0.703239634420436,0.,0.71095289336229));
#6340=DIRECTION('',(-1.,0.,0.));
#6341=DIRECTION('',(0.,0.,1.));
#6342=DIRECTION('',(0.757265999004216,0.,-0.653106581464424));
#6343=DIRECTION('',(0.703239634420437,0.,-0.710952893362289));
#6344=DIRECTION('',(1.,0.,0.));
#6345=DIRECTION('',(-0.757265999004216,0.,-0.653106581464424));
#6346=DIRECTION('',(0.,0.,-1.));
#6347=DIRECTION('',(0.,-1.,0.));
#6348=DIRECTION('',(0.,0.,-1.));
#6349=DIRECTION('',(0.,0.,-1.));
#6350=DIRECTION('',(0.757265999004216,0.,-0.653106581464424));
#6351=DIRECTION('',(0.,0.,1.));
#6352=DIRECTION('',(0.,0.,-1.));
#6353=DIRECTION('',(0.,0.,-1.));
#6354=DIRECTION('',(1.,0.,0.));
#6355=DIRECTION('',(0.,1.,0.));
#6356=DIRECTION('',(0.707106781186548,0.707106781186547,0.));
#6357=DIRECTION('',(0.,1.,0.));
#6358=DIRECTION('',(0.707106781186544,0.707106781186551,0.));
#6359=DIRECTION('',(1.,0.,0.));
#6360=DIRECTION('',(-0.707106781186548,0.707106781186548,0.));
#6361=DIRECTION('',(-0.707106781186548,0.10387652219174,0.699435249424382));
#6362=DIRECTION('',(0.,0.989150815737771,-0.146903586495709));
#6363=DIRECTION('',(0.,0.989150815737771,-0.146903586495709));
#6364=DIRECTION('',(0.145343651448017,0.989381232378984,0.));
#6365=DIRECTION('',(1.,0.,0.));
#6366=DIRECTION('',(0.,0.,-1.));
#6367=DIRECTION('',(0.707106781186548,-0.707106781186548,0.));
#6368=DIRECTION('',(0.707106781186548,0.707106781186548,0.));
#6369=DIRECTION('',(0.,-1.,0.));
#6370=DIRECTION('',(1.,0.,0.));
#6371=DIRECTION('',(1.,0.,0.));
#6372=DIRECTION('',(-1.,0.,0.));
#6373=DIRECTION('',(0.,0.,1.));
#6374=DIRECTION('',(0.,0.,1.));
#6375=DIRECTION('',(0.,0.989150815737771,-0.146903586495709));
#6376=DIRECTION('',(0.,1.,0.));
#6377=DIRECTION('',(1.,0.,1.33440267382831E-16));
#6378=DIRECTION('',(1.33440267382831E-16,0.,-1.));
#6379=DIRECTION('',(1.,0.,1.33440267382831E-16));
#6380=DIRECTION('',(1.33440267382831E-16,0.,-1.));
#6381=DIRECTION('',(1.,0.,1.33440267382831E-16));
#6382=DIRECTION('',(1.33440267382831E-16,0.,-1.));
#6383=DIRECTION('',(0.,-1.,0.));
#6384=DIRECTION('',(1.33440267382831E-16,0.,-1.));
#6385=DIRECTION('',(1.1556266144132E-16,-0.5,-0.866025403784439));
#6386=DIRECTION('',(-1.1556266144132E-16,-0.5,0.866025403784439));
#6387=DIRECTION('',(1.33440267382831E-16,0.,-1.));
#6388=DIRECTION('',(0.,-1.,0.));
#6389=DIRECTION('',(1.33440267382831E-16,0.,-1.));
#6390=DIRECTION('',(0.,0.,1.));
#6391=DIRECTION('',(1.,0.,0.));
#6392=DIRECTION('',(0.707106781186548,-0.707106781186548,0.));
#6393=DIRECTION('',(1.,0.,0.));
#6394=DIRECTION('',(-0.145343651448017,0.989381232378984,0.));
#6395=DIRECTION('',(-0.707106781186548,-0.707106781186547,0.));
#6396=DIRECTION('',(1.,0.,0.));
#6397=DIRECTION('',(-1.,0.,-1.33440267382831E-16));
#6398=DIRECTION('',(-1.,0.,0.));
#6399=DIRECTION('',(0.,0.,1.));
#6400=DIRECTION('',(-1.,0.,0.));
#6401=DIRECTION('',(0.,0.,1.));
#6402=DIRECTION('',(-1.,0.,0.));
#6403=DIRECTION('',(0.,0.,1.));
#6404=DIRECTION('',(-1.,0.,0.));
#6405=DIRECTION('',(0.,0.,1.));
#6406=DIRECTION('',(0.,0.,1.));
#6407=DIRECTION('',(1.,0.,0.));
#6408=DIRECTION('',(-1.,0.,0.));
#6409=DIRECTION('',(0.,1.,0.));
#6410=DIRECTION('',(-1.,0.,0.));
#6411=DIRECTION('',(0.,-1.,-3.1540426835942E-16));
#6412=DIRECTION('',(0.,3.1540426835942E-16,-1.));
#6413=DIRECTION('',(-1.,0.,0.));
#6414=DIRECTION('',(0.,-3.1540426835942E-16,1.));
#6415=DIRECTION('',(0.,0.,1.));
#6416=DIRECTION('',(1.,0.,0.));
#6417=DIRECTION('',(-1.,0.,0.));
#6418=DIRECTION('',(0.,1.,0.));
#6419=DIRECTION('',(0.,-1.,-3.1540426835942E-16));
#6420=DIRECTION('',(0.,3.1540426835942E-16,-1.));
#6421=DIRECTION('',(0.,-3.1540426835942E-16,1.));
#6422=DIRECTION('',(-1.,0.,0.));
#6423=DIRECTION('',(0.,-1.,0.));
#6424=DIRECTION('',(0.,-1.,-7.88510670898549E-17));
#6425=DIRECTION('',(0.,7.88510670898549E-17,-1.));
#6426=DIRECTION('',(-1.,0.,0.));
#6427=DIRECTION('',(0.,-7.88510670898549E-17,1.));
#6428=DIRECTION('',(-1.,0.,0.));
#6429=DIRECTION('',(0.,0.,-1.));
#6430=DIRECTION('',(-1.,0.,0.));
#6431=DIRECTION('',(-1.,0.,0.));
#6432=DIRECTION('',(0.,-1.,0.));
#6433=DIRECTION('',(0.,-1.,0.));
#6434=DIRECTION('',(0.,0.,-1.));
#6435=DIRECTION('',(-1.,0.,0.));
#6436=DIRECTION('',(0.,0.,1.));
#6437=DIRECTION('',(0.,0.,-1.));
#6438=DIRECTION('',(-1.,0.,0.));
#6439=DIRECTION('',(0.,-1.,0.));
#6440=DIRECTION('',(-1.,0.,0.));
#6441=DIRECTION('',(0.,-1.,0.));
#6442=DIRECTION('',(0.,1.,0.));
#6443=DIRECTION('',(0.,0.,1.));
#6444=DIRECTION('',(-1.,0.,-1.33440267382831E-16));
#6445=DIRECTION('',(0.,-1.,0.));
#6446=DIRECTION('',(1.,0.,0.));
#6447=DIRECTION('',(-1.,0.,0.));
#6448=DIRECTION('',(0.,0.,-1.));
#6449=DIRECTION('',(0.,0.,-1.));
#6450=DIRECTION('',(1.,0.,0.));
#6451=DIRECTION('',(1.,0.,0.));
#6452=DIRECTION('',(-1.71330713676721E-16,0.,-1.));
#6453=DIRECTION('',(1.,0.,-1.65211759616839E-16));
#6454=DIRECTION('',(1.,0.,0.));
#6455=DIRECTION('',(0.,0.,1.));
#6456=DIRECTION('',(1.,0.,0.));
#6457=DIRECTION('',(0.,0.,1.));
#6458=DIRECTION('',(-1.,0.,0.));
#6459=DIRECTION('',(0.,0.,-1.));
#6460=DIRECTION('',(-1.,0.,-1.65211759616839E-16));
#6461=DIRECTION('',(1.71330713676721E-16,0.,-1.));
#6462=DIRECTION('',(-1.,0.,0.));
#6463=DIRECTION('',(0.877895572914385,0.,-0.478852130680573));
#6464=DIRECTION('',(-0.707106781186548,0.,-0.707106781186548));
#6465=DIRECTION('',(-0.707106781186548,0.,0.707106781186547));
#6466=DIRECTION('',(-0.707106781186548,0.,-0.707106781186547));
#6467=DIRECTION('',(-0.707106781186547,0.,0.707106781186548));
#6468=DIRECTION('',(0.877895572914385,0.,0.478852130680573));
#6469=DIRECTION('',(0.,0.,1.));
#6470=DIRECTION('',(-0.816496580927727,0.,0.577350269189625));
#6471=DIRECTION('',(0.816496580927726,0.,0.577350269189626));
#6472=DIRECTION('',(0.,0.,-1.));
#6473=DIRECTION('',(-1.,0.,0.));
#6474=DIRECTION('',(0.,0.,1.));
#6475=DIRECTION('',(0.,0.,1.));
#6476=DIRECTION('',(-1.,0.,0.));
#6477=DIRECTION('',(0.,-1.,0.));
#6478=DIRECTION('',(0.,0.,-1.));
#6479=DIRECTION('',(0.,1.,0.));
#6480=DIRECTION('',(0.,0.,1.));
#6481=DIRECTION('',(0.,1.,0.));
#6482=DIRECTION('',(0.,0.,1.));
#6483=DIRECTION('',(1.,0.,0.));
#6484=DIRECTION('',(0.,1.,0.));
#6485=DIRECTION('',(0.,0.,1.));
#6486=DIRECTION('',(0.,0.,-1.));
#6487=DIRECTION('',(0.,0.,-1.));
#6488=DIRECTION('',(-0.707106781186551,0.707106781186544,0.));
#6489=DIRECTION('',(-0.707106781186544,-0.707106781186551,0.));
#6490=DIRECTION('',(-1.,0.,0.));
#6491=DIRECTION('',(0.,0.,1.));
#6492=DIRECTION('',(0.,0.,1.));
#6493=DIRECTION('',(0.,0.,-1.));
#6494=DIRECTION('',(-0.707106781186548,-0.707106781186548,0.));
#6495=DIRECTION('',(0.707106781186548,-0.707106781186548,0.));
#6496=DIRECTION('',(0.,-0.146903586495709,-0.989150815737771));
#6497=DIRECTION('',(0.,0.989150815737771,-0.146903586495709));
#6498=DIRECTION('',(0.,-0.989150815737771,0.146903586495709));
#6499=DIRECTION('',(-0.707106781186548,-0.10387652219174,-0.699435249424383));
#6500=DIRECTION('',(0.,-0.989150815737771,0.146903586495709));
#6501=DIRECTION('',(0.546815522157103,0.546815522157102,-0.634023319331483));
#6502=DIRECTION('',(-0.603700779646148,0.603700779646148,0.520663746874377));
#6503=DIRECTION('',(0.,0.,1.));
#6504=DIRECTION('',(1.,0.,0.));
#6505=DIRECTION('',(0.,0.,1.));
#6506=DIRECTION('',(1.,0.,0.));
#6507=DIRECTION('',(-1.,0.,0.));
#6508=DIRECTION('',(0.,0.,1.));
#6509=DIRECTION('',(0.,-0.5,0.866025403784438));
#6510=DIRECTION('',(0.,-0.5,-0.866025403784437));
#6511=DIRECTION('',(0.,-0.5,0.866025403784438));
#6512=DIRECTION('',(0.,-0.5,-0.86602540378444));
#6513=DIRECTION('',(0.,-1.,0.));
#6514=DIRECTION('',(0.,0.,1.));
#6515=DIRECTION('',(0.,-1.,0.));
#6516=DIRECTION('',(0.,0.,-1.));
#6517=DIRECTION('',(0.707106781186548,-0.707106781186548,0.));
#6518=DIRECTION('',(0.707106781186548,0.707106781186548,0.));
#6519=DIRECTION('',(0.,0.,-1.));
#6520=DIRECTION('',(0.707106781186548,0.707106781186548,0.));
#6521=DIRECTION('',(0.,0.,-1.));
#6522=DIRECTION('',(0.707106781186548,0.707106781186548,0.));
#6523=DIRECTION('',(-0.603700779646148,-0.603700779646148,-0.520663746874377));
#6524=DIRECTION('',(0.,0.,-1.));
#6525=DIRECTION('',(0.577350269189626,0.577350269189626,0.577350269189626));
#6526=DIRECTION('',(0.57573446644197,0.57573446644197,-0.580568383828778));
#6527=DIRECTION('',(0.246891610871233,0.246891610871233,-0.937064066626619));
#6528=DIRECTION('',(0.,0.,1.));
#6529=DIRECTION('',(0.577350269189625,0.577350269189625,0.577350269189627));
#6530=DIRECTION('',(0.707106781186548,-0.707106781186548,0.));
#6531=DIRECTION('',(-0.707106781186548,-0.707106781186548,0.));
#6532=DIRECTION('',(-1.65211759616839E-16,0.,1.));
#6533=DIRECTION('',(1.,0.,1.65211759616839E-16));
#6534=DIRECTION('',(-1.,0.,-1.65211759616839E-16));
#6535=DIRECTION('',(0.,-1.,0.));
#6536=DIRECTION('',(-1.,0.,-1.71330713676721E-16));
#6537=DIRECTION('',(-1.71330713676721E-16,0.,1.));
#6538=DIRECTION('',(1.,0.,1.71330713676721E-16));
#6539=DIRECTION('',(1.71330713676721E-16,0.,-1.));
#6540=DIRECTION('',(1.71330713676721E-16,0.,-1.));
#6541=DIRECTION('',(0.,-1.,0.));
#6542=DIRECTION('',(0.,0.,1.));
#6543=DIRECTION('',(1.,0.,0.));
#6544=DIRECTION('',(-1.,0.,0.));
#6545=DIRECTION('',(1.,0.,0.));
#6546=DIRECTION('',(0.,0.,-1.));
#6547=DIRECTION('',(1.,0.,0.));
#6548=DIRECTION('',(0.,0.,-1.));
#6549=DIRECTION('',(0.,0.707106781186548,0.707106781186548));
#6550=DIRECTION('',(0.,-1.,0.));
#6551=DIRECTION('',(0.,-1.,0.));
#6552=DIRECTION('',(0.,0.,-1.));
#6553=DIRECTION('',(1.65211759616839E-16,0.,1.));
#6554=DIRECTION('',(-1.,0.,1.65211759616839E-16));
#6555=DIRECTION('',(-1.,0.,1.65211759616839E-16));
#6556=DIRECTION('',(0.,-1.,0.));
#6557=DIRECTION('',(1.,0.,-1.65211759616839E-16));
#6558=DIRECTION('',(1.,0.,-1.71330713676721E-16));
#6559=DIRECTION('',(1.71330713676721E-16,0.,1.));
#6560=DIRECTION('',(-1.,0.,1.71330713676721E-16));
#6561=DIRECTION('',(1.71330713676721E-16,0.,1.));
#6562=DIRECTION('',(0.,-1.,0.));
#6563=DIRECTION('',(-1.71330713676721E-16,0.,-1.));
#6564=DIRECTION('',(0.,0.,1.));
#6565=DIRECTION('',(-1.,0.,0.));
#6566=DIRECTION('',(1.,0.,0.));
#6567=DIRECTION('',(0.,0.,-1.));
#6568=DIRECTION('',(1.,0.,0.));
#6569=DIRECTION('',(0.,-1.,0.));
#6570=DIRECTION('',(0.707106781186548,-0.707106781186548,0.));
#6571=DIRECTION('',(-0.707106781186549,-0.707106781186547,0.));
#6572=DIRECTION('',(1.,0.,0.));
#6573=DIRECTION('',(0.,-1.,0.));
#6574=DIRECTION('',(-1.,0.,0.));
#6575=DIRECTION('',(0.,0.,-1.));
#6576=DIRECTION('',(-1.,0.,0.));
#6577=DIRECTION('',(0.,0.,1.));
#6578=DIRECTION('',(0.,-0.707106781186548,-0.707106781186548));
#6579=DIRECTION('',(0.,-1.,0.));
#6580=DIRECTION('',(0.,-1.,0.));
#6581=DIRECTION('',(0.,0.,-1.));
#6582=DIRECTION('',(0.,-1.,0.));
#6583=DIRECTION('',(0.,0.,-1.));
#6584=DIRECTION('',(1.,0.,1.71330713676721E-16));
#6585=DIRECTION('',(1.71330713676721E-16,0.,-1.));
#6586=DIRECTION('',(-1.,0.,1.71330713676721E-16));
#6587=DIRECTION('',(1.71330713676721E-16,0.,1.));
#6588=DIRECTION('',(0.,1.,0.));
#6589=DIRECTION('',(0.,0.,1.));
#6590=DIRECTION('',(0.,1.,0.));
#6591=DIRECTION('',(0.,0.,1.));
#6592=DIRECTION('',(0.819152044288992,0.,-0.573576436351046));
#6593=DIRECTION('',(0.,-1.,0.));
#6594=DIRECTION('',(0.,0.,-1.));
#6595=DIRECTION('',(-0.710056632364479,0.,0.704144572396334));
#6596=DIRECTION('',(-0.704144572396334,0.,-0.710056632364479));
#6597=DIRECTION('',(0.704144572396334,0.,0.710056632364479));
#6598=DIRECTION('',(0.,-1.,0.));
#6599=DIRECTION('',(0.574132154411146,0.578952618644745,0.578952618644745));
#6600=DIRECTION('',(0.,-1.,0.));
#6601=DIRECTION('',(0.573576436351046,0.,0.819152044288992));
#6602=DIRECTION('',(-0.819152044288992,0.,0.573576436351046));
#6603=DIRECTION('',(0.819152044288992,0.,-0.573576436351046));
#6604=DIRECTION('',(0.,-1.,0.));
#6605=DIRECTION('',(0.819152044288992,0.,-0.573576436351046));
#6606=DIRECTION('',(-0.71056477546163,0.497542812164523,0.497542812164523));
#6607=DIRECTION('',(-0.710056632364479,0.,0.704144572396333));
#6608=DIRECTION('',(-0.704144572396334,0.,-0.710056632364479));
#6609=DIRECTION('',(0.,-1.,0.));
#6610=DIRECTION('',(0.704144572396334,0.,0.710056632364479));
#6611=DIRECTION('',(-0.574132154411146,-0.578952618644745,-0.578952618644745));
#6612=DIRECTION('',(-0.966999367951433,0.,0.254778771449917));
#6613=DIRECTION('',(-0.254778771449917,0.,-0.966999367951433));
#6614=DIRECTION('',(0.254778771449917,0.,0.966999367951433));
#6615=DIRECTION('',(0.,1.,0.));
#6616=DIRECTION('',(1.,0.,0.));
#6617=DIRECTION('',(0.707106781186547,0.,-0.707106781186548));
#6618=DIRECTION('',(0.,1.,0.));
#6619=DIRECTION('',(0.,0.,1.));
#6620=DIRECTION('',(0.710056632364479,0.,0.704144572396334));
#6621=DIRECTION('',(0.704144572396334,0.,-0.710056632364479));
#6622=DIRECTION('',(0.574132154411146,-0.578952618644745,-0.578952618644745));
#6623=DIRECTION('',(0.,-1.,0.));
#6624=DIRECTION('',(-0.704144572396334,0.,0.710056632364479));
#6625=DIRECTION('',(0.,-1.,0.));
#6626=DIRECTION('',(-0.573576436351046,0.,0.819152044288992));
#6627=DIRECTION('',(0.819152044288992,0.,0.573576436351046));
#6628=DIRECTION('',(0.,-1.,0.));
#6629=DIRECTION('',(-0.819152044288992,0.,-0.573576436351046));
#6630=DIRECTION('',(0.,-1.,0.));
#6631=DIRECTION('',(0.,-1.,0.));
#6632=DIRECTION('',(-0.71056477546163,-0.497542812164523,-0.497542812164523));
#6633=DIRECTION('',(-0.819152044288992,0.,-0.573576436351046));
#6634=DIRECTION('',(0.710056632364479,0.,0.704144572396333));
#6635=DIRECTION('',(0.704144572396334,0.,-0.710056632364479));
#6636=DIRECTION('',(0.,-1.,0.));
#6637=DIRECTION('',(-0.574132154411146,0.578952618644745,0.578952618644745));
#6638=DIRECTION('',(-0.704144572396334,0.,0.710056632364479));
#6639=DIRECTION('',(0.966999367951433,0.,0.254778771449917));
#6640=DIRECTION('',(0.254778771449917,0.,-0.966999367951433));
#6641=DIRECTION('',(-0.254778771449917,0.,0.966999367951433));
#6642=DIRECTION('',(0.,1.,0.));
#6643=DIRECTION('',(-1.,0.,0.));
#6644=DIRECTION('',(0.,1.,0.));
#6645=DIRECTION('',(0.,0.,1.));
#6646=DIRECTION('',(0.707106781186548,0.,0.707106781186547));
#6647=DIRECTION('',(0.710056632364479,0.,0.704144572396334));
#6648=DIRECTION('',(0.704144572396334,0.,-0.710056632364479));
#6649=DIRECTION('',(0.,1.,0.));
#6650=DIRECTION('',(-0.704144572396334,0.,0.710056632364479));
#6651=DIRECTION('',(0.,-1.,0.));
#6652=DIRECTION('',(-0.704144572396334,0.,0.710056632364479));
#6653=DIRECTION('',(0.,-1.,0.));
#6654=DIRECTION('',(0.710056632364479,0.,0.704144572396333));
#6655=DIRECTION('',(0.704144572396334,0.,-0.710056632364479));
#6656=DIRECTION('',(-0.704144572396334,0.,0.710056632364479));
#6657=DIRECTION('',(-0.704144572396334,0.,0.710056632364479));
#6658=DIRECTION('',(0.,1.,0.));
#6659=DIRECTION('',(0.,-1.,0.));
#6660=DIRECTION('',(-0.704144572396334,0.,0.710056632364479));
#6661=DIRECTION('',(0.,1.,0.));
#6662=DIRECTION('',(0.,-1.,0.));
#6663=DIRECTION('',(0.966999367951433,0.,0.254778771449917));
#6664=DIRECTION('',(0.254778771449917,0.,-0.966999367951433));
#6665=DIRECTION('',(0.,-1.,0.));
#6666=DIRECTION('',(-0.254778771449917,0.,0.966999367951433));
#6667=DIRECTION('',(-0.254778771449917,0.,0.966999367951433));
#6668=DIRECTION('',(0.,1.,0.));
#6669=DIRECTION('',(0.,-1.,0.));
#6670=DIRECTION('',(-0.254778771449917,0.,0.966999367951433));
#6671=DIRECTION('',(0.,1.,0.));
#6672=DIRECTION('',(0.,-1.,0.));
#6673=DIRECTION('',(-0.254778771449917,0.,0.966999367951433));
#6674=DIRECTION('',(0.,1.,0.));
#6675=DIRECTION('',(-0.99144797191416,0.,-0.130502563144559));
#6676=DIRECTION('',(-0.130502563144559,0.,0.99144797191416));
#6677=DIRECTION('',(0.,-1.,0.));
#6678=DIRECTION('',(0.130502563144559,0.,-0.99144797191416));
#6679=DIRECTION('',(0.,1.,0.));
#6680=DIRECTION('',(0.,-1.,0.));
#6681=DIRECTION('',(0.130502563144559,0.,-0.99144797191416));
#6682=DIRECTION('',(0.,-1.,0.));
#6683=DIRECTION('',(0.,0.707106781186547,-0.707106781186548));
#6684=DIRECTION('',(1.,0.,0.));
#6685=DIRECTION('',(0.,0.707106781186547,-0.707106781186548));
#6686=DIRECTION('',(0.,-0.707106781186548,-0.707106781186547));
#6687=DIRECTION('',(0.577350269189625,-0.577350269189626,-0.577350269189626));
#6688=DIRECTION('',(0.,0.707106781186547,-0.707106781186548));
#6689=DIRECTION('',(-1.,0.,0.));
#6690=DIRECTION('',(0.577350269189626,0.577350269189626,0.577350269189626));
#6691=DIRECTION('',(0.,0.707106781186547,-0.707106781186548));
#6692=DIRECTION('',(0.,-0.707106781186548,-0.707106781186547));
#6693=DIRECTION('',(0.,1.,0.));
#6694=DIRECTION('',(0.,0.,1.));
#6695=DIRECTION('',(0.,-1.,0.));
#6696=DIRECTION('',(0.,1.,0.));
#6697=DIRECTION('',(0.,0.,1.));
#6698=DIRECTION('',(0.,-1.,0.));
#6699=DIRECTION('',(0.,1.,0.));
#6700=DIRECTION('',(0.,0.,1.));
#6701=DIRECTION('',(0.,-1.,0.));
#6702=DIRECTION('',(0.,-1.,0.));
#6703=DIRECTION('',(0.,1.,0.));
#6704=DIRECTION('',(0.,0.,1.));
#6705=DIRECTION('',(0.,-1.,0.));
#6706=DIRECTION('',(0.,-1.,0.));
#6707=DIRECTION('',(0.,0.,-1.));
#6708=DIRECTION('',(0.,-1.,0.));
#6709=DIRECTION('',(0.,-1.,0.));
#6710=DIRECTION('',(0.,0.,-1.));
#6711=DIRECTION('',(0.,-1.,0.));
#6712=DIRECTION('',(0.,1.,0.));
#6713=DIRECTION('',(0.,0.,1.));
#6714=DIRECTION('',(0.,-1.,0.));
#6715=DIRECTION('',(0.,-1.,0.));
#6716=DIRECTION('',(0.,1.,0.));
#6717=DIRECTION('',(0.,0.,1.));
#6718=DIRECTION('',(0.,-1.,0.));
#6719=DIRECTION('',(0.,-1.,0.));
#6720=DIRECTION('',(0.,1.,0.));
#6721=DIRECTION('',(0.,0.,1.));
#6722=DIRECTION('',(0.,-1.,0.));
#6723=DIRECTION('',(0.,1.,0.));
#6724=DIRECTION('',(0.,0.,1.));
#6725=DIRECTION('',(0.,0.,1.));
#6726=DIRECTION('',(1.,0.,0.));
#6727=DIRECTION('',(-0.707106781186548,-0.707106781186548,0.));
#6728=DIRECTION('',(0.707106781186548,-0.707106781186548,0.));
#6729=DIRECTION('',(0.577350269189625,-0.577350269189625,-0.577350269189627));
#6730=DIRECTION('',(0.,0.,1.));
#6731=DIRECTION('',(-0.707106781186548,0.707106781186548,0.));
#6732=DIRECTION('',(-0.707106781186548,-0.707106781186548,0.));
#6733=DIRECTION('',(-0.577350269189625,-0.577350269189625,-0.577350269189627));
#6734=DIRECTION('',(0.,0.,1.));
#6735=DIRECTION('',(0.,0.,1.));
#6736=DIRECTION('',(1.,0.,0.));
#6737=DIRECTION('',(0.866025403784438,-0.5,0.));
#6738=DIRECTION('',(-0.866025403784438,-0.5,0.));
#6739=DIRECTION('',(-1.,0.,0.));
#6740=DIRECTION('',(0.,1.,0.));
#6741=DIRECTION('',(-1.,0.,0.));
#6742=DIRECTION('',(0.,-1.,0.));
#6743=DIRECTION('',(0.,0.,-1.));
#6744=DIRECTION('',(0.,0.,1.));
#6745=DIRECTION('',(0.,-1.,0.));
#6746=DIRECTION('',(0.,0.,-1.));
#6747=DIRECTION('',(0.,0.,1.));
#6748=DIRECTION('',(-1.,0.,0.));
#6749=DIRECTION('',(0.,-1.,0.));
#6750=DIRECTION('',(0.,0.,1.));
#6751=DIRECTION('',(1.,0.,0.));
#6752=DIRECTION('',(0.866025403784438,-0.5,0.));
#6753=DIRECTION('',(-0.866025403784438,-0.5,0.));
#6754=DIRECTION('',(0.,0.,-1.));
#6755=DIRECTION('',(-1.,0.,0.));
#6756=DIRECTION('',(-0.866025403784439,-0.5,0.));
#6757=DIRECTION('',(0.866025403784439,-0.5,0.));
#6758=DIRECTION('',(1.,0.,0.));
#6759=DIRECTION('',(0.,1.,0.));
#6760=DIRECTION('',(1.,0.,0.));
#6761=DIRECTION('',(0.,1.,0.));
#6762=DIRECTION('',(0.,0.,1.));
#6763=DIRECTION('',(0.,0.,1.));
#6764=DIRECTION('',(0.,1.,0.));
#6765=DIRECTION('',(0.,0.,1.));
#6766=DIRECTION('',(0.,0.,1.));
#6767=DIRECTION('',(1.,0.,0.));
#6768=DIRECTION('',(0.,-1.,0.));
#6769=DIRECTION('',(0.,0.,1.));
#6770=DIRECTION('',(1.,0.,0.));
#6771=DIRECTION('',(0.866025403784439,-0.5,0.));
#6772=DIRECTION('',(-0.866025403784439,-0.5,0.));
#6773=DIRECTION('',(0.5,0.866025403784439,0.));
#6774=DIRECTION('',(-0.866025403784439,0.5,0.));
#6775=DIRECTION('',(0.,0.,1.));
#6776=DIRECTION('',(-0.5,0.866025403784439,0.));
#6777=DIRECTION('',(-0.866025403784439,-0.5,0.));
#6778=DIRECTION('',(0.5,0.866025403784439,0.));
#6779=DIRECTION('',(-0.866025403784439,0.5,0.));
#6780=DIRECTION('',(0.,0.,1.));
#6781=DIRECTION('',(-0.5,0.866025403784439,0.));
#6782=DIRECTION('',(-0.866025403784439,-0.5,0.));
#6783=DIRECTION('',(0.5,0.866025403784438,0.));
#6784=DIRECTION('',(-0.866025403784438,0.5,0.));
#6785=DIRECTION('',(0.,0.,1.));
#6786=DIRECTION('',(-0.5,0.866025403784438,0.));
#6787=DIRECTION('',(-0.866025403784438,-0.5,0.));
#6788=DIRECTION('',(0.5,0.866025403784438,0.));
#6789=DIRECTION('',(-0.866025403784438,0.5,0.));
#6790=DIRECTION('',(0.,0.,1.));
#6791=DIRECTION('',(-0.5,0.866025403784438,0.));
#6792=DIRECTION('',(-0.866025403784438,-0.5,0.));
#6793=DIRECTION('',(0.707106781186547,-0.707106781186549,0.));
#6794=DIRECTION('',(0.,0.,-1.));
#6795=DIRECTION('',(-0.707106781186549,-0.707106781186547,0.));
#6796=DIRECTION('',(0.577350269189627,0.577350269189625,0.577350269189625));
#6797=DIRECTION('',(0.707106781186547,0.707106781186549,0.));
#6798=DIRECTION('',(0.,0.,1.));
#6799=DIRECTION('',(0.707106781186549,-0.707106781186547,0.));
#6800=DIRECTION('',(-0.577350269189627,0.577350269189625,0.577350269189625));
#6801=DIRECTION('',(0.,-1.,0.));
#6802=DIRECTION('',(0.,0.,-1.));
#6803=DIRECTION('',(-0.900348952841944,0.435168660540273,0.));
#6804=DIRECTION('',(-0.435168660540273,-0.900348952841944,0.));
#6805=DIRECTION('',(0.,0.,-1.));
#6806=DIRECTION('',(0.348086336118364,0.720178626451788,-0.600148855376489));
#6807=DIRECTION('',(0.348086336118364,0.720178626451788,0.600148855376489));
#6808=DIRECTION('',(0.,-1.,0.));
#6809=DIRECTION('',(0.,0.,-1.));
#6810=DIRECTION('',(-1.,0.,0.));
#6811=DIRECTION('',(-1.,0.,0.));
#6812=DIRECTION('',(-1.,0.,0.));
#6813=DIRECTION('',(0.,0.,-1.));
#6814=DIRECTION('',(-1.,0.,0.));
#6815=DIRECTION('',(-0.900348952841944,-0.435168660540272,0.));
#6816=DIRECTION('',(0.435168660540272,-0.900348952841944,0.));
#6817=DIRECTION('',(-0.348086336118364,0.720178626451788,-0.600148855376489));
#6818=DIRECTION('',(-0.348086336118364,0.720178626451788,0.600148855376489));
#6819=DIRECTION('',(0.,0.,1.));
#6820=DIRECTION('',(1.,0.,0.));
#6821=DIRECTION('',(0.866025403784439,-0.5,0.));
#6822=DIRECTION('',(-0.866025403784438,-0.5,0.));
#6823=DIRECTION('',(-1.,0.,0.));
#6824=DIRECTION('',(0.,1.,0.));
#6825=DIRECTION('',(-1.,0.,0.));
#6826=DIRECTION('',(0.,1.,0.));
#6827=DIRECTION('',(0.,1.,0.));
#6828=DIRECTION('',(0.,0.,1.));
#6829=DIRECTION('',(0.,0.,1.));
#6830=DIRECTION('',(0.,0.,1.));
#6831=DIRECTION('',(1.,0.,0.));
#6832=DIRECTION('',(0.,0.,-1.));
#6833=DIRECTION('',(0.,0.,1.));
#6834=DIRECTION('',(0.,1.,0.));
#6835=DIRECTION('',(0.,0.,1.));
#6836=DIRECTION('',(0.,0.,1.));
#6837=DIRECTION('',(1.,0.,0.));
#6838=DIRECTION('',(0.,0.,-1.));
#6839=DIRECTION('',(0.,0.,1.));
#6840=DIRECTION('',(1.,0.,0.));
#6841=DIRECTION('',(0.866025403784439,-0.5,0.));
#6842=DIRECTION('',(-0.866025403784438,-0.5,0.));
#6843=DIRECTION('',(-1.,0.,0.));
#6844=DIRECTION('',(2.89120579329468E-16,1.,0.));
#6845=DIRECTION('',(-1.,0.,0.));
#6846=DIRECTION('',(2.89120579329468E-16,1.,0.));
#6847=DIRECTION('',(0.,1.,0.));
#6848=DIRECTION('',(0.,0.,1.));
#6849=DIRECTION('',(0.,0.,1.));
#6850=DIRECTION('',(0.,0.,1.));
#6851=DIRECTION('',(1.,-2.89120579329468E-16,0.));
#6852=DIRECTION('',(2.89120579329468E-16,1.,0.));
#6853=DIRECTION('',(0.,0.,1.));
#6854=DIRECTION('',(0.,1.,0.));
#6855=DIRECTION('',(0.,0.,1.));
#6856=DIRECTION('',(0.,0.,1.));
#6857=DIRECTION('',(1.,-2.89120579329468E-16,0.));
#6858=DIRECTION('',(2.89120579329468E-16,1.,0.));
#6859=DIRECTION('',(0.5,0.866025403784439,0.));
#6860=DIRECTION('',(-0.866025403784439,0.5,0.));
#6861=DIRECTION('',(0.,0.,-1.));
#6862=DIRECTION('',(-0.5,0.866025403784439,0.));
#6863=DIRECTION('',(-0.866025403784439,-0.5,0.));
#6864=DIRECTION('',(0.5,0.866025403784439,0.));
#6865=DIRECTION('',(-0.866025403784439,0.5,0.));
#6866=DIRECTION('',(0.,0.,-1.));
#6867=DIRECTION('',(-0.5,0.866025403784439,0.));
#6868=DIRECTION('',(-0.866025403784439,-0.5,0.));
#6869=DIRECTION('',(0.,0.866025403784438,0.5));
#6870=DIRECTION('',(0.,-0.5,0.866025403784438));
#6871=DIRECTION('',(-1.,0.,0.));
#6872=DIRECTION('',(0.,0.866025403784438,-0.5));
#6873=DIRECTION('',(0.,0.5,0.866025403784439));
#6874=DIRECTION('',(0.,0.866025403784438,0.5));
#6875=DIRECTION('',(0.,-0.5,0.866025403784438));
#6876=DIRECTION('',(-1.,0.,0.));
#6877=DIRECTION('',(0.,0.866025403784438,-0.5));
#6878=DIRECTION('',(0.,0.5,0.866025403784438));
#6879=DIRECTION('',(0.5,0.866025403784439,0.));
#6880=DIRECTION('',(-0.866025403784439,0.5,0.));
#6881=DIRECTION('',(0.,0.,-1.));
#6882=DIRECTION('',(-0.5,0.866025403784439,0.));
#6883=DIRECTION('',(-0.866025403784439,-0.5,0.));
#6884=DIRECTION('',(0.,0.866025403784439,0.5));
#6885=DIRECTION('',(0.,-0.5,0.866025403784439));
#6886=DIRECTION('',(1.,0.,0.));
#6887=DIRECTION('',(0.,0.866025403784438,-0.5));
#6888=DIRECTION('',(0.,0.5,0.866025403784438));
#6889=DIRECTION('',(0.,0.866025403784439,0.5));
#6890=DIRECTION('',(0.,-0.5,0.866025403784439));
#6891=DIRECTION('',(1.,0.,0.));
#6892=DIRECTION('',(0.,0.866025403784438,-0.5));
#6893=DIRECTION('',(0.,0.5,0.866025403784439));
#6894=DIRECTION('',(0.707106781186548,0.707106781186547,0.));
#6895=DIRECTION('',(-0.707106781186547,0.707106781186548,0.));
#6896=DIRECTION('',(0.707106781186547,-0.707106781186548,0.));
#6897=DIRECTION('',(0.,0.,-1.));
#6898=DIRECTION('',(0.,1.,0.));
#6899=DIRECTION('',(0.,0.,1.));
#6900=DIRECTION('',(1.,0.,0.));
#6901=DIRECTION('',(0.,0.,-1.));
#6902=DIRECTION('',(-0.707106781186547,0.707106781186548,0.));
#6903=DIRECTION('',(-0.707106781186548,-0.707106781186547,0.));
#6904=DIRECTION('',(0.707106781186548,0.707106781186547,0.));
#6905=DIRECTION('',(0.,0.,-1.));
#6906=DIRECTION('',(1.,0.,0.));
#6907=DIRECTION('',(0.,0.,1.));
#6908=DIRECTION('',(1.,0.,0.));
#6909=DIRECTION('',(0.,0.,1.));
#6910=DIRECTION('',(1.,0.,0.));
#6911=DIRECTION('',(0.,0.,1.));
#6912=DIRECTION('',(1.,0.,0.));
#6913=DIRECTION('',(0.,0.,-1.));
#6914=DIRECTION('',(1.,0.,0.));
#6915=DIRECTION('',(0.,0.,1.));
#6916=DIRECTION('',(1.,0.,0.));
#6917=DIRECTION('',(0.707106781186546,-0.707106781186549,0.));
#6918=DIRECTION('',(0.707106781186549,0.707106781186546,0.));
#6919=DIRECTION('',(0.707106781186549,0.707106781186546,0.));
#6920=DIRECTION('',(0.,0.,1.));
#6921=DIRECTION('',(0.707106781186549,0.707106781186546,0.));
#6922=DIRECTION('',(0.707106781186549,0.707106781186546,0.));
#6923=DIRECTION('',(-0.707106781186546,0.707106781186549,0.));
#6924=DIRECTION('',(-0.707106781186546,0.707106781186549,0.));
#6925=DIRECTION('',(0.,0.,1.));
#6926=DIRECTION('',(-0.707106781186546,0.707106781186549,0.));
#6927=DIRECTION('',(-0.707106781186547,0.707106781186548,0.));
#6928=DIRECTION('',(-0.707106781186549,-0.707106781186547,0.));
#6929=DIRECTION('',(-0.707106781186549,-0.707106781186547,0.));
#6930=DIRECTION('',(-0.707106781186549,-0.707106781186547,0.));
#6931=DIRECTION('',(0.,0.,1.));
#6932=DIRECTION('',(1.,0.,0.));
#6933=DIRECTION('',(0.,0.,1.));
#6934=DIRECTION('',(1.,0.,0.));
#6935=DIRECTION('',(0.707106781186546,0.707106781186549,0.));
#6936=DIRECTION('',(-0.707106781186549,0.707106781186546,0.));
#6937=DIRECTION('',(-0.707106781186549,0.707106781186546,0.));
#6938=DIRECTION('',(-0.707106781186549,0.707106781186546,0.));
#6939=DIRECTION('',(0.,0.,1.));
#6940=DIRECTION('',(-0.707106781186547,-0.707106781186548,0.));
#6941=DIRECTION('',(0.707106781186548,-0.707106781186547,0.));
#6942=DIRECTION('',(0.707106781186548,-0.707106781186547,0.));
#6943=DIRECTION('',(0.,0.,1.));
#6944=DIRECTION('',(0.707106781186548,-0.707106781186547,0.));
#6945=DIRECTION('',(0.707106781186548,-0.707106781186547,0.));
#6946=DIRECTION('',(0.707106781186547,0.707106781186548,0.));
#6947=DIRECTION('',(0.707106781186547,0.707106781186548,0.));
#6948=DIRECTION('',(0.707106781186547,0.707106781186548,0.));
#6949=DIRECTION('',(0.,0.,1.));
#6950=DIRECTION('',(1.,0.,0.));
#6951=DIRECTION('',(0.,0.,1.));
#6952=DIRECTION('',(1.,0.,0.));
#6953=DIRECTION('',(0.,-0.707106781186548,0.707106781186548));
#6954=DIRECTION('',(1.,0.,0.));
#6955=DIRECTION('',(0.,-0.707106781186548,0.707106781186548));
#6956=DIRECTION('',(-1.,0.,0.));
#6957=DIRECTION('',(0.5,-0.5,0.707106781186548));
#6958=DIRECTION('',(-0.707106781186549,-0.707106781186547,0.));
#6959=DIRECTION('',(0.5,0.5,-0.707106781186547));
#6960=DIRECTION('',(0.707106781186549,-0.707106781186547,0.));
#6961=DIRECTION('',(0.707106781186548,0.,-0.707106781186547));
#6962=DIRECTION('',(0.,-1.,0.));
#6963=DIRECTION('',(0.707106781186548,0.,0.707106781186547));
#6964=DIRECTION('',(0.,1.,0.));
#6965=DIRECTION('',(0.707106781186548,0.,0.707106781186547));
#6966=DIRECTION('',(0.,-1.,0.));
#6967=DIRECTION('',(-0.707106781186547,0.,0.707106781186548));
#6968=DIRECTION('',(0.,-1.,0.));
#6969=DIRECTION('',(-0.478852130680573,0.,-0.877895572914385));
#6970=DIRECTION('',(-0.877895572914385,0.,0.478852130680573));
#6971=DIRECTION('',(0.,-1.,0.));
#6972=DIRECTION('',(0.877895572914385,0.,-0.478852130680573));
#6973=DIRECTION('',(0.,-1.,0.));
#6974=DIRECTION('',(0.478852130680573,0.,-0.877895572914385));
#6975=DIRECTION('',(-0.877895572914385,0.,-0.478852130680573));
#6976=DIRECTION('',(0.,-1.,0.));
#6977=DIRECTION('',(0.877895572914385,0.,0.478852130680573));
#6978=DIRECTION('',(0.707106781186548,0.,0.707106781186547));
#6979=DIRECTION('',(0.707106781186547,0.,-0.707106781186548));
#6980=DIRECTION('',(0.,-1.,0.));
#6981=DIRECTION('',(-0.707106781186547,0.,0.707106781186548));
#6982=DIRECTION('',(-0.707106781186547,0.,0.707106781186548));
#6983=DIRECTION('',(0.707106781186548,0.,0.707106781186547));
#6984=DIRECTION('',(0.,-1.,0.));
#6985=DIRECTION('',(-0.707106781186548,0.,-0.707106781186547));
#6986=DIRECTION('',(0.707106781186547,0.,0.707106781186548));
#6987=DIRECTION('',(0.707106781186548,0.,-0.707106781186547));
#6988=DIRECTION('',(0.,-1.,0.));
#6989=DIRECTION('',(-0.707106781186548,0.,0.707106781186547));
#6990=DIRECTION('',(-0.707106781186548,0.,0.707106781186548));
#6991=DIRECTION('',(0.707106781186548,0.,0.707106781186548));
#6992=DIRECTION('',(-0.707106781186548,0.,-0.707106781186548));
#6993=DIRECTION('',(0.,-1.,0.));
#6994=DIRECTION('',(1.,0.,0.));
#6995=DIRECTION('',(0.,0.640184399664479,-0.768221279597376));
#6996=DIRECTION('',(0.,0.768221279597376,0.640184399664479));
#6997=DIRECTION('',(0.348086336118364,0.720178626451788,0.600148855376489));
#6998=DIRECTION('',(0.900348952841944,-0.435168660540273,0.));
#6999=DIRECTION('',(0.435168660540273,0.900348952841944,0.));
#7000=DIRECTION('',(0.,0.640184399664479,0.768221279597376));
#7001=DIRECTION('',(0.,0.768221279597376,-0.640184399664479));
#7002=DIRECTION('',(-0.348086336118364,0.720178626451788,-0.600148855376489));
#7003=DIRECTION('',(-0.900348952841944,-0.435168660540273,0.));
#7004=DIRECTION('',(-0.435168660540273,0.900348952841944,0.));
#7005=DIRECTION('',(0.,0.640184399664479,0.768221279597376));
#7006=DIRECTION('',(0.,0.768221279597376,-0.640184399664479));
#7007=DIRECTION('',(0.348086336118364,0.720178626451788,-0.600148855376489));
#7008=DIRECTION('',(0.900348952841944,-0.435168660540273,0.));
#7009=DIRECTION('',(0.435168660540273,0.900348952841944,0.));
#7010=DIRECTION('',(0.,0.640184399664479,-0.768221279597376));
#7011=DIRECTION('',(0.,0.768221279597376,0.640184399664479));
#7012=DIRECTION('',(-0.348086336118364,0.720178626451788,0.600148855376489));
#7013=DIRECTION('',(-0.900348952841944,-0.435168660540273,0.));
#7014=DIRECTION('',(-0.435168660540273,0.900348952841944,0.));
#7015=DIRECTION('',(0.653106581464424,0.,0.757265999004216));
#7016=DIRECTION('',(0.757265999004216,0.,-0.653106581464424));
#7017=DIRECTION('',(0.653106581464424,0.,0.757265999004216));
#7018=DIRECTION('',(0.757265999004216,0.,-0.653106581464424));
#7019=DIRECTION('',(0.,1.,0.));
#7020=DIRECTION('',(-1.,0.,0.));
#7021=DIRECTION('',(0.,0.,1.));
#7022=DIRECTION('',(0.653106581464424,0.,-0.757265999004216));
#7023=DIRECTION('',(-0.757265999004216,0.,-0.653106581464424));
#7024=DIRECTION('',(0.,1.,0.));
#7025=DIRECTION('',(1.,0.,0.));
#7026=DIRECTION('',(0.,0.,-1.));
#7027=DIRECTION('',(0.,1.,0.));
#7028=DIRECTION('',(0.,0.,1.));
#7029=DIRECTION('',(-1.,0.,0.));
#7030=DIRECTION('',(0.819152044288992,0.,0.573576436351046));
#7031=DIRECTION('',(1.,0.,0.));
#7032=DIRECTION('',(-1.,0.,0.));
#7033=DIRECTION('',(0.819152044288992,0.,0.573576436351046));
#7034=DIRECTION('',(1.,0.,0.));
#7035=DIRECTION('',(-1.,0.,0.));
#7036=DIRECTION('',(0.,0.,1.));
#7037=DIRECTION('',(1.,0.,0.));
#7038=DIRECTION('',(0.,-1.,0.));
#7039=DIRECTION('',(0.,0.,-1.));
#7040=DIRECTION('',(-1.,0.,0.));
#7041=DIRECTION('',(0.,1.,0.));
#7042=DIRECTION('',(0.,0.,1.));
#7043=DIRECTION('',(1.,0.,0.));
#7044=DIRECTION('',(0.,-1.,0.));
#7045=DIRECTION('',(0.,1.,0.));
#7046=DIRECTION('',(0.,0.,1.));
#7047=DIRECTION('',(-1.,0.,0.));
#7048=DIRECTION('',(1.,0.,0.));
#7049=DIRECTION('',(-0.819152044288992,0.,0.573576436351046));
#7050=DIRECTION('',(-1.,0.,0.));
#7051=DIRECTION('',(1.,0.,0.));
#7052=DIRECTION('',(-0.819152044288992,0.,0.573576436351046));
#7053=DIRECTION('',(-1.,0.,0.));
#7054=DIRECTION('',(0.,0.,1.));
#7055=DIRECTION('',(1.,0.,0.));
#7056=DIRECTION('',(0.,1.,0.));
#7057=DIRECTION('',(0.,0.,-1.));
#7058=DIRECTION('',(-1.,0.,0.));
#7059=DIRECTION('',(0.,-1.,0.));
#7060=DIRECTION('',(0.,0.,1.));
#7061=DIRECTION('',(1.,0.,0.));
#7062=DIRECTION('',(0.,1.,0.));
#7063=DIRECTION('',(0.,1.,0.));
#7064=DIRECTION('',(0.,0.,1.));
#7065=DIRECTION('',(1.,0.,0.));
#7066=DIRECTION('',(-1.,0.,0.));
#7067=DIRECTION('',(0.,0.,1.));
#7068=DIRECTION('',(1.,0.,0.));
#7069=DIRECTION('',(0.,0.,-1.));
#7070=DIRECTION('',(-1.,0.,0.));
#7071=DIRECTION('',(0.,1.,0.));
#7072=DIRECTION('',(0.,0.,1.));
#7073=DIRECTION('',(1.,0.,0.));
#7074=DIRECTION('',(-1.,0.,0.));
#7075=DIRECTION('',(0.,0.,-1.));
#7076=DIRECTION('',(-1.,0.,0.));
#7077=DIRECTION('',(0.,0.,1.));
#7078=DIRECTION('',(1.,0.,0.));
#7079=DIRECTION('',(0.,1.,0.));
#7080=DIRECTION('',(0.,0.,1.));
#7081=DIRECTION('',(1.,0.,0.));
#7082=DIRECTION('',(-1.,0.,0.));
#7083=DIRECTION('',(0.,0.,1.));
#7084=DIRECTION('',(1.,0.,0.));
#7085=DIRECTION('',(0.,0.,-1.));
#7086=DIRECTION('',(-1.,0.,0.));
#7087=DIRECTION('',(0.,1.,0.));
#7088=DIRECTION('',(0.,0.,1.));
#7089=DIRECTION('',(-1.,0.,0.));
#7090=DIRECTION('',(1.,0.,0.));
#7091=DIRECTION('',(0.,0.,-1.));
#7092=DIRECTION('',(-1.,0.,0.));
#7093=DIRECTION('',(0.,0.,1.));
#7094=DIRECTION('',(1.,0.,0.));
#7095=DIRECTION('',(0.,1.,0.));
#7096=DIRECTION('',(0.,0.,1.));
#7097=DIRECTION('',(1.,0.,0.));
#7098=DIRECTION('',(-1.,0.,0.));
#7099=DIRECTION('',(0.,0.,1.));
#7100=DIRECTION('',(1.,0.,0.));
#7101=DIRECTION('',(0.,0.,-1.));
#7102=DIRECTION('',(-1.,0.,0.));
#7103=DIRECTION('',(0.,1.,0.));
#7104=DIRECTION('',(0.,0.,1.));
#7105=DIRECTION('',(-1.,0.,0.));
#7106=DIRECTION('',(1.,0.,0.));
#7107=DIRECTION('',(0.,0.,-1.));
#7108=DIRECTION('',(-1.,0.,0.));
#7109=DIRECTION('',(0.,0.,1.));
#7110=DIRECTION('',(1.,0.,0.));
#7111=DIRECTION('',(0.,1.,0.));
#7112=DIRECTION('',(0.,0.,1.));
#7113=DIRECTION('',(1.,0.,0.));
#7114=DIRECTION('',(-1.,0.,0.));
#7115=DIRECTION('',(0.,0.,1.));
#7116=DIRECTION('',(1.,0.,0.));
#7117=DIRECTION('',(0.,0.,-1.));
#7118=DIRECTION('',(-1.,0.,0.));
#7119=DIRECTION('',(0.,1.,0.));
#7120=DIRECTION('',(0.,0.,1.));
#7121=DIRECTION('',(1.,0.,0.));
#7122=DIRECTION('',(-1.,0.,0.));
#7123=DIRECTION('',(0.,0.,1.));
#7124=DIRECTION('',(1.,0.,0.));
#7125=DIRECTION('',(0.,0.,-1.));
#7126=DIRECTION('',(-1.,0.,0.));
#7127=DIRECTION('',(0.,1.,0.));
#7128=DIRECTION('',(0.,0.,1.));
#7129=DIRECTION('',(1.,0.,0.));
#7130=DIRECTION('',(-1.,0.,0.));
#7131=DIRECTION('',(0.,0.,1.));
#7132=DIRECTION('',(1.,0.,0.));
#7133=DIRECTION('',(0.,0.,-1.));
#7134=DIRECTION('',(-1.,0.,0.));
#7135=DIRECTION('',(0.,1.,0.));
#7136=DIRECTION('',(0.,0.,1.));
#7137=DIRECTION('',(1.,0.,0.));
#7138=DIRECTION('',(-1.,0.,0.));
#7139=DIRECTION('',(0.,0.,-1.));
#7140=DIRECTION('',(-1.,0.,0.));
#7141=DIRECTION('',(0.,0.,1.));
#7142=DIRECTION('',(1.,0.,0.));
#7143=DIRECTION('',(0.,0.,1.));
#7144=DIRECTION('',(1.,0.,0.));
#7145=DIRECTION('',(0.,0.,-1.));
#7146=DIRECTION('',(-1.,0.,0.));
#7147=DIRECTION('',(0.,-1.,0.));
#7148=DIRECTION('',(0.,0.,-1.));
#7149=DIRECTION('',(-1.,0.,0.));
#7150=DIRECTION('',(0.,1.,0.));
#7151=DIRECTION('',(0.,0.,1.));
#7152=DIRECTION('',(1.,0.,0.));
#7153=DIRECTION('',(-0.573576436351046,0.,0.819152044288992));
#7154=DIRECTION('',(0.819152044288992,0.,0.573576436351046));
#7155=DIRECTION('',(0.573576436351046,0.,0.819152044288992));
#7156=DIRECTION('',(-0.819152044288992,0.,0.573576436351046));
#7157=DIRECTION('',(0.573576436351046,0.,0.819152044288992));
#7158=DIRECTION('',(-0.819152044288992,0.,0.573576436351046));
#7159=DIRECTION('',(-0.573576436351046,0.,0.819152044288992));
#7160=DIRECTION('',(0.819152044288992,0.,0.573576436351046));
#7161=CARTESIAN_POINT('',(0.,0.,0.));
#7162=CARTESIAN_POINT('',(-0.02525,-0.01185,0.013298));
#7163=CARTESIAN_POINT('',(-0.0228735282602719,-0.01185,0.00289384642966669));
#7164=CARTESIAN_POINT('',(-0.0261103440833691,-0.01185,0.00289384642966669));
#7165=CARTESIAN_POINT('',(-0.0174198928458217,-0.01185,0.00289384642966669));
#7166=CARTESIAN_POINT('',(-0.0192722782499423,-0.01185,0.0015967922060318));
#7167=CARTESIAN_POINT('',(-0.0188480408525638,-0.01185,0.00189384642966669));
#7168=CARTESIAN_POINT('',(-0.0228735282602719,-0.01185,0.00189384642966669));
#7169=CARTESIAN_POINT('',(-0.025118670264266,-0.01185,0.00189384642966669));
#7170=CARTESIAN_POINT('',(-0.0252261092536404,-0.01185,0.00200218748627694));
#7171=CARTESIAN_POINT('',(-0.02525,-0.01185,0.013298));
#7172=CARTESIAN_POINT('',(-0.0228735282602719,-0.01185,0.000893846429666691));
#7173=CARTESIAN_POINT('',(-0.024126996445163,-0.01185,0.000893846429666691));
#7174=CARTESIAN_POINT('',(-0.0202761888593059,-0.01185,0.000893846429666691));
#7175=CARTESIAN_POINT('',(-0.0192722782499423,-0.01185,0.0015967922060318));
#7176=CARTESIAN_POINT('',(-0.0217043368660481,-0.01185,-0.00010615357033331));
#7177=CARTESIAN_POINT('',(-0.0228735282602719,-0.01185,-0.00010615357033331));
#7178=CARTESIAN_POINT('',(-0.02313532262606,-0.01185,-0.00010615357033331));
#7179=CARTESIAN_POINT('',(-0.0252261092536404,-0.01185,0.00200218748627694));
#7180=CARTESIAN_POINT('',(0.0252261092536404,0.24909320513977,0.00200218748627694));
#7181=CARTESIAN_POINT('',(0.0218343997141715,0.24909320513977,-0.00141799914579184));
#7182=CARTESIAN_POINT('',(0.0218343997141715,0.01615,-0.00141799914579184));
#7183=CARTESIAN_POINT('',(0.0218343997141715,-0.01135,-0.00141799914579184));
#7184=CARTESIAN_POINT('',(0.0252261092536404,-0.01135,0.00200218748627694));
#7185=CARTESIAN_POINT('',(0.02313532262606,-0.01135,-0.00010615357033331));
#7186=CARTESIAN_POINT('',(0.02313532262606,-0.01135,-0.00010615357033331));
#7187=CARTESIAN_POINT('',(0.02313532262606,-0.01185,-0.00010615357033331));
#7188=CARTESIAN_POINT('',(0.0252261092536404,-0.01185,0.00200218748627694));
#7189=CARTESIAN_POINT('',(0.024126996445163,-0.01185,0.000893846429666689));
#7190=CARTESIAN_POINT('',(0.024126996445163,-0.01135,0.000893846429666691));
#7191=CARTESIAN_POINT('',(0.024126996445163,-0.01135,0.000893846429666691));
#7192=CARTESIAN_POINT('',(0.0252261092536404,-0.01135,0.00200218748627694));
#7193=CARTESIAN_POINT('',(0.025118670264266,-0.01135,0.00189384642966669));
#7194=CARTESIAN_POINT('',(0.025118670264266,-0.01135,0.00189384642966669));
#7195=CARTESIAN_POINT('',(0.025118670264266,-0.01185,0.00189384642966669));
#7196=CARTESIAN_POINT('',(0.0252261092536404,-0.01185,0.00200218748627694));
#7197=CARTESIAN_POINT('',(0.0261103440833691,-0.01185,0.00289384642966669));
#7198=CARTESIAN_POINT('',(0.0261103440833691,-0.01135,0.00289384642966669));
#7199=CARTESIAN_POINT('',(0.0261103440833691,-0.01135,0.00289384642966669));
#7200=CARTESIAN_POINT('',(0.0252261092536404,-0.01135,0.00200218748627694));
#7201=CARTESIAN_POINT('',(0.0264212674008022,-0.01135,0.00320738028671087));
#7202=CARTESIAN_POINT('',(0.0264212674008022,0.01615,0.00320738028671087));
#7203=CARTESIAN_POINT('',(0.0264212674008022,0.01615,0.00320738028671087));
#7204=CARTESIAN_POINT('',(0.0252261092536404,0.01615,0.00200218748627694));
#7205=CARTESIAN_POINT('',(-0.02525,-0.01185,0.013298));
#7206=CARTESIAN_POINT('',(-0.0293863749810379,-0.01185,0.00920282168533051));
#7207=CARTESIAN_POINT('',(-0.0295684417343766,-0.01185,0.00989384642966669));
#7208=CARTESIAN_POINT('',(-0.0298319153000208,-0.01185,0.0108938464296667));
#7209=CARTESIAN_POINT('',(-0.0228735282602719,-0.01185,0.0108938464296667));
#7210=CARTESIAN_POINT('',(-0.0199332822123367,-0.01185,0.0108938464296667));
#7211=CARTESIAN_POINT('',(-0.019874956217185,-0.01185,0.0104507349059571));
#7212=CARTESIAN_POINT('',(-0.0199130667203186,-0.01185,0.0107402662387518));
#7213=CARTESIAN_POINT('',(-0.00999858700117695,-0.01185,0.0120452918701973));
#7214=CARTESIAN_POINT('',(-0.0197644091640274,-0.01185,0.00989384642966669));
#7215=CARTESIAN_POINT('',(-0.0228735282602719,-0.01185,0.00989384642966669));
#7216=CARTESIAN_POINT('',(-0.02525,-0.01185,0.013298));
#7217=CARTESIAN_POINT('',(-0.019874956217185,-0.01185,0.0104507349059571));
#7218=CARTESIAN_POINT('',(-0.0201965387156358,-0.01185,0.0128938464296667));
#7219=CARTESIAN_POINT('',(-0.0200649104639863,-0.01185,0.0118938464296667));
#7220=CARTESIAN_POINT('',(-0.0228735282602719,-0.01185,0.0118938464296667));
#7221=CARTESIAN_POINT('',(-0.0300953888656651,-0.01185,0.0118938464296667));
#7222=CARTESIAN_POINT('',(-0.0293863749810379,-0.01185,0.00920282168533051));
#7223=CARTESIAN_POINT('',(-0.0303588624313093,-0.01185,0.0128938464296667));
#7224=CARTESIAN_POINT('',(-0.0228735282602719,-0.01185,0.0128938464296667));
#7225=CARTESIAN_POINT('',(-0.02525,-0.01185,0.013298));
#7226=CARTESIAN_POINT('',(-0.00999858700117695,-0.01185,0.0120452918701973));
#7227=CARTESIAN_POINT('',(-0.0194890238528376,-0.01185,0.00889384642966669));
#7228=CARTESIAN_POINT('',(-0.019096141659122,-0.01185,0.00789384642966669));
#7229=CARTESIAN_POINT('',(-0.0228735282602719,-0.01185,0.00789384642966669));
#7230=CARTESIAN_POINT('',(-0.029041494603088,-0.01185,0.00789384642966669));
#7231=CARTESIAN_POINT('',(-0.0293863749810379,-0.01185,0.00920282168533051));
#7232=CARTESIAN_POINT('',(-0.0293049681687322,-0.01185,0.00889384642966669));
#7233=CARTESIAN_POINT('',(-0.0228735282602719,-0.01185,0.00889384642966669));
#7234=CARTESIAN_POINT('',(-0.02525,-0.01185,0.013298));
#7235=CARTESIAN_POINT('',(-0.0193207010771574,-0.01185,0.0102488260106742));
#7236=CARTESIAN_POINT('',(-0.028322598257697,-0.01185,0.00589384642966669));
#7237=CARTESIAN_POINT('',(-0.0287411104106748,-0.01185,0.00689384642966669));
#7238=CARTESIAN_POINT('',(-0.0228735282602719,-0.01185,0.00689384642966669));
#7239=CARTESIAN_POINT('',(-0.0185696201870441,-0.01185,0.00689384642966669));
#7240=CARTESIAN_POINT('',(-0.00999858700117695,-0.01185,0.0120452918701973));
#7241=CARTESIAN_POINT('',(-0.017882730517893,-0.01185,0.00589384642966669));
#7242=CARTESIAN_POINT('',(-0.0228735282602719,-0.01185,0.00589384642966669));
#7243=CARTESIAN_POINT('',(-0.02525,-0.01185,0.013298));
#7244=CARTESIAN_POINT('',(-0.0193207010771574,-0.01185,0.0102488260106742));
#7245=CARTESIAN_POINT('',(-0.0270417265611833,-0.01185,0.00389384642966669));
#7246=CARTESIAN_POINT('',(-0.0277660662964356,-0.01185,0.00489384642966669));
#7247=CARTESIAN_POINT('',(-0.0228735282602719,-0.01185,0.00489384642966669));
#7248=CARTESIAN_POINT('',(-0.0169900694857932,-0.01185,0.00489384642966669));
#7249=CARTESIAN_POINT('',(-0.0171978777757037,-0.01185,0.00510339949631764));
#7250=CARTESIAN_POINT('',(-0.0159983956666901,-0.01185,0.00389384642966669));
#7251=CARTESIAN_POINT('',(-0.0228735282602719,-0.01185,0.00389384642966669));
#7252=CARTESIAN_POINT('',(-0.02525,-0.01185,0.013298));
#7253=CARTESIAN_POINT('',(-0.02025,-0.01185,0.013298));
#7254=CARTESIAN_POINT('',(-0.02025,-0.01185,0.0138938464296667));
#7255=CARTESIAN_POINT('',(-0.02025,-0.01185,0.0143));
#7256=CARTESIAN_POINT('',(-0.0228735282602719,-0.01185,0.0138938464296667));
#7257=CARTESIAN_POINT('',(-0.03025,-0.01185,0.0138938464296667));
#7258=CARTESIAN_POINT('',(-0.03025,-0.01185,0.013298));
#7259=CARTESIAN_POINT('',(-0.03025,-0.01185,0.0143));
#7260=CARTESIAN_POINT('',(-0.02525,-0.01185,0.0143));
#7261=CARTESIAN_POINT('',(0.02525,-0.01185,0.013298));
#7262=CARTESIAN_POINT('',(0.019874956217185,-0.01185,0.0104507349059571));
#7263=CARTESIAN_POINT('',(0.0201965387156358,-0.01185,0.0128938464296667));
#7264=CARTESIAN_POINT('',(0.0200649104639863,-0.01185,0.0118938464296667));
#7265=CARTESIAN_POINT('',(-0.0228735282602719,-0.01185,0.0128938464296667));
#7266=CARTESIAN_POINT('',(0.0303588624313093,-0.01185,0.0128938464296667));
#7267=CARTESIAN_POINT('',(0.0293863749810379,-0.01185,0.00920282168533051));
#7268=CARTESIAN_POINT('',(0.0300953888656651,-0.01185,0.0118938464296667));
#7269=CARTESIAN_POINT('',(-0.0228735282602719,-0.01185,0.0118938464296667));
#7270=CARTESIAN_POINT('',(0.02525,-0.01185,0.013298));
#7271=CARTESIAN_POINT('',(0.03025,-0.01185,0.013298));
#7272=CARTESIAN_POINT('',(0.03025,-0.01185,0.0138938464296667));
#7273=CARTESIAN_POINT('',(0.03025,-0.01185,0.0143));
#7274=CARTESIAN_POINT('',(-0.0228735282602719,-0.01185,0.0138938464296667));
#7275=CARTESIAN_POINT('',(0.02025,-0.01185,0.0138938464296667));
#7276=CARTESIAN_POINT('',(0.02025,-0.01185,0.013298));
#7277=CARTESIAN_POINT('',(0.02025,-0.01185,0.0143));
#7278=CARTESIAN_POINT('',(0.02525,-0.01185,0.0143));
#7279=CARTESIAN_POINT('',(0.02525,-0.01185,0.013298));
#7280=CARTESIAN_POINT('',(0.0171978777757037,-0.01185,0.00510339949631764));
#7281=CARTESIAN_POINT('',(0.0159983956666901,-0.01185,0.00389384642966669));
#7282=CARTESIAN_POINT('',(0.0169900694857932,-0.01185,0.00489384642966669));
#7283=CARTESIAN_POINT('',(-0.0228735282602719,-0.01185,0.00489384642966669));
#7284=CARTESIAN_POINT('',(0.0277660662964356,-0.01185,0.00489384642966669));
#7285=CARTESIAN_POINT('',(0.0193207010771574,-0.01185,0.0102488260106742));
#7286=CARTESIAN_POINT('',(0.0270417265611833,-0.01185,0.00389384642966669));
#7287=CARTESIAN_POINT('',(-0.0228735282602719,-0.01185,0.00389384642966669));
#7288=CARTESIAN_POINT('',(0.02525,-0.01185,0.013298));
#7289=CARTESIAN_POINT('',(0.0193207010771574,-0.01185,0.0102488260106742));
#7290=CARTESIAN_POINT('',(0.0287411104106748,-0.01185,0.00689384642966669));
#7291=CARTESIAN_POINT('',(0.028322598257697,-0.01185,0.00589384642966669));
#7292=CARTESIAN_POINT('',(-0.0228735282602719,-0.01185,0.00589384642966669));
#7293=CARTESIAN_POINT('',(0.017882730517893,-0.01185,0.00589384642966669));
#7294=CARTESIAN_POINT('',(0.00999858700117695,-0.01185,0.0120452918701973));
#7295=CARTESIAN_POINT('',(0.0185696201870441,-0.01185,0.00689384642966669));
#7296=CARTESIAN_POINT('',(-0.0228735282602719,-0.01185,0.00689384642966669));
#7297=CARTESIAN_POINT('',(0.02525,-0.01185,0.013298));
#7298=CARTESIAN_POINT('',(0.0293863749810379,-0.01185,0.00920282168533051));
#7299=CARTESIAN_POINT('',(0.029041494603088,-0.01185,0.00789384642966669));
#7300=CARTESIAN_POINT('',(0.0293049681687322,-0.01185,0.00889384642966669));
#7301=CARTESIAN_POINT('',(-0.0228735282602719,-0.01185,0.00789384642966669));
#7302=CARTESIAN_POINT('',(0.019096141659122,-0.01185,0.00789384642966669));
#7303=CARTESIAN_POINT('',(0.00999858700117695,-0.01185,0.0120452918701973));
#7304=CARTESIAN_POINT('',(0.0194890238528376,-0.01185,0.00889384642966669));
#7305=CARTESIAN_POINT('',(-0.0228735282602719,-0.01185,0.00889384642966669));
#7306=CARTESIAN_POINT('',(0.02525,-0.01185,0.013298));
#7307=CARTESIAN_POINT('',(0.019874956217185,-0.01185,0.0104507349059571));
#7308=CARTESIAN_POINT('',(0.0199332822123367,-0.01185,0.0108938464296667));
#7309=CARTESIAN_POINT('',(0.0199130667203186,-0.01185,0.0107402662387518));
#7310=CARTESIAN_POINT('',(-0.0228735282602719,-0.01185,0.0108938464296667));
#7311=CARTESIAN_POINT('',(0.0298319153000208,-0.01185,0.0108938464296667));
#7312=CARTESIAN_POINT('',(0.0293863749810379,-0.01185,0.00920282168533051));
#7313=CARTESIAN_POINT('',(0.0295684417343766,-0.01185,0.00989384642966669));
#7314=CARTESIAN_POINT('',(-0.0228735282602719,-0.01185,0.00989384642966669));
#7315=CARTESIAN_POINT('',(0.0197644091640274,-0.01185,0.00989384642966669));
#7316=CARTESIAN_POINT('',(0.00999858700117695,-0.01185,0.0120452918701973));
#7317=CARTESIAN_POINT('',(0.02525,-0.01185,0.013298));
#7318=CARTESIAN_POINT('',(0.0192722782499423,-0.01185,0.0015967922060318));
#7319=CARTESIAN_POINT('',(0.0174198928458217,-0.01185,0.00289384642966669));
#7320=CARTESIAN_POINT('',(0.0188480408525638,-0.01185,0.00189384642966669));
#7321=CARTESIAN_POINT('',(-0.0228735282602719,-0.01185,0.00289384642966669));
#7322=CARTESIAN_POINT('',(-0.0228735282602719,-0.01185,0.00189384642966669));
#7323=CARTESIAN_POINT('',(0.02025,0.00215,0.013298));
#7324=CARTESIAN_POINT('',(0.02025,-0.01135,0.0138938464296667));
#7325=CARTESIAN_POINT('',(0.02025,-0.01135,0.0138938464296667));
#7326=CARTESIAN_POINT('',(0.02025,-0.01135,0.013298));
#7327=CARTESIAN_POINT('',(0.02025,-0.01135,0.0133));
#7328=CARTESIAN_POINT('',(0.02025,0.00215,0.0133));
#7329=CARTESIAN_POINT('',(0.02025,0.01615,0.0133));
#7330=CARTESIAN_POINT('',(0.02025,0.01615,0.013298));
#7331=CARTESIAN_POINT('',(0.02025,0.01615,0.0143));
#7332=CARTESIAN_POINT('',(0.02025,0.00215,0.0143));
#7333=CARTESIAN_POINT('',(0.0171978777757037,0.24909320513977,0.00510339949631764));
#7334=CARTESIAN_POINT('',(0.0169900694857932,-0.01135,0.00489384642966669));
#7335=CARTESIAN_POINT('',(0.0169900694857932,-0.01135,0.00489384642966669));
#7336=CARTESIAN_POINT('',(0.0159983956666901,-0.01135,0.00389384642966669));
#7337=CARTESIAN_POINT('',(0.0159983956666901,-0.01135,0.00389384642966669));
#7338=CARTESIAN_POINT('',(0.0171978777757037,-0.01135,0.00510339949631764));
#7339=CARTESIAN_POINT('',(0.0152811833598596,-0.01135,0.00317061234501653));
#7340=CARTESIAN_POINT('',(0.0152811833598596,0.24909320513977,0.00317061234501653));
#7341=CARTESIAN_POINT('',(0.0152811833598596,0.01615,0.00317061234501653));
#7342=CARTESIAN_POINT('',(0.0171978777757037,0.01615,0.00510339949631764));
#7343=CARTESIAN_POINT('',(0.0170991533248218,0.01615,0.00500384614623402));
#7344=CARTESIAN_POINT('',(0.0170991533248218,-0.01185,0.00500384614623402));
#7345=CARTESIAN_POINT('',(0.0170991533248218,-0.01135,0.00500384614623402));
#7346=CARTESIAN_POINT('',(0.0171978777757037,-0.01135,0.00510339949631764));
#7347=CARTESIAN_POINT('',(0.03025,0.00215,0.013298));
#7348=CARTESIAN_POINT('',(0.03025,-0.01135,0.013298));
#7349=CARTESIAN_POINT('',(0.03025,-0.01135,0.0133));
#7350=CARTESIAN_POINT('',(0.03025,-0.01135,0.0138938464296667));
#7351=CARTESIAN_POINT('',(0.03025,-0.01135,0.0138938464296667));
#7352=CARTESIAN_POINT('',(0.03025,0.00215,0.0143));
#7353=CARTESIAN_POINT('',(0.03025,0.01615,0.0143));
#7354=CARTESIAN_POINT('',(0.03025,0.01615,0.013298));
#7355=CARTESIAN_POINT('',(0.03025,0.01615,0.0133));
#7356=CARTESIAN_POINT('',(0.03025,0.00215,0.0133));
#7357=CARTESIAN_POINT('',(0.0293863749810379,0.24909320513977,0.00920282168533051));
#7358=CARTESIAN_POINT('',(0.0303588624313093,-0.01135,0.0128938464296667));
#7359=CARTESIAN_POINT('',(0.0303588624313093,-0.01135,0.0128938464296667));
#7360=CARTESIAN_POINT('',(0.0293863749810379,-0.01135,0.00920282168533051));
#7361=CARTESIAN_POINT('',(0.0304658731606842,-0.01135,0.0133));
#7362=CARTESIAN_POINT('',(0.0304658731606842,0.24909320513977,0.0133));
#7363=CARTESIAN_POINT('',(0.0304658731606842,0.01615,0.0133));
#7364=CARTESIAN_POINT('',(0.0293863749810379,0.01615,0.00920282168533051));
#7365=CARTESIAN_POINT('',(0.0289906947566718,0.01615,0.00770103829617504));
#7366=CARTESIAN_POINT('',(0.0289906947566718,-0.01185,0.00770103829617504));
#7367=CARTESIAN_POINT('',(0.0289906947566718,-0.01135,0.00770103829617504));
#7368=CARTESIAN_POINT('',(0.0293863749810379,-0.01135,0.00920282168533051));
#7369=CARTESIAN_POINT('',(0.029041494603088,-0.01135,0.00789384642966669));
#7370=CARTESIAN_POINT('',(0.029041494603088,-0.01135,0.00789384642966669));
#7371=CARTESIAN_POINT('',(0.0293049681687322,-0.01135,0.00889384642966669));
#7372=CARTESIAN_POINT('',(0.0293049681687322,-0.01135,0.00889384642966669));
#7373=CARTESIAN_POINT('',(0.0293863749810379,-0.01135,0.00920282168533051));
#7374=CARTESIAN_POINT('',(0.0295684417343766,-0.01135,0.00989384642966669));
#7375=CARTESIAN_POINT('',(0.0295684417343766,-0.01135,0.00989384642966669));
#7376=CARTESIAN_POINT('',(0.0298319153000208,-0.01135,0.0108938464296667));
#7377=CARTESIAN_POINT('',(0.0298319153000208,-0.01135,0.0108938464296667));
#7378=CARTESIAN_POINT('',(0.0293863749810379,-0.01135,0.00920282168533051));
#7379=CARTESIAN_POINT('',(0.0300953888656651,-0.01135,0.0118938464296667));
#7380=CARTESIAN_POINT('',(0.0300953888656651,-0.01135,0.0118938464296667));
#7381=CARTESIAN_POINT('',(0.019874956217185,0.24909320513977,0.0104507349059571));
#7382=CARTESIAN_POINT('',(0.019874956217185,-0.01135,0.0104507349059571));
#7383=CARTESIAN_POINT('',(0.0201965387156358,-0.01135,0.0128938464296667));
#7384=CARTESIAN_POINT('',(0.0201965387156358,-0.01135,0.0128938464296667));
#7385=CARTESIAN_POINT('',(0.0200649104639863,-0.01135,0.0118938464296667));
#7386=CARTESIAN_POINT('',(0.0200649104639863,-0.01135,0.0118938464296667));
#7387=CARTESIAN_POINT('',(0.019874956217185,-0.01135,0.0104507349059571));
#7388=CARTESIAN_POINT('',(0.0199332822123367,-0.01135,0.0108938464296667));
#7389=CARTESIAN_POINT('',(0.0199332822123367,-0.01135,0.0108938464296667));
#7390=CARTESIAN_POINT('',(0.0199130667203186,0.01615,0.0107402662387518));
#7391=CARTESIAN_POINT('',(0.0199130667203186,0.01615,0.0107402662387518));
#7392=CARTESIAN_POINT('',(0.019874956217185,0.01615,0.0104507349059571));
#7393=CARTESIAN_POINT('',(-0.0193207010771574,0.24909320513977,0.0102488260106742));
#7394=CARTESIAN_POINT('',(-0.0287411104106748,-0.01135,0.00689384642966669));
#7395=CARTESIAN_POINT('',(-0.0287411104106748,-0.01135,0.00689384642966669));
#7396=CARTESIAN_POINT('',(-0.028322598257697,-0.01135,0.00589384642966669));
#7397=CARTESIAN_POINT('',(-0.028322598257697,-0.01135,0.00589384642966669));
#7398=CARTESIAN_POINT('',(-0.0193207010771574,-0.01135,0.0102488260106742));
#7399=CARTESIAN_POINT('',(-0.0277660662964356,-0.01135,0.00489384642966669));
#7400=CARTESIAN_POINT('',(-0.0277660662964356,-0.01135,0.00489384642966669));
#7401=CARTESIAN_POINT('',(-0.0270417265611833,-0.01135,0.00389384642966669));
#7402=CARTESIAN_POINT('',(-0.0270417265611833,-0.01135,0.00389384642966669));
#7403=CARTESIAN_POINT('',(-0.0193207010771574,-0.01135,0.0102488260106742));
#7404=CARTESIAN_POINT('',(-0.0264212674008022,-0.01135,0.00320738028671087));
#7405=CARTESIAN_POINT('',(-0.0264212674008022,-0.01185,0.00320738028671087));
#7406=CARTESIAN_POINT('',(-0.0264212674008022,0.01615,0.00320738028671087));
#7407=CARTESIAN_POINT('',(-0.0193207010771574,0.01615,0.0102488260106742));
#7408=CARTESIAN_POINT('',(-0.0289906947566718,0.01615,0.00770103829617504));
#7409=CARTESIAN_POINT('',(-0.0289906947566718,0.01615,0.00770103829617504));
#7410=CARTESIAN_POINT('',(-0.0289906947566718,-0.01135,0.00770103829617504));
#7411=CARTESIAN_POINT('',(-0.0193207010771574,-0.01135,0.0102488260106742));
#7412=CARTESIAN_POINT('',(0.0193207010771574,0.24909320513977,0.0102488260106742));
#7413=CARTESIAN_POINT('',(0.0277660662964356,-0.01135,0.00489384642966669));
#7414=CARTESIAN_POINT('',(0.0277660662964356,-0.01135,0.00489384642966669));
#7415=CARTESIAN_POINT('',(0.0193207010771574,-0.01135,0.0102488260106742));
#7416=CARTESIAN_POINT('',(0.028322598257697,-0.01135,0.00589384642966669));
#7417=CARTESIAN_POINT('',(0.028322598257697,-0.01135,0.00589384642966669));
#7418=CARTESIAN_POINT('',(0.0287411104106748,-0.01135,0.00689384642966669));
#7419=CARTESIAN_POINT('',(0.0287411104106748,-0.01135,0.00689384642966669));
#7420=CARTESIAN_POINT('',(0.0193207010771574,-0.01135,0.0102488260106742));
#7421=CARTESIAN_POINT('',(0.0193207010771574,0.01615,0.0102488260106742));
#7422=CARTESIAN_POINT('',(0.0193207010771574,-0.01135,0.0102488260106742));
#7423=CARTESIAN_POINT('',(0.0270417265611833,-0.01135,0.00389384642966669));
#7424=CARTESIAN_POINT('',(0.0270417265611833,-0.01135,0.00389384642966669));
#7425=CARTESIAN_POINT('',(0.02525,-0.01185,0.013298));
#7426=CARTESIAN_POINT('',(0.0192722782499423,-0.01185,0.0015967922060318));
#7427=CARTESIAN_POINT('',(0.0202761888593059,-0.01185,0.000893846429666687));
#7428=CARTESIAN_POINT('',(0.0217043368660481,-0.01185,-0.00010615357033331));
#7429=CARTESIAN_POINT('',(-0.0228735282602719,-0.01185,0.000893846429666691));
#7430=CARTESIAN_POINT('',(-0.0228735282602719,-0.01185,-0.00010615357033331));
#7431=CARTESIAN_POINT('',(0.,-0.02035,0.0423));
#7432=CARTESIAN_POINT('',(-0.0034150635094611,-0.0262650635094611,0.0423));
#7433=CARTESIAN_POINT('',(-0.00125005122049857,-0.0275151526677705,0.0422985964139467));
#7434=CARTESIAN_POINT('',(4.87890977618477E-19,-0.0282367513459482,0.0423));
#7435=CARTESIAN_POINT('',(0.,-0.02535,0.0423));
#7436=CARTESIAN_POINT('',(0.00125104410329632,-0.0275146148029946,0.0422992508553573));
#7437=CARTESIAN_POINT('',(0.00125,-0.0275150635094611,0.0423));
#7438=CARTESIAN_POINT('',(0.,-0.02835,0.0423));
#7439=CARTESIAN_POINT('',(0.006,-0.02835,0.0423));
#7440=CARTESIAN_POINT('',(0.012,-0.02835,0.0423));
#7441=CARTESIAN_POINT('',(0.006,-0.02035,0.0423));
#7442=CARTESIAN_POINT('',(0.006,-0.02235,0.0423));
#7443=CARTESIAN_POINT('',(0.,-0.02235,0.0423));
#7444=CARTESIAN_POINT('',(0.012,-0.02235,0.0423));
#7445=CARTESIAN_POINT('',(0.012,-0.02035,0.0423));
#7446=CARTESIAN_POINT('',(0.,-0.02835,0.0423));
#7447=CARTESIAN_POINT('',(-0.012,-0.02835,0.0423));
#7448=CARTESIAN_POINT('',(-0.006,-0.02835,0.0423));
#7449=CARTESIAN_POINT('',(-0.012,-0.02035,0.0423));
#7450=CARTESIAN_POINT('',(-0.012,-0.02235,0.0423));
#7451=CARTESIAN_POINT('',(0.,-0.02235,0.0423));
#7452=CARTESIAN_POINT('',(-0.006,-0.02235,0.0423));
#7453=CARTESIAN_POINT('',(-0.006,-0.02035,0.0423));
#7454=CARTESIAN_POINT('',(-0.014375,-0.02535,0.0423));
#7455=CARTESIAN_POINT('',(-0.01075,-0.03285,0.0423));
#7456=CARTESIAN_POINT('',(-0.018,-0.01785,0.0423));
#7457=CARTESIAN_POINT('',(0.,-0.03285,0.0423));
#7458=CARTESIAN_POINT('',(0.01075,-0.03285,0.0423));
#7459=CARTESIAN_POINT('',(0.014375,-0.02535,0.0423));
#7460=CARTESIAN_POINT('',(0.018,-0.01785,0.0423));
#7461=CARTESIAN_POINT('',(-0.017502,-0.01785,0.0423));
#7462=CARTESIAN_POINT('',(-0.017502,0.04015,0.0393));
#7463=CARTESIAN_POINT('',(0.0164858319739404,-0.0187186518179787,0.0393));
#7464=CARTESIAN_POINT('',(0.00125005725761619,-0.0275151631764769,0.0392995948590833));
#7465=CARTESIAN_POINT('',(5.42101086242752E-20,-0.0282367513459482,0.0393));
#7466=CARTESIAN_POINT('',(0.,-0.02535,0.0393));
#7467=CARTESIAN_POINT('',(-0.00125134055150367,-0.0275144874147399,0.0392999633660803));
#7468=CARTESIAN_POINT('',(-0.00125,-0.0275150635094611,0.0393));
#7469=CARTESIAN_POINT('',(0.0183608319739404,-0.0219662470821704,0.0393));
#7470=CARTESIAN_POINT('',(0.00987503888012077,-0.0268656122893406,0.0392995681627821));
#7471=CARTESIAN_POINT('',(0.009,-0.0273707259421637,0.0393));
#7472=CARTESIAN_POINT('',(0.009,-0.02535,0.0393));
#7473=CARTESIAN_POINT('',(0.00812409654089779,-0.0268651507600785,0.0392999069733115));
#7474=CARTESIAN_POINT('',(0.008125,-0.0268655444566228,0.0393));
#7475=CARTESIAN_POINT('',(0.0138608319739404,-0.0141720184481104,0.0393));
#7476=CARTESIAN_POINT('',(-0.00812496111987923,-0.0268656122893406,0.0392995681627821));
#7477=CARTESIAN_POINT('',(-0.009,-0.0273707259421637,0.0393));
#7478=CARTESIAN_POINT('',(-0.009,-0.02535,0.0393));
#7479=CARTESIAN_POINT('',(-0.00987590345910221,-0.0268651507600785,0.0392999069733115));
#7480=CARTESIAN_POINT('',(-0.009875,-0.0268655444566228,0.0393));
#7481=CARTESIAN_POINT('',(0.014375,-0.02535,0.0393));
#7482=CARTESIAN_POINT('',(0.01075,-0.03285,0.0393));
#7483=CARTESIAN_POINT('',(0.018,-0.01785,0.0393));
#7484=CARTESIAN_POINT('',(0.,-0.03285,0.0393));
#7485=CARTESIAN_POINT('',(-0.01075,-0.03285,0.0393));
#7486=CARTESIAN_POINT('',(-0.014375,-0.02535,0.0393));
#7487=CARTESIAN_POINT('',(-0.018,-0.01785,0.0393));
#7488=CARTESIAN_POINT('',(-0.017502,-0.01785,0.0393));
#7489=CARTESIAN_POINT('',(-0.01445,-0.01785,0.0393));
#7490=CARTESIAN_POINT('',(-0.01445,-0.00785,0.0393));
#7491=CARTESIAN_POINT('',(-0.01445,-0.00785,0.0393));
#7492=CARTESIAN_POINT('',(-0.0095,-0.00785,0.0393));
#7493=CARTESIAN_POINT('',(0.01095,-0.00785,0.0393));
#7494=CARTESIAN_POINT('',(0.01095,-0.00785,0.0393));
#7495=CARTESIAN_POINT('',(0.01095,-0.01785,0.0393));
#7496=CARTESIAN_POINT('',(-0.017502,-0.01785,0.0393));
#7497=CARTESIAN_POINT('',(0.02575,0.0279,0.013298));
#7498=CARTESIAN_POINT('',(0.02225,0.0314,0.0414674128862348));
#7499=CARTESIAN_POINT('',(0.0145,0.03915,0.0414674128862348));
#7500=CARTESIAN_POINT('',(0.02575,0.0279,0.0133));
#7501=CARTESIAN_POINT('',(0.01625,0.0374,0.0133));
#7502=CARTESIAN_POINT('',(0.0205,0.03315,0.0133));
#7503=CARTESIAN_POINT('',(0.01625,0.0374,0.0206480256227429));
#7504=CARTESIAN_POINT('',(0.01625,0.0374,0.0279960512454858));
#7505=CARTESIAN_POINT('',(0.0153768540273626,0.0382731459726375,0.0287490988959264));
#7506=CARTESIAN_POINT('',(0.0135,0.04015,0.0303677978990908));
#7507=CARTESIAN_POINT('',(0.0135,0.04015,0.0752194128862348));
#7508=CARTESIAN_POINT('',(0.0135,0.04015,0.0752174128862348));
#7509=CARTESIAN_POINT('',(0.01675,0.0369,0.0752174128862348));
#7510=CARTESIAN_POINT('',(0.02,0.03365,0.0752174128862348));
#7511=CARTESIAN_POINT('',(0.02,0.03365,0.0752194128862348));
#7512=CARTESIAN_POINT('',(0.02,0.03365,0.0608));
#7513=CARTESIAN_POINT('',(0.0396673333333334,0.0139826666666666,0.0411326666666666));
#7514=CARTESIAN_POINT('',(0.023,0.03065,0.0578));
#7515=CARTESIAN_POINT('',(0.02575,0.0279,0.0578));
#7516=CARTESIAN_POINT('',(0.0315,0.02215,0.0578));
#7517=CARTESIAN_POINT('',(0.0315,0.02215,0.03555));
#7518=CARTESIAN_POINT('',(0.0315,0.02215,0.0133));
#7519=CARTESIAN_POINT('',(0.0307985494170224,0.0228514505829776,0.0106376813675316));
#7520=CARTESIAN_POINT('',(0.0292067486979786,0.0244432513020214,0.0045960858277612));
#7521=CARTESIAN_POINT('',(0.0298237734083203,0.0238262265916797,0.00521829113202119));
#7522=CARTESIAN_POINT('',(0.0292053373599679,0.0244446626400321,0.00459466264003206));
#7523=CARTESIAN_POINT('',(0.0240006666666667,0.0296493333333334,0.00979933333333331));
#7524=CARTESIAN_POINT('',(0.02525,0.0284,0.0253));
#7525=CARTESIAN_POINT('',(0.03025,0.0234,0.0253));
#7526=CARTESIAN_POINT('',(0.0156893398282202,0.0379606601717798,0.0542174128862348));
#7527=CARTESIAN_POINT('',(0.0188713203435596,0.0347786796564404,0.0542174128862348));
#7528=CARTESIAN_POINT('',(0.0146286796564404,0.0390213203435596,0.0542174128862348));
#7529=CARTESIAN_POINT('',(0.0146286796564404,0.0390213203435596,0.0512174128862348));
#7530=CARTESIAN_POINT('',(0.0146286796564404,0.0390213203435596,0.0512174128862348));
#7531=CARTESIAN_POINT('',(0.0156893398282202,0.0379606601717798,0.0512174128862348));
#7532=CARTESIAN_POINT('',(0.0188713203435596,0.0347786796564404,0.0512174128862348));
#7533=CARTESIAN_POINT('',(0.0188713203435596,0.0347786796564404,0.0512174128862348));
#7534=CARTESIAN_POINT('',(-0.01125,0.0314,-0.002002));
#7535=CARTESIAN_POINT('',(-0.00968390417751181,0.0329684683781988,0.0690886517193648));
#7536=CARTESIAN_POINT('',(-0.00903309223703787,0.031399731312833,0.0688880693588717));
#7537=CARTESIAN_POINT('',(-0.00968372687433672,0.0298326063704691,0.0690884855581734));
#7538=CARTESIAN_POINT('',(-0.0112476945046186,0.0291835863299703,0.0692818987467586));
#7539=CARTESIAN_POINT('',(-0.0128179625471468,0.0298330506737941,0.0690883961620995));
#7540=CARTESIAN_POINT('',(-0.0134658027627069,0.0313989956828032,0.0688882336201348));
#7541=CARTESIAN_POINT('',(-0.0128188252967998,0.0329658163121694,0.0690880843656052));
#7542=CARTESIAN_POINT('',(-0.0112507642713483,0.0336164284786134,0.0692819352180982));
#7543=CARTESIAN_POINT('',(-0.00968390417751181,0.0329684683781988,0.0690886517193648));
#7544=CARTESIAN_POINT('',(-0.00903309223703787,0.031399731312833,0.0688880693588717));
#7545=CARTESIAN_POINT('',(-0.00968372687433672,0.0298326063704691,0.0690884855581734));
#7546=CARTESIAN_POINT('',(-0.00925,0.0314,0.0689549024521708));
#7547=CARTESIAN_POINT('',(-0.01125,0.0314,0.0712174128862348));
#7548=CARTESIAN_POINT('',(-0.00925,0.0314,0.0712174128862348));
#7549=CARTESIAN_POINT('',(0.01125,0.0314,-0.002002));
#7550=CARTESIAN_POINT('',(0.0128158716542651,0.032968700053578,0.0490881357337748));
#7551=CARTESIAN_POINT('',(0.0134670227953677,0.0313997298487737,0.0492820096600011));
#7552=CARTESIAN_POINT('',(0.0128160371642643,0.0298323805513272,0.0490883029436295));
#7553=CARTESIAN_POINT('',(0.011252341291864,0.0291836983102967,0.0488881796287795));
#7554=CARTESIAN_POINT('',(0.00968224686679033,0.029832828645413,0.049088393905477));
#7555=CARTESIAN_POINT('',(0.00903408694182085,0.0313990087159887,0.0492818446603302));
#7556=CARTESIAN_POINT('',(0.00968140644901347,0.0329660380504526,0.0490887044911045));
#7557=CARTESIAN_POINT('',(0.0112492045114706,0.0336163151109147,0.0488881437190188));
#7558=CARTESIAN_POINT('',(0.0128158716542651,0.032968700053578,0.0490881357337748));
#7559=CARTESIAN_POINT('',(0.0134670227953677,0.0313997298487737,0.0492820096600011));
#7560=CARTESIAN_POINT('',(0.0128160371642643,0.0298323805513272,0.0490883029436295));
#7561=CARTESIAN_POINT('',(0.01325,0.0314,0.0492174128862348));
#7562=CARTESIAN_POINT('',(0.01125,0.0314,0.0512174128862348));
#7563=CARTESIAN_POINT('',(0.01325,0.0314,0.0512174128862348));
#7564=CARTESIAN_POINT('',(0.01125,0.0314,-0.002002));
#7565=CARTESIAN_POINT('',(0.01125,0.0314,0.0542174128862348));
#7566=CARTESIAN_POINT('',(0.01325,0.0314,0.0542174128862348));
#7567=CARTESIAN_POINT('',(0.01125,0.0314,0.0552174128862348));
#7568=CARTESIAN_POINT('',(0.01325,0.0314,0.0552174128862348));
#7569=CARTESIAN_POINT('',(0.01095,-0.00785,0.02455));
#7570=CARTESIAN_POINT('',(0.01095,-0.00785,0.02455));
#7571=CARTESIAN_POINT('',(0.01095,-0.00785,0.0338));
#7572=CARTESIAN_POINT('',(0.01095,-0.00785,0.0143));
#7573=CARTESIAN_POINT('',(0.01095,-0.00785,0.0143));
#7574=CARTESIAN_POINT('',(0.01095,-0.01785,0.0143));
#7575=CARTESIAN_POINT('',(0.01095,-0.01785,0.02455));
#7576=CARTESIAN_POINT('',(0.01095,-0.00785,0.02455));
#7577=CARTESIAN_POINT('',(-0.01445,-0.00785,0.02455));
#7578=CARTESIAN_POINT('',(-0.01445,-0.00785,0.0143));
#7579=CARTESIAN_POINT('',(-0.01445,-0.00785,0.0143));
#7580=CARTESIAN_POINT('',(-0.01445,-0.01785,0.0143));
#7581=CARTESIAN_POINT('',(-0.01445,-0.00785,0.02455));
#7582=CARTESIAN_POINT('',(-0.01445,-0.00785,0.0338));
#7583=CARTESIAN_POINT('',(-0.01445,-0.00785,0.02455));
#7584=CARTESIAN_POINT('',(-0.01445,-0.01785,0.02455));
#7585=CARTESIAN_POINT('',(0.009,-0.02535,0.0423));
#7586=CARTESIAN_POINT('',(0.009875,-0.0268655444566228,0.041297));
#7587=CARTESIAN_POINT('',(0.00987568568615508,-0.0268652456582243,0.0412990650614768));
#7588=CARTESIAN_POINT('',(0.009,-0.02535,0.0413));
#7589=CARTESIAN_POINT('',(0.00812496421649075,-0.0268656068867721,0.0412985687328732));
#7590=CARTESIAN_POINT('',(0.008125,-0.0268655444566228,0.041297));
#7591=CARTESIAN_POINT('',(-0.009,-0.02535,0.0423));
#7592=CARTESIAN_POINT('',(-0.008125,-0.0268655444566228,0.041297));
#7593=CARTESIAN_POINT('',(-0.00812431431384506,-0.0268652456582243,0.0412990650614767));
#7594=CARTESIAN_POINT('',(-0.009,-0.02535,0.0413));
#7595=CARTESIAN_POINT('',(-0.00987503578350925,-0.0268656068867721,0.0412985687328732));
#7596=CARTESIAN_POINT('',(-0.009875,-0.0268655444566228,0.041297));
#7597=CARTESIAN_POINT('',(0.02,0.04015,0.0278));
#7598=CARTESIAN_POINT('',(0.02,0.00612556264708979,0.0474440180647283));
#7599=CARTESIAN_POINT('',(0.0200003920877885,0.00081006045159823,0.038237566932268));
#7600=CARTESIAN_POINT('',(0.02,-1.97640478403505E-5,0.0368));
#7601=CARTESIAN_POINT('',(0.02,0.0033,0.0368));
#7602=CARTESIAN_POINT('',(0.0200000187757352,0.000810844139876972,0.0353609406503209));
#7603=CARTESIAN_POINT('',(0.02,0.000810176964119738,0.0353625));
#7604=CARTESIAN_POINT('',(0.02,0.02215,0.0143));
#7605=CARTESIAN_POINT('',(0.02,0.02215,0.0143));
#7606=CARTESIAN_POINT('',(0.02,-0.01785,0.0143));
#7607=CARTESIAN_POINT('',(0.02,0.02215,0.013298));
#7608=CARTESIAN_POINT('',(0.02,0.02215,0.0548));
#7609=CARTESIAN_POINT('',(0.02,0.02215,0.0548));
#7610=CARTESIAN_POINT('',(0.02,-0.01785,0.0548));
#7611=CARTESIAN_POINT('',(0.02,-0.01785,0.0278));
#7612=CARTESIAN_POINT('',(0.02,-0.01785,0.0268));
#7613=CARTESIAN_POINT('',(0.02,-0.01785,0.0278));
#7614=CARTESIAN_POINT('',(0.02,0.000650562647089785,0.0506050107885415));
#7615=CARTESIAN_POINT('',(0.0200003920877883,-0.00648993954840209,0.0382375669322682));
#7616=CARTESIAN_POINT('',(0.02,-0.00731976404784035,0.0368));
#7617=CARTESIAN_POINT('',(0.02,-0.004,0.0368));
#7618=CARTESIAN_POINT('',(0.0200000187757352,-0.00648915586012302,0.0353609406503209));
#7619=CARTESIAN_POINT('',(0.02,-0.00648982303588026,0.0353625));
#7620=CARTESIAN_POINT('',(0.00395,0.04015,0.03705));
#7621=CARTESIAN_POINT('',(0.00395,-0.004,0.0368));
#7622=CARTESIAN_POINT('',(0.00395,-0.0062,0.0349491555981121));
#7623=CARTESIAN_POINT('',(0.00395,-0.0062,0.038650844401888));
#7624=CARTESIAN_POINT('',(0.00395,-0.0062,0.03705));
#7625=CARTESIAN_POINT('',(0.00395,-0.0062,0.0403));
#7626=CARTESIAN_POINT('',(0.00395,0.04015,0.0403));
#7627=CARTESIAN_POINT('',(0.00395,0.0062,0.0403));
#7628=CARTESIAN_POINT('',(0.00395,0.0062,0.03705));
#7629=CARTESIAN_POINT('',(0.00395,0.0062,0.0338));
#7630=CARTESIAN_POINT('',(0.00395,0.04015,0.0338));
#7631=CARTESIAN_POINT('',(0.00395,-0.0062,0.0338));
#7632=CARTESIAN_POINT('',(0.00395,-0.0062,0.03705));
#7633=CARTESIAN_POINT('',(0.00395,0.00991442378864669,0.0195934819352717));
#7634=CARTESIAN_POINT('',(0.00395138978189376,0.00081007409254261,0.0353624409039427));
#7635=CARTESIAN_POINT('',(0.00395,-1.97640478403488E-5,0.0368));
#7636=CARTESIAN_POINT('',(0.00395,0.0033,0.0368));
#7637=CARTESIAN_POINT('',(0.00395066720010941,0.000810705727491101,0.0382387358225575));
#7638=CARTESIAN_POINT('',(0.00395,0.000810176964119738,0.0382375));
#7639=CARTESIAN_POINT('',(-0.003748,-0.004,0.0368));
#7640=CARTESIAN_POINT('',(-0.009503,-0.00551554445662277,0.035925));
#7641=CARTESIAN_POINT('',(-0.00950093487844188,-0.00551524559911595,0.0359243142065732));
#7642=CARTESIAN_POINT('',(-0.0200004318372177,-0.00551561228934074,0.0359249611198791));
#7643=CARTESIAN_POINT('',(-0.0095,-0.004,0.0368));
#7644=CARTESIAN_POINT('',(-0.00950143126712676,-0.00551560688677219,0.0376750357835093));
#7645=CARTESIAN_POINT('',(-0.009503,-0.00551554445662277,0.037675));
#7646=CARTESIAN_POINT('',(-0.020000093026688,-0.00551515076007741,0.0376759034591053));
#7647=CARTESIAN_POINT('',(-0.02,-0.004,0.0368));
#7648=CARTESIAN_POINT('',(-0.003748,0.0033,0.0368));
#7649=CARTESIAN_POINT('',(-0.009503,0.00178445554337723,0.035925));
#7650=CARTESIAN_POINT('',(-0.00950093487844192,0.0017847544008841,0.0359243142065732));
#7651=CARTESIAN_POINT('',(-0.0200004318372177,0.00178438771065926,0.0359249611198791));
#7652=CARTESIAN_POINT('',(-0.0095,0.0033,0.0368));
#7653=CARTESIAN_POINT('',(-0.00950143126712671,0.00178439311322777,0.0376750357835093));
#7654=CARTESIAN_POINT('',(-0.009503,0.00178445554337723,0.037675));
#7655=CARTESIAN_POINT('',(-0.0200000930266879,0.00178484923992239,0.0376759034591055));
#7656=CARTESIAN_POINT('',(-0.02,0.0033,0.0368));
#7657=CARTESIAN_POINT('',(-0.0095,0.01365,0.0278));
#7658=CARTESIAN_POINT('',(-0.0095,0.0033,0.03405));
#7659=CARTESIAN_POINT('',(-0.0095,0.00055,0.03405));
#7660=CARTESIAN_POINT('',(-0.0095,0.00605,0.03405));
#7661=CARTESIAN_POINT('',(-0.0095,0.00605,0.0368));
#7662=CARTESIAN_POINT('',(-0.0095,0.00605,0.03955));
#7663=CARTESIAN_POINT('',(-0.0095,0.0033,0.03955));
#7664=CARTESIAN_POINT('',(-0.0095,0.00055,0.03955));
#7665=CARTESIAN_POINT('',(-0.0095,0.00055,0.0368));
#7666=CARTESIAN_POINT('',(-0.0095,0.000474841226347255,0.0354066814645844));
#7667=CARTESIAN_POINT('',(-0.0095,0.00127927405783631,0.0368));
#7668=CARTESIAN_POINT('',(-0.0095,0.00178445554337723,0.035925));
#7669=CARTESIAN_POINT('',(-0.0095,0.01365,0.0278));
#7670=CARTESIAN_POINT('',(-0.0095,-0.00125,0.0368));
#7671=CARTESIAN_POINT('',(-0.0095,-0.00125,0.03405));
#7672=CARTESIAN_POINT('',(-0.0095,-0.00125,0.03955));
#7673=CARTESIAN_POINT('',(-0.0095,-0.004,0.03955));
#7674=CARTESIAN_POINT('',(-0.0095,-0.00675,0.03955));
#7675=CARTESIAN_POINT('',(-0.0095,-0.00675,0.0368));
#7676=CARTESIAN_POINT('',(-0.0095,-0.00675,0.03405));
#7677=CARTESIAN_POINT('',(-0.0095,-0.004,0.03405));
#7678=CARTESIAN_POINT('',(-0.0095,-0.00500015877365274,0.0385676741883977));
#7679=CARTESIAN_POINT('',(-0.0095,-0.00602072594216369,0.0368));
#7680=CARTESIAN_POINT('',(-0.0095,-0.00551554445662277,0.035925));
#7681=CARTESIAN_POINT('',(0.003748,0.0033,0.0368));
#7682=CARTESIAN_POINT('',(0.003953,0.000810176964119739,0.0382375));
#7683=CARTESIAN_POINT('',(0.003953,0.000810176964119739,0.0353625));
#7684=CARTESIAN_POINT('',(0.003748,-0.004,0.0368));
#7685=CARTESIAN_POINT('',(-0.003747,-0.00648982303588026,0.0382375));
#7686=CARTESIAN_POINT('',(-0.00374862489293789,-0.00648987205691376,0.0382375860820399));
#7687=CARTESIAN_POINT('',(-0.00375,-0.004,0.0368));
#7688=CARTESIAN_POINT('',(-0.00375,-0.0062,0.038650844401888));
#7689=CARTESIAN_POINT('',(-0.003752,-0.0062,0.038650844401888));
#7690=CARTESIAN_POINT('',(-0.003752,-0.0062,0.0349491555981121));
#7691=CARTESIAN_POINT('',(-0.00375,-0.0062,0.0349491555981121));
#7692=CARTESIAN_POINT('',(-0.00375,-0.004,0.0368));
#7693=CARTESIAN_POINT('',(-0.00374861067518299,-0.0064899182392177,0.0353624699832037));
#7694=CARTESIAN_POINT('',(-0.003747,-0.00648982303588026,0.0353625));
#7695=CARTESIAN_POINT('',(0.,-0.02535,0.0423));
#7696=CARTESIAN_POINT('',(0.00125,-0.0275150635094611,0.042297));
#7697=CARTESIAN_POINT('',(-0.00125,-0.0275150635094611,0.042297));
#7698=CARTESIAN_POINT('',(0.02175,1.07156594925393E-19,0.0672174128862348));
#7699=CARTESIAN_POINT('',(0.020875,-0.00151554445662277,0.0732204128862348));
#7700=CARTESIAN_POINT('',(0.0208743143138454,-0.00151524565822453,0.0732183478247584));
#7701=CARTESIAN_POINT('',(0.0208749611198792,-0.0015156122893407,0.0752178447234526));
#7702=CARTESIAN_POINT('',(0.02175,1.07156594925393E-19,0.0732174128862348));
#7703=CARTESIAN_POINT('',(0.0226250357835093,-0.00151560688677221,0.0732188441533616));
#7704=CARTESIAN_POINT('',(0.022625,-0.00151554445662277,0.0732204128862348));
#7705=CARTESIAN_POINT('',(0.0226259034591052,-0.00151515076007743,0.0752175059129228));
#7706=CARTESIAN_POINT('',(0.02175,1.07156594925393E-19,0.0752174128862348));
#7707=CARTESIAN_POINT('',(-0.017502,0.01115,0.0752174128862348));
#7708=CARTESIAN_POINT('',(0.01125,0.0314,0.0752174128862348));
#7709=CARTESIAN_POINT('',(0.01425,0.0314,0.0752174128862348));
#7710=CARTESIAN_POINT('',(-0.01125,0.0314,0.0752174128862348));
#7711=CARTESIAN_POINT('',(-0.00925,0.0314,0.0752174128862348));
#7712=CARTESIAN_POINT('',(-0.0133920916260982,0.0182685701180506,0.0752174128862348));
#7713=CARTESIAN_POINT('',(0.02175,-0.00202072594216369,0.0752174128862348));
#7714=CARTESIAN_POINT('',(0.022625,-0.00151554445662277,0.0752174128862348));
#7715=CARTESIAN_POINT('',(0.,1.53080849893419E-19,0.0752174128862348));
#7716=CARTESIAN_POINT('',(0.0025,1.53080849893419E-19,0.0752174128862348));
#7717=CARTESIAN_POINT('',(-0.017502,-0.01785,0.0752174128862348));
#7718=CARTESIAN_POINT('',(-0.0182573593128807,-0.01785,0.0752174128862348));
#7719=CARTESIAN_POINT('',(0.0182573593128807,-0.01785,0.0752174128862348));
#7720=CARTESIAN_POINT('',(0.0226286796564403,-0.0134786796564404,0.0752174128862348));
#7721=CARTESIAN_POINT('',(0.02475,-0.0113573593128807,0.0752174128862348));
#7722=CARTESIAN_POINT('',(0.02475,-0.007425,0.0752174128862348));
#7723=CARTESIAN_POINT('',(0.02475,0.003,0.0752174128862348));
#7724=CARTESIAN_POINT('',(0.022375,0.005375,0.0752174128862348));
#7725=CARTESIAN_POINT('',(0.02,0.00775,0.0752174128862348));
#7726=CARTESIAN_POINT('',(0.02,0.01115,0.0752174128862348));
#7727=CARTESIAN_POINT('',(-0.017502,0.04015,0.0752174128862348));
#7728=CARTESIAN_POINT('',(-0.0135,0.04015,0.0752174128862348));
#7729=CARTESIAN_POINT('',(-0.01675,0.0369,0.0752174128862348));
#7730=CARTESIAN_POINT('',(-0.02,0.03365,0.0752174128862348));
#7731=CARTESIAN_POINT('',(-0.02,0.01115,0.0752174128862348));
#7732=CARTESIAN_POINT('',(-0.02,0.00775,0.0752174128862348));
#7733=CARTESIAN_POINT('',(-0.022375,0.005375,0.0752174128862348));
#7734=CARTESIAN_POINT('',(-0.02475,0.003,0.0752174128862348));
#7735=CARTESIAN_POINT('',(-0.02475,-0.007425,0.0752174128862348));
#7736=CARTESIAN_POINT('',(-0.02475,-0.0113573593128807,0.0752174128862348));
#7737=CARTESIAN_POINT('',(-0.0203786796564404,-0.0157286796564404,0.0752174128862348));
#7738=CARTESIAN_POINT('',(-0.0242670916260982,-0.000567482414260905,0.0752174128862348));
#7739=CARTESIAN_POINT('',(-0.0226250389511839,-0.00151561224836228,0.0752178447234499));
#7740=CARTESIAN_POINT('',(-0.02175,-0.00202072594216369,0.0752174128862348));
#7741=CARTESIAN_POINT('',(-0.02175,1.07156594925393E-19,0.0752174128862348));
#7742=CARTESIAN_POINT('',(-0.0208740965219178,-0.00151515074328005,0.0752175059543413));
#7743=CARTESIAN_POINT('',(-0.020875,-0.00151554445662277,0.0752174128862348));
#7744=CARTESIAN_POINT('',(-0.02175,1.07156594925393E-19,0.0672174128862348));
#7745=CARTESIAN_POINT('',(-0.022625,-0.00151554445662277,0.0732204128862348));
#7746=CARTESIAN_POINT('',(-0.0226256857938584,-0.00151524559877665,0.0732183477649984));
#7747=CARTESIAN_POINT('',(-0.02175,1.07156594925393E-19,0.0732174128862348));
#7748=CARTESIAN_POINT('',(-0.0208749642165206,-0.00151560688674423,0.0732188441533615));
#7749=CARTESIAN_POINT('',(-0.020875,-0.00151554445662277,0.0732204128862348));
#7750=CARTESIAN_POINT('',(-0.01875,-1.3010426069826E-18,0.0732174128862348));
#7751=CARTESIAN_POINT('',(-0.02475,-1.3010426069826E-18,0.0732174128862348));
#7752=CARTESIAN_POINT('',(-0.02475,-0.003,0.0732174128862348));
#7753=CARTESIAN_POINT('',(-0.02475,0.003,0.0732174128862348));
#7754=CARTESIAN_POINT('',(-0.01875,0.003,0.0732174128862348));
#7755=CARTESIAN_POINT('',(-0.01875,0.003,0.0732174128862348));
#7756=CARTESIAN_POINT('',(-0.01875,-1.3010426069826E-18,0.0732174128862348));
#7757=CARTESIAN_POINT('',(-0.01875,-0.003,0.0732174128862348));
#7758=CARTESIAN_POINT('',(-0.01875,-0.003,0.0732174128862348));
#7759=CARTESIAN_POINT('',(-0.018625,-0.000216506350946107,0.0732174128862348));
#7760=CARTESIAN_POINT('',(-0.02175,-0.00202072594216369,0.0732174128862348));
#7761=CARTESIAN_POINT('',(-0.022625,-0.00151554445662277,0.0732174128862348));
#7762=CARTESIAN_POINT('',(-0.02175,1.07156594925393E-19,0.0672174128862348));
#7763=CARTESIAN_POINT('',(-0.022625,-0.00151554445662277,0.0672204128862348));
#7764=CARTESIAN_POINT('',(-0.0226256857934261,-0.0015152455991163,0.0672183477646772));
#7765=CARTESIAN_POINT('',(-0.0226250389512162,-0.00151561224839262,0.0702178447234505));
#7766=CARTESIAN_POINT('',(-0.02175,1.07156594925393E-19,0.0672174128862348));
#7767=CARTESIAN_POINT('',(-0.0208744355063127,-0.00151532447878444,0.0672184163114546));
#7768=CARTESIAN_POINT('',(-0.020875,-0.00151554445662277,0.0672204128862348));
#7769=CARTESIAN_POINT('',(-0.0208740965412239,-0.00151515076042025,0.0702175059125411));
#7770=CARTESIAN_POINT('',(-0.02175,1.07156594925393E-19,0.0702174128862348));
#7771=CARTESIAN_POINT('',(0.01875,-1.3010426069826E-18,0.0702174128862348));
#7772=CARTESIAN_POINT('',(0.02475,-1.3010426069826E-18,0.0702174128862348));
#7773=CARTESIAN_POINT('',(0.02475,-0.003,0.0702174128862348));
#7774=CARTESIAN_POINT('',(0.02475,0.003,0.0702174128862348));
#7775=CARTESIAN_POINT('',(0.01875,0.003,0.0702174128862348));
#7776=CARTESIAN_POINT('',(0.01875,0.003,0.0702174128862348));
#7777=CARTESIAN_POINT('',(0.01875,-1.3010426069826E-18,0.0702174128862348));
#7778=CARTESIAN_POINT('',(0.01875,-0.003,0.0702174128862348));
#7779=CARTESIAN_POINT('',(0.01875,-0.003,0.0702174128862348));
#7780=CARTESIAN_POINT('',(0.018625,-0.000216506350946111,0.0702174128862348));
#7781=CARTESIAN_POINT('',(0.0208749610488161,-0.00151561224836235,0.0702178447234498));
#7782=CARTESIAN_POINT('',(0.02175,-0.00202072594216369,0.0702174128862348));
#7783=CARTESIAN_POINT('',(0.02175,1.07156594925393E-19,0.0702174128862348));
#7784=CARTESIAN_POINT('',(0.0226259036131343,-0.00151515066814007,0.0702175059342623));
#7785=CARTESIAN_POINT('',(0.022625,-0.00151554445662277,0.0702174128862348));
#7786=CARTESIAN_POINT('',(0.02175,1.07156594925393E-19,0.0672174128862348));
#7787=CARTESIAN_POINT('',(0.020875,-0.00151554445662277,0.0672204128862348));
#7788=CARTESIAN_POINT('',(0.020874314206574,-0.00151524559911627,0.0672183477646772));
#7789=CARTESIAN_POINT('',(0.02175,1.07156594925393E-19,0.0672174128862348));
#7790=CARTESIAN_POINT('',(0.0226255644936878,-0.0015153244787842,0.0672184163114543));
#7791=CARTESIAN_POINT('',(0.022625,-0.00151554445662277,0.0672204128862348));
#7792=CARTESIAN_POINT('',(0.02475,-0.007425,0.057798));
#7793=CARTESIAN_POINT('',(0.02475,-0.0179389062085871,0.0705635564455835));
#7794=CARTESIAN_POINT('',(0.02475,-0.0156,0.0722174128862348));
#7795=CARTESIAN_POINT('',(0.02475,-0.0156,0.0578));
#7796=CARTESIAN_POINT('',(0.02475,-0.0156,0.0578));
#7797=CARTESIAN_POINT('',(0.02475,-0.007425,0.0578));
#7798=CARTESIAN_POINT('',(0.02475,0.003,0.0578));
#7799=CARTESIAN_POINT('',(0.02475,0.003,0.057798));
#7800=CARTESIAN_POINT('',(0.02475,-0.003,0.0717174128862348));
#7801=CARTESIAN_POINT('',(0.02475,-0.003,0.0732174128862348));
#7802=CARTESIAN_POINT('',(0.02475,-1.3010426069826E-18,0.0732174128862348));
#7803=CARTESIAN_POINT('',(0.02475,0.003,0.0732174128862348));
#7804=CARTESIAN_POINT('',(0.02475,0.003,0.057798));
#7805=CARTESIAN_POINT('',(-0.02475,-0.007425,0.057798));
#7806=CARTESIAN_POINT('',(-0.02475,-0.0156,0.057798));
#7807=CARTESIAN_POINT('',(-0.02475,-0.0156,0.0578));
#7808=CARTESIAN_POINT('',(-0.02475,-0.0156,0.0722174128862348));
#7809=CARTESIAN_POINT('',(-0.02475,-0.0169473764217236,0.0712646738816232));
#7810=CARTESIAN_POINT('',(-0.02475,0.003,0.057798));
#7811=CARTESIAN_POINT('',(-0.02475,-0.003,0.0717174128862348));
#7812=CARTESIAN_POINT('',(-0.02475,-0.003,0.0702174128862348));
#7813=CARTESIAN_POINT('',(-0.02475,-1.3010426069826E-18,0.0702174128862348));
#7814=CARTESIAN_POINT('',(-0.02475,0.003,0.0702174128862348));
#7815=CARTESIAN_POINT('',(-0.02475,0.003,0.057798));
#7816=CARTESIAN_POINT('',(-0.02475,0.003,0.0578));
#7817=CARTESIAN_POINT('',(-0.02475,-0.007425,0.0578));
#7818=CARTESIAN_POINT('',(0.02,0.04015,0.0278));
#7819=CARTESIAN_POINT('',(0.02,0.00775,0.057798));
#7820=CARTESIAN_POINT('',(0.02,0.00775,0.0608));
#7821=CARTESIAN_POINT('',(0.02,0.03365,0.0608));
#7822=CARTESIAN_POINT('',(-0.02,0.04015,0.0278));
#7823=CARTESIAN_POINT('',(-0.02,0.03365,0.0752194128862348));
#7824=CARTESIAN_POINT('',(-0.02,0.03365,0.0608));
#7825=CARTESIAN_POINT('',(-0.02,0.04015,0.0608));
#7826=CARTESIAN_POINT('',(-0.02,0.00775,0.0608));
#7827=CARTESIAN_POINT('',(-0.02,0.00775,0.057798));
#7828=CARTESIAN_POINT('',(-0.02575,0.02215,0.0578));
#7829=CARTESIAN_POINT('',(-0.022375,0.005375,0.0578));
#7830=CARTESIAN_POINT('',(-0.023,0.00475,0.0578));
#7831=CARTESIAN_POINT('',(-0.023,0.02215,0.0578));
#7832=CARTESIAN_POINT('',(-0.023,0.03065,0.0578));
#7833=CARTESIAN_POINT('',(-0.02575,0.0279,0.0578));
#7834=CARTESIAN_POINT('',(-0.0315,0.02215,0.0578));
#7835=CARTESIAN_POINT('',(-0.0315,0.02215,0.0578));
#7836=CARTESIAN_POINT('',(-0.0315,-0.01685,0.0578));
#7837=CARTESIAN_POINT('',(-0.0225,-0.01685,0.0578));
#7838=CARTESIAN_POINT('',(-0.0235,-0.01685,0.0578));
#7839=CARTESIAN_POINT('',(-0.044125,0.00377499999999994,0.0578));
#7840=CARTESIAN_POINT('',(-0.016375,0.04015,0.0133));
#7841=CARTESIAN_POINT('',(-0.030875,-0.01135,0.0133));
#7842=CARTESIAN_POINT('',(-0.0304658731606842,-0.01135,0.0133));
#7843=CARTESIAN_POINT('',(-0.03025,-0.01135,0.0133));
#7844=CARTESIAN_POINT('',(-0.0304658731606842,0.24909320513977,0.0133));
#7845=CARTESIAN_POINT('',(-0.0304658731606842,0.01615,0.0133));
#7846=CARTESIAN_POINT('',(-0.030875,0.01615,0.0133));
#7847=CARTESIAN_POINT('',(-0.03025,0.01615,0.0133));
#7848=CARTESIAN_POINT('',(-0.03025,0.00215,0.0133));
#7849=CARTESIAN_POINT('',(-0.016375,0.04015,0.0133));
#7850=CARTESIAN_POINT('',(0.030875,-0.01135,0.0133));
#7851=CARTESIAN_POINT('',(0.030875,0.01615,0.0133));
#7852=CARTESIAN_POINT('',(-0.03025,0.00215,0.013298));
#7853=CARTESIAN_POINT('',(-0.03025,-0.01135,0.0138938464296667));
#7854=CARTESIAN_POINT('',(-0.03025,-0.01135,0.0138938464296667));
#7855=CARTESIAN_POINT('',(-0.03025,-0.01135,0.013298));
#7856=CARTESIAN_POINT('',(-0.03025,0.01615,0.013298));
#7857=CARTESIAN_POINT('',(-0.03025,0.01615,0.0143));
#7858=CARTESIAN_POINT('',(-0.03025,0.00215,0.0143));
#7859=CARTESIAN_POINT('',(-0.02525,0.01615,0.013298));
#7860=CARTESIAN_POINT('',(-0.0293863749810379,0.01615,0.00920282168533051));
#7861=CARTESIAN_POINT('',(-0.0252261092536404,0.01615,0.00200218748627694));
#7862=CARTESIAN_POINT('',(-0.0218343997141715,0.01615,-0.00141799914579184));
#7863=CARTESIAN_POINT('',(-0.0222499913941013,0.01615,-0.00170899957289593));
#7864=CARTESIAN_POINT('',(-0.0152811833598596,0.01615,0.00317061234501653));
#7865=CARTESIAN_POINT('',(-0.0171978777757037,0.01615,0.00510339949631764));
#7866=CARTESIAN_POINT('',(-0.0170991533248218,0.01615,0.00500384614623402));
#7867=CARTESIAN_POINT('',(-0.00999858700117695,0.01615,0.0120452918701973));
#7868=CARTESIAN_POINT('',(-0.0199130667203186,0.01615,0.0107402662387518));
#7869=CARTESIAN_POINT('',(-0.019874956217185,0.01615,0.0104507349059571));
#7870=CARTESIAN_POINT('',(-0.02025,0.01615,0.0133));
#7871=CARTESIAN_POINT('',(-0.02025,0.01615,0.013298));
#7872=CARTESIAN_POINT('',(-0.02025,0.01615,0.0143));
#7873=CARTESIAN_POINT('',(-0.02525,0.01615,0.0143));
#7874=CARTESIAN_POINT('',(-0.02025,0.00215,0.013298));
#7875=CARTESIAN_POINT('',(-0.02025,0.00215,0.0133));
#7876=CARTESIAN_POINT('',(-0.02025,-0.01135,0.0133));
#7877=CARTESIAN_POINT('',(-0.02025,-0.01135,0.013298));
#7878=CARTESIAN_POINT('',(-0.02025,-0.01135,0.0138938464296667));
#7879=CARTESIAN_POINT('',(-0.02025,-0.01135,0.0138938464296667));
#7880=CARTESIAN_POINT('',(-0.02025,0.00215,0.0143));
#7881=CARTESIAN_POINT('',(-0.016375,0.04015,0.0133));
#7882=CARTESIAN_POINT('',(0.0162413742038633,0.04015,0.0133));
#7883=CARTESIAN_POINT('',(0.0162413742038633,0.03315,0.0133));
#7884=CARTESIAN_POINT('',(0.0162413742038633,-0.01285,0.0133));
#7885=CARTESIAN_POINT('',(0.030875,-0.01285,0.0133));
#7886=CARTESIAN_POINT('',(0.0315,-0.01285,0.0133));
#7887=CARTESIAN_POINT('',(0.0315,0.02215,0.0133));
#7888=CARTESIAN_POINT('',(0.0315,-0.01785,0.0133));
#7889=CARTESIAN_POINT('',(-0.016375,-0.01785,0.0133));
#7890=CARTESIAN_POINT('',(-0.0315,-0.01785,0.0133));
#7891=CARTESIAN_POINT('',(-0.0315,0.02215,0.0133));
#7892=CARTESIAN_POINT('',(-0.0315,-0.01285,0.0133));
#7893=CARTESIAN_POINT('',(-0.030875,-0.01285,0.0133));
#7894=CARTESIAN_POINT('',(-0.0162413742038633,-0.01285,0.0133));
#7895=CARTESIAN_POINT('',(-0.0162413742038633,0.04015,0.0133));
#7896=CARTESIAN_POINT('',(-0.0162413742038633,0.03315,0.0133));
#7897=CARTESIAN_POINT('',(-0.0315,0.03315,0.0133));
#7898=CARTESIAN_POINT('',(-0.0205,0.03315,0.0133));
#7899=CARTESIAN_POINT('',(-0.02575,0.0279,0.0133));
#7900=CARTESIAN_POINT('',(-0.01625,0.0374,0.0133));
#7901=CARTESIAN_POINT('',(-0.01625,0.037398,0.0133));
#7902=CARTESIAN_POINT('',(-0.01625,0.04015,0.0133));
#7903=CARTESIAN_POINT('',(-0.016375,0.04015,0.0133));
#7904=CARTESIAN_POINT('',(0.01625,0.04015,0.0133));
#7905=CARTESIAN_POINT('',(0.01625,0.037398,0.0133));
#7906=CARTESIAN_POINT('',(0.0192413742038634,0.03315,0.0133));
#7907=CARTESIAN_POINT('',(0.008125,-0.010675,0.0133));
#7908=CARTESIAN_POINT('',(0.0053,-0.0135,0.0133));
#7909=CARTESIAN_POINT('',(0.01095,-0.00785,0.0133));
#7910=CARTESIAN_POINT('',(0.01095,-0.00785,0.0133));
#7911=CARTESIAN_POINT('',(0.01175,-0.00705,0.0133));
#7912=CARTESIAN_POINT('',(0.01175,0.000914213562373093,0.0133));
#7913=CARTESIAN_POINT('',(0.01175,0.00967842712474619,0.0133));
#7914=CARTESIAN_POINT('',(0.0116642135623731,0.00976421356237309,0.0133));
#7915=CARTESIAN_POINT('',(0.0115784271247462,0.00985,0.0133));
#7916=CARTESIAN_POINT('',(-0.00175,0.00985,0.0133));
#7917=CARTESIAN_POINT('',(-0.0150784271247462,0.00985,0.0133));
#7918=CARTESIAN_POINT('',(-0.0151642135623731,0.0097642135623731,0.0133));
#7919=CARTESIAN_POINT('',(-0.01525,0.00967842712474618,0.0133));
#7920=CARTESIAN_POINT('',(-0.01525,0.04015,0.0133));
#7921=CARTESIAN_POINT('',(-0.01525,-0.00705,0.0133));
#7922=CARTESIAN_POINT('',(-0.01525,-0.00705,0.0133));
#7923=CARTESIAN_POINT('',(-0.01445,-0.00785,0.0133));
#7924=CARTESIAN_POINT('',(-0.011625,-0.010675,0.0133));
#7925=CARTESIAN_POINT('',(-0.0088,-0.0135,0.0133));
#7926=CARTESIAN_POINT('',(-0.00175,-0.0135,0.0133));
#7927=CARTESIAN_POINT('',(-0.01525,0.04015,0.02455));
#7928=CARTESIAN_POINT('',(-0.01525,0.04015,0.0338));
#7929=CARTESIAN_POINT('',(-0.01525,-0.00376437149159333,0.0338));
#7930=CARTESIAN_POINT('',(-0.01525,-0.00705,0.0338));
#7931=CARTESIAN_POINT('',(-0.01525,-0.00705,0.0133));
#7932=CARTESIAN_POINT('',(-0.01525,0.00967842712474619,0.0143));
#7933=CARTESIAN_POINT('',(-0.01525,0.00967842712474619,0.0143));
#7934=CARTESIAN_POINT('',(-0.01525,0.04015,0.0143));
#7935=CARTESIAN_POINT('',(-0.01525,0.04015,0.0143));
#7936=CARTESIAN_POINT('',(-0.01525,0.04015,0.0209189823149807));
#7937=CARTESIAN_POINT('',(-0.01525,0.04015,0.0272780636398623));
#7938=CARTESIAN_POINT('',(-0.01525,0.0247061928270086,0.0295716983685245));
#7939=CARTESIAN_POINT('',(-0.01525,0.0384,0.0275379646299613));
#7940=CARTESIAN_POINT('',(-0.01525,0.0405464143884895,0.0272191902158293));
#7941=CARTESIAN_POINT('',(0.,0.04015,0.02779875));
#7942=CARTESIAN_POINT('',(-0.00744784606173118,0.04015,0.0351657930074507));
#7943=CARTESIAN_POINT('',(-0.01325,0.04015,0.0293));
#7944=CARTESIAN_POINT('',(-0.0135,0.04015,0.0290472579549828));
#7945=CARTESIAN_POINT('',(-0.0121250669311589,0.04015,0.0304372715373055));
#7946=CARTESIAN_POINT('',(0.,0.04015,0.0143));
#7947=CARTESIAN_POINT('',(0.01525,0.04015,0.0143));
#7948=CARTESIAN_POINT('',(0.01525,0.04015,0.0209189823149807));
#7949=CARTESIAN_POINT('',(0.01525,0.04015,0.0275379646299613));
#7950=CARTESIAN_POINT('',(0.014375,0.04015,0.0282926112924721));
#7951=CARTESIAN_POINT('',(0.0135,0.04015,0.0290472579549828));
#7952=CARTESIAN_POINT('',(0.00744784606173117,0.04015,0.0351657930074507));
#7953=CARTESIAN_POINT('',(0.01325,0.04015,0.0293));
#7954=CARTESIAN_POINT('',(-0.017502,0.04015,0.0293));
#7955=CARTESIAN_POINT('',(-0.014875,0.04015,0.0291819245722884));
#7956=CARTESIAN_POINT('',(-0.0135,0.04015,0.0303677978990909));
#7957=CARTESIAN_POINT('',(-0.01625,0.04015,0.0279960512454858));
#7958=CARTESIAN_POINT('',(-0.0135,0.04015,0.0752194128862348));
#7959=CARTESIAN_POINT('',(-0.0135,0.04015,0.0540512143991392));
#7960=CARTESIAN_POINT('',(-0.01125,0.04015,0.0614674128862348));
#7961=CARTESIAN_POINT('',(-0.0135,0.04015,0.0688836113733305));
#7962=CARTESIAN_POINT('',(-0.0135,0.04015,0.0752194128862348));
#7963=CARTESIAN_POINT('',(0.014875,0.04015,0.0291819245722884));
#7964=CARTESIAN_POINT('',(0.01625,0.04015,0.0279960512454858));
#7965=CARTESIAN_POINT('',(0.01625,0.04015,0.0206480256227429));
#7966=CARTESIAN_POINT('',(-0.01625,0.04015,0.0206480256227429));
#7967=CARTESIAN_POINT('',(-0.001125,0.01115,0.0143));
#7968=CARTESIAN_POINT('',(0.01175,0.000914213562373093,0.0143));
#7969=CARTESIAN_POINT('',(0.01175,-0.00705,0.0143));
#7970=CARTESIAN_POINT('',(0.01175,0.00967842712474619,0.0143));
#7971=CARTESIAN_POINT('',(0.01095,-0.00785,0.0143));
#7972=CARTESIAN_POINT('',(0.01525,-0.00355,0.0143));
#7973=CARTESIAN_POINT('',(0.01525,0.01615,0.0143));
#7974=CARTESIAN_POINT('',(-0.0151642135623731,0.0097642135623731,0.0143));
#7975=CARTESIAN_POINT('',(-0.0150784271247462,0.00985,0.0143));
#7976=CARTESIAN_POINT('',(-0.00175,0.00985,0.0143));
#7977=CARTESIAN_POINT('',(0.0115784271247462,0.00985,0.0143));
#7978=CARTESIAN_POINT('',(0.0116642135623731,0.00976421356237309,0.0143));
#7979=CARTESIAN_POINT('',(-0.01325,0.025,0.03155));
#7980=CARTESIAN_POINT('',(-0.01325,0.025,0.03155));
#7981=CARTESIAN_POINT('',(-0.01325,0.00985,0.0338));
#7982=CARTESIAN_POINT('',(-0.0110714257430303,0.0246799596282039,0.0338));
#7983=CARTESIAN_POINT('',(-0.017502,0.0314,0.0414674128862348));
#7984=CARTESIAN_POINT('',(-0.02225,0.0314,0.0414674128862348));
#7985=CARTESIAN_POINT('',(-0.0145,0.03915,0.0414674128862348));
#7986=CARTESIAN_POINT('',(0.,-0.00785,-0.006));
#7987=CARTESIAN_POINT('',(-0.0095,-0.00785,0.0338));
#7988=CARTESIAN_POINT('',(0.01525,0.04015,0.02455));
#7989=CARTESIAN_POINT('',(0.01525,-0.00355,0.02455));
#7990=CARTESIAN_POINT('',(0.01525,-0.00355,0.0337681626497634));
#7991=CARTESIAN_POINT('',(0.01525,0.0398561928270086,0.0273216983685244));
#7992=CARTESIAN_POINT('',(0.01525,0.0384,0.0275379646299613));
#7993=CARTESIAN_POINT('',(0.01525,0.037398,0.0275379646299613));
#7994=CARTESIAN_POINT('',(-0.00375,0.04015,0.03705));
#7995=CARTESIAN_POINT('',(-0.00375,0.0033,0.0368));
#7996=CARTESIAN_POINT('',(-0.00375,0.0033,0.03505));
#7997=CARTESIAN_POINT('',(-0.00375,-0.004,0.0368));
#7998=CARTESIAN_POINT('',(-0.00375,-0.004,0.03505));
#7999=CARTESIAN_POINT('',(-0.00375,0.04015,0.0403));
#8000=CARTESIAN_POINT('',(-0.00375,0.0062,0.0403));
#8001=CARTESIAN_POINT('',(-0.00375,-0.0062,0.0403));
#8002=CARTESIAN_POINT('',(-0.00375,-0.0062,0.03705));
#8003=CARTESIAN_POINT('',(-0.00375,-0.00648982303588026,0.0382375));
#8004=CARTESIAN_POINT('',(-0.00375,-0.00731976404784036,0.0368));
#8005=CARTESIAN_POINT('',(-0.00375,0.00443942378864669,0.0164324892114585));
#8006=CARTESIAN_POINT('',(-0.00375,-0.0062,0.03705));
#8007=CARTESIAN_POINT('',(-0.00375,-0.0062,0.0338));
#8008=CARTESIAN_POINT('',(-0.00375,0.04015,0.0338));
#8009=CARTESIAN_POINT('',(-0.00375,0.0062,0.0338));
#8010=CARTESIAN_POINT('',(-0.00375,0.0062,0.03705));
#8011=CARTESIAN_POINT('',(-0.0095,0.04015,0.0338));
#8012=CARTESIAN_POINT('',(-0.01525,-0.00705,0.0338));
#8013=CARTESIAN_POINT('',(-0.017502,0.00985,0.0338));
#8014=CARTESIAN_POINT('',(0.01325,0.00985,0.0338));
#8015=CARTESIAN_POINT('',(0.00887809653964051,0.0396103589173583,0.0338));
#8016=CARTESIAN_POINT('',(0.0152225417713151,-0.00357745822868486,0.0338));
#8017=CARTESIAN_POINT('',(0.01095,-0.00785,0.0338));
#8018=CARTESIAN_POINT('',(-0.003752,-0.0062,0.0338));
#8019=CARTESIAN_POINT('',(0.003952,0.0062,0.0338));
#8020=CARTESIAN_POINT('',(-0.003748,-0.004,0.0368));
#8021=CARTESIAN_POINT('',(-0.007,-0.004,0.0368));
#8022=CARTESIAN_POINT('',(-0.007,-0.004,0.03855));
#8023=CARTESIAN_POINT('',(-0.003748,0.0033,0.0368));
#8024=CARTESIAN_POINT('',(-0.007,0.0033,0.0368));
#8025=CARTESIAN_POINT('',(-0.007,0.0033,0.03855));
#8026=CARTESIAN_POINT('',(-0.007,0.0033,0.03405));
#8027=CARTESIAN_POINT('',(-0.007,0.00055,0.03405));
#8028=CARTESIAN_POINT('',(-0.007,0.00055,0.03405));
#8029=CARTESIAN_POINT('',(-0.007,0.0033,0.03405));
#8030=CARTESIAN_POINT('',(-0.007,0.00605,0.03405));
#8031=CARTESIAN_POINT('',(-0.007,0.00605,0.03405));
#8032=CARTESIAN_POINT('',(-0.007,0.00055,0.0368));
#8033=CARTESIAN_POINT('',(-0.007,0.00055,0.03955));
#8034=CARTESIAN_POINT('',(-0.007,0.00055,0.03955));
#8035=CARTESIAN_POINT('',(-0.007,0.00055,0.0368));
#8036=CARTESIAN_POINT('',(-0.007,0.0033,0.03955));
#8037=CARTESIAN_POINT('',(-0.007,0.00605,0.03955));
#8038=CARTESIAN_POINT('',(-0.007,0.00605,0.03955));
#8039=CARTESIAN_POINT('',(-0.007,0.0033,0.03955));
#8040=CARTESIAN_POINT('',(-0.007,0.00605,0.0368));
#8041=CARTESIAN_POINT('',(-0.007,0.00605,0.0368));
#8042=CARTESIAN_POINT('',(-0.007,0.01365,0.0278));
#8043=CARTESIAN_POINT('',(-0.007,-0.00125,0.0368));
#8044=CARTESIAN_POINT('',(-0.007,-0.00125,0.03405));
#8045=CARTESIAN_POINT('',(-0.007,-0.00125,0.03405));
#8046=CARTESIAN_POINT('',(-0.007,-0.00125,0.0368));
#8047=CARTESIAN_POINT('',(-0.007,-0.00125,0.03955));
#8048=CARTESIAN_POINT('',(-0.007,-0.00125,0.03955));
#8049=CARTESIAN_POINT('',(-0.007,-0.004,0.03405));
#8050=CARTESIAN_POINT('',(-0.007,-0.00675,0.03405));
#8051=CARTESIAN_POINT('',(-0.007,-0.00675,0.03405));
#8052=CARTESIAN_POINT('',(-0.007,-0.004,0.03405));
#8053=CARTESIAN_POINT('',(-0.007,-0.00675,0.0368));
#8054=CARTESIAN_POINT('',(-0.007,-0.00675,0.03955));
#8055=CARTESIAN_POINT('',(-0.007,-0.00675,0.03955));
#8056=CARTESIAN_POINT('',(-0.007,-0.00675,0.0368));
#8057=CARTESIAN_POINT('',(-0.007,-0.004,0.03955));
#8058=CARTESIAN_POINT('',(-0.007,-0.004,0.03955));
#8059=CARTESIAN_POINT('',(-0.007,0.01365,0.0278));
#8060=CARTESIAN_POINT('',(0.003952,0.0062,0.03705));
#8061=CARTESIAN_POINT('',(0.003952,0.0062,0.0403));
#8062=CARTESIAN_POINT('',(0.,-0.01785,0.0303));
#8063=CARTESIAN_POINT('',(-0.018,-0.01785,0.0548));
#8064=CARTESIAN_POINT('',(-0.018,-0.01785,0.0548));
#8065=CARTESIAN_POINT('',(-0.02,-0.01785,0.0548));
#8066=CARTESIAN_POINT('',(-0.018,-0.01785,0.04855));
#8067=CARTESIAN_POINT('',(0.018,-0.01785,0.04855));
#8068=CARTESIAN_POINT('',(0.018,-0.01785,0.0548));
#8069=CARTESIAN_POINT('',(0.018,-0.01785,0.0548));
#8070=CARTESIAN_POINT('',(0.02525,-0.01785,0.0548));
#8071=CARTESIAN_POINT('',(0.0305,-0.01785,0.0548));
#8072=CARTESIAN_POINT('',(0.0305,-0.01785,0.03455));
#8073=CARTESIAN_POINT('',(0.0305,-0.01785,0.0143));
#8074=CARTESIAN_POINT('',(0.02525,-0.01785,0.0143));
#8075=CARTESIAN_POINT('',(0.018,-0.01785,0.0268));
#8076=CARTESIAN_POINT('',(0.018,-0.01785,0.0268));
#8077=CARTESIAN_POINT('',(0.018,-0.01785,0.03305));
#8078=CARTESIAN_POINT('',(-0.00175,-0.01785,0.0143));
#8079=CARTESIAN_POINT('',(-0.018,-0.01785,0.03305));
#8080=CARTESIAN_POINT('',(-0.018,-0.01785,0.0268));
#8081=CARTESIAN_POINT('',(-0.018,-0.01785,0.0268));
#8082=CARTESIAN_POINT('',(-0.02,-0.01785,0.0268));
#8083=CARTESIAN_POINT('',(-0.02,-0.01785,0.0278));
#8084=CARTESIAN_POINT('',(-0.02,-0.01785,0.0143));
#8085=CARTESIAN_POINT('',(-0.02525,-0.01785,0.0143));
#8086=CARTESIAN_POINT('',(-0.0305,-0.01785,0.0143));
#8087=CARTESIAN_POINT('',(-0.0305,-0.01785,0.03455));
#8088=CARTESIAN_POINT('',(-0.0305,-0.01785,0.0548));
#8089=CARTESIAN_POINT('',(-0.02525,-0.01785,0.0548));
#8090=CARTESIAN_POINT('',(0.00810797892161651,-0.01785,0.0636780009101275));
#8091=CARTESIAN_POINT('',(0.0039829789216165,-0.01785,0.0659280009101275));
#8092=CARTESIAN_POINT('',(0.0122329789216165,-0.01785,0.0614280009101275));
#8093=CARTESIAN_POINT('',(0.00535797892161652,-0.01785,0.0673030009101275));
#8094=CARTESIAN_POINT('',(0.00673297892161652,-0.01785,0.0686780009101275));
#8095=CARTESIAN_POINT('',(0.0103579789216165,-0.01785,0.0650530009101275));
#8096=CARTESIAN_POINT('',(0.0139829789216165,-0.01785,0.0614280009101275));
#8097=CARTESIAN_POINT('',(0.0103579789216165,-0.01785,0.0578030009101275));
#8098=CARTESIAN_POINT('',(0.00673297892161651,-0.01785,0.0541780009101275));
#8099=CARTESIAN_POINT('',(0.00535797892161652,-0.01785,0.0555530009101275));
#8100=CARTESIAN_POINT('',(0.00398297892161651,-0.01785,0.0569280009101275));
#8101=CARTESIAN_POINT('',(0.00810797892161651,-0.01785,0.0591780009101275));
#8102=CARTESIAN_POINT('',(0.0225,-0.01785,0.0752174128862348));
#8103=CARTESIAN_POINT('',(0.0225,-0.01785,0.0568));
#8104=CARTESIAN_POINT('',(0.0225,-0.01785,0.0722174128862348));
#8105=CARTESIAN_POINT('',(0.0272600579344353,-0.01785,0.0688515436419548));
#8106=CARTESIAN_POINT('',(-0.0272600579344353,-0.01785,0.0688515436419548));
#8107=CARTESIAN_POINT('',(-0.0225,-0.01785,0.0722174128862348));
#8108=CARTESIAN_POINT('',(-0.0225,-0.01785,0.0303));
#8109=CARTESIAN_POINT('',(-0.0225,-0.01785,0.0568));
#8110=CARTESIAN_POINT('',(-0.0315,-0.01785,0.0568));
#8111=CARTESIAN_POINT('',(-0.0315,-0.01785,0.0568));
#8112=CARTESIAN_POINT('',(-0.0315,-0.01785,0.03555));
#8113=CARTESIAN_POINT('',(0.0315,-0.01785,0.03555));
#8114=CARTESIAN_POINT('',(0.0315,-0.01785,0.0568));
#8115=CARTESIAN_POINT('',(0.0225,-0.01785,0.0568));
#8116=CARTESIAN_POINT('',(-0.01125,-0.01785,0.0614674128862348));
#8117=CARTESIAN_POINT('',(-0.01125,-0.01785,0.0537174128862348));
#8118=CARTESIAN_POINT('',(-0.003752,-0.0062,0.03705));
#8119=CARTESIAN_POINT('',(-0.003752,-0.0062,0.03705));
#8120=CARTESIAN_POINT('',(-0.003752,-0.0062,0.0403));
#8121=CARTESIAN_POINT('',(-0.00175,0.00985,0.0143));
#8122=CARTESIAN_POINT('',(0.0115784271247462,0.00985,0.0143));
#8123=CARTESIAN_POINT('',(-0.0150784271247462,0.00985,0.0143));
#8124=CARTESIAN_POINT('',(-0.0151642135623731,0.0097642135623731,0.0143));
#8125=CARTESIAN_POINT('',(0.01175,0.000914213562373093,0.0143));
#8126=CARTESIAN_POINT('',(0.01175,-0.00705,0.0143));
#8127=CARTESIAN_POINT('',(0.01175,0.00967842712474619,0.0143));
#8128=CARTESIAN_POINT('',(0.0116642135623731,0.00976421356237309,0.0143));
#8129=CARTESIAN_POINT('',(-0.017502,0.025,0.03155));
#8130=CARTESIAN_POINT('',(0.01325,0.00985,0.0338));
#8131=CARTESIAN_POINT('',(0.01525,0.0405464143884895,0.0272191902158293));
#8132=CARTESIAN_POINT('',(0.0147476628914873,-0.00405233710851273,0.0343506140032038));
#8133=CARTESIAN_POINT('',(0.0145679281380909,0.0390820718619091,0.0281262197775981));
#8134=CARTESIAN_POINT('',(-0.017502,0.04015,0.0403));
#8135=CARTESIAN_POINT('',(0.,1.53080849893419E-19,0.0403));
#8136=CARTESIAN_POINT('',(0.0025,1.53080849893419E-19,0.0403));
#8137=CARTESIAN_POINT('',(-0.02,0.04015,0.0278));
#8138=CARTESIAN_POINT('',(-0.02,-0.00551554445662277,0.035925));
#8139=CARTESIAN_POINT('',(-0.02,-0.00602072594216369,0.0368));
#8140=CARTESIAN_POINT('',(-0.02,-0.00551554445662277,0.037675));
#8141=CARTESIAN_POINT('',(-0.02,0.00178445554337723,0.035925));
#8142=CARTESIAN_POINT('',(-0.02,0.00127927405783631,0.0368));
#8143=CARTESIAN_POINT('',(-0.02,0.00178445554337723,0.037675));
#8144=CARTESIAN_POINT('',(-0.02,0.02215,0.0548));
#8145=CARTESIAN_POINT('',(-0.02,0.02215,0.0548));
#8146=CARTESIAN_POINT('',(-0.02,0.02215,0.013298));
#8147=CARTESIAN_POINT('',(-0.02,0.02215,0.0143));
#8148=CARTESIAN_POINT('',(-0.02,0.02215,0.0143));
#8149=CARTESIAN_POINT('',(-0.02,-0.01785,0.0278));
#8150=CARTESIAN_POINT('',(-0.02575,0.0279,0.013298));
#8151=CARTESIAN_POINT('',(-0.0146286796564404,0.0390213203435597,0.0712174128862348));
#8152=CARTESIAN_POINT('',(-0.0146286796564404,0.0390213203435597,0.0737174128862348));
#8153=CARTESIAN_POINT('',(-0.0146286796564404,0.0390213203435597,0.0712174128862348));
#8154=CARTESIAN_POINT('',(-0.0178106601717798,0.0358393398282202,0.0737174128862348));
#8155=CARTESIAN_POINT('',(-0.0188713203435596,0.0347786796564404,0.0737174128862348));
#8156=CARTESIAN_POINT('',(-0.0188713203435596,0.0347786796564404,0.0712174128862348));
#8157=CARTESIAN_POINT('',(-0.0188713203435596,0.0347786796564404,0.0712174128862348));
#8158=CARTESIAN_POINT('',(-0.0178106601717798,0.0358393398282202,0.0712174128862348));
#8159=CARTESIAN_POINT('',(-0.0153768540273626,0.0382731459726375,0.0287490988959264));
#8160=CARTESIAN_POINT('',(-0.01625,0.0374,0.0279960512454858));
#8161=CARTESIAN_POINT('',(-0.01625,0.0374,0.0206480256227429));
#8162=CARTESIAN_POINT('',(-0.0240006666666667,0.0296493333333334,0.00979933333333331));
#8163=CARTESIAN_POINT('',(-0.0292053373599679,0.0244446626400321,0.00459466264003206));
#8164=CARTESIAN_POINT('',(0.0474444931572984,0.101094493157298,-0.0726987266183378));
#8165=CARTESIAN_POINT('',(-0.0292067486979786,0.0244432513020214,0.00459608582776121));
#8166=CARTESIAN_POINT('',(-0.0165898382821531,0.0370601617178469,-0.0432907311474963));
#8167=CARTESIAN_POINT('',(-0.0315,0.02215,0.0133));
#8168=CARTESIAN_POINT('',(-0.0315,0.02215,0.03555));
#8169=CARTESIAN_POINT('',(-0.0396673333333334,0.0139826666666666,0.0411326666666666));
#8170=CARTESIAN_POINT('',(-0.01125,0.0424,0.0614674128862348));
#8171=CARTESIAN_POINT('',(-0.02525,0.02215,0.0143));
#8172=CARTESIAN_POINT('',(-0.02525,0.02215,0.0143));
#8173=CARTESIAN_POINT('',(-0.0305,0.02215,0.0143));
#8174=CARTESIAN_POINT('',(-0.0305,0.02215,0.0143));
#8175=CARTESIAN_POINT('',(-0.0305,0.02215,0.03455));
#8176=CARTESIAN_POINT('',(-0.0305,-0.00205,0.03455));
#8177=CARTESIAN_POINT('',(-0.0305,-0.00205,0.02055));
#8178=CARTESIAN_POINT('',(-0.0305,0.02215,0.03455));
#8179=CARTESIAN_POINT('',(-0.0305,0.02215,0.0548));
#8180=CARTESIAN_POINT('',(-0.0305,0.02215,0.0548));
#8181=CARTESIAN_POINT('',(-0.02525,0.02215,0.0548));
#8182=CARTESIAN_POINT('',(-0.02525,0.02215,0.0548));
#8183=CARTESIAN_POINT('',(-0.0315,0.02215,0.03555));
#8184=CARTESIAN_POINT('',(-0.0315,-0.00205,0.03455));
#8185=CARTESIAN_POINT('',(-0.0315,-0.00205,0.02055));
#8186=CARTESIAN_POINT('',(-0.0315,-0.01685,0.0578));
#8187=CARTESIAN_POINT('',(-0.0315,0.24909320513977,0.0133));
#8188=CARTESIAN_POINT('',(-0.02575,0.02215,0.013298));
#8189=CARTESIAN_POINT('',(0.02525,0.02215,0.0143));
#8190=CARTESIAN_POINT('',(0.02525,0.01615,0.0143));
#8191=CARTESIAN_POINT('',(0.0305,0.02215,0.0143));
#8192=CARTESIAN_POINT('',(0.0305,0.02215,0.0143));
#8193=CARTESIAN_POINT('',(0.02525,0.02215,0.0143));
#8194=CARTESIAN_POINT('',(0.0305,0.02215,0.03455));
#8195=CARTESIAN_POINT('',(0.0305,0.00635,0.03455));
#8196=CARTESIAN_POINT('',(0.0305,0.00635,0.04855));
#8197=CARTESIAN_POINT('',(0.0305,0.02215,0.0548));
#8198=CARTESIAN_POINT('',(0.0305,0.02215,0.0548));
#8199=CARTESIAN_POINT('',(0.0305,0.02215,0.03455));
#8200=CARTESIAN_POINT('',(0.02525,0.02215,0.0548));
#8201=CARTESIAN_POINT('',(0.02525,0.02215,0.0548));
#8202=CARTESIAN_POINT('',(0.02575,0.02215,0.0578));
#8203=CARTESIAN_POINT('',(0.023,0.00775,0.0578));
#8204=CARTESIAN_POINT('',(0.023,0.00475,0.0578));
#8205=CARTESIAN_POINT('',(0.022375,0.005375,0.0578));
#8206=CARTESIAN_POINT('',(0.044125,0.00377499999999994,0.0578));
#8207=CARTESIAN_POINT('',(0.0235,-0.01685,0.0578));
#8208=CARTESIAN_POINT('',(0.0315,-0.01685,0.0578));
#8209=CARTESIAN_POINT('',(0.0315,-0.01685,0.0578));
#8210=CARTESIAN_POINT('',(0.0315,0.02215,0.0578));
#8211=CARTESIAN_POINT('',(0.0315,0.02215,0.03555));
#8212=CARTESIAN_POINT('',(0.0315,0.00635,0.03455));
#8213=CARTESIAN_POINT('',(0.0315,0.00635,0.04855));
#8214=CARTESIAN_POINT('',(0.0315,-0.01785,0.0568));
#8215=CARTESIAN_POINT('',(0.0315,0.24909320513977,0.0133));
#8216=CARTESIAN_POINT('',(0.02575,0.02215,0.013298));
#8217=CARTESIAN_POINT('',(0.02525,0.02215,0.0253));
#8218=CARTESIAN_POINT('',(0.02525,0.02215,0.0203));
#8219=CARTESIAN_POINT('',(-0.031502,-0.00205,0.03455));
#8220=CARTESIAN_POINT('',(0.031502,0.00635,0.03455));
#8221=CARTESIAN_POINT('',(0.02525,0.01615,0.013298));
#8222=CARTESIAN_POINT('',(0.00999858700117695,0.01615,0.0120452918701973));
#8223=CARTESIAN_POINT('',(0.0222499913941013,0.01615,-0.00170899957289593));
#8224=CARTESIAN_POINT('',(-0.01125,0.040152,0.0614674128862348));
#8225=CARTESIAN_POINT('',(0.0164878211433392,0.24909320513977,0.00580754406871397));
#8226=CARTESIAN_POINT('',(0.0164878211433392,-0.01285,0.00580754406871397));
#8227=CARTESIAN_POINT('',(0.01445,-0.01285,0.00375261319922468));
#8228=CARTESIAN_POINT('',(0.0161517027375438,-0.01285,0.00546860358312225));
#8229=CARTESIAN_POINT('',(0.0161517027375438,0.24909320513977,0.00546860358312225));
#8230=CARTESIAN_POINT('',(0.0161517027375438,0.0253186035831222,0.00546860358312225));
#8231=CARTESIAN_POINT('',(0.0106362384719999,0.0197568309928843,-9.3169007115701E-5));
#8232=CARTESIAN_POINT('',(0.01445,0.0236026131992247,0.00375261319922468));
#8233=CARTESIAN_POINT('',(0.01445,0.24909320513977,0.00375261319922468));
#8234=CARTESIAN_POINT('',(0.0222499913941013,0.24909320513977,-0.00170899957289593));
#8235=CARTESIAN_POINT('',(0.0222499913941013,-0.01135,-0.00170899957289593));
#8236=CARTESIAN_POINT('',(0.0226655830740311,0.24909320513977,-0.002));
#8237=CARTESIAN_POINT('',(0.0226655830740311,0.01785,-0.002));
#8238=CARTESIAN_POINT('',(0.0226655830740311,-0.01285,-0.002));
#8239=CARTESIAN_POINT('',(0.0222499913941013,-0.01285,-0.00170899957289593));
#8240=CARTESIAN_POINT('',(-0.0594000188487412,0.0753129530940425,0.0554629530940425));
#8241=CARTESIAN_POINT('',(0.0259361658860048,0.24909320513977,0.00129804291388061));
#8242=CARTESIAN_POINT('',(0.0292067486979786,0.24909320513977,0.00459608582776121));
#8243=CARTESIAN_POINT('',(0.0292067486979786,-0.01285,0.00459608582776121));
#8244=CARTESIAN_POINT('',(0.0259361658860048,-0.01285,0.00129804291388061));
#8245=CARTESIAN_POINT('',(0.101704069714589,0.0975521007492629,0.0777021007492629));
#8246=CARTESIAN_POINT('',(0.0303533743489893,0.24909320513977,0.0089480429138806));
#8247=CARTESIAN_POINT('',(0.0303533743489893,-0.01285,0.0089480429138806));
#8248=CARTESIAN_POINT('',(0.022975,-0.01285,0.00615));
#8249=CARTESIAN_POINT('',(0.0231831871019316,-0.01285,0.00635818710193164));
#8250=CARTESIAN_POINT('',(0.0188789654852559,-0.01285,0.0106624087186074));
#8251=CARTESIAN_POINT('',(0.00905113641389902,-0.01285,0.0125100493070856));
#8252=CARTESIAN_POINT('',(-0.0164878211433392,0.24909320513977,0.00580754406871397));
#8253=CARTESIAN_POINT('',(-0.0137203427077621,0.0228668296399714,0.00301682963997144));
#8254=CARTESIAN_POINT('',(-0.01445,0.0236026131992247,0.00375261319922468));
#8255=CARTESIAN_POINT('',(-0.0161517027375438,0.0253186035831222,0.00546860358312224));
#8256=CARTESIAN_POINT('',(-0.0161517027375438,0.24909320513977,0.00546860358312225));
#8257=CARTESIAN_POINT('',(-0.0161517027375438,-0.01285,0.00546860358312225));
#8258=CARTESIAN_POINT('',(-0.0164878211433392,-0.01285,0.00580754406871397));
#8259=CARTESIAN_POINT('',(-0.01445,-0.01285,0.00375261319922468));
#8260=CARTESIAN_POINT('',(-0.01445,0.24909320513977,0.00375261319922468));
#8261=CARTESIAN_POINT('',(-0.0222499913941013,0.24909320513977,-0.00170899957289593));
#8262=CARTESIAN_POINT('',(-0.0218343997141715,0.24909320513977,-0.00141799914579184));
#8263=CARTESIAN_POINT('',(-0.0218343997141715,-0.01135,-0.00141799914579184));
#8264=CARTESIAN_POINT('',(-0.0222499913941013,-0.01135,-0.00170899957289593));
#8265=CARTESIAN_POINT('',(-0.0152811833598596,-0.01135,0.00317061234501653));
#8266=CARTESIAN_POINT('',(-0.0152811833598596,0.24909320513977,0.00317061234501653));
#8267=CARTESIAN_POINT('',(-0.0226655830740311,0.24909320513977,-0.002));
#8268=CARTESIAN_POINT('',(-0.0226655830740311,0.01785,-0.002));
#8269=CARTESIAN_POINT('',(-0.0226655830740311,-0.01285,-0.002));
#8270=CARTESIAN_POINT('',(0.0594000188487412,0.0753129530940425,0.0554629530940425));
#8271=CARTESIAN_POINT('',(-0.0222499913941013,-0.01285,-0.00170899957289593));
#8272=CARTESIAN_POINT('',(-0.0259361658860048,0.24909320513977,0.00129804291388061));
#8273=CARTESIAN_POINT('',(-0.0292067486979786,0.24909320513977,0.00459608582776121));
#8274=CARTESIAN_POINT('',(-0.0292067486979786,-0.01285,0.00459608582776121));
#8275=CARTESIAN_POINT('',(-0.101704069714589,0.0975521007492629,0.0777021007492629));
#8276=CARTESIAN_POINT('',(-0.0259361658860048,-0.01285,0.00129804291388061));
#8277=CARTESIAN_POINT('',(-0.0303533743489893,0.24909320513977,0.0089480429138806));
#8278=CARTESIAN_POINT('',(-0.0303533743489893,-0.01285,0.0089480429138806));
#8279=CARTESIAN_POINT('',(-0.022975,-0.01285,0.00615));
#8280=CARTESIAN_POINT('',(-0.00905113641389902,-0.01285,0.0125100493070856));
#8281=CARTESIAN_POINT('',(-0.0188789654852559,-0.01285,0.0106624087186074));
#8282=CARTESIAN_POINT('',(-0.0231831871019316,-0.01285,0.00635818710193165));
#8283=CARTESIAN_POINT('',(-0.0171978777757037,0.24909320513977,0.00510339949631764));
#8284=CARTESIAN_POINT('',(-0.0169900694857932,-0.01135,0.00489384642966669));
#8285=CARTESIAN_POINT('',(-0.0169900694857932,-0.01135,0.00489384642966669));
#8286=CARTESIAN_POINT('',(-0.0171978777757037,-0.01135,0.00510339949631764));
#8287=CARTESIAN_POINT('',(-0.0170991533248218,-0.01135,0.00500384614623402));
#8288=CARTESIAN_POINT('',(-0.0170991533248218,0.01615,0.00500384614623402));
#8289=CARTESIAN_POINT('',(-0.0171978777757037,-0.01135,0.00510339949631764));
#8290=CARTESIAN_POINT('',(-0.0159983956666901,-0.01135,0.00389384642966669));
#8291=CARTESIAN_POINT('',(-0.0159983956666901,-0.01135,0.00389384642966669));
#8292=CARTESIAN_POINT('',(-0.0252261092536404,0.24909320513977,0.00200218748627694));
#8293=CARTESIAN_POINT('',(-0.0252261092536404,-0.01135,0.00200218748627694));
#8294=CARTESIAN_POINT('',(-0.02313532262606,-0.01135,-0.00010615357033331));
#8295=CARTESIAN_POINT('',(-0.0252261092536404,-0.01135,0.00200218748627694));
#8296=CARTESIAN_POINT('',(-0.0261103440833691,-0.01135,0.00289384642966669));
#8297=CARTESIAN_POINT('',(-0.0261103440833691,-0.01135,0.00289384642966669));
#8298=CARTESIAN_POINT('',(-0.025118670264266,-0.01135,0.00189384642966669));
#8299=CARTESIAN_POINT('',(-0.025118670264266,-0.01135,0.00189384642966669));
#8300=CARTESIAN_POINT('',(-0.0252261092536404,-0.01135,0.00200218748627694));
#8301=CARTESIAN_POINT('',(-0.024126996445163,-0.01135,0.000893846429666692));
#8302=CARTESIAN_POINT('',(-0.024126996445163,-0.01135,0.000893846429666691));
#8303=CARTESIAN_POINT('',(-0.02313532262606,-0.01135,-0.00010615357033331));
#8304=CARTESIAN_POINT('',(-0.0293863749810379,0.24909320513977,0.00920282168533051));
#8305=CARTESIAN_POINT('',(-0.029041494603088,-0.01135,0.00789384642966669));
#8306=CARTESIAN_POINT('',(-0.029041494603088,-0.01135,0.00789384642966669));
#8307=CARTESIAN_POINT('',(-0.0293863749810379,-0.01135,0.00920282168533051));
#8308=CARTESIAN_POINT('',(-0.0293863749810379,-0.01135,0.00920282168533051));
#8309=CARTESIAN_POINT('',(-0.0303588624313093,-0.01135,0.0128938464296667));
#8310=CARTESIAN_POINT('',(-0.0303588624313093,-0.01135,0.0128938464296667));
#8311=CARTESIAN_POINT('',(-0.0300953888656651,-0.01135,0.0118938464296667));
#8312=CARTESIAN_POINT('',(-0.0300953888656651,-0.01135,0.0118938464296667));
#8313=CARTESIAN_POINT('',(-0.0293863749810379,-0.01135,0.00920282168533051));
#8314=CARTESIAN_POINT('',(-0.0298319153000208,-0.01135,0.0108938464296667));
#8315=CARTESIAN_POINT('',(-0.0298319153000208,-0.01135,0.0108938464296667));
#8316=CARTESIAN_POINT('',(-0.0295684417343766,-0.01135,0.00989384642966669));
#8317=CARTESIAN_POINT('',(-0.0295684417343766,-0.01135,0.00989384642966669));
#8318=CARTESIAN_POINT('',(-0.0293863749810379,-0.01135,0.00920282168533051));
#8319=CARTESIAN_POINT('',(-0.0293049681687322,-0.01135,0.00889384642966669));
#8320=CARTESIAN_POINT('',(-0.0293049681687322,-0.01135,0.00889384642966669));
#8321=CARTESIAN_POINT('',(-0.019874956217185,0.24909320513977,0.0104507349059571));
#8322=CARTESIAN_POINT('',(-0.0199332822123367,-0.01135,0.0108938464296667));
#8323=CARTESIAN_POINT('',(-0.0199332822123367,-0.01135,0.0108938464296667));
#8324=CARTESIAN_POINT('',(-0.019874956217185,-0.01135,0.0104507349059571));
#8325=CARTESIAN_POINT('',(-0.0200649104639863,-0.01135,0.0118938464296667));
#8326=CARTESIAN_POINT('',(-0.0200649104639863,-0.01135,0.0118938464296667));
#8327=CARTESIAN_POINT('',(-0.0201965387156358,-0.01135,0.0128938464296667));
#8328=CARTESIAN_POINT('',(-0.0201965387156358,-0.01135,0.0128938464296667));
#8329=CARTESIAN_POINT('',(-0.019874956217185,-0.01135,0.0104507349059571));
#8330=CARTESIAN_POINT('',(-0.0199130667203186,-0.01185,0.0107402662387518));
#8331=CARTESIAN_POINT('',(-0.016375,0.03315,0.0133));
#8332=CARTESIAN_POINT('',(0.00905113641389902,0.0323600493070856,0.0125100493070856));
#8333=CARTESIAN_POINT('',(0.0188789654852559,0.0305124087186074,0.0106624087186074));
#8334=CARTESIAN_POINT('',(0.00536924946924226,0.0440221247346211,0.0241721247346211));
#8335=CARTESIAN_POINT('',(-0.02525,0.01715,-0.0027));
#8336=CARTESIAN_POINT('',(-0.0299109161359089,0.0194804580679545,-0.000369541932045574));
#8337=CARTESIAN_POINT('',(-0.0188789654852559,0.0305124087186074,0.0106624087186074));
#8338=CARTESIAN_POINT('',(-0.00905113641389902,0.0323600493070856,0.0125100493070856));
#8339=CARTESIAN_POINT('',(0.00999858700117695,0.24909320513977,0.0120452918701973));
#8340=CARTESIAN_POINT('',(0.017882730517893,-0.01135,0.00589384642966669));
#8341=CARTESIAN_POINT('',(0.017882730517893,-0.01135,0.00589384642966669));
#8342=CARTESIAN_POINT('',(0.00999858700117695,-0.01135,0.0120452918701973));
#8343=CARTESIAN_POINT('',(0.0197644091640274,-0.01135,0.00989384642966669));
#8344=CARTESIAN_POINT('',(0.0197644091640274,-0.01135,0.00989384642966669));
#8345=CARTESIAN_POINT('',(0.00999858700117695,-0.01135,0.0120452918701973));
#8346=CARTESIAN_POINT('',(0.0194890238528376,-0.01135,0.00889384642966669));
#8347=CARTESIAN_POINT('',(0.0194890238528376,-0.01135,0.00889384642966669));
#8348=CARTESIAN_POINT('',(0.019096141659122,-0.01135,0.00789384642966669));
#8349=CARTESIAN_POINT('',(0.019096141659122,-0.01135,0.00789384642966669));
#8350=CARTESIAN_POINT('',(0.00999858700117695,-0.01135,0.0120452918701973));
#8351=CARTESIAN_POINT('',(0.0185696201870441,-0.01135,0.00689384642966669));
#8352=CARTESIAN_POINT('',(0.0185696201870441,-0.01135,0.00689384642966669));
#8353=CARTESIAN_POINT('',(-0.00905113641389902,0.24909320513977,0.0125100493070856));
#8354=CARTESIAN_POINT('',(-0.0188789654852559,0.00883120435930371,0.0106624087186074));
#8355=CARTESIAN_POINT('',(0.00905113641389902,0.24909320513977,0.0125100493070856));
#8356=CARTESIAN_POINT('',(0.0188789654852559,0.00883120435930371,0.0106624087186074));
#8357=CARTESIAN_POINT('',(-0.00999858700117695,0.24909320513977,0.0120452918701973));
#8358=CARTESIAN_POINT('',(-0.017882730517893,-0.01135,0.00589384642966669));
#8359=CARTESIAN_POINT('',(-0.017882730517893,-0.01135,0.00589384642966669));
#8360=CARTESIAN_POINT('',(-0.0185696201870441,-0.01135,0.00689384642966669));
#8361=CARTESIAN_POINT('',(-0.0185696201870441,-0.01135,0.00689384642966669));
#8362=CARTESIAN_POINT('',(-0.00999858700117695,-0.01135,0.0120452918701973));
#8363=CARTESIAN_POINT('',(-0.019096141659122,-0.01135,0.00789384642966669));
#8364=CARTESIAN_POINT('',(-0.019096141659122,-0.01135,0.00789384642966669));
#8365=CARTESIAN_POINT('',(-0.0194890238528376,-0.01135,0.00889384642966669));
#8366=CARTESIAN_POINT('',(-0.0194890238528376,-0.01135,0.00889384642966669));
#8367=CARTESIAN_POINT('',(-0.00999858700117695,-0.01135,0.0120452918701973));
#8368=CARTESIAN_POINT('',(-0.0197644091640274,-0.01135,0.00989384642966669));
#8369=CARTESIAN_POINT('',(-0.0197644091640274,-0.01135,0.00989384642966669));
#8370=CARTESIAN_POINT('',(-0.00999858700117695,-0.01135,0.0120452918701973));
#8371=CARTESIAN_POINT('',(0.,1.53080849893419E-19,-0.0414476277437706));
#8372=CARTESIAN_POINT('',(0.022375,0.005375,0.057798));
#8373=CARTESIAN_POINT('',(0.0172,0.01055,0.0636));
#8374=CARTESIAN_POINT('',(0.02475,0.003,0.057798));
#8375=CARTESIAN_POINT('',(-0.022375,0.005375,0.057798));
#8376=CARTESIAN_POINT('',(-0.022584,0.005166,0.058216));
#8377=CARTESIAN_POINT('',(-0.02475,0.003,0.057798));
#8378=CARTESIAN_POINT('',(-0.01875,-1.3010426069826E-18,0.0702174128862348));
#8379=CARTESIAN_POINT('',(-0.022625,-0.00151554445662277,0.0702174128862348));
#8380=CARTESIAN_POINT('',(-0.02175,-0.00202072594216369,0.0702174128862348));
#8381=CARTESIAN_POINT('',(-0.020875,-0.00151554445662277,0.0702174128862348));
#8382=CARTESIAN_POINT('',(-0.01875,-0.003,0.0702174128862348));
#8383=CARTESIAN_POINT('',(-0.01875,-0.003,0.0702174128862348));
#8384=CARTESIAN_POINT('',(-0.01875,-1.3010426069826E-18,0.0702174128862348));
#8385=CARTESIAN_POINT('',(-0.01875,0.003,0.0702174128862348));
#8386=CARTESIAN_POINT('',(-0.01875,0.003,0.0702174128862348));
#8387=CARTESIAN_POINT('',(-0.01875,-0.003,0.0717174128862348));
#8388=CARTESIAN_POINT('',(-0.01875,-0.003,0.0717174128862348));
#8389=CARTESIAN_POINT('',(-0.01875,0.003,0.057798));
#8390=CARTESIAN_POINT('',(-0.01875,0.003,0.057798));
#8391=CARTESIAN_POINT('',(-0.01875,-0.007425,0.0665087064431174));
#8392=CARTESIAN_POINT('',(0.,0.01115,0.0672174128862348));
#8393=CARTESIAN_POINT('',(-0.022625,-0.00151554445662277,0.0672174128862348));
#8394=CARTESIAN_POINT('',(-0.02175,-0.00202072594216369,0.0672174128862348));
#8395=CARTESIAN_POINT('',(0.00026559162609823,0.010689981809533,0.0672174128862348));
#8396=CARTESIAN_POINT('',(0.01875,-1.3010426069826E-18,0.0732174128862348));
#8397=CARTESIAN_POINT('',(0.022625,-0.00151554445662277,0.0732174128862348));
#8398=CARTESIAN_POINT('',(0.02175,-0.00202072594216369,0.0732174128862348));
#8399=CARTESIAN_POINT('',(0.020875,-0.00151554445662277,0.0732174128862348));
#8400=CARTESIAN_POINT('',(0.01875,-0.003,0.0732174128862348));
#8401=CARTESIAN_POINT('',(0.01875,-0.003,0.0732174128862348));
#8402=CARTESIAN_POINT('',(0.01875,-1.3010426069826E-18,0.0732174128862348));
#8403=CARTESIAN_POINT('',(0.01875,0.003,0.0732174128862348));
#8404=CARTESIAN_POINT('',(0.01875,0.003,0.0732174128862348));
#8405=CARTESIAN_POINT('',(0.01875,0.003,0.057798));
#8406=CARTESIAN_POINT('',(0.01875,0.003,0.057798));
#8407=CARTESIAN_POINT('',(0.01875,-0.003,0.0717174128862348));
#8408=CARTESIAN_POINT('',(0.01875,-0.003,0.0717174128862348));
#8409=CARTESIAN_POINT('',(0.01875,-0.007425,0.0665087064431174));
#8410=CARTESIAN_POINT('',(0.,0.01115,0.0672174128862348));
#8411=CARTESIAN_POINT('',(0.020875,-0.00151554445662277,0.0672174128862348));
#8412=CARTESIAN_POINT('',(0.02175,-0.00202072594216369,0.0672174128862348));
#8413=CARTESIAN_POINT('',(0.0111405916260982,-0.00814607072277854,0.0672174128862348));
#8414=CARTESIAN_POINT('',(0.020875,-0.00151554445662277,0.0732204128862348));
#8415=CARTESIAN_POINT('',(0.02175,-0.00202072594216369,0.0732204128862348));
#8416=CARTESIAN_POINT('',(0.022625,-0.00151554445662277,0.0732204128862348));
#8417=CARTESIAN_POINT('',(0.020875,-0.00151554445662277,0.0672204128862348));
#8418=CARTESIAN_POINT('',(0.02175,-0.00202072594216369,0.0672204128862348));
#8419=CARTESIAN_POINT('',(0.022625,-0.00151554445662277,0.0672204128862348));
#8420=CARTESIAN_POINT('',(-0.022625,-0.00151554445662277,0.0732204128862348));
#8421=CARTESIAN_POINT('',(-0.02175,-0.00202072594216369,0.0732204128862348));
#8422=CARTESIAN_POINT('',(-0.020875,-0.00151554445662277,0.0732204128862348));
#8423=CARTESIAN_POINT('',(-0.022625,-0.00151554445662277,0.0672204128862348));
#8424=CARTESIAN_POINT('',(-0.02175,-0.00202072594216369,0.0672204128862348));
#8425=CARTESIAN_POINT('',(-0.020875,-0.00151554445662277,0.0672204128862348));
#8426=CARTESIAN_POINT('',(0.0225,-0.01785,0.0303));
#8427=CARTESIAN_POINT('',(0.0225,-0.01785,0.0722174128862348));
#8428=CARTESIAN_POINT('',(0.015,-0.02535,0.0493));
#8429=CARTESIAN_POINT('',(-0.02475,-0.0156,0.057798));
#8430=CARTESIAN_POINT('',(-0.02475,-0.0156,0.0722174128862348));
#8431=CARTESIAN_POINT('',(-0.02425,-0.0161,0.05855));
#8432=CARTESIAN_POINT('',(0.02525,0.040152,0.0253));
#8433=CARTESIAN_POINT('',(0.016375,-0.02535,0.0423));
#8434=CARTESIAN_POINT('',(0.01275,-0.03285,0.0423));
#8435=CARTESIAN_POINT('',(0.01275,-0.03285,0.0423));
#8436=CARTESIAN_POINT('',(0.01275,-0.03285,0.0393));
#8437=CARTESIAN_POINT('',(0.016375,-0.02535,0.03305));
#8438=CARTESIAN_POINT('',(0.016375,-0.02535,0.04855));
#8439=CARTESIAN_POINT('',(0.,-0.03285,0.0423));
#8440=CARTESIAN_POINT('',(0.,-0.03285,0.0393));
#8441=CARTESIAN_POINT('',(0.,-0.03285,0.0423));
#8442=CARTESIAN_POINT('',(-0.01075,-0.03285,0.0423));
#8443=CARTESIAN_POINT('',(-0.01275,-0.03285,0.0423));
#8444=CARTESIAN_POINT('',(-0.01275,-0.03285,0.0423));
#8445=CARTESIAN_POINT('',(-0.01275,-0.03285,0.0393));
#8446=CARTESIAN_POINT('',(-0.01075,-0.03285,0.0393));
#8447=CARTESIAN_POINT('',(-0.016375,-0.02535,0.0423));
#8448=CARTESIAN_POINT('',(-0.016375,-0.02535,0.03305));
#8449=CARTESIAN_POINT('',(-0.016375,-0.02535,0.04855));
#8450=CARTESIAN_POINT('',(0.,-0.02535,0.0413));
#8451=CARTESIAN_POINT('',(0.008125,-0.0268655444566228,0.0413));
#8452=CARTESIAN_POINT('',(0.009,-0.0273707259421637,0.0413));
#8453=CARTESIAN_POINT('',(0.009875,-0.0268655444566228,0.0413));
#8454=CARTESIAN_POINT('',(0.009,-0.02835,0.0413));
#8455=CARTESIAN_POINT('',(0.012,-0.02835,0.0413));
#8456=CARTESIAN_POINT('',(0.006,-0.02835,0.0413));
#8457=CARTESIAN_POINT('',(0.012,-0.02535,0.0413));
#8458=CARTESIAN_POINT('',(0.012,-0.02235,0.0413));
#8459=CARTESIAN_POINT('',(0.009,-0.02235,0.0413));
#8460=CARTESIAN_POINT('',(0.006,-0.02235,0.0413));
#8461=CARTESIAN_POINT('',(0.006,-0.02535,0.0413));
#8462=CARTESIAN_POINT('',(0.009,-0.02835,0.0413));
#8463=CARTESIAN_POINT('',(0.012,-0.02835,0.0413));
#8464=CARTESIAN_POINT('',(0.006,-0.02835,0.0413));
#8465=CARTESIAN_POINT('',(0.012,-0.02535,0.0413));
#8466=CARTESIAN_POINT('',(0.012,-0.02235,0.0413));
#8467=CARTESIAN_POINT('',(0.009,-0.02235,0.0413));
#8468=CARTESIAN_POINT('',(0.006,-0.02235,0.0413));
#8469=CARTESIAN_POINT('',(0.006,-0.02535,0.0413));
#8470=CARTESIAN_POINT('',(0.,-0.02535,0.0413));
#8471=CARTESIAN_POINT('',(-0.009875,-0.0268655444566228,0.0413));
#8472=CARTESIAN_POINT('',(-0.009,-0.0273707259421637,0.0413));
#8473=CARTESIAN_POINT('',(-0.008125,-0.0268655444566228,0.0413));
#8474=CARTESIAN_POINT('',(-0.009,-0.02835,0.0413));
#8475=CARTESIAN_POINT('',(-0.006,-0.02835,0.0413));
#8476=CARTESIAN_POINT('',(-0.012,-0.02835,0.0413));
#8477=CARTESIAN_POINT('',(-0.006,-0.02535,0.0413));
#8478=CARTESIAN_POINT('',(-0.006,-0.02235,0.0413));
#8479=CARTESIAN_POINT('',(-0.009,-0.02235,0.0413));
#8480=CARTESIAN_POINT('',(-0.012,-0.02235,0.0413));
#8481=CARTESIAN_POINT('',(-0.012,-0.02535,0.0413));
#8482=CARTESIAN_POINT('',(-0.009,-0.02835,0.0413));
#8483=CARTESIAN_POINT('',(-0.006,-0.02835,0.0413));
#8484=CARTESIAN_POINT('',(-0.012,-0.02835,0.0413));
#8485=CARTESIAN_POINT('',(-0.006,-0.02535,0.0413));
#8486=CARTESIAN_POINT('',(-0.006,-0.02235,0.0413));
#8487=CARTESIAN_POINT('',(-0.009,-0.02235,0.0413));
#8488=CARTESIAN_POINT('',(-0.012,-0.02235,0.0413));
#8489=CARTESIAN_POINT('',(-0.012,-0.02535,0.0413));
#8490=CARTESIAN_POINT('',(-0.009875,-0.0268655444566228,0.041297));
#8491=CARTESIAN_POINT('',(-0.009,-0.0273707259421637,0.041297));
#8492=CARTESIAN_POINT('',(-0.008125,-0.0268655444566228,0.041297));
#8493=CARTESIAN_POINT('',(0.008125,-0.0268655444566228,0.041297));
#8494=CARTESIAN_POINT('',(0.009,-0.0273707259421637,0.041297));
#8495=CARTESIAN_POINT('',(0.009875,-0.0268655444566228,0.041297));
#8496=CARTESIAN_POINT('',(-0.009503,0.00178445554337723,0.035925));
#8497=CARTESIAN_POINT('',(-0.009503,0.00127927405783631,0.0368));
#8498=CARTESIAN_POINT('',(-0.009503,0.00178445554337723,0.037675));
#8499=CARTESIAN_POINT('',(-0.009503,-0.00551554445662277,0.035925));
#8500=CARTESIAN_POINT('',(-0.009503,-0.00602072594216369,0.0368));
#8501=CARTESIAN_POINT('',(-0.009503,-0.00551554445662277,0.037675));
#8502=CARTESIAN_POINT('',(-0.00125,-0.0275150635094611,0.042297));
#8503=CARTESIAN_POINT('',(0.,-0.0282367513459482,0.042297));
#8504=CARTESIAN_POINT('',(0.00125,-0.0275150635094611,0.042297));
#8505=CARTESIAN_POINT('',(0.003953,0.000810176964119739,0.0353625));
#8506=CARTESIAN_POINT('',(0.003953,-1.97640478403492E-5,0.0368));
#8507=CARTESIAN_POINT('',(0.003953,0.000810176964119739,0.0382375));
#8508=CARTESIAN_POINT('',(-0.003747,-0.00648982303588026,0.0353625));
#8509=CARTESIAN_POINT('',(-0.003747,-0.00731976404784035,0.0368));
#8510=CARTESIAN_POINT('',(-0.003747,-0.00648982303588026,0.0382375));
#8511=CARTESIAN_POINT('',(-0.011625,-0.010675,0.0143));
#8512=CARTESIAN_POINT('',(-0.011625,-0.010675,0.0143));
#8513=CARTESIAN_POINT('',(-0.0088,-0.0135,0.0143));
#8514=CARTESIAN_POINT('',(-0.0088,-0.0135,0.0143));
#8515=CARTESIAN_POINT('',(-0.00175,-0.0135,0.0143));
#8516=CARTESIAN_POINT('',(-0.00175,-0.0135,0.0143));
#8517=CARTESIAN_POINT('',(0.0053,-0.0135,0.0143));
#8518=CARTESIAN_POINT('',(0.0053,-0.0135,0.0143));
#8519=CARTESIAN_POINT('',(0.008125,-0.010675,0.0143));
#8520=CARTESIAN_POINT('',(0.008125,-0.010675,0.0143));
#8521=CARTESIAN_POINT('',(0.,0.01115,0.0143));
#8522=CARTESIAN_POINT('',(-0.01125,0.0314,-0.002002));
#8523=CARTESIAN_POINT('',(-0.01125,0.0314,0.0737174128862348));
#8524=CARTESIAN_POINT('',(-0.00925,0.0314,0.0737174128862348));
#8525=CARTESIAN_POINT('',(0.01125,0.0314,0.0552174128862348));
#8526=CARTESIAN_POINT('',(0.01125,0.0314,0.0552174128862348));
#8527=CARTESIAN_POINT('',(0.01425,0.0314,0.0552174128862348));
#8528=CARTESIAN_POINT('',(0.,0.01115,0.0552174128862348));
#8529=CARTESIAN_POINT('',(0.0101893398282202,0.0345819805153394,0.0512174128862348));
#8530=CARTESIAN_POINT('',(0.0101893398282202,0.0345819805153394,0.0542174128862348));
#8531=CARTESIAN_POINT('',(0.00700735931288073,0.0314,0.0542174128862348));
#8532=CARTESIAN_POINT('',(0.00700735931288073,0.0314,0.0512174128862348));
#8533=CARTESIAN_POINT('',(0.00700735931288073,0.0314,0.0512174128862348));
#8534=CARTESIAN_POINT('',(0.0101893398282202,0.0345819805153394,0.0512174128862348));
#8535=CARTESIAN_POINT('',(0.0101893398282202,0.0282180194846605,0.0512174128862348));
#8536=CARTESIAN_POINT('',(0.0101893398282202,0.0282180194846605,0.0542174128862348));
#8537=CARTESIAN_POINT('',(0.01125,0.0271573593128807,0.0542174128862348));
#8538=CARTESIAN_POINT('',(0.01125,0.0271573593128807,0.0512174128862348));
#8539=CARTESIAN_POINT('',(0.01125,0.0271573593128807,0.0512174128862348));
#8540=CARTESIAN_POINT('',(0.0101893398282202,0.0282180194846605,0.0512174128862348));
#8541=CARTESIAN_POINT('',(0.0144319805153395,0.0303393398282201,0.0512174128862348));
#8542=CARTESIAN_POINT('',(0.0144319805153395,0.0303393398282201,0.0542174128862348));
#8543=CARTESIAN_POINT('',(0.0144319805153395,0.0303393398282201,0.0512174128862348));
#8544=CARTESIAN_POINT('',(0.,0.01115,0.0512174128862348));
#8545=CARTESIAN_POINT('',(0.,0.01115,0.0542174128862348));
#8546=CARTESIAN_POINT('',(-0.0101893398282202,0.0345819805153394,0.0712174128862348));
#8547=CARTESIAN_POINT('',(-0.0101893398282202,0.0345819805153394,0.0737174128862348));
#8548=CARTESIAN_POINT('',(-0.00700735931288072,0.0314,0.0737174128862348));
#8549=CARTESIAN_POINT('',(-0.0101893398282202,0.0345819805153394,0.0712174128862348));
#8550=CARTESIAN_POINT('',(-0.00700735931288072,0.0314,0.0712174128862348));
#8551=CARTESIAN_POINT('',(-0.00700735931288072,0.0314,0.0712174128862348));
#8552=CARTESIAN_POINT('',(-0.0144319805153395,0.0303393398282201,0.0712174128862348));
#8553=CARTESIAN_POINT('',(-0.0144319805153395,0.0303393398282201,0.0737174128862348));
#8554=CARTESIAN_POINT('',(-0.01125,0.0271573593128807,0.0737174128862348));
#8555=CARTESIAN_POINT('',(-0.01125,0.0271573593128807,0.0712174128862348));
#8556=CARTESIAN_POINT('',(-0.01125,0.0271573593128807,0.0712174128862348));
#8557=CARTESIAN_POINT('',(-0.0144319805153395,0.0303393398282201,0.0712174128862348));
#8558=CARTESIAN_POINT('',(-0.00806801948466053,0.0303393398282201,0.0712174128862348));
#8559=CARTESIAN_POINT('',(-0.00806801948466053,0.0303393398282201,0.0737174128862348));
#8560=CARTESIAN_POINT('',(-0.00806801948466053,0.0303393398282201,0.0712174128862348));
#8561=CARTESIAN_POINT('',(0.,0.01115,0.0712174128862348));
#8562=CARTESIAN_POINT('',(0.,0.01115,0.0737174128862348));
#8563=CARTESIAN_POINT('',(0.,-0.01785,0.0568));
#8564=CARTESIAN_POINT('',(-0.02575,-0.01685,0.0578));
#8565=CARTESIAN_POINT('',(0.0148776796564403,-0.0212296796564404,0.0752174128862348));
#8566=CARTESIAN_POINT('',(-0.0323796796564404,-0.0037276796564404,0.0752174128862348));
#8567=CARTESIAN_POINT('',(-0.02,0.04015,0.0608));
#8568=CARTESIAN_POINT('',(0.023,0.02215,0.0578));
#8569=CARTESIAN_POINT('',(0.0162413742038633,0.04015,0.0133));
#8570=CARTESIAN_POINT('',(-0.018892421485183,0.24909320513977,0.0106489527186804));
#8571=CARTESIAN_POINT('',(0.00810797892161651,-0.01685,0.0636780009101275));
#8572=CARTESIAN_POINT('',(0.0122329789216165,-0.01685,0.0614280009101275));
#8573=CARTESIAN_POINT('',(0.0122329789216165,-0.01685,0.0614280009101275));
#8574=CARTESIAN_POINT('',(0.00810797892161651,-0.01685,0.0636780009101275));
#8575=CARTESIAN_POINT('',(0.0039829789216165,-0.01685,0.0659280009101275));
#8576=CARTESIAN_POINT('',(0.0039829789216165,-0.01685,0.0659280009101275));
#8577=CARTESIAN_POINT('',(0.00810797892161651,-0.01685,0.0591780009101275));
#8578=CARTESIAN_POINT('',(0.00398297892161651,-0.01685,0.0569280009101275));
#8579=CARTESIAN_POINT('',(0.00398297892161651,-0.01685,0.0569280009101275));
#8580=CARTESIAN_POINT('',(0.00810797892161651,-0.01685,0.0591780009101275));
#8581=CARTESIAN_POINT('',(0.00535797892161652,-0.01685,0.0555530009101275));
#8582=CARTESIAN_POINT('',(0.00673297892161651,-0.01685,0.0541780009101275));
#8583=CARTESIAN_POINT('',(0.00673297892161651,-0.01685,0.0541780009101275));
#8584=CARTESIAN_POINT('',(0.00535797892161652,-0.01685,0.0555530009101275));
#8585=CARTESIAN_POINT('',(0.0103579789216165,-0.01685,0.0578030009101275));
#8586=CARTESIAN_POINT('',(0.0139829789216165,-0.01685,0.0614280009101275));
#8587=CARTESIAN_POINT('',(0.0139829789216165,-0.01685,0.0614280009101275));
#8588=CARTESIAN_POINT('',(0.0103579789216165,-0.01685,0.0578030009101275));
#8589=CARTESIAN_POINT('',(0.0103579789216165,-0.01685,0.0650530009101275));
#8590=CARTESIAN_POINT('',(0.00673297892161652,-0.01685,0.0686780009101275));
#8591=CARTESIAN_POINT('',(0.00673297892161652,-0.01685,0.0686780009101275));
#8592=CARTESIAN_POINT('',(0.0103579789216165,-0.01685,0.0650530009101275));
#8593=CARTESIAN_POINT('',(0.00535797892161652,-0.01685,0.0673030009101275));
#8594=CARTESIAN_POINT('',(0.00535797892161652,-0.01685,0.0673030009101275));
#8595=CARTESIAN_POINT('',(0.,-0.01685,0.0442587064431174));
#8596=CARTESIAN_POINT('',(0.014375,-0.02535,0.04855));
#8597=CARTESIAN_POINT('',(0.014375,-0.02535,0.04855));
#8598=CARTESIAN_POINT('',(0.014375,-0.02535,0.04705));
#8599=CARTESIAN_POINT('',(-0.014375,-0.02535,0.03305));
#8600=CARTESIAN_POINT('',(-0.014375,-0.02535,0.03305));
#8601=CARTESIAN_POINT('',(-0.014375,-0.02535,0.03455));
#8602=CARTESIAN_POINT('',(0.014375,-0.02535,0.03305));
#8603=CARTESIAN_POINT('',(0.014375,-0.02535,0.03305));
#8604=CARTESIAN_POINT('',(0.014375,-0.02535,0.03455));
#8605=CARTESIAN_POINT('',(-0.014375,-0.02535,0.04855));
#8606=CARTESIAN_POINT('',(-0.014375,-0.02535,0.04855));
#8607=CARTESIAN_POINT('',(-0.014375,-0.02535,0.04705));
#8608=CARTESIAN_POINT('',(0.014375,0.037398,0.0282926112924721));
#8609=CARTESIAN_POINT('',(0.014875,0.037398,0.0291819245722884));
#8610=CARTESIAN_POINT('',(0.01625,0.037398,0.0279960512454858));
#8611=CARTESIAN_POINT('',(0.01625,0.037398,0.0206480256227429));
#8612=CARTESIAN_POINT('',(-0.014875,0.037398,0.0291819245722884));
#8613=CARTESIAN_POINT('',(-0.01625,0.037398,0.0279960512454858));
#8614=CARTESIAN_POINT('',(-0.01625,0.037398,0.0206480256227429));
#8615=CARTESIAN_POINT('',(-0.02525,-0.01135,0.013298));
#8616=CARTESIAN_POINT('',(-0.0228735282602719,-0.01135,-0.00010615357033331));
#8617=CARTESIAN_POINT('',(-0.0217043368660481,-0.01135,-0.00010615357033331));
#8618=CARTESIAN_POINT('',(-0.0192722782499423,-0.01135,0.0015967922060318));
#8619=CARTESIAN_POINT('',(-0.0202761888593059,-0.01135,0.000893846429666691));
#8620=CARTESIAN_POINT('',(-0.0228735282602719,-0.01135,0.000893846429666691));
#8621=CARTESIAN_POINT('',(-0.0228735282602719,-0.01135,0.00189384642966669));
#8622=CARTESIAN_POINT('',(-0.0188480408525638,-0.01135,0.00189384642966669));
#8623=CARTESIAN_POINT('',(-0.0192722782499423,-0.01135,0.0015967922060318));
#8624=CARTESIAN_POINT('',(-0.0174198928458217,-0.01135,0.00289384642966669));
#8625=CARTESIAN_POINT('',(-0.0228735282602719,-0.01135,0.00289384642966669));
#8626=CARTESIAN_POINT('',(-0.0228735282602719,-0.01135,0.00389384642966669));
#8627=CARTESIAN_POINT('',(-0.0228735282602719,-0.01135,-0.00010615357033331));
#8628=CARTESIAN_POINT('',(-0.0217043368660481,-0.01135,-0.00010615357033331));
#8629=CARTESIAN_POINT('',(-0.0228735282602719,-0.01135,0.000893846429666691));
#8630=CARTESIAN_POINT('',(-0.0202761888593059,-0.01135,0.000893846429666691));
#8631=CARTESIAN_POINT('',(-0.0228735282602719,-0.01135,0.00189384642966669));
#8632=CARTESIAN_POINT('',(-0.0188480408525638,-0.01135,0.00189384642966669));
#8633=CARTESIAN_POINT('',(0.02525,-0.01135,0.013298));
#8634=CARTESIAN_POINT('',(-0.0228735282602719,-0.01135,0.00389384642966669));
#8635=CARTESIAN_POINT('',(-0.0228735282602719,-0.01135,0.00289384642966669));
#8636=CARTESIAN_POINT('',(0.0174198928458217,-0.01135,0.00289384642966669));
#8637=CARTESIAN_POINT('',(0.0192722782499423,-0.01135,0.0015967922060318));
#8638=CARTESIAN_POINT('',(0.0188480408525638,-0.01135,0.00189384642966669));
#8639=CARTESIAN_POINT('',(-0.0228735282602719,-0.01135,0.00189384642966669));
#8640=CARTESIAN_POINT('',(-0.0228735282602719,-0.01135,0.000893846429666691));
#8641=CARTESIAN_POINT('',(0.0202761888593059,-0.01135,0.000893846429666691));
#8642=CARTESIAN_POINT('',(0.0192722782499423,-0.01135,0.0015967922060318));
#8643=CARTESIAN_POINT('',(0.0217043368660481,-0.01135,-0.00010615357033331));
#8644=CARTESIAN_POINT('',(-0.0228735282602719,-0.01135,-0.00010615357033331));
#8645=CARTESIAN_POINT('',(-0.0228735282602719,-0.01135,-0.00010615357033331));
#8646=CARTESIAN_POINT('',(0.0217043368660481,-0.01135,-0.00010615357033331));
#8647=CARTESIAN_POINT('',(-0.0228735282602719,-0.01135,0.000893846429666691));
#8648=CARTESIAN_POINT('',(0.0202761888593059,-0.01135,0.000893846429666691));
#8649=CARTESIAN_POINT('',(-0.0228735282602719,-0.01135,0.00189384642966669));
#8650=CARTESIAN_POINT('',(0.0188480408525638,-0.01135,0.00189384642966669));
#8651=CARTESIAN_POINT('',(0.02525,-0.01135,0.013298));
#8652=CARTESIAN_POINT('',(-0.0228735282602719,-0.01135,0.00489384642966669));
#8653=CARTESIAN_POINT('',(-0.0228735282602719,-0.01135,0.00589384642966669));
#8654=CARTESIAN_POINT('',(-0.0228735282602719,-0.01135,0.00589384642966669));
#8655=CARTESIAN_POINT('',(-0.0228735282602719,-0.01135,0.00489384642966669));
#8656=CARTESIAN_POINT('',(-0.02525,-0.01135,0.013298));
#8657=CARTESIAN_POINT('',(-0.0228735282602719,-0.01135,0.00489384642966669));
#8658=CARTESIAN_POINT('',(-0.0228735282602719,-0.01135,0.00589384642966669));
#8659=CARTESIAN_POINT('',(-0.0228735282602719,-0.01135,0.00489384642966669));
#8660=CARTESIAN_POINT('',(-0.0228735282602719,-0.01135,0.00589384642966669));
#8661=CARTESIAN_POINT('',(-0.02525,-0.01135,0.013298));
#8662=CARTESIAN_POINT('',(-0.0228735282602719,-0.01135,0.00889384642966669));
#8663=CARTESIAN_POINT('',(-0.0228735282602719,-0.01135,0.00989384642966669));
#8664=CARTESIAN_POINT('',(-0.0228735282602719,-0.01135,0.00989384642966669));
#8665=CARTESIAN_POINT('',(-0.0228735282602719,-0.01135,0.00889384642966669));
#8666=CARTESIAN_POINT('',(-0.02525,-0.01135,0.013298));
#8667=CARTESIAN_POINT('',(-0.0228735282602719,-0.01135,0.00789384642966669));
#8668=CARTESIAN_POINT('',(-0.0228735282602719,-0.01135,0.00689384642966669));
#8669=CARTESIAN_POINT('',(-0.0228735282602719,-0.01135,0.00689384642966669));
#8670=CARTESIAN_POINT('',(-0.0228735282602719,-0.01135,0.00789384642966669));
#8671=CARTESIAN_POINT('',(0.02525,-0.01135,0.013298));
#8672=CARTESIAN_POINT('',(-0.0228735282602719,-0.01135,0.00889384642966669));
#8673=CARTESIAN_POINT('',(-0.0228735282602719,-0.01135,0.00989384642966669));
#8674=CARTESIAN_POINT('',(-0.0228735282602719,-0.01135,0.00989384642966669));
#8675=CARTESIAN_POINT('',(-0.0228735282602719,-0.01135,0.00889384642966669));
#8676=CARTESIAN_POINT('',(0.02525,-0.01135,0.013298));
#8677=CARTESIAN_POINT('',(-0.0228735282602719,-0.01135,0.00789384642966669));
#8678=CARTESIAN_POINT('',(-0.0228735282602719,-0.01135,0.00689384642966669));
#8679=CARTESIAN_POINT('',(-0.0228735282602719,-0.01135,0.00689384642966669));
#8680=CARTESIAN_POINT('',(-0.0228735282602719,-0.01135,0.00789384642966669));
#8681=CARTESIAN_POINT('',(-0.02525,-0.01135,0.013298));
#8682=CARTESIAN_POINT('',(-0.0228735282602719,-0.01135,0.0108938464296667));
#8683=CARTESIAN_POINT('',(-0.0228735282602719,-0.01135,0.0118938464296667));
#8684=CARTESIAN_POINT('',(-0.0228735282602719,-0.01135,0.0118938464296667));
#8685=CARTESIAN_POINT('',(-0.0228735282602719,-0.01135,0.0108938464296667));
#8686=CARTESIAN_POINT('',(0.02525,-0.01135,0.013298));
#8687=CARTESIAN_POINT('',(-0.0228735282602719,-0.01135,0.0108938464296667));
#8688=CARTESIAN_POINT('',(-0.0228735282602719,-0.01135,0.0118938464296667));
#8689=CARTESIAN_POINT('',(-0.0228735282602719,-0.01135,0.0118938464296667));
#8690=CARTESIAN_POINT('',(-0.0228735282602719,-0.01135,0.0108938464296667));
#8691=CARTESIAN_POINT('',(0.02525,-0.01135,0.013298));
#8692=CARTESIAN_POINT('',(-0.0228735282602719,-0.01135,0.0128938464296667));
#8693=CARTESIAN_POINT('',(-0.0228735282602719,-0.01135,0.0138938464296667));
#8694=CARTESIAN_POINT('',(-0.0228735282602719,-0.01135,0.0138938464296667));
#8695=CARTESIAN_POINT('',(-0.0228735282602719,-0.01135,0.0128938464296667));
#8696=CARTESIAN_POINT('',(-0.02525,-0.01135,0.013298));
#8697=CARTESIAN_POINT('',(-0.0228735282602719,-0.01135,0.0128938464296667));
#8698=CARTESIAN_POINT('',(-0.0228735282602719,-0.01135,0.0138938464296667));
#8699=CARTESIAN_POINT('',(-0.0228735282602719,-0.01135,0.0128938464296667));
#8700=CARTESIAN_POINT('',(-0.0228735282602719,-0.01135,0.0138938464296667));
#8701=CARTESIAN_POINT('',(-0.0228735282602719,-0.01135,0.00389384642966669));
#8702=CARTESIAN_POINT('',(-0.0228735282602719,-0.01135,0.00289384642966669));
#8703=CARTESIAN_POINT('',(0.0174198928458217,-0.01135,0.00289384642966669));
#8704=CARTESIAN_POINT('',(-0.0228735282602719,-0.01135,0.00289384642966669));
#8705=CARTESIAN_POINT('',(-0.0174198928458217,-0.01135,0.00289384642966669));
#8706=CARTESIAN_POINT('',(-0.0228735282602719,-0.01135,0.00389384642966669));
#8707=CARTESIAN_POINT('',(-0.0192722782499423,-0.011852,0.0015967922060318));
#8708=CARTESIAN_POINT('',(0.0192722782499423,-0.011852,0.0015967922060318));
#8709=CARTESIAN_POINT('',(0.0192722782499423,-0.011852,0.0015967922060318));
#8710=CARTESIAN_POINT('',(-0.0192722782499423,-0.011852,0.0015967922060318));
#8711=MECHANICAL_DESIGN_GEOMETRIC_PRESENTATION_REPRESENTATION('',(#5423),
#8712);
#8712=(
GEOMETRIC_REPRESENTATION_CONTEXT(3)
GLOBAL_UNCERTAINTY_ASSIGNED_CONTEXT((#8713))
GLOBAL_UNIT_ASSIGNED_CONTEXT((#8716,#8715,#8714))
REPRESENTATION_CONTEXT('Toolhead Block','TOP_LEVEL_ASSEMBLY_PART')
);
#8713=UNCERTAINTY_MEASURE_WITH_UNIT(LENGTH_MEASURE(2.63847203923894E-5),
#8716,'DISTANCE_ACCURACY_VALUE','Maximum Tolerance applied to model');
#8714=(
NAMED_UNIT(*)
SI_UNIT($,.STERADIAN.)
SOLID_ANGLE_UNIT()
);
#8715=(
NAMED_UNIT(*)
PLANE_ANGLE_UNIT()
SI_UNIT($,.RADIAN.)
);
#8716=(
LENGTH_UNIT()
NAMED_UNIT(*)
SI_UNIT($,.METRE.)
);
#8717=PRODUCT_DEFINITION_SHAPE('','',#8718);
#8718=PRODUCT_DEFINITION('','',#8720,#8719);
#8719=PRODUCT_DEFINITION_CONTEXT('',#8726,'design');
#8720=PRODUCT_DEFINITION_FORMATION_WITH_SPECIFIED_SOURCE('','',#8722,
 .NOT_KNOWN.);
#8721=PRODUCT_RELATED_PRODUCT_CATEGORY('','',(#8722));
#8722=PRODUCT('Toolhead Block','Toolhead Block','Toolhead Block',(#8724));
#8723=PRODUCT_CATEGORY('','');
#8724=PRODUCT_CONTEXT('',#8726,'mechanical');
#8725=APPLICATION_PROTOCOL_DEFINITION('international standard',
'ap242_managed_model_based_3d_engineering',2020,#8726);
#8726=APPLICATION_CONTEXT('managed model based 3d engineering');
ENDSEC;
END-ISO-10303-21;
